생활지수,대분류,중분류,name,도로명주소,지번주소,위도,경도,source_file
life,agency,시청구청,충청남도 천안시청,충청남도 천안시 서북구 번영로 156,,,,life_agency_cheonan.csv
life,agency,시청구청,충청남도 천안시 동남구청,충청남도 천안시 동남구 옛시청길 39,,,,life_agency_cheonan.csv
life,agency,시청구청,충청남도 천안시 서북구청,충청남도 천안시 서북구 성거읍 봉주로 75,,,,life_agency_cheonan.csv
life,agency,행정복지센터,목천읍 행정복지센터,충청남도 천안시 동남구 목천읍 동평1길 15,,,,life_agency_cheonan.csv
life,agency,행정복지센터,광덕면 행정복지센터,충청남도 천안시 동남구 광덕면 신흥리2길 39,,,,life_agency_cheonan.csv
life,agency,시청구청,동면 행정복지센터(임시청사),충청남도 천안시 동남구 동면 동산1길 63,,,,life_agency_cheonan.csv
life,agency,행정복지센터,병천면 행정복지센터,충청남도 천안시 동남구 병천면 병천2로 57,,,,life_agency_cheonan.csv
life,agency,행정복지센터,북면 행정복지센터,충청남도 천안시 동남구 북면 위례성로 724,,,,life_agency_cheonan.csv
life,agency,행정복지센터,성남면 행정복지센터,충청남도 천안시 동남구 성남면 신사대화로 115-8,,,,life_agency_cheonan.csv
life,agency,행정복지센터,수신면 행정복지센터,충청남도 천안시 동남구 수신면 수신로 400,,,,life_agency_cheonan.csv
life,agency,행정복지센터,풍세면 행정복지센터,충청남도 천안시 동남구 풍세면 풍세로 73,,,,life_agency_cheonan.csv
life,agency,행정복지센터,문성동 행정복지센터,충청남도 천안시 동남구 문화로 15,,,,life_agency_cheonan.csv
life,agency,행정복지센터,봉명동 행정복지센터,충청남도 천안시 동남구 봉정로 39,,,,life_agency_cheonan.csv
life,agency,행정복지센터,신방동 행정복지센터,충청남도 천안시 동남구 천안천변길 129-41,,,,life_agency_cheonan.csv
life,agency,행정복지센터,신안동 행정복지센터,충청남도 천안시 동남구 신부3길 16-6,,,,life_agency_cheonan.csv
life,agency,행정복지센터,원성1동 행정복지센터,충청남도 천안시 동남구 충절로 130,,,,life_agency_cheonan.csv
life,agency,행정복지센터,원성2동 행정복지센터,충청남도 천안시 동남구 고재15길 15,,,,life_agency_cheonan.csv
life,agency,행정복지센터,일봉동 행정복지센터,충청남도 천안시 동남구 차돌고개4길 18,,,,life_agency_cheonan.csv
life,agency,행정복지센터,중앙동 행정복지센터,충청남도 천안시 동남구 원성천1길 17,,,,life_agency_cheonan.csv
life,agency,행정복지센터,청룡동 행정복지센터,충청남도 천안시 동남구 청수14로 99,,,,life_agency_cheonan.csv
life,agency,행정복지센터,성거읍 행정복지센터,충청남도 천안시 서북구 봉주로 469,,,,life_agency_cheonan.csv
life,agency,행정복지센터,성환읍 행정복지센터,충청남도 천안시 서북구 성환13길 7,,,,life_agency_cheonan.csv
life,agency,행정복지센터,직산읍 행정복지센터,충청남도 천안시 서북구 삼은4길 2,,,,life_agency_cheonan.csv
life,agency,행정복지센터,입장면 행정복지센터,충청남도 천안시 서북구 입장로 129,,,,life_agency_cheonan.csv
life,agency,행정복지센터,백석동 행정복지센터,충청남도 천안시 서북구 번영로 208,,,,life_agency_cheonan.csv
life,agency,행정복지센터,부성1동 행정복지센터,충청남도 천안시 서북구 두정로 208,,,,life_agency_cheonan.csv
life,agency,행정복지센터,부성2동 행정복지센터,충청남도 천안시 서북구 노태산로 133,,,,life_agency_cheonan.csv
life,agency,행정복지센터,불당1동 행정복지센터,충청남도 천안시 서북구 봉서산로 64,,,,life_agency_cheonan.csv
life,agency,행정복지센터,불당2동 행정복지센터,충청남도 천안시 서북구 불당25로 182,,,,life_agency_cheonan.csv
life,agency,행정복지센터,성정1동 행정복지센터,충청남도 천안시 서북구 성정8길5,,,,life_agency_cheonan.csv
life,agency,행정복지센터,성정2동 행정복지센터,충청남도 천안시 서북구 서부8길 29,,,,life_agency_cheonan.csv
life,agency,행정복지센터,쌍용1동 행정복지센터,충청남도 천안시 서북구 미라10길 21,,,,life_agency_cheonan.csv
life,agency,행정복지센터,쌍용2동 행정복지센터,충청남도 천안시 서북구 쌍용14길 70,,,,life_agency_cheonan.csv
life,agency,행정복지센터,쌍용3동 행정복지센터,충청남도 천안시 서북구 월봉로 138,,,,life_agency_cheonan.csv
life,welfare-facilities-for-elderly,노인복지시설,남천안노인요양원병설재가노인복지센터,충청남도 천안시 동남구 광덕면 차령로 4267,,,,life_welfare-facilities-for-elderly.csv
life,welfare-facilities-for-elderly,노인복지시설,기쁨재가복지센터,"충청남도 천안시 동남구 고재20길 7, 201호 (원성동)",,,,life_welfare-facilities-for-elderly.csv
life,welfare-facilities-for-elderly,노인복지시설,느티나무노인복지센터,충청남도 천안시 동남구 우영3길 22-3 (봉명동),,,,life_welfare-facilities-for-elderly.csv
life,welfare-facilities-for-elderly,노인복지시설,온맘터치 천안아산점,"충청남도 천안시 서북구 쌍용15길 3, 101호 (쌍용동)",,,,life_welfare-facilities-for-elderly.csv
life,welfare-facilities-for-elderly,노인복지시설,한결요양센터,"충청남도 천안시 동남구 충무로 422, 2층 (영성동)",,,,life_welfare-facilities-for-elderly.csv
life,welfare-facilities-for-elderly,노인복지시설,날마다 청춘 노인복지센터,"충청남도 천안시 동남구 대흥로 90, 201호 (영성동, 영성펜타폴리스25)",,,,life_welfare-facilities-for-elderly.csv
life,welfare-facilities-for-elderly,노인복지시설,도연 재가노인복지센터,"충청남도 천안시 서북구 불당대로 269, 122호 (쌍용동)",,,,life_welfare-facilities-for-elderly.csv
life,welfare-facilities-for-elderly,노인복지시설,휴웰케어,"충청남도 천안시 동남구 봉명로 46, 2,4층 (봉명동)",,,,life_welfare-facilities-for-elderly.csv
life,welfare-facilities-for-elderly,노인복지시설,해피투게더재가방문요양센터,"충청남도 천안시 동남구 청당2길 118, 108동 207호 (청당동, 청당마을벽산블루밍아파트)",,,,life_welfare-facilities-for-elderly.csv
life,welfare-facilities-for-elderly,노인복지시설,(A)돕는천사 벧엘 천안지사,"충청남도 천안시 동남구 원거리12길 2, 1층 (원성동)",,,,life_welfare-facilities-for-elderly.csv
life,welfare-facilities-for-elderly,노인복지시설,도솔요양센터,"충청남도 천안시 동남구 충절로 128, 3층 302호 (원성동, 원흥빌딩)",,,,life_welfare-facilities-for-elderly.csv
life,welfare-facilities-for-elderly,노인복지시설,우리노인주간보호센터,충청남도 천안시 동남구 목천읍 신계1길 23,,,,life_welfare-facilities-for-elderly.csv
life,welfare-facilities-for-elderly,노인복지시설,우리사랑요양원,충청남도 천안시 서북구 축구센터로 67 (성정동),,,,life_welfare-facilities-for-elderly.csv
life,welfare-facilities-for-elderly,노인복지시설,올리사랑 재가복지센터,"충청남도 천안시 동남구 신촌4로 42, 2층 236호 (신방동, 신방현대프라자)",,,,life_welfare-facilities-for-elderly.csv
life,welfare-facilities-for-elderly,노인복지시설,금빛사랑 재가장기요양기관,"충청남도 천안시 서북구 성정중1길 31, 2층 (성정동, 삼소빌딩)",,,,life_welfare-facilities-for-elderly.csv
life,welfare-facilities-for-elderly,노인복지시설,비타민요양원2호,"충청남도 천안시 서북구 성환읍 성환9길 9, 4층 (광성빌딩)",,,,life_welfare-facilities-for-elderly.csv
life,welfare-facilities-for-elderly,노인복지시설,재가재활 실버나인 주간보호센터,"충청남도 천안시 동남구 신촌1길 12, B1~2층 (신방동, 이삭빌딩)",,,,life_welfare-facilities-for-elderly.csv
life,welfare-facilities-for-elderly,노인복지시설,실버브릿지 재가복지센터,"충청남도 천안시 동남구 목천읍 충절로 817, 2층",,,,life_welfare-facilities-for-elderly.csv
life,welfare-facilities-for-elderly,노인복지시설,늘푸른요양원1,"충청남도 천안시 서북구 늘푸른3길 7-1, 201호 ,301호 (두정동)",,,,life_welfare-facilities-for-elderly.csv
life,welfare-facilities-for-elderly,노인복지시설,감나무요양원,충청남도 천안시 동남구 각원사길 187-22 (안서동),,,,life_welfare-facilities-for-elderly.csv
life,welfare-facilities-for-elderly,노인복지시설,목천요양원,충청남도 천안시 동남구 목천읍 충절로 1156,,,,life_welfare-facilities-for-elderly.csv
life,welfare-facilities-for-elderly,노인복지시설,아가페요양원,충청남도 천안시 서북구 미라16길 8-10 (쌍용동),,,,life_welfare-facilities-for-elderly.csv
life,welfare-facilities-for-elderly,노인복지시설,천안노인전문요양원,충청남도 천안시 동남구 정골2길 97 (구성동),,,,life_welfare-facilities-for-elderly.csv
life,welfare-facilities-for-elderly,노인복지시설,로즈마리너싱홈,충청남도 천안시 동남구 풍세면 미죽로 33-12,,,,life_welfare-facilities-for-elderly.csv
life,welfare-facilities-for-elderly,노인복지시설,더조은 방문요양복지센터,"충청남도 천안시 서북구 노태산로 10, 1층 101호 (두정동, 한양프라자)",,,,life_welfare-facilities-for-elderly.csv
life,welfare-facilities-for-elderly,노인복지시설,천안도우누리재가노인복지센터,"충청남도 천안시 동남구 다가말2길 86-1, 지하1,지상1,2층 (다가동)",,,,life_welfare-facilities-for-elderly.csv
life,welfare-facilities-for-elderly,노인복지시설,희망재가노인복지센터,"충청남도 천안시 동남구 신원3길 34, 1동 103호 (신부동, 극동아파트)",,,,life_welfare-facilities-for-elderly.csv
life,welfare-facilities-for-elderly,노인복지시설,늘푸른청춘 노인복지센터,충청남도 천안시 동남구 원거리11길 52 (원성동),,,,life_welfare-facilities-for-elderly.csv
life,welfare-facilities-for-elderly,노인복지시설,더행복한 재가노인복지센터,"충청남도 천안시 동남구 통정9로 32, 401호 (신방동)",,,,life_welfare-facilities-for-elderly.csv
life,welfare-facilities-for-elderly,노인복지시설,라온노인복지센터,충청남도 천안시 동남구 통정5로 7 (신방동),,,,life_welfare-facilities-for-elderly.csv
life,welfare-facilities-for-elderly,노인복지시설,"샬롬노인복지센터(방문요양, 방문목욕)","충청남도 천안시 서북구 월봉4로 140-16, 상가동 2층 208호 (쌍용동, 월봉벽산태영아파트)",,,,life_welfare-facilities-for-elderly.csv
life,welfare-facilities-for-elderly,노인복지시설,아주나 어르신 주야간보호센터ㆍ방문요양,충청남도 천안시 동남구 다가2길 39 (다가동),,,,life_welfare-facilities-for-elderly.csv
life,welfare-facilities-for-elderly,노인복지시설,효마을365요양원,충청남도 천안시 서북구 직산읍 봉주로 137-29,,,,life_welfare-facilities-for-elderly.csv
life,welfare-facilities-for-elderly,노인복지시설,시니어사랑방문요양센터,"충청남도 천안시 서북구 월봉7길 49, 2층 223호 (쌍용동, 효명 리치빌)",,,,life_welfare-facilities-for-elderly.csv
life,welfare-facilities-for-elderly,노인복지시설,지켜드림재가복지센터,"충청남도 천안시 서북구 직산읍 봉주로 26, 1층",,,,life_welfare-facilities-for-elderly.csv
life,welfare-facilities-for-elderly,노인복지시설,살펴드림 재가노인복지센터,"충청남도 천안시 서북구 성정중1길 31, 403호 (성정동)",,,,life_welfare-facilities-for-elderly.csv
life,welfare-facilities-for-elderly,노인복지시설,브니엘방문요양센터,충청남도 천안시 서북구 직산읍 역전말1길 6,,,,life_welfare-facilities-for-elderly.csv
life,welfare-facilities-for-elderly,노인복지시설,어울림방문요양센터,"충청남도 천안시 서북구 성거읍 성거길 82, 102호 (장미아파트 상가동)",,,,life_welfare-facilities-for-elderly.csv
life,welfare-facilities-for-elderly,노인복지시설,행복나무재가복지센터,"충청남도 천안시 서북구 동서대로 17-13, 1층 102호 (백석동)",,,,life_welfare-facilities-for-elderly.csv
life,welfare-facilities-for-elderly,노인복지시설,천안큰사랑방문요양센터,충청남도 천안시 동남구 대흥로 285 (성황동),,,,life_welfare-facilities-for-elderly.csv
life,welfare-facilities-for-elderly,노인복지시설,청담하늘채요양센터,충청남도 천안시 동남구 통정10로 43-12 (신방동),,,,life_welfare-facilities-for-elderly.csv
life,welfare-facilities-for-elderly,노인복지시설,사회복지법인 영서복지재단 충무노인복지센터,"충청남도 천안시 서북구 새말3길 16 (쌍용동,영서빌딩 1층)",,,,life_welfare-facilities-for-elderly.csv
life,welfare-facilities-for-elderly,노인복지시설,가람요양원,충청남도 천안시 동남구 풍세면 통미3길 10,,,,life_welfare-facilities-for-elderly.csv
life,welfare-facilities-for-elderly,노인복지시설,천안힐링요양원,충청남도 천안시 서북구 미라16길 38-7 (쌍용동),,,,life_welfare-facilities-for-elderly.csv
life,welfare-facilities-for-elderly,노인복지시설,천안황금빛요양원,충청남도 천안시 동남구 목천읍 교천2길 7,,,,life_welfare-facilities-for-elderly.csv
life,welfare-facilities-for-elderly,노인복지시설,삼성 노블레스 요양원,충청남도 천안시 서북구 업성6길 5 (업성동),,,,life_welfare-facilities-for-elderly.csv
life,welfare-facilities-for-elderly,노인복지시설,색종이재활요양원,충청남도 천안시 동남구 목천읍 동평1길 49,,,,life_welfare-facilities-for-elderly.csv
life,welfare-facilities-for-elderly,노인복지시설,굿모닝천안요양원,"충청남도 천안시 서북구 오성로 71, 405호 (두정동)",,,,life_welfare-facilities-for-elderly.csv
life,welfare-facilities-for-elderly,노인복지시설,호서노인전문요양원,충청남도 천안시 동남구 충절로 535-18 (삼룡동),,,,life_welfare-facilities-for-elderly.csv
life,welfare-facilities-for-elderly,노인복지시설,충무원,충청남도 천안시 동남구 목천읍 삼방로 731,,,,life_welfare-facilities-for-elderly.csv
life,welfare-facilities-for-elderly,노인복지시설,(A)비지팅엔젤스 천안동남방문요양지점,"충청남도 천안시 동남구 봉정로 15, 103호 (봉명동)",,,,life_welfare-facilities-for-elderly.csv
life,welfare-facilities-for-elderly,노인복지시설,유안어르신주야간보호센터,"충청남도 천안시 동남구 청수11로 13-17, 4층 401호 (청당동, 제이제이타워)",,,,life_welfare-facilities-for-elderly.csv
life,welfare-facilities-for-elderly,노인복지시설,드림YOU방문요양센터,"충청남도 천안시 서북구 봉정로 168-1, 2층 (성정동)",,,,life_welfare-facilities-for-elderly.csv
life,welfare-facilities-for-elderly,노인복지시설,케어닥 방문요양돌봄센터 천안서북구파트너점,충청남도 천안시 서북구 입장면 성진로 729,,,,life_welfare-facilities-for-elderly.csv
life,welfare-facilities-for-elderly,노인복지시설,두정동더놀자재가노인복지센터,"충청남도 천안시 서북구 1공단1길 13, 4층 404호 (두정동, 드림타워)",,,,life_welfare-facilities-for-elderly.csv
life,welfare-facilities-for-elderly,노인복지시설,고운손방문요양복지센터,"충청남도 천안시 서북구 성정14길 10, 1층 104호 (성정동)",,,,life_welfare-facilities-for-elderly.csv
life,welfare-facilities-for-elderly,노인복지시설,한빛방문요양복지센터,"충청남도 천안시 동남구 충무로 158-35, 5층 501호 (신방동, 럭스프라자)",,,,life_welfare-facilities-for-elderly.csv
life,welfare-facilities-for-elderly,노인복지시설,해맑음재가장기요양센터,"충청남도 천안시 동남구 목천읍 신계1길 41, 107호 (동우아파트 상가)",,,,life_welfare-facilities-for-elderly.csv
life,welfare-facilities-for-elderly,노인복지시설,감동재가센터,"충청남도 천안시 서북구 직산읍 봉주로 13, 106호",,,,life_welfare-facilities-for-elderly.csv
life,welfare-facilities-for-elderly,노인복지시설,에덴재가복지센터,"충청남도 천안시 서북구 봉정로 195, 405호 (성정동)",,,,life_welfare-facilities-for-elderly.csv
life,welfare-facilities-for-elderly,노인복지시설,국민보은방문요양센터,"충청남도 천안시 서북구 차돌고개7길 60, 501호 (쌍용동)",,,,life_welfare-facilities-for-elderly.csv
life,welfare-facilities-for-elderly,노인복지시설,실버밸리노인복지센터,"충청남도 천안시 동남구 중앙로 140, 1,2층 (문화동)",,,,life_welfare-facilities-for-elderly.csv
life,welfare-facilities-for-elderly,노인복지시설,웃음행복노인주야간보호센터,충청남도 천안시 동남구 신원1길 9 (원성동),,,,life_welfare-facilities-for-elderly.csv
life,welfare-facilities-for-elderly,노인복지시설,어르신이행복한세상,"충청남도 천안시 서북구 봉서8길 8, 1층 101-2호 (쌍용동)",,,,life_welfare-facilities-for-elderly.csv
life,welfare-facilities-for-elderly,노인복지시설,천안중앙요양센터,"충청남도 천안시 서북구 천안대로 999-7, 103동 1701호 (두정동, 천안 두정역 이안 더 센트럴)",,,,life_welfare-facilities-for-elderly.csv
life,welfare-facilities-for-elderly,노인복지시설,서로사랑노인복지센터,"충청남도 천안시 서북구 성환읍 성환9길 9, 1,4층",,,,life_welfare-facilities-for-elderly.csv
life,welfare-facilities-for-elderly,노인복지시설,노인주야간보호센터 실버스타,"충청남도 천안시 서북구 서부대로 766, 201,501호 (두정동)",,,,life_welfare-facilities-for-elderly.csv
life,welfare-facilities-for-elderly,노인복지시설,베스트재가복지센터,"충청남도 천안시 서북구 두정고1길 9, 502동 504호 (두정동, 천안두정5차푸르지오)",,,,life_welfare-facilities-for-elderly.csv
life,welfare-facilities-for-elderly,노인복지시설,고래요양원,충청남도 천안시 서북구 세관길 80 (성정동),,,,life_welfare-facilities-for-elderly.csv
life,welfare-facilities-for-elderly,노인복지시설,가족사랑서북요양원,충청남도 천안시 서북구 성거읍 문성1길 69-13,,,,life_welfare-facilities-for-elderly.csv
life,welfare-facilities-for-elderly,노인복지시설,더엘림 요양원,충청남도 천안시 서북구 입장면 망향로 1153-32,,,,life_welfare-facilities-for-elderly.csv
life,welfare-facilities-for-elderly,노인복지시설,좋은아침요양원,충청남도 천안시 서북구 성성10길 32 (성성동),,,,life_welfare-facilities-for-elderly.csv
life,welfare-facilities-for-elderly,노인복지시설,사랑하는 노인전문 요양원,충청남도 천안시 동남구 개목2길 1 (봉명동),,,,life_welfare-facilities-for-elderly.csv
life,welfare-facilities-for-elderly,노인복지시설,더편한요양원,충청남도 천안시 서북구 성거읍 망향로 380,,,,life_welfare-facilities-for-elderly.csv
life,welfare-facilities-for-elderly,노인복지시설,천안사랑비전센터,충청남도 천안시 서북구 성거읍 천흥4길 72-7,,,,life_welfare-facilities-for-elderly.csv
life,welfare-facilities-for-elderly,노인복지시설,중앙노인재가복지센터,충청남도 천안시 서북구 부대중앙길 28 (부대동),,,,life_welfare-facilities-for-elderly.csv
life,welfare-facilities-for-elderly,노인복지시설,사회복지법인 삼일복지재단 라온하제 주야간보호센터,충청남도 천안시 서북구 쌍용15길 86 (쌍용동),,,,life_welfare-facilities-for-elderly.csv
life,welfare-facilities-for-elderly,노인복지시설,+사랑실천복지센터,"충청남도 천안시 동남구 신촌로 41, 2층 215호 (신방동)",,,,life_welfare-facilities-for-elderly.csv
life,welfare-facilities-for-elderly,노인복지시설,하모니노인주간보호센터,충청남도 천안시 동남구 충절로 535-4 (삼룡동),,,,life_welfare-facilities-for-elderly.csv
life,welfare-facilities-for-elderly,노인복지시설,은솔노인주간보호센터,충청남도 천안시 동남구 다가13길 7 (다가동),,,,life_welfare-facilities-for-elderly.csv
life,welfare-facilities-for-elderly,노인복지시설,바른재활주간보호센터,"충청남도 천안시 동남구 신촌1길 10, 2층 (신방동, 호마노빌딩)",,,,life_welfare-facilities-for-elderly.csv
life,welfare-facilities-for-elderly,노인복지시설,사랑방노인복지센터,충청남도 천안시 서북구 입장면 성진로 794,,,,life_welfare-facilities-for-elderly.csv
life,welfare-facilities-for-elderly,노인복지시설,참조은요양원병설주간보호센터,"충청남도 천안시 서북구 동서대로 110-21, 3층 (성정동)",,,,life_welfare-facilities-for-elderly.csv
life,welfare-facilities-for-elderly,노인복지시설,아성재가노인복지센터,충청남도 천안시 동남구 양지말2길 22 (유량동),,,,life_welfare-facilities-for-elderly.csv
life,welfare-facilities-for-elderly,노인복지시설,해피하우스노인복지센터,"충청남도 천안시 동남구 광풍로 1822, 6층 (청당동, 아이지타워)",,,,life_welfare-facilities-for-elderly.csv
life,welfare-facilities-for-elderly,노인복지시설,TOP(탑) 재가노인복지센터,"충청남도 천안시 서북구 쌍용대로 43, 3층 (쌍용동)",,,,life_welfare-facilities-for-elderly.csv
life,welfare-facilities-for-elderly,노인복지시설,플래티늄 소망주ㆍ야간보호센터,"충청남도 천안시 동남구 용곡4길 59, 1층 (용곡동)",,,,life_welfare-facilities-for-elderly.csv
life,welfare-facilities-for-elderly,노인복지시설,늘푸른주간보호센터,"충청남도 천안시 서북구 성정공원5로 7, 2층 (성정동)",,,,life_welfare-facilities-for-elderly.csv
life,welfare-facilities-for-elderly,노인복지시설,효어르신주간보호센터,충청남도 천안시 서북구 천안천6길 27 (성정동),,,,life_welfare-facilities-for-elderly.csv
life,welfare-facilities-for-elderly,노인복지시설,더사랑주야간보호센터,"충청남도 천안시 동남구 목천읍 목천안터2길 28, 1층",,,,life_welfare-facilities-for-elderly.csv
life,welfare-facilities-for-elderly,노인복지시설,은혜노인복지센터 부설 노인주야간보호센터,"충청남도 천안시 서북구 성거읍 봉주로 93, 502호 (천우빌딩)",,,,life_welfare-facilities-for-elderly.csv
life,welfare-facilities-for-elderly,노인복지시설,남서울노인주간보호센터,충청남도 천안시 서북구 성환읍 성환12길 31,,,,life_welfare-facilities-for-elderly.csv
life,welfare-facilities-for-elderly,노인복지시설,풍세노인주야간보호센터,충청남도 천안시 동남구 풍세면 하정길 31-3,,,,life_welfare-facilities-for-elderly.csv
life,welfare-facilities-for-elderly,노인복지시설,섬김요양원,"충청남도 천안시 서북구 천안대로 1337, 2층 (신당동)",,,,life_welfare-facilities-for-elderly.csv
life,welfare-facilities-for-elderly,노인복지시설,천안재활365주간보호,"충청남도 천안시 서북구 오성로 107, 402,403호 (두정동, 제이파크빌딩)",,,,life_welfare-facilities-for-elderly.csv
life,welfare-facilities-for-elderly,노인복지시설,참조은 주야간보호센터,충청남도 천안시 동남구 다가4길 4-3 (다가동),,,,life_welfare-facilities-for-elderly.csv
life,welfare-facilities-for-elderly,노인복지시설,플래티늄 소망요양원,"충청남도 천안시 동남구 용곡4길 59, 2층,3층 (용곡동)",,,,life_welfare-facilities-for-elderly.csv
life,welfare-facilities-for-elderly,노인복지시설,우리노인요양원,충청남도 천안시 동남구 목천읍 신계1길 25,,,,life_welfare-facilities-for-elderly.csv
life,welfare-facilities-for-elderly,노인복지시설,참조은요양원,"충청남도 천안시 서북구 동서대로 110-21, B동 301호 (성정동, 은성빌딩)",,,,life_welfare-facilities-for-elderly.csv
life,welfare-facilities-for-elderly,노인복지시설,디딤돌노인주야간보호센터,충청남도 천안시 동남구 충절로 417-4 (삼룡동),,,,life_welfare-facilities-for-elderly.csv
life,welfare-facilities-for-elderly,노인복지시설,참조은집,"충청남도 천안시 서북구 동서대로 110-21, B동 201호 (성정동, 은성빌딩)",,,,life_welfare-facilities-for-elderly.csv
life,welfare-facilities-for-elderly,노인복지시설,천안원광은혜마을,충청남도 천안시 서북구 직산읍 남산3길 102-87,,,,life_welfare-facilities-for-elderly.csv
life,welfare-facilities-for-elderly,노인복지시설,백세주간보호센터,"충청남도 천안시 서북구 백석4길 12, 203 (백석동, 거성캐슬B)",,,,life_welfare-facilities-for-elderly.csv
life,welfare-facilities-for-elderly,노인복지시설,삼성실버 노인주간보호센터,"충청남도 천안시 서북구 쌍용17길 53, 201 (쌍용동, 대풍빌딩)",,,,life_welfare-facilities-for-elderly.csv
life,welfare-facilities-for-elderly,노인복지시설,태조요양원,충청남도 천안시 동남구 태조산길 103-5 (유량동),,,,life_welfare-facilities-for-elderly.csv
life,welfare-facilities-for-elderly,노인복지시설,명품노인전문요양원,충청남도 천안시 서북구 서부대로 410 (쌍용동),,,,life_welfare-facilities-for-elderly.csv
life,welfare-facilities-for-elderly,노인복지시설,남천안노인요양원,충청남도 천안시 동남구 광덕면 차령로 4267,,,,life_welfare-facilities-for-elderly.csv
life,welfare-facilities-for-elderly,노인복지시설,효누리요양원,"충청남도 천안시 서북구 오성로 107, 8층 (두정동)",,,,life_welfare-facilities-for-elderly.csv
life,welfare-facilities-for-elderly,노인복지시설,행복드림요양원,충청남도 천안시 동남구 양지2길 28 (봉명동),,,,life_welfare-facilities-for-elderly.csv
life,welfare-facilities-for-elderly,노인복지시설,성모효드림요양원,"충청남도 천안시 서북구 늘푸른3길 7-1, 401호 (두정동)",,,,life_welfare-facilities-for-elderly.csv
life,welfare-facilities-for-elderly,노인복지시설,입장노인복지센터,"충청남도 천안시 서북구 입장면 하장4길 45, A동 1,2층",,,,life_welfare-facilities-for-elderly.csv
life,welfare-facilities-for-elderly,노인복지시설,동산요양원,충청남도 천안시 동남구 목천읍 응원1길 69-35,,,,life_welfare-facilities-for-elderly.csv
life,welfare-facilities-for-elderly,노인복지시설,효드림재가복지센터,"충청남도 천안시 서북구 성환읍 성환중앙로 56, 1층",,,,life_welfare-facilities-for-elderly.csv
life,welfare-facilities-for-elderly,노인복지시설,한빛재활주간보호센터,"충청남도 천안시 서북구 두정로 210, 6층 (두정동, 서올빌딩)",,,,life_welfare-facilities-for-elderly.csv
life,welfare-facilities-for-elderly,노인복지시설,가가호재가복지센터,"충청남도 천안시 서북구 쌍용18길 69, 상가동 202호 (쌍용동, 시영2차 근로복지아파트)",,,,life_welfare-facilities-for-elderly.csv
life,welfare-facilities-for-elderly,노인복지시설,큰나무방문요양센터,"충청남도 천안시 서북구 성환읍 성환중앙로 66-9, 101호",,,,life_welfare-facilities-for-elderly.csv
life,welfare-facilities-for-elderly,노인복지시설,입장실버복지센터,충청남도 천안시 서북구 입장면 하장4길 16,,,,life_welfare-facilities-for-elderly.csv
life,welfare-facilities-for-elderly,노인복지시설,동행 재가복지센터,"충청남도 천안시 서북구 미라2길 19, 305호 (쌍용동, 광명아파트 상가)",,,,life_welfare-facilities-for-elderly.csv
life,welfare-facilities-for-elderly,노인복지시설,한가족노인복지센터,"충청남도 천안시 서북구 월봉6길 4, 2층 (쌍용동, 솔로몬빌딩)",,,,life_welfare-facilities-for-elderly.csv
life,welfare-facilities-for-elderly,노인복지시설,아둘람노인재가복지센터,"충청남도 천안시 동남구 청수10길 15, 1층 101호 (청당동, 스위트홈)",,,,life_welfare-facilities-for-elderly.csv
life,welfare-facilities-for-elderly,노인복지시설,꿈터재가노인복지센터,"충청남도 천안시 동남구 문화1길 11, 2층 (문화동)",,,,life_welfare-facilities-for-elderly.csv
life,welfare-facilities-for-elderly,노인복지시설,(주)케어링 주간보호센터 천안점,"충청남도 천안시 서북구 양지10길 67, 2,3층호 (성정동)",,,,life_welfare-facilities-for-elderly.csv
life,welfare-facilities-for-elderly,노인복지시설,도담재가노인복지센터,"충청남도 천안시 동남구 일봉로 17, 상가동 201호 (신방동, 성지새말아파트1단지)",,,,life_welfare-facilities-for-elderly.csv
life,welfare-facilities-for-elderly,노인복지시설,성환사랑의마을,"충청남도 천안시 서북구 성환읍 매주4길 28, 1층",,,,life_welfare-facilities-for-elderly.csv
life,welfare-facilities-for-elderly,노인복지시설,플래티늄 동남점,충청남도 천안시 동남구 용수골길 70 (용곡동),,,,life_welfare-facilities-for-elderly.csv
life,welfare-facilities-for-elderly,노인복지시설,천안고향의집,"충청남도 천안시 동남구 우영3길 21, 3층 (봉명동)",,,,life_welfare-facilities-for-elderly.csv
life,welfare-facilities-for-elderly,노인복지시설,천안한마음요양원,"충청남도 천안시 서북구 백석4길 12, 3층 302호 (백석동, 거성캐슬B)",,,,life_welfare-facilities-for-elderly.csv
life,welfare-facilities-for-elderly,노인복지시설,원성효그룹홈,충청남도 천안시 동남구 원성천2길 96 (원성동),,,,life_welfare-facilities-for-elderly.csv
life,welfare-facilities-for-elderly,노인복지시설,천안삼거리요양원,충청남도 천안시 동남구 목천읍 동평1길 65,,,,life_welfare-facilities-for-elderly.csv
life,welfare-facilities-for-elderly,노인복지시설,영서원,충청남도 천안시 동남구 목천읍 삼방로 733,,,,life_welfare-facilities-for-elderly.csv
life,welfare-facilities-for-elderly,노인복지시설,북천안요양원,충청남도 천안시 서북구 성환읍 성월수향길 30,,,,life_welfare-facilities-for-elderly.csv
life,welfare-facilities-for-elderly,노인복지시설,봄날 방문요양복지센터,"충청남도 천안시 동남구 신촌4로 16, 상가1동 2층 205-4호 (신방동, 초원그린타운)",,,,life_welfare-facilities-for-elderly.csv
life,welfare-facilities-for-elderly,노인복지시설,고은빛나재가센터,"충청남도 천안시 동남구 청수5로 10, 3층 304호 (청당동)",,,,life_welfare-facilities-for-elderly.csv
life,welfare-facilities-for-elderly,노인복지시설,천안기쁨요양원,"충청남도 천안시 서북구 오성로 103, 8층 801호 (두정동)",,,,life_welfare-facilities-for-elderly.csv
life,welfare-facilities-for-elderly,노인복지시설,한마음재가복지센터,충청남도 천안시 서북구 직산읍 봉주로 6,,,,life_welfare-facilities-for-elderly.csv
life,welfare-facilities-for-elderly,노인복지시설,능수버들주야간보호센터,"충청남도 천안시 서북구 성정로 92, 2층 (성정동, 덕산빌딩)",,,,life_welfare-facilities-for-elderly.csv
life,welfare-facilities-for-elderly,노인복지시설,아름다운동행요양원,충청남도 천안시 서북구 성거읍 오송1길 20,,,,life_welfare-facilities-for-elderly.csv
life,welfare-facilities-for-elderly,노인복지시설,으뜸재활주간보호센터,"충청남도 천안시 동남구 서부대로 257-13, 301호 (신방동)",,,,life_welfare-facilities-for-elderly.csv
life,welfare-facilities-for-elderly,노인복지시설,청당더봄노인주간보호센터,"충청남도 천안시 동남구 청수11로 24, 4층 401호 (청당동)",,,,life_welfare-facilities-for-elderly.csv
life,welfare-facilities-for-elderly,노인복지시설,천안제일요양원,충청남도 천안시 동남구 광풍로 1828 (청당동),,,,life_welfare-facilities-for-elderly.csv
life,welfare-facilities-for-elderly,노인복지시설,가족사랑서북주간보호센터,"충청남도 천안시 서북구 성거읍 문성1길 69-13, 1층",,,,life_welfare-facilities-for-elderly.csv
life,welfare-facilities-for-elderly,노인복지시설,영성실버센터,"충청남도 천안시 동남구 큰시장길 37, 2층 (영성동, 파고다아파트)",,,,life_welfare-facilities-for-elderly.csv
life,welfare-facilities-for-elderly,노인복지시설,영성실버주간보호센터,"충청남도 천안시 동남구 큰시장길 37, 2층 (영성동, 파고다아파트)",,,,life_welfare-facilities-for-elderly.csv
life,welfare-facilities-for-elderly,노인복지시설,천안아산노인복지센터,"충청남도 천안시 서북구 쌍용11길 57, 상가동 205호 (쌍용동)",,,,life_welfare-facilities-for-elderly.csv
life,welfare-facilities-for-elderly,노인복지시설,꽃보다노인주간보호센터,"충청남도 천안시 서북구 성환읍 성환9길 9, 2층 202호",,,,life_welfare-facilities-for-elderly.csv
life,welfare-facilities-for-elderly,노인복지시설,굿모닝재가노인복지센터,"충청남도 천안시 서북구 쌍용11길 58, 207호 (쌍용동)",,,,life_welfare-facilities-for-elderly.csv
life,welfare-facilities-for-elderly,노인복지시설,천안고향의집병설재가노인복지센터,"충청남도 천안시 동남구 우영3길 21, 3,4층 301,401호 (봉명동)",,,,life_welfare-facilities-for-elderly.csv
life,welfare-facilities-for-elderly,노인복지시설,드림요양원,충청남도 천안시 서북구 성환읍 무내3길 15,,,,life_welfare-facilities-for-elderly.csv
life,welfare-facilities-for-elderly,노인복지시설,성심요양원병설주간보호센터,"충청남도 천안시 동남구 우영3길 21, 2층 (봉명동)",,,,life_welfare-facilities-for-elderly.csv
life,welfare-facilities-for-elderly,노인복지시설,비타민요양원1호,"충청남도 천안시 서북구 성환읍 성환9길 9, 3층 (광성빌딩)",,,,life_welfare-facilities-for-elderly.csv
life,welfare-facilities-for-elderly,노인복지시설,늘푸른요양원1병설주야간보호센터,"충청남도 천안시 서북구 늘푸른3길 7-1, 201호 (두정동)",,,,life_welfare-facilities-for-elderly.csv
life,welfare-facilities-for-elderly,노인복지시설,성심요양원,"충청남도 천안시 동남구 우영3길 21, 2층 (봉명동)",,,,life_welfare-facilities-for-elderly.csv
life,welfare-facilities-for-elderly,노인복지시설,늘봄요양원,충청남도 천안시 동남구 목천읍 삼방로 502-14,,,,life_welfare-facilities-for-elderly.csv
life,welfare-facilities-for-elderly,노인복지시설,해바라기노인공동생활가정,충청남도 천안시 서북구 입장면 입장시장1길 19,,,,life_welfare-facilities-for-elderly.csv
life,welfare-facilities-for-elderly,노인복지시설,천안구구팔팔주간보호센터,"충청남도 천안시 서북구 월봉11길 20, 403호 (쌍용동)",,,,life_welfare-facilities-for-elderly.csv
life,welfare-facilities-for-elderly,노인복지시설,천안플래티늄요양원,"충청남도 천안시 서북구 동서대로 135, 5층 (성정동, 에스앤제이빌딩)",,,,life_welfare-facilities-for-elderly.csv
life,welfare-facilities-for-elderly,노인복지시설,천안노인주간보호센터,"충청남도 천안시 서북구 한들1로 55-29, 2층 (백석동, 한울빌딩)",,,,life_welfare-facilities-for-elderly.csv
life,welfare-facilities-for-elderly,노인복지시설,효부모노인주간보호센터,충청남도 천안시 서북구 성환읍 대학로 26,,,,life_welfare-facilities-for-elderly.csv
life,welfare-facilities-for-elderly,노인복지시설,웰케어천안주간보호센터,"충청남도 천안시 서북구 서부대로 413 (쌍용동, 천안컨벤션센터 별관 3층)",,,,life_welfare-facilities-for-elderly.csv
life,welfare-facilities-for-elderly,노인복지시설,이화엔젤스요양원,충청남도 천안시 동남구 대흥로 336-4 (신부동),,,,life_welfare-facilities-for-elderly.csv
life,welfare-facilities-for-elderly,노인복지시설,큰사랑요양원,충청남도 천안시 서북구 두정역서4길 23 (두정동),,,,life_welfare-facilities-for-elderly.csv
life,welfare-facilities-for-elderly,노인복지시설,민들레요양원,충청남도 천안시 동남구 용곡동 용곡1차세광엔리치타워아파트 107동 602호,,,,life_welfare-facilities-for-elderly.csv
life,welfare-facilities-for-elderly,노인복지시설,행복미소의집,"충청남도 천안시 서북구 백석로 136, 113동 301호 (백석동, 현대아파트)",,,,life_welfare-facilities-for-elderly.csv
life,welfare-facilities-for-elderly,노인복지시설,부모사랑요양원,충청남도 천안시 서북구 성거읍 성거길 157-32,,,,life_welfare-facilities-for-elderly.csv
life,welfare-facilities-for-elderly,노인복지시설,가강요양원,"충청남도 천안시 서북구 두정중11길 14, 4,5층 (두정동, 한길프라자B동)",,,,life_welfare-facilities-for-elderly.csv
life,welfare-facilities-for-elderly,노인복지시설,젬마의집,충청남도 천안시 동남구 용곡동 용곡1차세광엔리치타워아파트 107동 502호,,,,life_welfare-facilities-for-elderly.csv
life,welfare-facilities-for-elderly,노인복지시설,너싱홈 천안 간호천사,충청남도 천안시 서북구 검은들3길 60 (불당동),,,,life_welfare-facilities-for-elderly.csv
life,welfare-facilities-for-elderly,노인복지시설,김태희치매전문요양원,"충청남도 천안시 서북구 두정중11길 14 (두정동, 한길프라자 B동 2층)",,,,life_welfare-facilities-for-elderly.csv
life,welfare-facilities-for-elderly,노인복지시설,미소의집,충청남도 천안시 서북구 백석동 백석현대아파트  113동 603호,,,,life_welfare-facilities-for-elderly.csv
life,welfare-facilities-for-elderly,노인복지시설,돌봄노인요양원,"충청남도 천안시 서북구 성거읍 봉주로 93, 402-3호",,,,life_welfare-facilities-for-elderly.csv
life,welfare-facilities-for-elderly,노인복지시설,+새롬요양원,충청남도 천안시 서북구 신당새터2길 48 (신당동),,,,life_welfare-facilities-for-elderly.csv
life,welfare-facilities-for-elderly,노인복지시설,아름다운요양원,충청남도 천안시 동남구 봉서11길 22 (봉명동),,,,life_welfare-facilities-for-elderly.csv
life,welfare-facilities-for-elderly,노인복지시설,대명노인전문요양원,충청남도 천안시 동남구 병천면 봉항로 989,,,,life_welfare-facilities-for-elderly.csv
life,welfare-facilities-for-elderly,노인복지시설,하은요양센터,"충청남도 천안시 서북구 불당5길 15, 2층 201호 (불당동)",,,,life_welfare-facilities-for-elderly.csv
life,welfare-facilities-for-elderly,노인복지시설,원케어방문요양센터,"충청남도 천안시 서북구 불당10길 20, 1층 (불당동)",,,,life_welfare-facilities-for-elderly.csv
life,welfare-facilities-for-elderly,노인복지시설,천안메디케어요양원,"충청남도 천안시 서북구 검은들1길 20, 601,801호 (불당동)",,,,life_welfare-facilities-for-elderly.csv
life,welfare-facilities-for-elderly,노인복지시설,더로즈 공동생활가정,충청남도 천안시 동남구 풍세면 미죽로 33-12 (3층),,,,life_welfare-facilities-for-elderly.csv
life,welfare-facilities-for-elderly,노인복지시설,엘림요양원,"충청남도 천안시 서북구 백석3로 131, 401, 701호 (백석동, 빨간빌딩)",,,,life_welfare-facilities-for-elderly.csv
life,welfare-facilities-for-elderly,노인복지시설,주소망요양원,충청남도 천안시 동남구 풍세면 미죽로 410,,,,life_welfare-facilities-for-elderly.csv
life,welfare-facilities-for-elderly,노인복지시설,더 동행 주간보호센터,"충청남도 천안시 동남구 봉명2길 27, 4층 (봉명동)",,,,life_welfare-facilities-for-elderly.csv
life,welfare-facilities-for-elderly,노인복지시설,소망재가복지센터,"충청남도 천안시 서북구 미라15길 23, 109호 (쌍용동, 대우타워아파트 상가동)",,,,life_welfare-facilities-for-elderly.csv
life,welfare-facilities-for-elderly,노인복지시설,백석요양원,"충청남도 천안시 서북구 백석4길 12, 701호 (백석동, 거성캐슬)",,,,life_welfare-facilities-for-elderly.csv
life,welfare-facilities-for-elderly,노인복지시설,하나요양보호원,"충청남도 천안시 동남구 천안천공원3길 5-31, 상가동 202호 (다가동, 서해그랑블아파트)",,,,life_welfare-facilities-for-elderly.csv
life,welfare-facilities-for-elderly,노인복지시설,직산제일좋은주간보호센터,"충청남도 천안시 서북구 직산읍 삼은2길 22-5, 2,4층",,,,life_welfare-facilities-for-elderly.csv
life,welfare-facilities-for-elderly,노인복지시설,우리재가복지센터,"충청남도 천안시 동남구 순천향1길 9, 4층 (쌍용동)",,,,life_welfare-facilities-for-elderly.csv
life,welfare-facilities-for-elderly,노인복지시설,두드림복지재가센터,"충청남도 천안시 서북구 서부대로 602, 105호 (성정동)",,,,life_welfare-facilities-for-elderly.csv
life,welfare-facilities-for-elderly,노인복지시설,대한메디컬재가복지센터,"충청남도 천안시 동남구 충절로 14, 8층 807호 (신부동, 천안현대오피스텔)",,,,life_welfare-facilities-for-elderly.csv
life,welfare-facilities-for-elderly,노인복지시설,온유재가방문요양센터,"충청남도 천안시 동남구 충절로 149, 1층 (원성동)",,,,life_welfare-facilities-for-elderly.csv
life,welfare-facilities-for-elderly,노인복지시설,그루터기재가복지센터,"충청남도 천안시 동남구 다가말4길 44, 102호 (다가동)",,,,life_welfare-facilities-for-elderly.csv
life,welfare-facilities-for-elderly,노인복지시설,천안행복한요양원,"충청남도 천안시 서북구 검은들1길 12, 7~9층 (불당동)",,,,life_welfare-facilities-for-elderly.csv
life,welfare-facilities-for-elderly,노인복지시설,도란도란노인요양공동생활가정,충청남도 천안시 동남구 북면 용암2길 137-1,,,,life_welfare-facilities-for-elderly.csv
life,welfare-facilities-for-elderly,노인복지시설,청담하늘채요양원,충청남도 천안시 동남구 통정10로 43-12 (신방동),,,,life_welfare-facilities-for-elderly.csv
life,welfare-facilities-for-elderly,노인복지시설,쌍용노인전문요양원병설주야간보호센터,"충청남도 천안시 서북구 서부대로 425, 1층 (쌍용동)",,,,life_welfare-facilities-for-elderly.csv
life,welfare-facilities-for-elderly,노인복지시설,서천안노인재가복지센터,"충청남도 천안시 서북구 불당23로 13, 503 1602 (불당동, 이안아파트)",,,,life_welfare-facilities-for-elderly.csv
life,welfare-facilities-for-elderly,노인복지시설,희망장기요양센터,"충청남도 천안시 서북구 성환읍 성환3로 38, 101호",,,,life_welfare-facilities-for-elderly.csv
life,welfare-facilities-for-elderly,노인복지시설,우리요양원,충청남도 천안시 동남구 광덕면 개천골길 8,,,,life_welfare-facilities-for-elderly.csv
life,welfare-facilities-for-elderly,노인복지시설,효자의 집,충청남도 천안시 동남구 충절로 535-18 (삼룡동),,,,life_welfare-facilities-for-elderly.csv
life,welfare-facilities-for-elderly,노인복지시설,직산제일좋은요양원,충청남도 천안시 서북구 직산읍 삼은2길 22-5,,,,life_welfare-facilities-for-elderly.csv
life,welfare-facilities-for-elderly,노인복지시설,양지요양원,충청남도 천안시 서북구 월봉6길 8 (쌍용동),,,,life_welfare-facilities-for-elderly.csv
life,welfare-facilities-for-elderly,노인복지시설,다솜재가복지센터,충청남도 천안시 서북구 성환읍 성환중앙로 36,,,,life_welfare-facilities-for-elderly.csv
life,welfare-facilities-for-elderly,노인복지시설,하임 재가복지센터,"충청남도 천안시 서북구 성정로 91, 4층 408호 (성정동)",,,,life_welfare-facilities-for-elderly.csv
life,welfare-facilities-for-elderly,노인복지시설,이화노인복지센터,"충청남도 천안시 서북구 성환읍 성환13길 4-1, 2층",,,,life_welfare-facilities-for-elderly.csv
life,welfare-facilities-for-elderly,노인복지시설,천안참사랑방문요양센터,"충청남도 천안시 동남구 구성10길 17, 1층 (구성동)",,,,life_welfare-facilities-for-elderly.csv
life,welfare-facilities-for-elderly,노인복지시설,엔젤요양서비스,"충청남도 천안시 동남구 청수7로 43, 2층 202호 (청당동, 영재빌딩)",,,,life_welfare-facilities-for-elderly.csv
life,welfare-facilities-for-elderly,노인복지시설,천안실버타운 케어홈 부설 주야간보호센터,"충청남도 천안시 동남구 목천읍 운전4길 6, 1층",,,,life_welfare-facilities-for-elderly.csv
life,welfare-facilities-for-elderly,노인복지시설,정다운재가복지센터,"충청남도 천안시 서북구 쌍용7길 11, 1층 101호 (쌍용동)",,,,life_welfare-facilities-for-elderly.csv
life,welfare-facilities-for-elderly,노인복지시설,천안실버타운 케어홈,충청남도 천안시 동남구 목천읍 운전4길 6,,,,life_welfare-facilities-for-elderly.csv
life,welfare-facilities-for-elderly,노인복지시설,크라운재활요양원,충청남도 천안시 서북구 월봉4로 155 (쌍용동),,,,life_welfare-facilities-for-elderly.csv
life,welfare-facilities-for-elderly,노인복지시설,바른재가복지센터,"충청남도 천안시 동남구 신부15길 15, 3층 301호 (신부동)",,,,life_welfare-facilities-for-elderly.csv
life,welfare-facilities-for-elderly,노인복지시설,미소재가방문요양센터,"충청남도 천안시 동남구 충절로 282, 203호 (구성동)",,,,life_welfare-facilities-for-elderly.csv
life,welfare-facilities-for-elderly,노인복지시설,두리방문요양센터,"충청남도 천안시 서북구 쌍용11길 58, 308동 1401호 (쌍용동)",,,,life_welfare-facilities-for-elderly.csv
life,welfare-facilities-for-elderly,노인복지시설,내고향재가노인복지센터,"충청남도 천안시 서북구 미라3길 60, 102호 (쌍용동)",,,,life_welfare-facilities-for-elderly.csv
life,welfare-facilities-for-elderly,노인복지시설,한사랑 재가복지센터,"충청남도 천안시 서북구 불당8길 17-1, 101호 (불당동)",,,,life_welfare-facilities-for-elderly.csv
life,welfare-facilities-for-elderly,노인복지시설,천안우리방문요양센터,"충청남도 천안시 동남구 쌍용대로 94-7, 202호 (봉명동)",,,,life_welfare-facilities-for-elderly.csv
life,welfare-facilities-for-elderly,노인복지시설,행복한재가복지센터,"충청남도 천안시 동남구 원성18길 5-1, 1층 (원성동)",,,,life_welfare-facilities-for-elderly.csv
life,welfare-facilities-for-elderly,노인복지시설,천안실버안요양원,"충청남도 천안시 동남구 천안대로 215, 3층 (삼룡동)",,,,life_welfare-facilities-for-elderly.csv
life,welfare-facilities-for-elderly,노인복지시설,갈릴리 재가복지 센터,"충청남도 천안시 서북구 미라2길 19, 상가동 207호 (쌍용동)",,,,life_welfare-facilities-for-elderly.csv
life,welfare-facilities-for-elderly,노인복지시설,천안신창노인복지센터,충청남도 천안시 동남구 우영1길 4 (봉명동),,,,life_welfare-facilities-for-elderly.csv
life,welfare-facilities-for-elderly,노인복지시설,실버돌봄재가복지센터,"충청남도 천안시 서북구 성환읍 성환1로 202, 1층",,,,life_welfare-facilities-for-elderly.csv
life,welfare-facilities-for-elderly,노인복지시설,이웃사랑노인복지센터,"충청남도 천안시 서북구 성환읍 성월수향길 30, 2층",,,,life_welfare-facilities-for-elderly.csv
life,welfare-facilities-for-elderly,노인복지시설,나무 재가방문요양센터,"충청남도 천안시 서북구 불당25로 174, 1021호 (불당동)",,,,life_welfare-facilities-for-elderly.csv
life,welfare-facilities-for-elderly,노인복지시설,누리온재가복지센터,"충청남도 천안시 동남구 통정9로 76, 201호 (신방동)",,,,life_welfare-facilities-for-elderly.csv
life,welfare-facilities-for-elderly,노인복지시설,아우내은빛복지관부설아우내노인복지센터,충청남도 천안시 동남구 병천면 병천2로 57,,,,life_welfare-facilities-for-elderly.csv
life,welfare-facilities-for-elderly,노인복지시설,도란도란노인복지센터,충청남도 천안시 동남구 북면 용암2길 137-1,,,,life_welfare-facilities-for-elderly.csv
life,welfare-facilities-for-elderly,노인복지시설,하영 재가센터,"충청남도 천안시 서북구 불당7길 3, 202호 (불당동)",,,,life_welfare-facilities-for-elderly.csv
life,welfare-facilities-for-elderly,노인복지시설,퍼스트 주간보호센터,"충청남도 천안시 서북구 신당새터2길 71, 1층 (신당동)",,,,life_welfare-facilities-for-elderly.csv
life,welfare-facilities-for-elderly,노인복지시설,편안한 재가노인복지센타,충청남도 천안시 서북구 성정동 823번지 선경(아)상가 304호,,,,life_welfare-facilities-for-elderly.csv
life,welfare-facilities-for-elderly,노인복지시설,성환 노인요양공동생활가정,충청남도 천안시 서북구 성환읍 송골2길 18-11,,,,life_welfare-facilities-for-elderly.csv
life,welfare-facilities-for-elderly,노인복지시설,충남의료기,충청남도 천안시 동남구 순천향4길 50 (봉명동),,,,life_welfare-facilities-for-elderly.csv
life,welfare-facilities-for-elderly,노인복지시설,으뜸재가복지센터,"충청남도 천안시 동남구 원거리9길 20-1, 2층 (원성동)",,,,life_welfare-facilities-for-elderly.csv
life,welfare-facilities-for-elderly,노인복지시설,쌍용노인전문요양원,충청남도 천안시 서북구 서부대로 425 (쌍용동),,,,life_welfare-facilities-for-elderly.csv
life,welfare-facilities-for-elderly,노인복지시설,패밀리케어 노인주간보호센터,"충청남도 천안시 서북구 봉정로 397, 3층 (두정동, 대산빌딩)",,,,life_welfare-facilities-for-elderly.csv
life,welfare-facilities-for-elderly,노인복지시설,에바다재가장기요양센터,충청남도 천안시 동남구 중앙로 7 (원성동),,,,life_welfare-facilities-for-elderly.csv
life,welfare-facilities-for-elderly,노인복지시설,행복나눔노인요양원,충청남도 천안시 동남구 태조산길 266 (유량동),,,,life_welfare-facilities-for-elderly.csv
life,welfare-facilities-for-elderly,노인복지시설,현대방문요양센터,충청남도 천안시 동남구 버들로 153 (원성동),,,,life_welfare-facilities-for-elderly.csv
life,welfare-facilities-for-elderly,노인복지시설,보금자리노인장기요양센터,"충청남도 천안시 동남구 공설시장1길 2, 3층 (대흥동)",,,,life_welfare-facilities-for-elderly.csv
life,welfare-facilities-for-elderly,노인복지시설,나눔의손재가노인복지센터,"충청남도 천안시 동남구 목천읍 충절로 892, 2층 201호 (목천프라임아파트)",,,,life_welfare-facilities-for-elderly.csv
life,welfare-facilities-for-elderly,노인복지시설,천안시노인종합복지관부설 천안노인복지센터,충청남도 천안시 서북구 미라11길 16 (쌍용동),,,,life_welfare-facilities-for-elderly.csv
life,welfare-facilities-for-elderly,노인복지시설,천사재가복지센터,"충청남도 천안시 동남구 충절로 132, 2층 (원성동)",,,,life_welfare-facilities-for-elderly.csv
life,welfare-facilities-for-elderly,노인복지시설,북천안요양원부설주야간보호센터,충청남도 천안시 서북구 성환읍 성월수향길 30,,,,life_welfare-facilities-for-elderly.csv
life,welfare-facilities-for-elderly,노인복지시설,섬김요양원 병설 천안재가서비스지원센터,"충청남도 천안시 서북구 천안대로 1337, 2층 (신당동)",,,,life_welfare-facilities-for-elderly.csv
life,welfare-facilities-for-elderly,노인복지시설,+새롬요양원병설 새롬재가노인복지센터,충청남도 천안시 서북구 신당새터2길 48 (신당동),,,,life_welfare-facilities-for-elderly.csv
life,welfare-facilities-for-elderly,노인복지시설,은혜재가복지센터,충청남도 천안시 서북구 성환읍 성환리 449번지 135호,,,,life_welfare-facilities-for-elderly.csv
life,welfare-facilities-for-elderly,노인복지시설,(A)비지팅엔젤스 천안서북방문요양지점,"충청남도 천안시 서북구 백석로 136, 2층 9호 (백석동, 현대아파트단지)",,,,life_welfare-facilities-for-elderly.csv
life,welfare-facilities-for-elderly,노인복지시설,더편안재가센터,"충청남도 천안시 동남구 삼룡2길 14-17, 2층 (삼룡동)",,,,life_welfare-facilities-for-elderly.csv
life,welfare-facilities-for-elderly,노인복지시설,해솔방문요양센터,충청남도 천안시 서북구 쌍용16길 24-1 (쌍용동),,,,life_welfare-facilities-for-elderly.csv
life,welfare-facilities-for-elderly,노인복지시설,마음으로 방문케어,충청남도 천안시 동남구 북면 복구정3길 7-24,,,,life_welfare-facilities-for-elderly.csv
life,welfare-facilities-for-elderly,노인복지시설,성남재가노인복지시설,충청남도 천안시 동남구 성남면 약수로 323-18,,,,life_welfare-facilities-for-elderly.csv
life,welfare-facilities-for-elderly,노인복지시설,천안시노인종합복지관부설 천안노인복지센터,충청남도 천안시 서북구 미라11길 16 (쌍용동),,,,life_welfare-facilities-for-elderly.csv
life,welfare-facilities-for-elderly,노인복지시설,충남사회서비스원 충남동부돌봄센터,"충청남도 천안시 동남구 대흥로 292, 2층 (성황동)",,,,life_welfare-facilities-for-elderly.csv
life,welfare-facilities-for-elderly,노인복지시설,효나눔재가노인복지센터,"충청남도 천안시 동남구 먹거리8길 44, 3층 (신부동)",,,,life_welfare-facilities-for-elderly.csv
life,welfare-facilities-for-elderly,노인복지시설,초록마을공동생활가정,"충청남도 천안시 서북구 백석로 136, 113동 104호 (백석동, 백석현대아파트)",,,,life_welfare-facilities-for-elderly.csv
life,welfare-facilities-for-elderly,노인복지시설,에덴노인요양공동생활,충청남도 천안시 동남구 풍세면 미죽3길 7-6,,,,life_welfare-facilities-for-elderly.csv
life,welfare-facilities-for-elderly,노인복지시설,다사랑 방문요양센터,"충청남도 천안시 서북구 직산읍 삼은3길 25, 3층 301호",,,,life_welfare-facilities-for-elderly.csv
life,welfare-facilities-for-elderly,노인복지시설,아가페재가복지센터,"충청남도 천안시 동남구 청당산업길 76, 302호 (구룡동)",,,,life_welfare-facilities-for-elderly.csv
life,welfare-facilities-for-elderly,노인복지시설,하루 재가 방문간호센터,"충청남도 천안시 서북구 봉명로 12, 102호 (쌍용동)",,,,life_welfare-facilities-for-elderly.csv
life,welfare-facilities-for-elderly,노인복지시설,평화재가노인복지센타,"충청남도 천안시 동남구 복자1길 20, 201호 (성황동)",,,,life_welfare-facilities-for-elderly.csv
life,welfare-facilities-for-elderly,노인복지시설,건강재가노인복지센터,"충청남도 천안시 동남구 신촌4로 16, 2층 206-13호 (신방동, 초원그린타운,상가1동)",,,,life_welfare-facilities-for-elderly.csv
life,welfare-facilities-for-elderly,노인복지시설,신나는재가복지센터,"충청남도 천안시 서북구 개목6길 25, 1층 (성정동)",,,,life_welfare-facilities-for-elderly.csv
life,welfare-facilities-for-elderly,노인복지시설,이원건강의료기천안역점,"충청남도 천안시 동남구 대흥로 251 (대흥동,화성빌딩 1층)",,,,life_welfare-facilities-for-elderly.csv
life,welfare-facilities-for-elderly,노인복지시설,행복복지용구,"충청남도 천안시 서북구 봉서8길 8, 1층 101-1호 (쌍용동)",,,,life_welfare-facilities-for-elderly.csv
life,welfare-facilities-for-elderly,노인복지시설,천안아산복지용구센터,"충청남도 천안시 서북구 월봉7길 32-1, 102호 (쌍용동)",,,,life_welfare-facilities-for-elderly.csv
life,welfare-facilities-for-elderly,노인복지시설,은혜노인복지센터,"충청남도 천안시 서북구 성거읍 봉주로 93, 502호",,,,life_welfare-facilities-for-elderly.csv
life,welfare-facilities-for-elderly,노인복지시설,의료기백화점,"충청남도 천안시 동남구 천안여상로 59, 102호 (봉명동)",,,,life_welfare-facilities-for-elderly.csv
life,welfare-facilities-for-elderly,노인복지시설,희망재가관리센터,"충청남도 천안시 서북구 입장면 입장로 115, 1동 402호 (영화빌리지)",,,,life_welfare-facilities-for-elderly.csv
life,welfare-facilities-for-elderly,노인복지시설,성심의료기,"충청남도 천안시 서북구 불당9길 52, 2층 (불당동)",,,,life_welfare-facilities-for-elderly.csv
life,welfare-facilities-for-elderly,노인복지시설,아우내은빛복지관부설아우내노인복지센터,충청남도 천안시 동남구 병천면 병천2로 57,,,,life_welfare-facilities-for-elderly.csv
life,welfare-facilities-for-elderly,노인복지시설,시온메디칼,"충청남도 천안시 서북구 불당8길 4, 1층 (불당동, 영진빌딩)",,,,life_welfare-facilities-for-elderly.csv
life,welfare-facilities-for-elderly,노인복지시설,연세의료기,"충청남도 천안시 서북구 두정로 203, 106호 (두정동)",,,,life_welfare-facilities-for-elderly.csv
life,welfare-facilities-for-elderly,노인복지시설,재가방문요양목욕센터 마이트리,충청남도 천안시 동남구 공설시장2길 8-9 (문화동),,,,life_welfare-facilities-for-elderly.csv
life,welfare-facilities-for-elderly,노인복지시설,JJ메디칼,"충청남도 천안시 동남구 성남면 석곡3길 8, 101호",,,,life_welfare-facilities-for-elderly.csv
life,welfare-facilities-for-elderly,노인복지시설,행복재가요양센터,"충청남도 천안시 동남구 공설시장1길 31-1, 1층 (대흥동)",,,,life_welfare-facilities-for-elderly.csv
life,welfare-facilities-for-elderly,노인복지시설,행복효요양센터,"충청남도 천안시 동남구 신용로 64, B동 2층 5호 (다가동, 천안기계공구상가)",,,,life_welfare-facilities-for-elderly.csv
life,welfare-facilities-for-elderly,노인복지시설,주원의료기&복지용구,충청남도 천안시 동남구 중앙로 64 (영성동),,,,life_welfare-facilities-for-elderly.csv
life,welfare-facilities-for-elderly,노인복지시설,시니어스초이스천안점 다사랑재가장기요양기관,충청남도 천안시 동남구 봉명동 44번지 11호 신영빌딩 501호,,,,life_welfare-facilities-for-elderly.csv
life,welfare-facilities-for-elderly,노인복지시설,(주)씨티엘네트웍스충남센터,충청남도 천안시 서북구 성정동 714번지 1호 102호,,,,life_welfare-facilities-for-elderly.csv
life,welfare-facilities-for-elderly,노인복지시설,섬김노인복지센터,"충청남도 천안시 서북구 천안대로 1219, 2층 (신당동)",,,,life_welfare-facilities-for-elderly.csv
life,welfare-facilities-for-elderly,노인복지시설,베스트메딕스,충청남도 천안시 서북구 백석로 17-5 (백석동),,,,life_welfare-facilities-for-elderly.csv
life,welfare-facilities-for-elderly,노인복지시설,충청의료기상사,"충청남도 천안시 동남구 대흥로 127 (사직동,1층)",,,,life_welfare-facilities-for-elderly.csv
life,welfare-facilities-for-elderly,노인복지시설,서원의료기,"충청남도 천안시 동남구 풍세면 미죽로 9, 1층",,,,life_welfare-facilities-for-elderly.csv
life,welfare-facilities-for-elderly,노인복지시설,돌봄노인주간보호센터,"충청남도 천안시 서북구 성거읍 봉주로 93, 3층 302호",,,,life_welfare-facilities-for-elderly.csv
life,welfare-facilities-for-elderly,노인복지시설,우정복지용구,충청남도 천안시 동남구 목천읍 남부대로 835,,,,life_welfare-facilities-for-elderly.csv
life,welfare-facilities-for-elderly,노인복지시설,실버케어센터,"충청남도 천안시 동남구 대흥로 251, 2층 (대흥동)",,,,life_welfare-facilities-for-elderly.csv
life,welfare-facilities-for-elderly,노인복지시설,사랑하는방문요양센터,충청남도 천안시 동남구 개목2길 1 (봉명동),,,,life_welfare-facilities-for-elderly.csv
life,welfare-facilities-for-elderly,노인복지시설,더베스트방문간호요양센터,"충청남도 천안시 서북구 충무로 167-12, 5층 (쌍용동)",,,,life_welfare-facilities-for-elderly.csv
life,welfare-facilities-for-elderly,노인복지시설,효드림복지용구센터,충청남도 천안시 서북구 성환읍 성환중앙로 35,,,,life_welfare-facilities-for-elderly.csv
life,welfare-facilities-for-elderly,노인복지시설,도솔의료복지용구,"충청남도 천안시 동남구 충무로 513, 1층 101호 (원성동)",,,,life_welfare-facilities-for-elderly.csv
life,welfare-facilities-for-elderly,노인복지시설,천안제일방문요양센터,"충청남도 천안시 서북구 두정중5길 54-8, 1층 (두정동)",,,,life_welfare-facilities-for-elderly.csv
life,welfare-facilities-for-elderly,노인복지시설,인케어 재가복지센터,"충청남도 천안시 서북구 성정로 82, 2층 (성정동, 후생빌딩, 사랑의메디칼의원)",,,,life_welfare-facilities-for-elderly.csv
life,welfare-facilities-for-elderly,노인복지시설,다온재가복지센터,"충청남도 천안시 서북구 서부대로 319-4, 303호 (쌍용동)",,,,life_welfare-facilities-for-elderly.csv
life,welfare-facilities-for-elderly,노인복지시설,제일메디컬,"충청남도 천안시 동남구 성남면 석곡3길 8, 1층 103호",,,,life_welfare-facilities-for-elderly.csv
life,welfare-facilities-for-elderly,노인복지시설,천안재가복지센터,"충청남도 천안시 동남구 영성로 30, 2층 (영성동)",,,,life_welfare-facilities-for-elderly.csv
commerce,convstore,편의점,새샘편의점,충청남도 천안시 동남구 통정5로 108,충청남도 천안시 동남구 신방동 1591,36.77651255579866,127.13707823441803,commerce_convstore_cheonan.csv
commerce,convstore,편의점,씨유천안주공7단지점,충청남도 천안시 서북구 쌍용11길 57,충청남도 천안시 서북구 쌍용동 1284,36.80297335614436,127.12560234649494,commerce_convstore_cheonan.csv
commerce,convstore,편의점,세븐일레븐천안입장,충청남도 천안시 서북구 입장면 입장로 149-1,충청남도 천안시 서북구 입장면 하장리 45-22,36.914642589985306,127.22211868809367,commerce_convstore_cheonan.csv
commerce,convstore,편의점,씨유풍세광국점,충청남도 천안시 동남구 풍세면 풍세로 131,충청남도 천안시 동남구 풍세면 풍서리 448-2,36.726263964611725,127.11901320388591,commerce_convstore_cheonan.csv
commerce,convstore,편의점,지에스25쌍용베스트점,충청남도 천안시 서북구 미라12길 1,충청남도 천안시 서북구 쌍용동 977,36.80522537121104,127.1287747469208,commerce_convstore_cheonan.csv
commerce,convstore,편의점,지에스25두정부경점,충청남도 천안시 서북구 늘푸른1길 20,충청남도 천안시 서북구 두정동 663,36.82711055176835,127.12953912339607,commerce_convstore_cheonan.csv
commerce,convstore,편의점,씨유나사렛대점，이디아휴게음식,충청남도 천안시 서북구 월봉로 48,충청남도 천안시 서북구 쌍용동 456,36.79568615041214,127.11900583770058,commerce_convstore_cheonan.csv
commerce,convstore,편의점,씨유신불당,충청남도 천안시 서북구 번영로 201,충청남도 천안시 서북구 불당동 1485,36.81915424558064,127.110089429685,commerce_convstore_cheonan.csv
commerce,convstore,편의점,지에스25직산레이크점,충청남도 천안시 서북구 직산읍 직산로 41,충청남도 천안시 서북구 직산읍 삼은리 85-7,36.88097146956403,127.15381726175926,commerce_convstore_cheonan.csv
commerce,convstore,편의점,대한민국상이군경회편의시설사업소,충청남도 천안시 서북구 성정두정로 62,충청남도 천안시 서북구 두정동 1394,36.8307587030024,127.14187128544796,commerce_convstore_cheonan.csv
commerce,convstore,편의점,이마트24천안더메인즈타운점,충청남도 천안시 서북구 서부대로 471-5,충청남도 천안시 서북구 쌍용동 311-6,36.809539674135756,127.12820512519913,commerce_convstore_cheonan.csv
commerce,convstore,편의점,지에스25뉴천안드림타워,충청남도 천안시 서북구 1공단1길 13,충청남도 천안시 서북구 두정동 63-33,36.82917437581938,127.14653048750058,commerce_convstore_cheonan.csv
commerce,convstore,편의점,씨유천안백석대조형관점,충청남도 천안시 동남구 백석대학로 1-1,충청남도 천안시 동남구 안서동 115,36.840575748018146,127.18487300927809,commerce_convstore_cheonan.csv
commerce,convstore,편의점,미니스톱쌍용모란점,충청남도 천안시 서북구 쌍용18길 21,충청남도 천안시 서북구 쌍용동 752,36.79943832343945,127.12053018890622,commerce_convstore_cheonan.csv
commerce,convstore,편의점,씨유성환휴게소점,충청남도 천안시 서북구 성환읍 연암율금로 387,충청남도 천안시 서북구 성환읍 매주리 362-31,36.909091258915204,127.1210227351765,commerce_convstore_cheonan.csv
commerce,convstore,편의점,세븐일레븐천안쌍용,충청남도 천안시 서북구 새말4길 24,충청남도 천안시 서북구 쌍용동 389-7,36.79551664265141,127.13246960751592,commerce_convstore_cheonan.csv
commerce,convstore,편의점,GS25남서울,충청남도 천안시 서북구 성환읍 성진로 80,충청남도 천안시 서북구 성환읍 성월리 59-9,36.91143655450514,127.14425361758146,commerce_convstore_cheonan.csv
commerce,convstore,편의점,이마트24한국기술교육대학교점,충청남도 천안시 동남구 병천면 가전8길 83-1,충청남도 천안시 동남구 병천면 가전리 157-3,36.76373689529837,127.2848998771756,commerce_convstore_cheonan.csv
commerce,convstore,편의점,세븐천안성정2점,충청남도 천안시 서북구 양지18길 9,충청남도 천안시 서북구 성정동 742-3,36.811882251687116,127.14024641276207,commerce_convstore_cheonan.csv
commerce,convstore,편의점,세븐천안신부문화점,충청남도 천안시 동남구 만남로 38,충청남도 천안시 동남구 신부동 461-6,36.81847272371302,127.1562927491877,commerce_convstore_cheonan.csv
commerce,convstore,편의점,씨유천안성정소망점,충청남도 천안시 서북구 서부10길 8,충청남도 천안시 서북구 성정동 677-2,36.81983831426582,127.13661012232346,commerce_convstore_cheonan.csv
commerce,convstore,편의점,지에스25목천남부대로점,충청남도 천안시 동남구 목천읍 남부대로 950,충청남도 천안시 동남구 목천읍 신계리 88-9,36.77397217072083,127.21983490114684,commerce_convstore_cheonan.csv
commerce,convstore,편의점,지에스25다가그랑블점,충청남도 천안시 동남구 천안천공원3길 5-31,충청남도 천안시 동남구 다가동 526,36.80307790361035,127.14501044820834,commerce_convstore_cheonan.csv
commerce,convstore,편의점,씨유성정,충청남도 천안시 서북구 성정중8길 14,충청남도 천안시 서북구 성정동 1129,36.82896910539365,127.13521063694236,commerce_convstore_cheonan.csv
commerce,convstore,편의점,씨유천안성정주공점,충청남도 천안시 서북구 성정12길 17,충청남도 천안시 서북구 성정동 730-1,36.814615628504974,127.14006719886288,commerce_convstore_cheonan.csv
commerce,convstore,편의점,세븐일레븐천안성환도하점,충청남도 천안시 서북구 성환읍 연암로 357,충청남도 천안시 서북구 성환읍 도하리 361,36.94788374592936,127.16356506057028,commerce_convstore_cheonan.csv
commerce,convstore,편의점,성월편의점,충청남도 천안시 서북구 성환읍 천안대로 2096,충청남도 천안시 서북구 성환읍 성월리 278-19,36.92571584637646,127.13544374975856,commerce_convstore_cheonan.csv
commerce,convstore,편의점,세븐천안성정스타점,충청남도 천안시 서북구 성정공원5로 15,충청남도 천안시 서북구 성정동 1297,36.828250302235055,127.13920239073886,commerce_convstore_cheonan.csv
commerce,convstore,편의점,이마트24천안성정원룸점,충청남도 천안시 서북구 성정9길 6,충청남도 천안시 서북구 성정동 694-5,36.81820352917342,127.14186266162123,commerce_convstore_cheonan.csv
commerce,convstore,편의점,씨유천안신부태조점,충청남도 천안시 동남구 터미널9길 10-1,충청남도 천안시 동남구 신부동 555,36.822932615837075,127.15367451946061,commerce_convstore_cheonan.csv
commerce,convstore,편의점,미니스톱천안나사렛대점,충청남도 천안시 서북구 쌍용14길 46-2,충청남도 천안시 서북구 쌍용동 686,36.796773785113224,127.12073563361169,commerce_convstore_cheonan.csv
commerce,convstore,편의점,지에스25천안호서대점,충청남도 천안시 동남구 안서3길 4,충청남도 천안시 동남구 안서동 229,36.83029842080797,127.17969853357849,commerce_convstore_cheonan.csv
commerce,convstore,편의점,세븐일레븐천안역전2점,충청남도 천안시 동남구 공설시장2길 3,충청남도 천안시 동남구 대흥동 70-4,36.80902526495594,127.14934104653001,commerce_convstore_cheonan.csv
commerce,convstore,편의점,지에스25천안영성점,충청남도 천안시 동남구 영성동2길 13-1,충청남도 천안시 동남구 영성동 14-7,36.80431968066649,127.15160246542627,commerce_convstore_cheonan.csv
commerce,convstore,편의점,GS25천안성지점,충청남도 천안시 동남구 일봉로 12-4,충청남도 천안시 동남구 신방동 881,36.79341025947098,127.12971420504493,commerce_convstore_cheonan.csv
commerce,convstore,편의점,미니스톱천안,충청남도 천안시 동남구 상명대길 27,충청남도 천안시 동남구 안서동 321-2,36.832847866889665,127.17620768038441,commerce_convstore_cheonan.csv
commerce,convstore,편의점,GS25쌍용공원점,충청남도 천안시 서북구 미라11길 35,충청남도 천안시 서북구 쌍용동 1005,36.804309855456,127.13154820552899,commerce_convstore_cheonan.csv
commerce,convstore,편의점,GS25단대호수점,충청남도 천안시 동남구 천호지길 21,충청남도 천안시 동남구 안서동 467-75,36.83538771594659,127.17311540968188,commerce_convstore_cheonan.csv
commerce,convstore,편의점,씨스페이스,충청남도 천안시 서북구 불당21로 67-26,충청남도 천안시 서북구 불당동 1536,36.814803195508354,127.10873297360598,commerce_convstore_cheonan.csv
commerce,convstore,편의점,GS25팰리스피아점,충청남도 천안시 서북구 두정상가2길 9,충청남도 천안시 서북구 두정동 1371,36.8310229352959,127.13944637317003,commerce_convstore_cheonan.csv
commerce,convstore,편의점,GS25성정,충청남도 천안시 서북구 성정공원6길 1-4,충청남도 천안시 서북구 성정동 1274,36.8290622781597,127.1381044697986,commerce_convstore_cheonan.csv
commerce,convstore,편의점,씨유천안가전,충청남도 천안시 동남구 병천면 가전7길 3,충청남도 천안시 동남구 병천면 가전리 190-65,36.76810292148875,127.28373970298617,commerce_convstore_cheonan.csv
commerce,convstore,편의점,GS25성정,충청남도 천안시 서북구 서부13길 35,충청남도 천안시 서북구 성정동 670-12,36.82091575409205,127.14112801938191,commerce_convstore_cheonan.csv
commerce,convstore,편의점,이마트24천안메가박스점,충청남도 천안시 서북구 1공단1길 52,충청남도 천안시 서북구 두정동 68-16,36.83239516838655,127.14793257799604,commerce_convstore_cheonan.csv
commerce,convstore,편의점,씨유천안로얄점,충청남도 천안시 동남구 만남로 18,충청남도 천안시 동남구 신부동 454-1,36.81824700106698,127.15419311687413,commerce_convstore_cheonan.csv
commerce,convstore,편의점,세븐일레븐천안신계점,충청남도 천안시 동남구 목천읍 충절로 769,충청남도 천안시 동남구 목천읍 신계리 383-1,36.768286637367055,127.19757410941719,commerce_convstore_cheonan.csv
commerce,convstore,편의점,씨유천안두정가교점,충청남도 천안시 서북구 부성2길 7,충청남도 천안시 서북구 두정동 963-2,36.83433783015176,127.13735410704177,commerce_convstore_cheonan.csv
commerce,convstore,편의점,지에스25천안법조타운,충청남도 천안시 동남구 청수14로 62,충청남도 천안시 동남구 청당동 487,36.78420838205041,127.1533124984011,commerce_convstore_cheonan.csv
commerce,convstore,편의점,GS25두정메트로점,충청남도 천안시 서북구 성정두정로 12,충청남도 천안시 서북구 성정동 1451,36.82657709773337,127.14151393562796,commerce_convstore_cheonan.csv
commerce,convstore,편의점,GS25성거,충청남도 천안시 서북구 성거읍 성거길 100,충청남도 천안시 서북구 성거읍 천흥리 424-3,36.87394927252436,127.20193021989294,commerce_convstore_cheonan.csv
commerce,convstore,편의점,세븐일레븐천안성정,충청남도 천안시 서북구 성정공원5로 15,충청남도 천안시 서북구 성정동 1297,36.828250302235055,127.13920239073886,commerce_convstore_cheonan.csv
commerce,convstore,편의점,세븐일레븐목천IC점,충청남도 천안시 동남구 목천읍 충절로 1150,충청남도 천안시 동남구 목천읍 운전리 343-46,36.76927958060877,127.23505532650026,commerce_convstore_cheonan.csv
commerce,convstore,편의점,지에스25불당,충청남도 천안시 서북구 불당32길 36,충청남도 천안시 서북구 불당동 1684,36.80937398733169,127.10425397359937,commerce_convstore_cheonan.csv
commerce,convstore,편의점,지에스25천안봉명역점,충청남도 천안시 동남구 차돌고개3길 4-1,충청남도 천안시 동남구 다가동 373-23,36.80105477870746,127.13711793995358,commerce_convstore_cheonan.csv
commerce,convstore,편의점,지에스25천안장미점,충청남도 천안시 서북구 미라2길 22-4,충청남도 천안시 서북구 쌍용동 1194,36.80119837948959,127.1296082038414,commerce_convstore_cheonan.csv
commerce,convstore,편의점,세븐일레븐천안백석학생복지동점,충청남도 천안시 동남구 백석대학로 1-1,충청남도 천안시 동남구 안서동 115,36.840575748018146,127.18487300927809,commerce_convstore_cheonan.csv
commerce,convstore,편의점,이마트24천안동문,충청남도 천안시 동남구 신부8길 18,충청남도 천안시 동남구 신부동 61-50,36.81530905813861,127.16268722687465,commerce_convstore_cheonan.csv
commerce,convstore,편의점,이마트24북천안IC점,충청남도 천안시 서북구 직산읍 성진로 422,충청남도 천안시 서북구 직산읍 판정리 128,36.910624914944876,127.17822349988198,commerce_convstore_cheonan.csv
commerce,convstore,편의점,세븐일레븐천안마체에비뉴점,충청남도 천안시 서북구 한들1로 171,충청남도 천안시 서북구 백석동 1057,36.83763413296124,127.12029572861704,commerce_convstore_cheonan.csv
commerce,convstore,편의점,지에스25청수빌리지,충청남도 천안시 동남구 청수15길 18,충청남도 천안시 동남구 청수동 291,36.7875055705112,127.15249467216645,commerce_convstore_cheonan.csv
commerce,convstore,편의점,지에스25신부그랜드점,충청남도 천안시 동남구 중앙로 281-62,충청남도 천안시 동남구 신부동 843-1,36.82430728071054,127.1514631367257,commerce_convstore_cheonan.csv
commerce,convstore,편의점,지에스25단대,충청남도 천안시 동남구 단대로 108,충청남도 천안시 동남구 신부동 257-4,36.830664087069856,127.1622982563566,commerce_convstore_cheonan.csv
commerce,convstore,편의점,씨유천안아인스점,충청남도 천안시 동남구 통정12로 24,충청남도 천안시 동남구 신방동 1061,36.77825575511368,127.13077286960727,commerce_convstore_cheonan.csv
commerce,convstore,편의점,GS25천안해밀점,충청남도 천안시 동남구 목천읍 천안대로 103,충청남도 천안시 동남구 목천읍 삼성리 145-7,36.75848506488499,127.17127224638192,commerce_convstore_cheonan.csv
commerce,convstore,편의점,GS25쌍용점,충청남도 천안시 서북구 차돌들길 7-3,충청남도 천안시 서북구 쌍용동 210-9,36.79727927052496,127.12925139301055,commerce_convstore_cheonan.csv
commerce,convstore,편의점,지에스25쌍용리,충청남도 천안시 서북구 월봉로 93,충청남도 천안시 서북구 쌍용동 1539,36.7989588700492,127.11796127668822,commerce_convstore_cheonan.csv
commerce,convstore,편의점,씨유천안쌍용,충청남도 천안시 서북구 쌍용18길 82,충청남도 천안시 서북구 쌍용동 629,36.79660475452446,127.12378182074015,commerce_convstore_cheonan.csv
commerce,convstore,편의점,씨유천안두정,충청남도 천안시 서북구 두정공원2길 23-3,충청남도 천안시 서북구 두정동 396-6,36.835471275377266,127.15362349515247,commerce_convstore_cheonan.csv
commerce,convstore,편의점,데이앤데이목천신계점,충청남도 천안시 동남구 목천읍 성남로 37-1,충청남도 천안시 동남구 목천읍 천정리 108-46,36.768491588352916,127.20817476875898,commerce_convstore_cheonan.csv
commerce,convstore,편의점,세븐일레븐천안,충청남도 천안시 동남구 만남로 15,충청남도 천안시 동남구 신부동 363-12,36.81908433179861,127.15394949376908,commerce_convstore_cheonan.csv
commerce,convstore,편의점,미니스톱천안백석엔시티점,충청남도 천안시 서북구 한들1로 218,충청남도 천안시 서북구 백석동 1054,36.83613165193763,127.11832922662857,commerce_convstore_cheonan.csv
commerce,convstore,편의점,지에스25목천나들목점,충청남도 천안시 동남구 목천읍 동평1길 1,충청남도 천안시 동남구 목천읍 운전리 349,36.770508549991824,127.23140601049006,commerce_convstore_cheonan.csv
commerce,convstore,편의점,GS25불당미래점,충청남도 천안시 서북구 불당33길 40,충청남도 천안시 서북구 불당동 1630,36.81140291935843,127.1067433849147,commerce_convstore_cheonan.csv
commerce,convstore,편의점,이마트24self천안백석시티점,충청남도 천안시 서북구 한들1로 134-11,충청남도 천안시 서북구 백석동 1096,36.83431352121078,127.12011525707648,commerce_convstore_cheonan.csv
commerce,convstore,편의점,세븐일레븐천안특수공단점,충청남도 천안시 서북구 백석공단1로 20,충청남도 천안시 서북구 백석동 555-57,36.82505693323173,127.11004163931189,commerce_convstore_cheonan.csv
commerce,convstore,편의점,씨유천안임페리움점,충청남도 천안시 동남구 신부12길 19,충청남도 천안시 동남구 신부동 489-1,36.81828398631612,127.15992894979475,commerce_convstore_cheonan.csv
commerce,convstore,편의점,이마트24천안교천,충청남도 천안시 동남구 목천읍 교천지산길 104,충청남도 천안시 동남구 목천읍 교천리 130-1,36.77774977723377,127.1987364395633,commerce_convstore_cheonan.csv
commerce,convstore,편의점,미니스톱천안삼명대점,충청남도 천안시 동남구 상명대길 27,충청남도 천안시 동남구 안서동 321-2,36.832847866889665,127.17620768038441,commerce_convstore_cheonan.csv
commerce,convstore,편의점,미니스톱천안공단점,충청남도 천안시 서북구 성환읍 율금1길 8-8,충청남도 천안시 서북구 성환읍 율금리 790-35,36.892681474709605,127.09620336185462,commerce_convstore_cheonan.csv
commerce,convstore,편의점,GS25뉴천안드림타워,충청남도 천안시 서북구 1공단1길 13,충청남도 천안시 서북구 두정동 63-33,36.82917437581938,127.14653048750058,commerce_convstore_cheonan.csv
commerce,convstore,편의점,세븐일레븐4공단쉼터점,충청남도 천안시 서북구 직산읍 4산단7로 90,충청남도 천안시 서북구 직산읍 모시리 253-42,36.86832500460487,127.12356936917543,commerce_convstore_cheonan.csv
commerce,convstore,편의점,세븐일레븐천안청당광풍로점,충청남도 천안시 동남구 광풍로 1767,충청남도 천안시 동남구 청당동 370-1,36.77680486420574,127.14288269862637,commerce_convstore_cheonan.csv
commerce,convstore,편의점,세븐일레븐천안2,충청남도 천안시 서북구 2공단1로 59-2,충청남도 천안시 서북구 성성동 483-4,36.8490900771104,127.11727262819142,commerce_convstore_cheonan.csv
commerce,convstore,편의점,씨유천안성정,충청남도 천안시 서북구 봉정로 190,충청남도 천안시 서북구 성정동 690-5,36.81881046504885,127.14311590127411,commerce_convstore_cheonan.csv
commerce,convstore,편의점,씨유천안고속,충청남도 천안시 동남구 만남로 43,충청남도 천안시 동남구 신부동 354-1,36.81997500501846,127.15721388168004,commerce_convstore_cheonan.csv
commerce,convstore,편의점,이마트24천안입장,충청남도 천안시 서북구 입장면 입장로 130,충청남도 천안시 서북구 입장면 하장리 204,36.91257131987215,127.2222901764814,commerce_convstore_cheonan.csv
commerce,convstore,편의점,지에스25성거리,충청남도 천안시 서북구 성거읍 망향로 266,충청남도 천안시 서북구 성거읍 요방리 216-1,36.84507591776359,127.17976312244741,commerce_convstore_cheonan.csv
commerce,convstore,편의점,세븐일레븐천안성정,충청남도 천안시 서북구 서부19길 8,충청남도 천안시 서북구 성정동 619-3,36.82498021520637,127.13791420662143,commerce_convstore_cheonan.csv
commerce,convstore,편의점,선덕개발,충청남도 천안시 동남구 순천향4길 60,충청남도 천안시 동남구 봉명동 30-78,36.80296114274686,127.13742435529699,commerce_convstore_cheonan.csv
commerce,convstore,편의점,지장편의점,충청남도 천안시 동남구 광덕면 지장길 136-16,충청남도 천안시 동남구 광덕면 지장리 160,36.67230471271438,127.0709696855237,commerce_convstore_cheonan.csv
commerce,convstore,편의점,코리아세븐천안쌍용주,충청남도 천안시 서북구 미라2길 53,충청남도 천안시 서북구 쌍용동 1034,36.80417417247888,127.1298500303159,commerce_convstore_cheonan.csv
commerce,convstore,편의점,세븐일레븐천안두정원룸점,충청남도 천안시 서북구 두정고2길 72,충청남도 천안시 서북구 두정동 1856,36.8385224693671,127.13285516443584,commerce_convstore_cheonan.csv
commerce,convstore,편의점,지에스25쌍용해누리점,충청남도 천안시 서북구 충무로 158-10,충청남도 천안시 서북구 쌍용동 1363-1,36.792769153251626,127.12424930401397,commerce_convstore_cheonan.csv
commerce,convstore,편의점,씨유천안남관점,충청남도 천안시 동남구 풍세면 풍세로 466,충청남도 천안시 동남구 풍세면 남관리 133-2,36.75461116592519,127.12762984409119,commerce_convstore_cheonan.csv
commerce,convstore,편의점,씨유천안상명학사점,충청남도 천안시 동남구 탑골길 12,충청남도 천안시 동남구 안서동 307-2,36.831774175744926,127.17678071570415,commerce_convstore_cheonan.csv
commerce,convstore,편의점,세븐일레븐천안직산동보점,충청남도 천안시 서북구 직산읍 상덕로 32,충청남도 천안시 서북구 직산읍 모시리 253-38,36.870703352969784,127.11931961922933,commerce_convstore_cheonan.csv
commerce,convstore,편의점,노다지,충청남도 천안시 서북구 성환읍 천안대로 1746,충청남도 천안시 서북구 성환읍 매주리 88-10,36.894676162571116,127.1365507436832,commerce_convstore_cheonan.csv
commerce,convstore,편의점,세븐천안직산점,충청남도 천안시 서북구 직산읍 삼은3길 21,충청남도 천안시 서북구 직산읍 삼은리 72-46,36.87863176226073,127.15168376295946,commerce_convstore_cheonan.csv
commerce,convstore,편의점,씨유천안청수점,충청남도 천안시 동남구 청수12로 44,충청남도 천안시 동남구 삼룡동 443,36.78294459414473,127.16413055004163,commerce_convstore_cheonan.csv
commerce,convstore,편의점,지에스25부성이편한점,충청남도 천안시 서북구 원너멋길 56,충청남도 천안시 서북구 신당동 416,36.85579043089643,127.15197607475294,commerce_convstore_cheonan.csv
commerce,convstore,편의점,지에스25뉴천안수신점,충청남도 천안시 동남구 수신면 수신로 429,충청남도 천안시 동남구 수신면 속창리 126-15,36.73064604017192,127.28095061369203,commerce_convstore_cheonan.csv
commerce,convstore,편의점,세븐일레븐성환이화,충청남도 천안시 서북구 성환읍 성환15길 4,충청남도 천안시 서북구 성환읍 성환리 344-82,36.91949333974879,127.1306209644927,commerce_convstore_cheonan.csv
commerce,convstore,편의점,지에스25쌍용주공점,충청남도 천안시 서북구 봉서산샛길 64,충청남도 천안시 서북구 쌍용동 1920,36.80634042491062,127.11940055743644,commerce_convstore_cheonan.csv
commerce,convstore,편의점,세븐일레븐순천향대천안새,충청남도 천안시 동남구 순천향6길 31,충청남도 천안시 동남구 봉명동 216-8,36.802821407818406,127.13541967490896,commerce_convstore_cheonan.csv
commerce,convstore,편의점,지에스25직산휴게소점,충청남도 천안시 서북구 직산읍 삼사로 1338,충청남도 천안시 서북구 직산읍 군서리 33-3,36.89580416556257,127.15977821249008,commerce_convstore_cheonan.csv
commerce,convstore,편의점,이마트24천안천흥,충청남도 천안시 서북구 성거읍 성거길 216,충청남도 천안시 서북구 성거읍 천흥리 315-8,36.883269365994934,127.2070505271809,commerce_convstore_cheonan.csv
commerce,convstore,편의점,지에스25구성,충청남도 천안시 동남구 구성1길 17,충청남도 천안시 동남구 구성동 467-2,36.795929203917325,127.15995634841092,commerce_convstore_cheonan.csv
commerce,convstore,편의점,미니스톱천안직산양당점,충청남도 천안시 서북구 직산읍 상덕로 147,충청남도 천안시 서북구 직산읍 양당리 68-3,36.88023595306175,127.12180471863131,commerce_convstore_cheonan.csv
commerce,convstore,편의점,세븐일레븐천안입장도림점,충청남도 천안시 서북구 입장면 성진로 1127,충청남도 천안시 서북구 입장면 도림리 146-6,36.914855767856146,127.25402478086043,commerce_convstore_cheonan.csv
commerce,convstore,편의점,씨유천안직산더샵점,충청남도 천안시 서북구 직산읍 직산로 18-33,충청남도 천안시 서북구 직산읍 삼은리 592,36.88023350278929,127.15697510947751,commerce_convstore_cheonan.csv
commerce,convstore,편의점,지에스25풍세한양수자인,충청남도 천안시 동남구 풍세면 풍세산단로 283,충청남도 천안시 동남구 풍세면 보성리 764,36.72592732733657,127.10587462420345,commerce_convstore_cheonan.csv
commerce,convstore,편의점,지에스25스타,충청남도 천안시 서북구 두정로 236,충청남도 천안시 서북구 두정동 1500,36.83307548057394,127.14305005476379,commerce_convstore_cheonan.csv
commerce,convstore,편의점,씨유천안공단번영점,충청남도 천안시 서북구 2공단4로 70,충청남도 천안시 서북구 성성동 307-1,36.85148742608702,127.12485683464065,commerce_convstore_cheonan.csv
commerce,convstore,편의점,세븐천안두정센터점,충청남도 천안시 서북구 오성로 71,충청남도 천안시 서북구 두정동 830,36.830511985187925,127.13497339187582,commerce_convstore_cheonan.csv
commerce,convstore,편의점,세븐천안청당엔리치점,충청남도 천안시 동남구 청수7로 43,충청남도 천안시 동남구 청당동 721,36.78622694460545,127.15880183360778,commerce_convstore_cheonan.csv
commerce,convstore,편의점,지에스25천안번영로점,충청남도 천안시 서북구 번영로 704,충청남도 천안시 서북구 업성동 174-3,36.856576008455384,127.13740306522477,commerce_convstore_cheonan.csv
commerce,convstore,편의점,지에스25입장,충청남도 천안시 서북구 입장면 성진로 830,충청남도 천안시 서북구 입장면 하장리 110-164,36.91513564685011,127.22267600289592,commerce_convstore_cheonan.csv
commerce,convstore,편의점,씨유천안신방,충청남도 천안시 동남구 통정6로 18,충청남도 천안시 동남구 신방동 1769,36.77359441134373,127.13644384416439,commerce_convstore_cheonan.csv
commerce,convstore,편의점,씨유천안학산점,충청남도 천안시 동남구 서부대로 270,충청남도 천안시 동남구 신방동 886-1,36.79231411708783,127.12925256082042,commerce_convstore_cheonan.csv
commerce,convstore,편의점,이마트24,충청남도 천안시 동남구 충절로 283-3,충청남도 천안시 동남구 구성동 293-95,36.79388341716624,127.16061508300878,commerce_convstore_cheonan.csv
commerce,convstore,편의점,씨유천안성정시티점,충청남도 천안시 서북구 성정공원6길 36,충청남도 천안시 서북구 성정동 1347,36.82836414835832,127.14164688629,commerce_convstore_cheonan.csv
commerce,convstore,편의점,지에스25신부스카이점,충청남도 천안시 동남구 먹거리11길 6,충청남도 천안시 동남구 신부동 452-2,36.81797558358977,127.15309286031416,commerce_convstore_cheonan.csv
commerce,convstore,편의점,씨유신방,충청남도 천안시 동남구 수곡2길 5,충청남도 천안시 동남구 신방동 49-16,36.788667133437855,127.12776683717202,commerce_convstore_cheonan.csv
commerce,convstore,편의점,세븐일레븐천안봉명,충청남도 천안시 동남구 개목6길 5,충청남도 천안시 동남구 봉명동 373-3,36.814458194414094,127.13369589771024,commerce_convstore_cheonan.csv
commerce,convstore,편의점,지에스25안서,충청남도 천안시 동남구 각원사길 123,충청남도 천안시 동남구 안서동 281-4,36.830232105143054,127.18455374802609,commerce_convstore_cheonan.csv
commerce,convstore,편의점,미니스톱천안,충청남도 천안시 동남구 중암1길 3,충청남도 천안시 동남구 안서동 516-6,36.831392056553625,127.17444482647085,commerce_convstore_cheonan.csv
commerce,convstore,편의점,씨유천안신부,충청남도 천안시 동남구 신부15길 7,충청남도 천안시 동남구 신부동 495-8,36.82030900030913,127.16200244113355,commerce_convstore_cheonan.csv
commerce,convstore,편의점,씨유천안영성,충청남도 천안시 동남구 대흥로 94,충청남도 천안시 동남구 영성동 67-1,36.79930302745487,127.1520606960527,commerce_convstore_cheonan.csv
commerce,convstore,편의점,지에스25쌍용대로점,충청남도 천안시 서북구 충무로 204,충청남도 천안시 서북구 쌍용동 200-3,36.796107975939314,127.12911314228833,commerce_convstore_cheonan.csv
commerce,convstore,편의점,지에스25운전교차로점,충청남도 천안시 동남구 목천읍 신사운전길 279,충청남도 천안시 동남구 목천읍 운전리 70-4,36.76171879837878,127.2519012533603,commerce_convstore_cheonan.csv
commerce,convstore,편의점,두정아띠점,충청남도 천안시 서북구 부성7길 3,충청남도 천안시 서북구 두정동 1063,36.837253926715405,127.13421719006963,commerce_convstore_cheonan.csv
commerce,convstore,편의점,씨유천안신방한성필점,충청남도 천안시 동남구 통정3로 68,충청남도 천안시 동남구 신방동 1557,36.7757415254176,127.13110210215889,commerce_convstore_cheonan.csv
commerce,convstore,편의점,GS25천안유량점,충청남도 천안시 동남구 태조산길 169,충청남도 천안시 동남구 유량동 130-10,36.81550448390127,127.1816072738942,commerce_convstore_cheonan.csv
commerce,convstore,편의점,CU천안쌍용대로점,충청남도 천안시 서북구 쌍용대로 219,충청남도 천안시 서북구 성정동 1025,36.816971599517295,127.13491176744732,commerce_convstore_cheonan.csv
commerce,convstore,편의점,세븐일레븐천안성정,충청남도 천안시 서북구 성정중5길 13,충청남도 천안시 서북구 성정동 1225-2,36.82785176396962,127.13514020902407,commerce_convstore_cheonan.csv
commerce,convstore,편의점,지에스25불당아리,충청남도 천안시 서북구 불당23로 73-30,충청남도 천안시 서북구 불당동 1483,36.82005901994695,127.11039683317523,commerce_convstore_cheonan.csv
commerce,convstore,편의점,세븐일레븐천안봉명청솔점,충청남도 천안시 동남구 봉서9길 23,충청남도 천안시 동남구 봉명동 454-1,36.811968555352564,127.1332578791777,commerce_convstore_cheonan.csv
commerce,convstore,편의점,지에스25성환로얄점,충청남도 천안시 서북구 성환읍 송골1길 20,충청남도 천안시 서북구 성환읍 성월리 198-6,36.92007572125143,127.1358653291214,commerce_convstore_cheonan.csv
commerce,convstore,편의점,씨유천안성정패밀리점,충청남도 천안시 서북구 성정5길 21,충청남도 천안시 서북구 성정동 699-7,36.818055264301286,127.13934477371139,commerce_convstore_cheonan.csv
commerce,convstore,편의점,세븐일레븐천안성환수향점,충청남도 천안시 서북구 성환읍 연암로 201,충청남도 천안시 서북구 성환읍 수향리 221-5,36.9435974614348,127.15050903606243,commerce_convstore_cheonan.csv
commerce,convstore,편의점,지에스25청당,충청남도 천안시 동남구 청수12로 5-39,충청남도 천안시 동남구 청당동 748,36.78420656901745,127.16028746742464,commerce_convstore_cheonan.csv
commerce,convstore,편의점,지에스25천안일번로점,충청남도 천안시 서북구 천안대로 1220,충청남도 천안시 서북구 신당동 271-9,36.85024744225424,127.15560158540809,commerce_convstore_cheonan.csv
commerce,convstore,편의점,이마트24천안차암원룸점,충청남도 천안시 서북구 4산단로 62-17,충청남도 천안시 서북구 차암동 209-7,36.84789676587426,127.11565584034305,commerce_convstore_cheonan.csv
commerce,convstore,편의점,CU천안불당,충청남도 천안시 서북구 불당21로 67-12,충청남도 천안시 서북구 불당동 1537,36.81365052244701,127.10839152396649,commerce_convstore_cheonan.csv
commerce,convstore,편의점,세븐일레븐천안법조엔리치점,충청남도 천안시 동남구 청수5로 3,충청남도 천안시 동남구 청당동 506,36.78310891357992,127.15449513047265,commerce_convstore_cheonan.csv
commerce,convstore,편의점,지에스25두정로하스,충청남도 천안시 서북구 두정상가8길 46,충청남도 천안시 서북구 두정동 1456,36.8319990028706,127.1429397416469,commerce_convstore_cheonan.csv
commerce,convstore,편의점,미니스톱남천안IC점,충청남도 천안시 동남구 목천읍 천안대로 61,충청남도 천안시 동남구 목천읍 삼성리 86-9,36.75480990617265,127.17078769511767,commerce_convstore_cheonan.csv
commerce,convstore,편의점,지에스25신부힐스,충청남도 천안시 동남구 단대로 71,충청남도 천안시 동남구 신부동 245,36.830464349928256,127.16035672753307,commerce_convstore_cheonan.csv
commerce,convstore,편의점,바틀샵천안성성,충청남도 천안시 서북구 성성6로 51,충청남도 천안시 서북구 성성동 932,36.84174222131828,127.12549589613378,commerce_convstore_cheonan.csv
commerce,convstore,편의점,세븐일레븐천안성환율금점,충청남도 천안시 서북구 성환읍 율금1길 291,충청남도 천안시 서북구 성환읍 율금리 478,36.90406808773559,127.11065527848247,commerce_convstore_cheonan.csv
commerce,convstore,편의점,씨유천안성거벽산점,충청남도 천안시 서북구 성거읍 봉주로 107-3,충청남도 천안시 서북구 성거읍 신월리 7-8,36.8780525854138,127.15835707771062,commerce_convstore_cheonan.csv
commerce,convstore,편의점,씨유천안백석공단점,충청남도 천안시 서북구 백석공단1로 101,충청남도 천안시 서북구 백석동 570-8,36.83130985879558,127.10584426114683,commerce_convstore_cheonan.csv
commerce,convstore,편의점,세븐일레븐천안두정고점,충청남도 천안시 서북구 두정고6길 16,충청남도 천안시 서북구 두정동 1921,36.835696868128764,127.1314853234591,commerce_convstore_cheonan.csv
commerce,convstore,편의점,씨유,충청남도 천안시 동남구 터미널9길 50,충청남도 천안시 동남구 신부동 625,36.82277673052603,127.15797026314927,commerce_convstore_cheonan.csv
commerce,convstore,편의점,씨유천안봉정점,충청남도 천안시 동남구 봉정로 30-3,충청남도 천안시 동남구 봉명동 42-2,36.804902868665756,127.13973473237623,commerce_convstore_cheonan.csv
commerce,convstore,편의점,세븐일레븐천안두정,충청남도 천안시 서북구 원두정3길 27,충청남도 천안시 서북구 두정동 933,36.83262578884912,127.13714551823283,commerce_convstore_cheonan.csv
commerce,convstore,편의점,미니스톱천안,충청남도 천안시 서북구 백석공단1로 10,충청남도 천안시 서북구 백석동 1206,36.823766551554854,127.11104532697883,commerce_convstore_cheonan.csv
commerce,convstore,편의점,GS25신방,충청남도 천안시 동남구 통정12로 18,충청남도 천안시 동남구 신방동 1058,36.7783829577813,127.13002636960616,commerce_convstore_cheonan.csv
commerce,convstore,편의점,씨유천안두정,충청남도 천안시 서북구 늘푸른2길 5,충청남도 천안시 서북구 두정동 635,36.82617614189043,127.13083656016092,commerce_convstore_cheonan.csv
commerce,convstore,편의점,GS25청당,충청남도 천안시 동남구 청수12로 5-39,충청남도 천안시 동남구 청당동 748,36.78420656901745,127.16028746742464,commerce_convstore_cheonan.csv
commerce,convstore,편의점,세븐일레븐천안성정,충청남도 천안시 서북구 성정공원4길 22,충청남도 천안시 서북구 성정동 1408,36.826740841797545,127.14353748063695,commerce_convstore_cheonan.csv
commerce,convstore,편의점,GS25성환역점,충청남도 천안시 서북구 성환읍 성환1로 235,충청남도 천안시 서북구 성환읍 성환리 449-118,36.91572183947363,127.12790643536717,commerce_convstore_cheonan.csv
commerce,convstore,편의점,씨유단국대천안공학관점,충청남도 천안시 동남구 단대로 119,충청남도 천안시 동남구 안서동 산29,36.83595451915676,127.16521391827429,commerce_convstore_cheonan.csv
commerce,convstore,편의점,이마트24천안그랑데점,충청남도 천안시 동남구 버들로 23,충청남도 천안시 동남구 문화동 67-4,36.80841063484528,127.15049888509971,commerce_convstore_cheonan.csv
commerce,convstore,편의점,GS25천안두정점,충청남도 천안시 서북구 성정공원5로 51,충청남도 천안시 서북구 성정동 1395,36.827947483521605,127.14328676084116,commerce_convstore_cheonan.csv
commerce,convstore,편의점,세븐천안신방유안점,충청남도 천안시 동남구 통정9로 10,충청남도 천안시 동남구 신방동 1258,36.774248126226695,127.12749788157595,commerce_convstore_cheonan.csv
commerce,convstore,편의점,지에스25성정미래점,충청남도 천안시 서북구 개목1길 33,충청남도 천안시 서북구 성정동 981-1,36.81758560715642,127.1313452761063,commerce_convstore_cheonan.csv
commerce,convstore,편의점,이마트24천안불당에이블점,충청남도 천안시 서북구 불당25로 178,충청남도 천안시 서북구 불당동 1532,36.81696384708202,127.10860460435188,commerce_convstore_cheonan.csv
commerce,convstore,편의점,천안트리하우스소매점,충청남도 천안시 동남구 광덕면 해수길 311,충청남도 천안시 동남구 광덕면 광덕리 748-1,36.66532754238485,127.02338790121749,commerce_convstore_cheonan.csv
commerce,convstore,편의점,씨유천안,충청남도 천안시 동남구 풍세로 799,충청남도 천안시 동남구 용곡동 116-25,36.78113183363308,127.14191018249977,commerce_convstore_cheonan.csv
commerce,convstore,편의점,씨유천안신방새샘점,충청남도 천안시 동남구 통정12로 61,충청남도 천안시 동남구 신방동 1577,36.776796726354775,127.13464523730254,commerce_convstore_cheonan.csv
commerce,convstore,편의점,세븐일레븐천안부성점,충청남도 천안시 서북구 부성7길 37,충청남도 천안시 서북구 두정동 1037-1,36.837008559927924,127.13791941685008,commerce_convstore_cheonan.csv
commerce,convstore,편의점,지에스25성환,충청남도 천안시 서북구 성환읍 성환3로 42,충청남도 천안시 서북구 성환읍 성환리 400-3,36.914962554080844,127.13261351762443,commerce_convstore_cheonan.csv
commerce,convstore,편의점,씨유직산상덕,충청남도 천안시 서북구 직산읍 상덕로 39,충청남도 천안시 서북구 직산읍 양당리 344-14,36.87094304932957,127.11862477235705,commerce_convstore_cheonan.csv
commerce,convstore,편의점,세븐일레븐천안불당,충청남도 천안시 서북구 불당16길 13,충청남도 천안시 서북구 불당동 1322,36.80129471500665,127.10624733521482,commerce_convstore_cheonan.csv
commerce,convstore,편의점,GS25성정두정로점,충청남도 천안시 서북구 성정두정로 43,충청남도 천안시 서북구 성정동 1319,36.82949482753691,127.14094889531425,commerce_convstore_cheonan.csv
commerce,convstore,편의점,세븐일레븐천안,충청남도 천안시 서북구 서부4길 7,충청남도 천안시 서북구 성정동 685-10,36.81928312782445,127.14075090662563,commerce_convstore_cheonan.csv
commerce,convstore,편의점,세븐일레븐천안1번국도점,충청남도 천안시 서북구 직산읍 천안대로 1681,충청남도 천안시 서북구 직산읍 수헐리 85-4,36.8894192014858,127.13982869615494,commerce_convstore_cheonan.csv
commerce,convstore,편의점,씨유천안직산마정점,충청남도 천안시 서북구 직산읍 금곡로 168,충청남도 천안시 서북구 직산읍 마정리 312,36.87388630752998,127.10020571577147,commerce_convstore_cheonan.csv
commerce,convstore,편의점,씨유천안충무로점,충청남도 천안시 동남구 충무로 66,충청남도 천안시 동남구 신방동 781-6,36.787704743494764,127.11870723770014,commerce_convstore_cheonan.csv
commerce,convstore,편의점,리챠드불당동1526,충청남도 천안시 서북구 불당22대로 71,충청남도 천안시 서북구 불당동 1526,36.81642051303932,127.10691235801966,commerce_convstore_cheonan.csv
commerce,convstore,편의점,지에스25백석해여림점,충청남도 천안시 서북구 한들2로 88-23,충청남도 천안시 서북구 백석동 1026,36.8307295323455,127.12160071123029,commerce_convstore_cheonan.csv
commerce,convstore,편의점,씨스페이스정성점,충청남도 천안시 동남구 옛시청길 39,충청남도 천안시 동남구 문화동 112-1,36.806786135445385,127.15165492703885,commerce_convstore_cheonan.csv
commerce,convstore,편의점,지에스25천안신방통정점,충청남도 천안시 동남구 통정6로 5-50,충청남도 천안시 동남구 신방동 1841,36.77398351808032,127.13548147900052,commerce_convstore_cheonan.csv
commerce,convstore,편의점,씨유천안두정중점,충청남도 천안시 서북구 두정중2길 38,충청남도 천안시 서북구 두정동 1156,36.83704287595267,127.14021164796057,commerce_convstore_cheonan.csv
commerce,convstore,편의점,지에스25풍세공단,충청남도 천안시 동남구 풍세면 풍세산단로 303,충청남도 천안시 동남구 풍세면 보성리 768,36.72696221135185,127.10561069917297,commerce_convstore_cheonan.csv
commerce,convstore,편의점,GS25천안두정고점,충청남도 천안시 서북구 두정고2길 14-4,충청남도 천안시 서북구 두정동 1956,36.83496510744318,127.13146834530023,commerce_convstore_cheonan.csv
commerce,convstore,편의점,씨유성환우신점,충청남도 천안시 서북구 성환읍 와룡길 2,충청남도 천안시 서북구 성환읍 우신리 24-11,36.92400980936352,127.11880335743555,commerce_convstore_cheonan.csv
commerce,convstore,편의점,이마트24천안입장효계점,충청남도 천안시 서북구 입장면 위례산길 41,충청남도 천안시 서북구 입장면 효계리 1-5,36.90250616949259,127.22437283063611,commerce_convstore_cheonan.csv
commerce,convstore,편의점,씨유천안쌍용,충청남도 천안시 서북구 미라8길 36,충청남도 천안시 서북구 쌍용동 1159,36.802749328462106,127.1312665836874,commerce_convstore_cheonan.csv
commerce,convstore,편의점,GS25입장,충청남도 천안시 서북구 입장면 신덕1길 2,충청남도 천안시 서북구 입장면 신덕리 208-4,36.91233073427478,127.20400083662284,commerce_convstore_cheonan.csv
commerce,convstore,편의점,GS25천안그랜드점,충청남도 천안시 서북구 두정역동2길 2,충청남도 천안시 서북구 두정동 1721,36.835350019987004,127.15086530790411,commerce_convstore_cheonan.csv
commerce,convstore,편의점,GS25두정,충청남도 천안시 서북구 두정고8길 9,충청남도 천안시 서북구 두정동 1872,36.83810454417716,127.1318574056498,commerce_convstore_cheonan.csv
commerce,convstore,편의점,세븐일레븐천안,충청남도 천안시 서북구 백석공단1로 10,충청남도 천안시 서북구 백석동 1206,36.823766551554854,127.11104532697883,commerce_convstore_cheonan.csv
commerce,convstore,편의점,GS25신부그랜드점,충청남도 천안시 동남구 중앙로 281-62,충청남도 천안시 동남구 신부동 843-1,36.82430728071054,127.1514631367257,commerce_convstore_cheonan.csv
commerce,convstore,편의점,GS25뉴천안드림타워무인자판점,충청남도 천안시 서북구 1공단1길 13,충청남도 천안시 서북구 두정동 63-33,36.82917437581938,127.14653048750058,commerce_convstore_cheonan.csv
commerce,convstore,편의점,지에스25입장휴게소점,충청남도 천안시 서북구 입장면 삼사로 2013,충청남도 천안시 서북구 입장면 유리 294,36.9281632622098,127.21765711540355,commerce_convstore_cheonan.csv
commerce,convstore,편의점,GS25두정앨리스점,충청남도 천안시 서북구 부성1길 51-11,충청남도 천안시 서북구 두정동 1074,36.83824887349412,127.1347992085422,commerce_convstore_cheonan.csv
commerce,convstore,편의점,GS25용곡,충청남도 천안시 동남구 일봉로 105,충청남도 천안시 동남구 용곡동 213-3,36.78955494476107,127.13805569127868,commerce_convstore_cheonan.csv
commerce,convstore,편의점,씨유천안두정대림,충청남도 천안시 서북구 노태산로 145,충청남도 천안시 서북구 두정동 2055,36.836919825648,127.12892485540476,commerce_convstore_cheonan.csv
commerce,convstore,편의점,GS25성성,충청남도 천안시 서북구 성성9로 7,충청남도 천안시 서북구 성성동 694,36.84020211305104,127.13124924620242,commerce_convstore_cheonan.csv
commerce,convstore,편의점,미니스톱천안,충청남도 천안시 서북구 백석공단1로 10,충청남도 천안시 서북구 백석동 1206,36.823766551554854,127.11104532697883,commerce_convstore_cheonan.csv
commerce,convstore,편의점,세븐천안문성점,충청남도 천안시 동남구 복자1길 29,충청남도 천안시 동남구 성황동 5-36,36.81441193716593,127.15289011055451,commerce_convstore_cheonan.csv
commerce,convstore,편의점,GS25봉명,충청남도 천안시 동남구 봉서11길 16,충청남도 천안시 동남구 봉명동 424,36.81359322527488,127.13227179849034,commerce_convstore_cheonan.csv
commerce,convstore,편의점,세븐일레븐천안성정OK점,충청남도 천안시 서북구 성정1길 5,충청남도 천안시 서북구 성정동 722-3,36.81433448210289,127.13530082779685,commerce_convstore_cheonan.csv
commerce,convstore,편의점,이마트24천안두정새아스점,충청남도 천안시 서북구 두정상가1길 5,충청남도 천안시 서북구 두정동 1361,36.83084827849208,127.13859126685107,commerce_convstore_cheonan.csv
commerce,convstore,편의점,세븐일레븐천안테딘워터파크점,충청남도 천안시 동남구 성남면 종합휴양지로 164,충청남도 천안시 동남구 성남면 용원리 666,36.75883919193156,127.22520404176849,commerce_convstore_cheonan.csv
commerce,convstore,편의점,세븐일레븐천안입장,충청남도 천안시 서북구 입장면 석재길 17-72,충청남도 천안시 서북구 입장면 상장리 20-14,36.91083382317385,127.22826406295232,commerce_convstore_cheonan.csv
commerce,convstore,편의점,GS25백석원룸점,충청남도 천안시 서북구 백석5길 20-1,충청남도 천안시 서북구 백석동 809,36.82279971280699,127.1264334677958,commerce_convstore_cheonan.csv
commerce,convstore,편의점,지에스25천안,충청남도 천안시 서북구 3공단5로 58,충청남도 천안시 서북구 성성동 511,36.838986483717086,127.11591392632418,commerce_convstore_cheonan.csv
commerce,convstore,편의점,지에스25직산군동점,충청남도 천안시 서북구 직산읍 직산로 273,충청남도 천안시 서북구 직산읍 군동리 88-1,36.898917037723535,127.16597119805881,commerce_convstore_cheonan.csv
commerce,convstore,편의점,씨유천안성정,충청남도 천안시 서북구 서부20길 38,충청남도 천안시 서북구 성정동 629-13,36.82482337050461,127.14208355734961,commerce_convstore_cheonan.csv
commerce,convstore,편의점,지에스25불당뉴타운,충청남도 천안시 서북구 불당24로 43,충청남도 천안시 서북구 불당동 1467,36.82243876939085,127.1070038963471,commerce_convstore_cheonan.csv
commerce,convstore,편의점,세븐일레븐한국기술교육대점,충청남도 천안시 동남구 병천면 충절로 1594,충청남도 천안시 동남구 병천면 가전리 193,36.767466914299256,127.2833366289182,commerce_convstore_cheonan.csv
commerce,convstore,편의점,씨유천안,충청남도 천안시 서북구 양지15길 62,충청남도 천안시 서북구 성정동 216-7,36.80971898976244,127.14004824441038,commerce_convstore_cheonan.csv
commerce,convstore,편의점,세븐일레븐두정한별점,충청남도 천안시 서북구 두정중11길 14,충청남도 천안시 서북구 두정동 1179,36.83770212456407,127.13982959447024,commerce_convstore_cheonan.csv
commerce,convstore,편의점,이마트24북천안휴게소점,충청남도 천안시 서북구 직산읍 삼사로 1663,충청남도 천안시 서북구 직산읍 판정리 70-1,36.91497725620809,127.18320825139355,commerce_convstore_cheonan.csv
commerce,convstore,편의점,씨유천안안서,충청남도 천안시 동남구 각원사길 54,충청남도 천안시 동남구 안서동 226-6,36.83077483781499,127.17790756239654,commerce_convstore_cheonan.csv
commerce,convstore,편의점,세븐일레븐천안동산점,충청남도 천안시 동남구 동면 충절로 2315,충청남도 천안시 동남구 동면 동산리 341-5,36.78065983471382,127.35604887312914,commerce_convstore_cheonan.csv
commerce,convstore,편의점,이마트24SMART천안해오름주유소점,충청남도 천안시 동남구 목천읍 남부대로 949,충청남도 천안시 동남구 목천읍 신계리 88-22,36.774681143608134,127.22013026721224,commerce_convstore_cheonan.csv
commerce,convstore,편의점,세븐일레븐천안쌍용건국점,충청남도 천안시 서북구 쌍용13길 6-2,충청남도 천안시 서북구 쌍용동 1430,36.7997652871494,127.11892957073294,commerce_convstore_cheonan.csv
commerce,convstore,편의점,지에스25불당타운점,충청남도 천안시 서북구 불당3길 33,충청남도 천안시 서북구 불당동 958,36.80412325533696,127.10869856813059,commerce_convstore_cheonan.csv
commerce,convstore,편의점,씨유천안용곡하이빌점,충청남도 천안시 동남구 일봉로 87-6,충청남도 천안시 동남구 용곡동 236,36.790903692112124,127.13744160295046,commerce_convstore_cheonan.csv
commerce,convstore,편의점,씨유천안신부,충청남도 천안시 동남구 천안천8길 47,충청남도 천안시 동남구 신부동 334,36.82177002649935,127.15614758143779,commerce_convstore_cheonan.csv
commerce,convstore,편의점,지에스25불당프라임점,충청남도 천안시 서북구 불당25로 226,충청남도 천안시 서북구 불당동 1480,36.821277164921526,127.1099304278797,commerce_convstore_cheonan.csv
commerce,convstore,편의점,지에스25직산대로점,충청남도 천안시 서북구 성거읍 천안대로 1462,충청남도 천안시 서북구 성거읍 신월리 399-22,36.87116604373862,127.14825004261745,commerce_convstore_cheonan.csv
commerce,convstore,편의점,씨유남천안ic점,충청남도 천안시 동남구 목천읍 세종로 4928,충청남도 천안시 동남구 목천읍 삼성리 40-7,36.74898588295952,127.17137348651443,commerce_convstore_cheonan.csv
commerce,convstore,편의점,세븐일레븐천안성정하늘점,충청남도 천안시 서북구 성정공원4길 5,충청남도 천안시 서북구 성정동 1464,36.82719506220069,127.1416418557244,commerce_convstore_cheonan.csv
commerce,convstore,편의점,세븐일레븐천안두정해성점,충청남도 천안시 서북구 두정고5길 17,충청남도 천안시 서북구 두정동 1957,36.83486657826339,127.13147346569735,commerce_convstore_cheonan.csv
commerce,convstore,편의점,씨유천안원성점,충청남도 천안시 동남구 중앙로 16,충청남도 천안시 동남구 원성동 600-16,36.79972598396259,127.15364478522471,commerce_convstore_cheonan.csv
commerce,convstore,편의점,지에스25천안,충청남도 천안시 동남구 신촌3길 16,충청남도 천안시 동남구 신방동 785-32,36.789223822440604,127.12336886520401,commerce_convstore_cheonan.csv
commerce,convstore,편의점,GS25천안,충청남도 천안시 서북구 봉정로 120-2,충청남도 천안시 서북구 성정동 193-17,36.81269678899944,127.1415896636064,commerce_convstore_cheonan.csv
commerce,convstore,편의점,4.19민주혁명회CU렛츠런파크CCC,충청남도 천안시 서북구 성정두정로 62,충청남도 천안시 서북구 두정동 1394,36.8307587030024,127.14187128544796,commerce_convstore_cheonan.csv
commerce,convstore,편의점,씨유천안,충청남도 천안시 동남구 천안천공원4길 25,충청남도 천안시 동남구 영성동 154,36.79620738226823,127.15136081861485,commerce_convstore_cheonan.csv
commerce,convstore,편의점,이마트24천안더메인즈점,충청남도 천안시 동남구 청수11로 34,충청남도 천안시 동남구 청당동 526,36.78243948900297,127.15623319088436,commerce_convstore_cheonan.csv
commerce,convstore,편의점,씨유천안백석그린빌점,충청남도 천안시 서북구 백석3로 69,충청남도 천안시 서북구 백석동 915,36.82278578393477,127.11965558914558,commerce_convstore_cheonan.csv
commerce,convstore,편의점,미니스톱천안주공점,충청남도 천안시 서북구 봉서산샛길 63,충청남도 천안시 서북구 쌍용동 1915,36.80498134743105,127.12110043944857,commerce_convstore_cheonan.csv
commerce,convstore,편의점,씨유천안신부꿈,충청남도 천안시 동남구 먹거리11길 44,충청남도 천안시 동남구 신부동 463-5,36.81801725057145,127.15742273998359,commerce_convstore_cheonan.csv
commerce,convstore,편의점,세븐천안직산대명점주,충청남도 천안시 서북구 성거읍 봉주로 95-13,충청남도 천안시 서북구 성거읍 신월리 371-3,36.87866715901349,127.15685132163138,commerce_convstore_cheonan.csv
commerce,convstore,편의점,지에스25천안구룡천점,충청남도 천안시 동남구 풍세로 738,충청남도 천안시 동남구 구룡동 563-3,36.77566778003542,127.13976832936784,commerce_convstore_cheonan.csv
commerce,convstore,편의점,세븐일레븐천안청담엔리치점,충청남도 천안시 동남구 청수7로 43,충청남도 천안시 동남구 청당동 721,36.78622694460545,127.15880183360778,commerce_convstore_cheonan.csv
commerce,convstore,편의점,지에스25뉴천안,충청남도 천안시 동남구 봉정로 20,충청남도 천안시 동남구 봉명동 39-23,36.80398677363753,127.1394830244336,commerce_convstore_cheonan.csv
commerce,convstore,편의점,씨유천안목천해윰점,충청남도 천안시 동남구 목천읍 서리1길 9,충청남도 천안시 동남구 목천읍 서리 59-2,36.78200604059334,127.23460949262474,commerce_convstore_cheonan.csv
commerce,convstore,편의점,이마트24천안입장,충청남도 천안시 서북구 입장면 망향로 1240,충청남도 천안시 서북구 입장면 독정리 119-12,36.91965031337113,127.23404723708842,commerce_convstore_cheonan.csv
commerce,convstore,편의점,지에스25성환역점,충청남도 천안시 서북구 성환읍 성환1로 235,충청남도 천안시 서북구 성환읍 성환리 449-118,36.91572183947363,127.12790643536717,commerce_convstore_cheonan.csv
commerce,convstore,편의점,씨유천안직산월드점,충청남도 천안시 서북구 직산읍 직산로 61,충청남도 천안시 서북구 직산읍 삼은리 36-17,36.88287010856161,127.1543602933485,commerce_convstore_cheonan.csv
commerce,convstore,편의점,씨유천안,충청남도 천안시 동남구 대흥로 139,충청남도 천안시 동남구 사직동 247-4,36.80097877031033,127.14745224881362,commerce_convstore_cheonan.csv
commerce,convstore,편의점,지에스25두정다온점,충청남도 천안시 서북구 두정고2길 18-12,충청남도 천안시 서북구 두정동 1945,36.83533251289284,127.13270918820218,commerce_convstore_cheonan.csv
commerce,convstore,편의점,GS25광덕온누리점,충청남도 천안시 동남구 광덕면 광풍로 905,충청남도 천안시 동남구 광덕면 매당리 63-5,36.706263789958406,127.10994174665228,commerce_convstore_cheonan.csv
commerce,convstore,편의점,GS25두정,충청남도 천안시 서북구 오성2길 30,충청남도 천안시 서북구 두정동 685-1,36.83304317596586,127.12973001539395,commerce_convstore_cheonan.csv
commerce,convstore,편의점,세븐일레븐천안봉명,충청남도 천안시 동남구 양지2길 2,충청남도 천안시 동남구 봉명동 61-4,36.80724046708844,127.1363253563784,commerce_convstore_cheonan.csv
commerce,convstore,편의점,GS25불당,충청남도 천안시 서북구 불당18로 31,충청남도 천안시 서북구 불당동 1830,36.80540525077073,127.10493929832961,commerce_convstore_cheonan.csv
commerce,convstore,편의점,이마트24천안직산마정점,충청남도 천안시 서북구 직산읍 양당로 7,충청남도 천안시 서북구 직산읍 마정리 267-3,36.869072587129175,127.10074605241486,commerce_convstore_cheonan.csv
commerce,convstore,편의점,씨유천안고재,충청남도 천안시 동남구 천안대로 597,충청남도 천안시 동남구 원성동 637-18,36.801523242537506,127.16406317639533,commerce_convstore_cheonan.csv
commerce,convstore,편의점,씨유천안성정,충청남도 천안시 서북구 서부17길 9,충청남도 천안시 서북구 성정동 620-10,36.82411107924241,127.13795678676588,commerce_convstore_cheonan.csv
commerce,convstore,편의점,씨유천안이편한4차점,충청남도 천안시 서북구 두정공원2길 50,충청남도 천안시 서북구 두정동 401-1,36.83698716363067,127.15607427891061,commerce_convstore_cheonan.csv
commerce,convstore,편의점,지에스25천안성성호수점,충청남도 천안시 서북구 성성5로 113,충청남도 천안시 서북구 성성동 95-41,36.844688228932526,127.13409403104419,commerce_convstore_cheonan.csv
commerce,convstore,편의점,지에스25원성파크점,충청남도 천안시 동남구 고재20길 26,충청남도 천안시 동남구 원성동 630,36.803469025671596,127.16183274937642,commerce_convstore_cheonan.csv
commerce,convstore,편의점,이마트24천안직산상덕점,충청남도 천안시 서북구 직산읍 양당율금길 1-1,충청남도 천안시 서북구 직산읍 상덕리 462,36.891026075395246,127.12459803000728,commerce_convstore_cheonan.csv
commerce,convstore,편의점,씨유직산청명점,충청남도 천안시 서북구 직산읍 삼은3길 32,충청남도 천안시 서북구 직산읍 삼은리 388,36.87854122238002,127.15312609797965,commerce_convstore_cheonan.csv
commerce,convstore,편의점,지에스25천안공단점,충청남도 천안시 서북구 2공단1로 70,충청남도 천안시 서북구 차암동 43-3,36.84965803674192,127.11777586441356,commerce_convstore_cheonan.csv
commerce,convstore,편의점,세븐일레븐천안두정,충청남도 천안시 서북구 오성로 71,충청남도 천안시 서북구 두정동 830,36.830511985187925,127.13497339187582,commerce_convstore_cheonan.csv
commerce,convstore,편의점,지에스25불당프레시점,충청남도 천안시 서북구 검은들3길 57,충청남도 천안시 서북구 불당동 700,36.81031044354267,127.11009194496779,commerce_convstore_cheonan.csv
commerce,convstore,편의점,지에스25성성미래점,충청남도 천안시 서북구 성성8로 14-4,충청남도 천안시 서북구 성성동 665,36.84040278094267,127.12872785486296,commerce_convstore_cheonan.csv
commerce,convstore,편의점,씨유천안쌍용고,충청남도 천안시 서북구 월봉2길 1,충청남도 천안시 서북구 쌍용동 1849,36.789540599777865,127.11553169317077,commerce_convstore_cheonan.csv
commerce,convstore,편의점,지에스25천안상록호텔점,충청남도 천안시 동남구 수신면 수신로 576,충청남도 천안시 동남구 수신면 장산리 669-1,36.7405748857004,127.28888498343902,commerce_convstore_cheonan.csv
commerce,convstore,편의점,이마트24천안신부포레나점,충청남도 천안시 동남구 천안대로 888,충청남도 천안시 동남구 신부동 999,36.82603585970027,127.15684090117406,commerce_convstore_cheonan.csv
commerce,convstore,편의점,지에스25청수버들점,충청남도 천안시 동남구 청수14로 29,충청남도 천안시 동남구 청당동 472,36.78475332601208,127.15028867932325,commerce_convstore_cheonan.csv
commerce,convstore,편의점,씨유천안주공5단지점,충청남도 천안시 서북구 성정로 75,충청남도 천안시 서북구 성정동 717,36.81383022399386,127.13965702810417,commerce_convstore_cheonan.csv
commerce,convstore,편의점,이마트24천안신방한성점,충청남도 천안시 동남구 통정12로 76-2,충청남도 천안시 동남구 신방동 1689,36.775831949578546,127.135324992478,commerce_convstore_cheonan.csv
commerce,convstore,편의점,성남면매점운영위원회,충청남도 천안시 동남구 성남면 5산단1로 81,충청남도 천안시 동남구 성남면 대화리 317,36.73974105208159,127.26009882948553,commerce_convstore_cheonan.csv
commerce,convstore,편의점,지에스25천안산업점,충청남도 천안시 동남구 신촌로 24,충청남도 천안시 동남구 신방동 784-1,36.7877073334236,127.1216557779572,commerce_convstore_cheonan.csv
commerce,convstore,편의점,씨유천안두정베스트점,충청남도 천안시 서북구 두정고3길 7,충청남도 천안시 서북구 두정동 1975,36.83444690753182,127.13264118573517,commerce_convstore_cheonan.csv
commerce,convstore,편의점,세븐일레븐천안오성초점,충청남도 천안시 서북구 오성1길 12-12,충청남도 천안시 서북구 두정동 580,36.83126876707358,127.12932523452692,commerce_convstore_cheonan.csv
commerce,convstore,편의점,세븐천안뉴남서울대점,충청남도 천안시 서북구 성환읍 성진로 61,충청남도 천안시 서북구 성환읍 성월리 65,36.91190123940504,127.14229412245221,commerce_convstore_cheonan.csv
commerce,convstore,편의점,세븐일레븐,충청남도 천안시 동남구 신촌4로 23-3,충청남도 천안시 동남구 신방동 74-40,36.78835231650211,127.12424615991048,commerce_convstore_cheonan.csv
commerce,convstore,편의점,더달콤아이스크림,충청남도 천안시 서북구 두정고5길 14,충청남도 천안시 서북구 두정동 2004,36.83464072422897,127.13113507032982,commerce_convstore_cheonan.csv
commerce,convstore,편의점,씨유봉명베스트점,충청남도 천안시 동남구 봉명1길 48,충청남도 천안시 동남구 봉명동 215-21,36.804814284161345,127.13388490324606,commerce_convstore_cheonan.csv
commerce,convstore,편의점,씨유천안두정누리점,충청남도 천안시 서북구 두정역동6길 12,충청남도 천안시 서북구 두정동 1701,36.836948900479314,127.15040779592991,commerce_convstore_cheonan.csv
commerce,convstore,편의점,세븐천안성정롯데점주,충청남도 천안시 서북구 성정공원1길 9-4,충청남도 천안시 서북구 성정동 1504,36.82681154673854,127.13900682750149,commerce_convstore_cheonan.csv
commerce,convstore,편의점,세븐일레븐천안메르디앙점,충청남도 천안시 서북구 성정공원5로 30,충청남도 천안시 서북구 성정동 1473,36.82764703647299,127.14078010187237,commerce_convstore_cheonan.csv
commerce,convstore,편의점,이마트24천안성정,충청남도 천안시 서북구 서부16길 19,충청남도 천안시 서북구 성정동 646-5,36.82289622249159,127.13873850072615,commerce_convstore_cheonan.csv
commerce,convstore,편의점,GS25두정리안점,충청남도 천안시 서북구 부성4길 18,충청남도 천안시 서북구 두정동 960,36.83451930215556,127.13603690734068,commerce_convstore_cheonan.csv
commerce,convstore,편의점,지에스25천안한기대점,충청남도 천안시 동남구 병천면 충절로 1606,충청남도 천안시 동남구 병천면 가전리 177-15,36.766872927667535,127.28446832651312,commerce_convstore_cheonan.csv
commerce,convstore,편의점,세븐두정한별점,충청남도 천안시 서북구 두정중11길 14,충청남도 천안시 서북구 두정동 1179,36.83770212456407,127.13982959447024,commerce_convstore_cheonan.csv
commerce,convstore,편의점,지에스25두정,충청남도 천안시 서북구 두정공단1길 19,충청남도 천안시 서북구 두정동 25-39,36.83265156509145,127.1533469038765,commerce_convstore_cheonan.csv
commerce,convstore,편의점,씨유천안청수청솔점,충청남도 천안시 동남구 청수로 98,충청남도 천안시 동남구 청수동 261,36.79161355149529,127.1568267976241,commerce_convstore_cheonan.csv
commerce,convstore,편의점,씨유천안유량,충청남도 천안시 동남구 벌말2로 15,충청남도 천안시 동남구 유량동 311-1,36.812379481729145,127.17639686558326,commerce_convstore_cheonan.csv
commerce,convstore,편의점,세븐일레븐천안성성,충청남도 천안시 서북구 성성6로 1-2,충청남도 천안시 서북구 성성동 880,36.83983555776786,127.12200917518997,commerce_convstore_cheonan.csv
commerce,convstore,편의점,씨유천안봉명,충청남도 천안시 동남구 개목4길 8,충청남도 천안시 동남구 봉명동 340,36.81486508007698,127.13294032472479,commerce_convstore_cheonan.csv
commerce,convstore,편의점,씨유천안삼성SDI점,충청남도 천안시 서북구 번영로 467,충청남도 천안시 서북구 성성동 508,36.84429641887907,127.1208925692918,commerce_convstore_cheonan.csv
commerce,convstore,편의점,세븐일레븐천안쌍용,충청남도 천안시 서북구 월봉1길 16,충청남도 천안시 서북구 쌍용동 499,36.78841008579449,127.11692830394301,commerce_convstore_cheonan.csv
commerce,convstore,편의점,씨유천안주공6단지점,충청남도 천안시 서북구 쌍용대로 289-19,충청남도 천안시 서북구 성정동 790,36.823271883536194,127.13471009566602,commerce_convstore_cheonan.csv
commerce,convstore,편의점,씨유천안두정역,충청남도 천안시 서북구 두정역길 35,충청남도 천안시 서북구 두정동 1763,36.835304343358786,127.14942405086228,commerce_convstore_cheonan.csv
commerce,convstore,편의점,비지에프리테일단국대천안생활관점,충청남도 천안시 동남구 단대로 119,충청남도 천안시 동남구 안서동 522,36.83595451915676,127.16521391827429,commerce_convstore_cheonan.csv
commerce,convstore,편의점,씨유천안,충청남도 천안시 서북구 성정로 127,충청남도 천안시 서북구 성정동 186-1,36.81368663251677,127.14432692010865,commerce_convstore_cheonan.csv
commerce,convstore,편의점,세븐천안부영점,충청남도 천안시 동남구 목천읍 삼성5길 46,충청남도 천안시 동남구 목천읍 삼성리 9-9,36.76025651859993,127.17722879536785,commerce_convstore_cheonan.csv
commerce,convstore,편의점,지에스25신부,충청남도 천안시 동남구 신원3길 37,충청남도 천안시 동남구 신부동 56-30,36.81524460650624,127.16412596863368,commerce_convstore_cheonan.csv
commerce,convstore,편의점,지에스25천안비스타동원점,충청남도 천안시 서북구 성성11길 53,충청남도 천안시 서북구 성성동 757,36.84185022414329,127.13676076979661,commerce_convstore_cheonan.csv
commerce,convstore,편의점,씨유천안불당라드니체점,충청남도 천안시 서북구 불당23로 73-8,충청남도 천안시 서북구 불당동 1486,36.81808175740036,127.1095405590464,commerce_convstore_cheonan.csv
commerce,convstore,편의점,씨유상명대생활관점,충청남도 천안시 동남구 상명대길 31,충청남도 천안시 동남구 안서동 300,36.83281134165,127.17930399350571,commerce_convstore_cheonan.csv
commerce,convstore,편의점,씨유천안천성중점,충청남도 천안시 동남구 태조산길 83,충청남도 천안시 동남구 유량동 406-9,36.81305328344326,127.17331007460395,commerce_convstore_cheonan.csv
commerce,convstore,편의점,씨유천안카니자점,충청남도 천안시 동남구 대흥로 336-2,충청남도 천안시 동남구 신부동 388-10,36.817577157213556,127.15156078359706,commerce_convstore_cheonan.csv
commerce,convstore,편의점,세븐일레븐천안단대원룸점,충청남도 천안시 동남구 단대1로 106,충청남도 천안시 동남구 신부동 259-5,36.83016714118917,127.16270294739213,commerce_convstore_cheonan.csv
commerce,convstore,편의점,세븐일레븐천안광덕,충청남도 천안시 동남구 광덕면 광풍로 729,충청남도 천안시 동남구 광덕면 대덕리 110-2,36.69689563924795,127.09414505204408,commerce_convstore_cheonan.csv
commerce,convstore,편의점,대호페트로디에이치마켓,충청남도 천안시 서북구 천안대로 1166,충청남도 천안시 서북구 부대동 100-5,36.84517144323058,127.15511353071425,commerce_convstore_cheonan.csv
commerce,convstore,편의점,세븐일레븐천안성정해피점,충청남도 천안시 서북구 성정13길 13,충청남도 천안시 서북구 성정동 707-6,36.816690447385405,127.13673561696868,commerce_convstore_cheonan.csv
commerce,convstore,편의점,씨유천안쌍용,충청남도 천안시 서북구 쌍용12길 20,충청남도 천안시 서북구 쌍용동 1928,36.802983088019765,127.12105785930409,commerce_convstore_cheonan.csv
commerce,convstore,편의점,씨유단국대천안승차대기실점,충청남도 천안시 동남구 단대로 119,충청남도 천안시 동남구 안서동 산29,36.83595451915676,127.16521391827429,commerce_convstore_cheonan.csv
commerce,convstore,편의점,씨유목천,충청남도 천안시 동남구 목천읍 삼성5길 62,충청남도 천안시 동남구 목천읍 응원리 241-32,36.760738178873744,127.17994134819979,commerce_convstore_cheonan.csv
commerce,convstore,편의점,GS25두정프라임점,충청남도 천안시 서북구 두정역동7길 9-2,충청남도 천안시 서북구 두정동 1675,36.837592160320604,127.15018761885376,commerce_convstore_cheonan.csv
commerce,convstore,편의점,지에스25뉴천안동보,충청남도 천안시 동남구 상명대길 58,충청남도 천안시 동남구 안서동 542-10,36.83123275877133,127.17753197677624,commerce_convstore_cheonan.csv
commerce,convstore,편의점,지에스천안단대,충청남도 천안시 동남구 단대로 121,충청남도 천안시 동남구 신부동 214-1,36.83107512158723,127.16369980786293,commerce_convstore_cheonan.csv
commerce,convstore,편의점,IGA,충청남도 천안시 서북구 3공단5로 58,충청남도 천안시 서북구 성성동 511,36.838986483717086,127.11591392632418,commerce_convstore_cheonan.csv
commerce,convstore,편의점,씨유천안광덕점,충청남도 천안시 동남구 광덕면 광풍로 904,충청남도 천안시 동남구 광덕면 매당리 187,36.70582046937266,127.10996465369202,commerce_convstore_cheonan.csv
commerce,convstore,편의점,CU천안원성,충청남도 천안시 동남구 고재2길 27,충청남도 천안시 동남구 원성동 544-12,36.803722814823246,127.16046156092672,commerce_convstore_cheonan.csv
commerce,convstore,편의점,청당마트,충청남도 천안시 동남구 청당5로 36,충청남도 천안시 동남구 청당동 127-36,36.78034475464299,127.15266166897776,commerce_convstore_cheonan.csv
commerce,convstore,편의점,씨유단국대천안체육관점,충청남도 천안시 동남구 단대로 119,충청남도 천안시 동남구 안서동 산29,36.83595451915676,127.16521391827429,commerce_convstore_cheonan.csv
commerce,convstore,편의점,신선마트,충청남도 천안시 동남구 영성로 57,충청남도 천안시 동남구 사직동 9-1,36.80338293540131,127.14981382986404,commerce_convstore_cheonan.csv
commerce,convstore,편의점,세븐일레븐천안성정,충청남도 천안시 서북구 성정공원5로 39,충청남도 천안시 서북구 성정동 1356,36.82803611316226,127.14201905831221,commerce_convstore_cheonan.csv
commerce,convstore,편의점,지에스25나사렛,충청남도 천안시 서북구 쌍용15길 24,충청남도 천안시 서북구 쌍용동 738,36.79838434061031,127.12058866923118,commerce_convstore_cheonan.csv
commerce,convstore,편의점,세븐일레븐천안두정아크로점,충청남도 천안시 서북구 성정두정로 70,충청남도 천안시 서북구 두정동 1464,36.831925800571256,127.14215964465417,commerce_convstore_cheonan.csv
commerce,convstore,편의점,세븐일레븐천안두정,충청남도 천안시 서북구 오성4길 8,충청남도 천안시 서북구 두정동 787,36.830881799169305,127.13277521437558,commerce_convstore_cheonan.csv
commerce,convstore,편의점,씨유봉명스마일점,충청남도 천안시 동남구 순천향3길 37,충청남도 천안시 동남구 봉명동 222-3,36.80151612871038,127.13516473303133,commerce_convstore_cheonan.csv
commerce,convstore,편의점,씨유천안영성점,충청남도 천안시 동남구 원성2교길 1,충청남도 천안시 동남구 영성동 8-4,36.80363445192901,127.1529545197604,commerce_convstore_cheonan.csv
commerce,convstore,편의점,지에스25백석대타운점,충청남도 천안시 동남구 문암4길 7,충청남도 천안시 동남구 안서동 378-4,36.841158853891606,127.18007142425292,commerce_convstore_cheonan.csv
commerce,convstore,편의점,지에스25신부탑클래스점,충청남도 천안시 동남구 먹거리11길 23,충청남도 천안시 동남구 신부동 454-6,36.81832352448413,127.15497860375858,commerce_convstore_cheonan.csv
commerce,convstore,편의점,이마트24천안풍세점,충청남도 천안시 동남구 풍세면 풍세산단1로 54,충청남도 천안시 동남구 풍세면 보성리 745,36.7264749174587,127.1047080719755,commerce_convstore_cheonan.csv
commerce,convstore,편의점,이마트24천안북면점,충청남도 천안시 동남구 북면 충절로 1304,충청남도 천안시 동남구 북면 연춘리 112-2,36.769604766095625,127.25181744054429,commerce_convstore_cheonan.csv
commerce,convstore,편의점,세븐일레븐천안극동,충청남도 천안시 동남구 풍세로 931,충청남도 천안시 동남구 다가동 30-5,36.79129803446909,127.14905313648144,commerce_convstore_cheonan.csv
commerce,convstore,편의점,지에스25상록유스점,충청남도 천안시 동남구 수신면 수신로 576,충청남도 천안시 동남구 수신면 장산리 669-1,36.7405748857004,127.28888498343902,commerce_convstore_cheonan.csv
commerce,convstore,편의점,지에스25뉴두정푸름점,충청남도 천안시 서북구 두정로 216,충청남도 천안시 서북구 두정동 1320,36.83330337398951,127.14106127455626,commerce_convstore_cheonan.csv
commerce,convstore,편의점,씨유천안성정타운점,충청남도 천안시 서북구 성정공원6길 51,충청남도 천안시 서북구 성정동 1382,36.828609665111266,127.14370600458425,commerce_convstore_cheonan.csv
commerce,convstore,편의점,세븐일레븐천안초원점,충청남도 천안시 동남구 서부대로 221,충청남도 천안시 동남구 신방동 924,36.78813123884518,127.12843356677588,commerce_convstore_cheonan.csv
commerce,convstore,편의점,세븐일레븐천안두정이안점,충청남도 천안시 서북구 천안대로 999-16,충청남도 천안시 서북구 두정동 91-5,36.831224878357865,127.15074996422163,commerce_convstore_cheonan.csv
commerce,convstore,편의점,씨유천안백석아이파크2차,충청남도 천안시 서북구 백석로 85-11,충청남도 천안시 서북구 백석동 148-4,36.824108900421734,127.12045284396025,commerce_convstore_cheonan.csv
commerce,convstore,편의점,씨유천안대홍교차로점,충청남도 천안시 서북구 성환읍 성환22길 25,충청남도 천안시 서북구 성환읍 성환리 88-19,36.93191013492161,127.13387565059863,commerce_convstore_cheonan.csv
commerce,convstore,편의점,지에스25성정,충청남도 천안시 서북구 성정14길 2,충청남도 천안시 서북구 성정동 706-1,36.81768768958399,127.13641833201031,commerce_convstore_cheonan.csv
commerce,convstore,편의점,씨유천안다가일등점,충청남도 천안시 동남구 다가8길 2,충청남도 천안시 동남구 다가동 379-1,36.800575673509094,127.13734323742683,commerce_convstore_cheonan.csv
commerce,convstore,편의점,씨유천안성성동원점,충청남도 천안시 서북구 성성11길 14,충청남도 천안시 서북구 성성동 760,36.84289645542233,127.1367537629374,commerce_convstore_cheonan.csv
commerce,convstore,편의점,씨유천안직산,충청남도 천안시 서북구 직산읍 2공단5로 169,충청남도 천안시 서북구 직산읍 모시리 242-5,36.861679431632275,127.12050000551267,commerce_convstore_cheonan.csv
commerce,convstore,편의점,에스엔에스무인분식천안,충청남도 천안시 서북구 한들2로 34-46,충청남도 천안시 서북구 백석동 993,36.82784218625546,127.12336697874193,commerce_convstore_cheonan.csv
commerce,convstore,편의점,세븐일레븐천안렉스빌점,충청남도 천안시 서북구 성정공원6길 1-10,충청남도 천안시 서북구 성정동 1271,36.82962658286974,127.13829239735605,commerce_convstore_cheonan.csv
commerce,convstore,편의점,아이스크림저장소,충청남도 천안시 서북구 한들3로 70,충청남도 천안시 서북구 백석동 1193,36.83015142328347,127.12565822170559,commerce_convstore_cheonan.csv
commerce,convstore,편의점,씨유천안불당너울점,충청남도 천안시 서북구 불당8길 10,충청남도 천안시 서북구 불당동 1093,36.80234428451884,127.10685639297745,commerce_convstore_cheonan.csv
commerce,convstore,편의점,세븐일레븐천안유량타운점,충청남도 천안시 동남구 향교1길 120,충청남도 천안시 동남구 유량동 239-7,36.81448191994146,127.17177638091938,commerce_convstore_cheonan.csv
commerce,convstore,편의점,세븐일레븐천안율금공단점,충청남도 천안시 서북구 성환읍 연암율금로 180,충청남도 천안시 서북구 성환읍 율금리 687-3,36.896571012439416,127.1044586996526,commerce_convstore_cheonan.csv
commerce,convstore,편의점,세븐일레븐천안불당파크빌점,충청남도 천안시 서북구 불당2길 20,충청남도 천안시 서북구 불당동 1047,36.803316833774595,127.10734345952449,commerce_convstore_cheonan.csv
commerce,convstore,편의점,씨유천안역필,충청남도 천안시 동남구 성황로 66,충청남도 천안시 동남구 문화동 181,36.81211558061458,127.15673400165528,commerce_convstore_cheonan.csv
commerce,convstore,편의점,씨유남,충청남도 천안시 서북구 성환읍 성진로 55,충청남도 천안시 서북구 성환읍 성월리 64-2,36.9119684538562,127.1417812742565,commerce_convstore_cheonan.csv
commerce,convstore,편의점,이마트24천안두정,충청남도 천안시 서북구 두정상가5길 24,충청남도 천안시 서북구 두정동 1448,36.8320019292355,127.14371229279125,commerce_convstore_cheonan.csv
commerce,convstore,편의점,지에스25천안1번국도점,충청남도 천안시 서북구 천안대로 1403,충청남도 천안시 서북구 신당동 627-3,36.866018738578994,127.14929469346136,commerce_convstore_cheonan.csv
commerce,convstore,편의점,씨유천안용원,충청남도 천안시 동남구 성남면 성남로 236,충청남도 천안시 동남구 성남면 용원리 148-11,36.75320139307005,127.21672861672587,commerce_convstore_cheonan.csv
commerce,convstore,편의점,세븐일레븐천안성진로점,충청남도 천안시 서북구 입장면 성진로 591,충청남도 천안시 서북구 입장면 신두리 408-3,36.912180195510054,127.19661902060712,commerce_convstore_cheonan.csv
commerce,convstore,편의점,제이씨푸드시스템CU남서울대생활관점,충청남도 천안시 서북구 성환읍 대학로 91,충청남도 천안시 서북구 성환읍 매주리 21,36.909417811380024,127.14336518376545,commerce_convstore_cheonan.csv
commerce,convstore,편의점,픽미픽미성정목화점,충청남도 천안시 서북구 서부3길 42,충청남도 천안시 서북구 성정동 657-8,36.82221184316196,127.1402218887548,commerce_convstore_cheonan.csv
commerce,convstore,편의점,씨유천안성정두꺼비점,충청남도 천안시 서북구 서부12길 31,충청남도 천안시 서북구 성정동 671-7,36.82062014065435,127.13956989152159,commerce_convstore_cheonan.csv
commerce,convstore,편의점,씨유천안양당산업단지점,충청남도 천안시 서북구 직산읍 부송로 191,충청남도 천안시 서북구 직산읍 양당리 234-1,36.88239987222587,127.11263265008587,commerce_convstore_cheonan.csv
commerce,convstore,편의점,씨유단국대천안의학관점,충청남도 천안시 동남구 단대로 119,충청남도 천안시 동남구 안서동 산29,36.83595451915676,127.16521391827429,commerce_convstore_cheonan.csv
commerce,convstore,편의점,씨유천안대룡점,충청남도 천안시 동남구 명동길 45,충청남도 천안시 동남구 대흥동 105-1,36.80735151066019,127.14850651163107,commerce_convstore_cheonan.csv
commerce,convstore,편의점,씨유천안목천동우점,충청남도 천안시 동남구 목천읍 신계1길 39,충청남도 천안시 동남구 목천읍 신계리 422-11,36.770750172235886,127.19498732072505,commerce_convstore_cheonan.csv
commerce,convstore,편의점,지에스25성성,충청남도 천안시 서북구 성성9로 7,충청남도 천안시 서북구 성성동 694,36.84020211305104,127.13124924620242,commerce_convstore_cheonan.csv
commerce,convstore,편의점,세븐일레븐천안목천IC점,충청남도 천안시 동남구 목천읍 충절로 1136,충청남도 천안시 동남구 목천읍 운전리 343-5,36.7693514108122,127.23339721614884,commerce_convstore_cheonan.csv
commerce,convstore,편의점,GS25성정5단지점,충청남도 천안시 서북구 성정4길 17,충청남도 천안시 서북구 성정동 709-15,36.81532977010001,127.13735859861819,commerce_convstore_cheonan.csv
commerce,convstore,편의점,세븐일레븐천안성환,충청남도 천안시 서북구 성환읍 성환11길 40,충청남도 천안시 서북구 성환읍 성환리 371-2,36.91630001230738,127.13217163633615,commerce_convstore_cheonan.csv
commerce,convstore,편의점,세븐일레븐천안두정하이스타운점,충청남도 천안시 서북구 두정상가8길 30,충청남도 천안시 서북구 두정동 1327,36.83208819583391,127.14129645349767,commerce_convstore_cheonan.csv
commerce,convstore,편의점,세븐일레븐천안불당더다움점,충청남도 천안시 서북구 불당21로 65,충청남도 천안시 서북구 불당동 1538,36.813100915158024,127.10739699911544,commerce_convstore_cheonan.csv
commerce,convstore,편의점,씨유천안성정원룸점,충청남도 천안시 서북구 성정중3길 13,충청남도 천안시 서북구 성정동 1203,36.828221734618765,127.13681493820825,commerce_convstore_cheonan.csv
commerce,convstore,편의점,GS25성정,충청남도 천안시 서북구 양지22길 48,충청남도 천안시 서북구 성정동 736-4,36.813025486875496,127.13955057774298,commerce_convstore_cheonan.csv
commerce,convstore,편의점,씨유천안쌍용,충청남도 천안시 서북구 봉서2길 4,충청남도 천안시 서북구 쌍용동 846,36.808023091039644,127.12940266930438,commerce_convstore_cheonan.csv
commerce,convstore,편의점,세븐일레븐천안성정,충청남도 천안시 서북구 성정공원1길 9-4,충청남도 천안시 서북구 성정동 1504,36.82681154673854,127.13900682750149,commerce_convstore_cheonan.csv
commerce,convstore,편의점,세븐천안성정사랑점,충청남도 천안시 서북구 성정공원5로 39,충청남도 천안시 서북구 성정동 1356,36.82803611316226,127.14201905831221,commerce_convstore_cheonan.csv
commerce,convstore,편의점,픽미픽미성정선경점,충청남도 천안시 서북구 도원7길 15,충청남도 천안시 서북구 성정동 883-2,36.82071934976741,127.13404201858923,commerce_convstore_cheonan.csv
commerce,convstore,편의점,세븐일레븐천안입장신덕점,충청남도 천안시 서북구 입장면 입장로 29,충청남도 천안시 서북구 입장면 신덕리 78,36.903934420650494,127.21885205439447,commerce_convstore_cheonan.csv
commerce,convstore,편의점,씨유천안천아이유쉘점,충청남도 천안시 서북구 천안천6길 33,충청남도 천안시 서북구 성정동 1562,36.81725057879199,127.14920333479695,commerce_convstore_cheonan.csv
commerce,convstore,편의점,세븐일레븐천안한성점,충청남도 천안시 서북구 두정역길 23,충청남도 천안시 서북구 두정동 1652,36.835312546891856,127.14817961469917,commerce_convstore_cheonan.csv
commerce,convstore,편의점,세븐일레븐천안쌍용초점,충청남도 천안시 서북구 쌍용11길 34,충청남도 천안시 서북구 쌍용동 1318,36.802177388125344,127.12236374023264,commerce_convstore_cheonan.csv
commerce,convstore,편의점,씨유천안월봉단밤점,충청남도 천안시 서북구 월봉4로 140-9,충청남도 천안시 서북구 쌍용동 1367,36.79980166991306,127.11609745213673,commerce_convstore_cheonan.csv
commerce,convstore,편의점,이마트24천안안서이편한점,충청남도 천안시 동남구 성불사길 41,충청남도 천안시 동남구 안서동 181,36.829948844643425,127.18945531554238,commerce_convstore_cheonan.csv
commerce,convstore,편의점,지에스25천안운동장점,충청남도 천안시 서북구 백석3로 35,충청남도 천안시 서북구 백석동 270-6,36.82187713707195,127.11570830195564,commerce_convstore_cheonan.csv
commerce,convstore,편의점,씨유천안쌍용봉서점,충청남도 천안시 서북구 미라13길 14,충청남도 천안시 서북구 쌍용동 960,36.805290428263994,127.13011916557501,commerce_convstore_cheonan.csv
commerce,convstore,편의점,세븐일레븐천안직산포도점,충청남도 천안시 서북구 직산읍 성진로 324-3,충청남도 천안시 서북구 직산읍 판정리 387-3,36.90658733231209,127.16922220107203,commerce_convstore_cheonan.csv
commerce,convstore,편의점,지에스25두정앨리스점,충청남도 천안시 서북구 부성1길 51-11,충청남도 천안시 서북구 두정동 1074,36.83824887349412,127.1347992085422,commerce_convstore_cheonan.csv
commerce,convstore,편의점,한성필마트,충청남도 천안시 동남구 중앙로 140,충청남도 천안시 동남구 문화동 3-21,36.81089557092547,127.15306195826835,commerce_convstore_cheonan.csv
commerce,convstore,편의점,씨유병천신한점,충청남도 천안시 동남구 병천면 충절로 1638,충청남도 천안시 동남구 병천면 가전리 68-3,36.765022186020005,127.28869957116439,commerce_convstore_cheonan.csv
commerce,convstore,편의점,세븐일레븐천안성정,충청남도 천안시 서북구 성정공원4길 20,충청남도 천안시 서북구 성정동 1407,36.82675228920014,127.14306847022712,commerce_convstore_cheonan.csv
commerce,convstore,편의점,씨유천안불당타운점,충청남도 천안시 서북구 불당33길 48,충청남도 천안시 서북구 불당동 1632,36.810915809404584,127.10659040182182,commerce_convstore_cheonan.csv
commerce,convstore,편의점,이마트24천안두정,충청남도 천안시 서북구 오성4길 12,충청남도 천안시 서북구 두정동 781,36.8313988871891,127.1328278556512,commerce_convstore_cheonan.csv
commerce,convstore,편의점,지에스25신부,충청남도 천안시 동남구 중앙로 255-80,충청남도 천안시 동남구 신부동 945-40,36.81892008953255,127.14994839749362,commerce_convstore_cheonan.csv
commerce,convstore,편의점,세븐일레븐천안신부,충청남도 천안시 동남구 신부8길 2,충청남도 천안시 동남구 신부동 62-51,36.815278529560295,127.16099039913448,commerce_convstore_cheonan.csv
commerce,convstore,편의점,씨유천안법조점,충청남도 천안시 동남구 청수4로 16,충청남도 천안시 동남구 청당동 492,36.783279268984764,127.15288040874947,commerce_convstore_cheonan.csv
commerce,convstore,편의점,씨유천안백석,충청남도 천안시 서북구 한들1로 55-42,충청남도 천안시 서북구 백석동 394-1,36.826312756607145,127.1153145703666,commerce_convstore_cheonan.csv
commerce,convstore,편의점,지에스25신방,충청남도 천안시 동남구 통정12로 18,충청남도 천안시 동남구 신방동 1058,36.7783829577813,127.13002636960616,commerce_convstore_cheonan.csv
commerce,convstore,편의점,씨유천안백석,충청남도 천안시 서북구 한들3로 85-80,충청남도 천안시 서북구 백석동 1032,36.83074996690592,127.12257340701994,commerce_convstore_cheonan.csv
commerce,convstore,편의점,지에스25백석대문화,충청남도 천안시 동남구 문암로 47,충청남도 천안시 동남구 안서동 526-64,36.839902979455545,127.17907833670634,commerce_convstore_cheonan.csv
commerce,convstore,편의점,세븐일레븐천안신풍공단점,충청남도 천안시 동남구 수신면 5산단4로 161,충청남도 천안시 동남구 수신면 신풍리 611,36.738473183763354,127.26865429441995,commerce_convstore_cheonan.csv
commerce,convstore,편의점,지에스25불당베스트점,충청남도 천안시 서북구 불당25로 152,충청남도 천안시 서북구 불당동 1542,36.814599864254454,127.10773557414603,commerce_convstore_cheonan.csv
commerce,convstore,편의점,세븐천안삼성점,충청남도 천안시 서북구 4산단로 58,충청남도 천안시 서북구 성성동 478-1,36.846796321195455,127.11576336868256,commerce_convstore_cheonan.csv
commerce,convstore,편의점,씨유천안성정완소점,충청남도 천안시 서북구 양지10길 65,충청남도 천안시 서북구 성정동 728-8,36.813223917469635,127.14066592599973,commerce_convstore_cheonan.csv
commerce,convstore,편의점,씨유천안미소지움점,충청남도 천안시 동남구 천안대로 483-5,충청남도 천안시 동남구 구성동 288-12,36.7911063309294,127.16415390623902,commerce_convstore_cheonan.csv
commerce,convstore,편의점,GS25쌍용,충청남도 천안시 서북구 미라15길 25,충청남도 천안시 서북구 쌍용동 888,36.80713117111433,127.1317730538446,commerce_convstore_cheonan.csv
commerce,convstore,편의점,세븐일레븐천안안서점,충청남도 천안시 동남구 문암6길 2,충청남도 천안시 동남구 안서동 76-2,36.84451128850288,127.18670224869112,commerce_convstore_cheonan.csv
commerce,convstore,편의점,지에스25성거로얄점,충청남도 천안시 서북구 성거읍 성거길 154,충청남도 천안시 서북구 성거읍 천흥리 533-1,36.87850264948395,127.20430985708057,commerce_convstore_cheonan.csv
commerce,convstore,편의점,지에스25두정역길점,충청남도 천안시 서북구 두정역길 5,충청남도 천안시 서북구 두정동 1622,36.835685472392704,127.14605581770445,commerce_convstore_cheonan.csv
commerce,convstore,편의점,세븐천안렉스빌점,충청남도 천안시 서북구 성정공원6길 1-10,충청남도 천안시 서북구 성정동 1271,36.82962658286974,127.13829239735605,commerce_convstore_cheonan.csv
commerce,convstore,편의점,씨유천안성환누리점,충청남도 천안시 서북구 성환읍 천안대로 2345,충청남도 천안시 서북구 성환읍 수향리 430-16,36.94806839419872,127.13230961756382,commerce_convstore_cheonan.csv
commerce,convstore,편의점,세븐일레븐천안원성원룸점,충청남도 천안시 동남구 성황로 95,충청남도 천안시 동남구 원성동 206-10,36.81219180809978,127.15957348643686,commerce_convstore_cheonan.csv
commerce,convstore,편의점,세븐일레븐천안두정베스트점,충청남도 천안시 서북구 두정고8길 4,충청남도 천안시 서북구 두정동 1888,36.83781048538211,127.13129523994498,commerce_convstore_cheonan.csv
commerce,convstore,편의점,세븐일레븐천안쌍용선경점,충청남도 천안시 서북구 충무로 140-6,충청남도 천안시 서북구 쌍용동 434-5,36.792589625283675,127.1230343325922,commerce_convstore_cheonan.csv
commerce,convstore,편의점,씨유천안복자,충청남도 천안시 동남구 복자1길 12,충청남도 천안시 동남구 성황동 41-4,36.81432565063856,127.15097508203183,commerce_convstore_cheonan.csv
commerce,convstore,편의점,씨유천안북일고점,충청남도 천안시 동남구 단대로 69,충청남도 천안시 동남구 신부동 245,36.8310955920062,127.15762234563972,commerce_convstore_cheonan.csv
commerce,convstore,편의점,응응스크르천안,충청남도 천안시 동남구 일봉로 101,충청남도 천안시 동남구 용곡동 214-4,36.78976989617125,127.13785653478017,commerce_convstore_cheonan.csv
commerce,convstore,편의점,지에스25온누리원성점,충청남도 천안시 동남구 충절로 200,충청남도 천안시 동남구 원성동 563-2,36.80097162046763,127.15880156411318,commerce_convstore_cheonan.csv
commerce,convstore,편의점,세븐일레븐천안풍세,충청남도 천안시 동남구 풍세면 풍년길 43-1,충청남도 천안시 동남구 풍세면 풍서리 386-6,36.72199356947008,127.11921469600414,commerce_convstore_cheonan.csv
commerce,convstore,편의점,세븐일레븐천안,충청남도 천안시 동남구 복자1길 29,충청남도 천안시 동남구 성황동 5-36,36.81441193716593,127.15289011055451,commerce_convstore_cheonan.csv
commerce,convstore,편의점,세븐일레븐천안성정타운점,충청남도 천안시 서북구 서부6길 64,충청남도 천안시 서북구 성정동 641-1,36.82408356713266,127.1435847320209,commerce_convstore_cheonan.csv
commerce,convstore,편의점,이마트24천안성성,충청남도 천안시 서북구 성성8로 14-12,충청남도 천안시 서북구 성성동 668,36.84036518091564,127.12975471906425,commerce_convstore_cheonan.csv
commerce,convstore,편의점,우리네주유소,충청남도 천안시 동남구 서부대로 235,충청남도 천안시 동남구 신방동 49-25,36.7892497140174,127.12845710263633,commerce_convstore_cheonan.csv
commerce,convstore,편의점,세븐천안법조엔리치점,충청남도 천안시 동남구 청수5로 3,충청남도 천안시 동남구 청당동 506,36.78310891357992,127.15449513047265,commerce_convstore_cheonan.csv
commerce,convstore,편의점,세븐일레븐천안신방유안점,충청남도 천안시 동남구 통정9로 10,충청남도 천안시 동남구 신방동 1258,36.774248126226695,127.12749788157595,commerce_convstore_cheonan.csv
commerce,convstore,편의점,세븐일레븐천안불당한마음점,충청남도 천안시 서북구 불당11로 9,충청남도 천안시 서북구 불당동 934,36.804762720106986,127.1074117314861,commerce_convstore_cheonan.csv
commerce,convstore,편의점,씨유천안성정,충청남도 천안시 서북구 서부1길 40,충청남도 천안시 서북구 성정동 650-1,36.821848667750764,127.13746172521282,commerce_convstore_cheonan.csv
commerce,convstore,편의점,씨유천안운전교차로점,충청남도 천안시 동남구 목천읍 신사운전길 293,충청남도 천안시 동남구 목천읍 운전리 58,36.762421616315464,127.25203159890803,commerce_convstore_cheonan.csv
commerce,convstore,편의점,세븐천안성정시티점주,충청남도 천안시 서북구 성정공원5로 10-16,충청남도 천안시 서북구 성정동 1518,36.826748614814186,127.13817220277103,commerce_convstore_cheonan.csv
commerce,convstore,편의점,씨유,충청남도 천안시 동남구 대흥로 29,충청남도 천안시 동남구 구성동 314-1,36.79648888296996,127.15736237319649,commerce_convstore_cheonan.csv
commerce,convstore,편의점,제이씨푸드시스템CU편의점마트,충청남도 천안시 서북구 성환읍 대학로 91,충청남도 천안시 서북구 성환읍 매주리 21,36.909417811380024,127.14336518376545,commerce_convstore_cheonan.csv
commerce,convstore,편의점,이마트24천안병천탑원점,충청남도 천안시 동남구 병천면 충절로 1892,충청남도 천안시 동남구 병천면 탑원리 109-13,36.764850084494725,127.31461605694277,commerce_convstore_cheonan.csv
commerce,convstore,편의점,씨유천안수신점,충청남도 천안시 동남구 수신면 수신로 437,충청남도 천안시 동남구 수신면 속창리 127-9,36.73122461229731,127.2817146308412,commerce_convstore_cheonan.csv
commerce,convstore,편의점,이마트24천안업성점,충청남도 천안시 서북구 업성3길 51,충청남도 천안시 서북구 업성동 160-4,36.85997850333415,127.13636928399579,commerce_convstore_cheonan.csv
commerce,convstore,편의점,세븐천안불당점,충청남도 천안시 서북구 검은들3길 9,충청남도 천안시 서북구 불당동 697,36.81108734000955,127.11020989376459,commerce_convstore_cheonan.csv
commerce,convstore,편의점,세븐일레븐천안성정,충청남도 천안시 서북구 성정중7길 8,충청남도 천안시 서북구 성정동 1216,36.82856201428631,127.13399494686836,commerce_convstore_cheonan.csv
commerce,convstore,편의점,씨유천안신방로또점,충청남도 천안시 동남구 통정9로 33,충청남도 천안시 동남구 신방동 1447,36.773012647181126,127.12968177586318,commerce_convstore_cheonan.csv
commerce,convstore,편의점,이마트24천안5공단점,충청남도 천안시 동남구 수신면 5산단4로 162-47,충청남도 천안시 동남구 수신면 신풍리 609,36.73845763420985,127.26569030313999,commerce_convstore_cheonan.csv
commerce,convstore,편의점,씨유두정,충청남도 천안시 서북구 오성로 31,충청남도 천안시 서북구 두정동 669,36.830595528374,127.13084374668318,commerce_convstore_cheonan.csv
commerce,convstore,편의점,지에스더프레시,충청남도 천안시 서북구 스마일시티2로 2,충청남도 천안시 서북구 차암동 543,36.8465994944768,127.10836080158376,commerce_convstore_cheonan.csv
commerce,convstore,편의점,지에스25성정명성점,충청남도 천안시 서북구 서부19길 22,충청남도 천안시 서북구 성정동 627-1,36.82474783872169,127.13945903941553,commerce_convstore_cheonan.csv
commerce,convstore,편의점,미니스톱성정빅토리점,충청남도 천안시 서북구 서부3길 40,충청남도 천안시 서북구 성정동 656-1,36.82192861768925,127.14015406595087,commerce_convstore_cheonan.csv
commerce,convstore,편의점,세븐남서울대성월점주,충청남도 천안시 서북구 성환읍 성월2길 55,충청남도 천안시 서북구 성환읍 성월리 130-7,36.91632369186803,127.14024479579456,commerce_convstore_cheonan.csv
commerce,convstore,편의점,아이지에이마트신당점,충청남도 천안시 서북구 상고1길 30,충청남도 천안시 서북구 신당동 109-9,36.857285151073036,127.1564018046632,commerce_convstore_cheonan.csv
commerce,convstore,편의점,세븐일레븐천안쌍용충무점,충청남도 천안시 서북구 다가말3길 2,충청남도 천안시 서북구 쌍용동 542-5,36.79740008989946,127.13105952201444,commerce_convstore_cheonan.csv
commerce,convstore,편의점,씨유천안,충청남도 천안시 동남구 만남로 43,충청남도 천안시 동남구 신부동 354-1,36.81997500501846,127.15721388168004,commerce_convstore_cheonan.csv
commerce,convstore,편의점,지에스뉴청당,충청남도 천안시 동남구 청수8로 72,충청남도 천안시 동남구 청당동 609,36.78976919115407,127.16003566965051,commerce_convstore_cheonan.csv
commerce,convstore,편의점,지에스25쌍용이화점,충청남도 천안시 서북구 다가말2길 13-1,충청남도 천안시 서북구 쌍용동 540-3,36.797892529743976,127.13343179301674,commerce_convstore_cheonan.csv
commerce,convstore,편의점,레이크편의점,충청남도 천안시 서북구 성성4길 61,충청남도 천안시 서북구 성성동 40-14,36.844978702793824,127.1358204133572,commerce_convstore_cheonan.csv
commerce,convstore,편의점,CU천안대로점,충청남도 천안시 서북구 성환읍 천안대로 2374-2,충청남도 천안시 서북구 성환읍 수향리 441-5,36.95042875121488,127.13192100637191,commerce_convstore_cheonan.csv
commerce,convstore,편의점,세븐천안봉명그린점,충청남도 천안시 동남구 개목6길 5,충청남도 천안시 동남구 봉명동 373-3,36.814458194414094,127.13369589771024,commerce_convstore_cheonan.csv
commerce,convstore,편의점,씨유천안성성점,충청남도 천안시 서북구 부성1길 40,충청남도 천안시 서북구 두정동 1047,36.837263237236414,127.13609332154051,commerce_convstore_cheonan.csv
commerce,convstore,편의점,지에스25봉명빌리지,충청남도 천안시 동남구 개목4길 31,충청남도 천안시 동남구 봉명동 237-1,36.816991829198585,127.13315717803437,commerce_convstore_cheonan.csv
commerce,convstore,편의점,세븐일레븐천안신부,충청남도 천안시 동남구 먹거리8길 31,충청남도 천안시 동남구 신부동 465-11,36.81737836394809,127.15660769852632,commerce_convstore_cheonan.csv
commerce,convstore,편의점,이마트24천안성거장미점,충청남도 천안시 서북구 성거읍 성거길 81,충청남도 천안시 서북구 성거읍 송남리 13,36.87270514015372,127.20080022909704,commerce_convstore_cheonan.csv
commerce,convstore,편의점,씨유천안성거휴게소점,충청남도 천안시 서북구 성거읍 망향로 312,충청남도 천안시 서북구 성거읍 요방리 193-2,36.848760268973535,127.18204160933405,commerce_convstore_cheonan.csv
commerce,convstore,편의점,씨유단국대천안예술관점,충청남도 천안시 동남구 단대로 119,충청남도 천안시 동남구 안서동 산29,36.83595451915676,127.16521391827429,commerce_convstore_cheonan.csv
commerce,convstore,편의점,세븐일레븐천안백석타운점,충청남도 천안시 서북구 백석로 130,충청남도 천안시 서북구 백석동 864,36.82235331168538,127.12562031280062,commerce_convstore_cheonan.csv
commerce,convstore,편의점,미스터마트천안공단점,충청남도 천안시 서북구 직산읍 4산단5길 28,충청남도 천안시 서북구 직산읍 신갈리 248,36.86325317435449,127.1166380582747,commerce_convstore_cheonan.csv
commerce,convstore,편의점,미니스톱천안불당,충청남도 천안시 서북구 불당25로 244,충청남도 천안시 서북구 불당동 1479,36.82247355217413,127.11034050880693,commerce_convstore_cheonan.csv
commerce,convstore,편의점,지에스25천안서북,충청남도 천안시 서북구 성거읍 봉주로 93,충청남도 천안시 서북구 성거읍 신월리 369-4,36.87788772964342,127.15685338775651,commerce_convstore_cheonan.csv
commerce,convstore,편의점,씨유단국대천안학생회관점,충청남도 천안시 동남구 단대로 119,충청남도 천안시 동남구 안서동 산29,36.83595451915676,127.16521391827429,commerce_convstore_cheonan.csv
commerce,convstore,편의점,세븐천안두정드림점,충청남도 천안시 서북구 두정상가5길 2,충청남도 천안시 서북구 두정동 1418,36.83010148691477,127.1436011711906,commerce_convstore_cheonan.csv
commerce,convstore,편의점,세븐일레븐천안봉명,충청남도 천안시 동남구 개목7길 9,충청남도 천안시 동남구 봉명동 315,36.8150997375643,127.13204434506041,commerce_convstore_cheonan.csv
commerce,convstore,편의점,씨유천안단대,충청남도 천안시 동남구 망향로 182,충청남도 천안시 동남구 안서동 365-9,36.83937085838762,127.17476839963619,commerce_convstore_cheonan.csv
commerce,convstore,편의점,씨유단국대천안보건간호관점,충청남도 천안시 동남구 단대로 119,충청남도 천안시 동남구 안서동 산29,36.83595451915676,127.16521391827429,commerce_convstore_cheonan.csv
commerce,convstore,편의점,세븐일레븐천안백석엔시티점,충청남도 천안시 서북구 한들1로 218,충청남도 천안시 서북구 백석동 1054,36.83613165193763,127.11832922662857,commerce_convstore_cheonan.csv
commerce,convstore,편의점,세븐일레븐천안불당지웰점,충청남도 천안시 서북구 불당26로 77,충청남도 천안시 서북구 불당동 1548,36.81605823786041,127.10486150422602,commerce_convstore_cheonan.csv
commerce,convstore,편의점,이마트24천안대로점,충청남도 천안시 동남구 목천읍 천안대로 179-12,충청남도 천안시 동남구 목천읍 삼성리 221-1,36.76548979071442,127.1669576380723,commerce_convstore_cheonan.csv
commerce,convstore,편의점,지에스25천안유락점,충청남도 천안시 서북구 성정공원2길 14,충청남도 천안시 서북구 성정동 1419,36.82646839742487,127.14308715518504,commerce_convstore_cheonan.csv
commerce,convstore,편의점,이마트24천안구성,충청남도 천안시 동남구 청수로 132-1,충청남도 천안시 동남구 구성동 388-73,36.79390975317554,127.15880084546096,commerce_convstore_cheonan.csv
commerce,convstore,편의점,세븐천안성정파크점주,충청남도 천안시 서북구 양지9길 9,충청남도 천안시 서북구 성정동 738-6,36.812151144820106,127.13959225957215,commerce_convstore_cheonan.csv
commerce,convstore,편의점,세븐천안한성점주,충청남도 천안시 서북구 두정역길 23,충청남도 천안시 서북구 두정동 1652,36.835312546891856,127.14817961469917,commerce_convstore_cheonan.csv
commerce,convstore,편의점,이마트24천안입장대로점,충청남도 천안시 서북구 입장면 망향로 1034,충청남도 천안시 서북구 입장면 효계리 116-3,36.903673716004306,127.22245852076566,commerce_convstore_cheonan.csv
commerce,convstore,편의점,세븐일레븐천안이랜드점,충청남도 천안시 동남구 풍세면 풍세산단3로 111,충청남도 천안시 동남구 풍세면 용정리 995,36.73155718742214,127.09927344416961,commerce_convstore_cheonan.csv
commerce,convstore,편의점,GS25천안시민점,충청남도 천안시 동남구 신부2길 28,충청남도 천안시 동남구 신부동 469-1,36.8183996451084,127.15934261940882,commerce_convstore_cheonan.csv
commerce,convstore,편의점,GS25신방충무점,충청남도 천안시 동남구 수곡로 67,충청남도 천안시 동남구 신방동 71-8,36.78878980090236,127.12699967591936,commerce_convstore_cheonan.csv
commerce,convstore,편의점,씨유두정예그리나점,충청남도 천안시 서북구 두정중9길 63,충청남도 천안시 서북구 두정동 1565-1,36.83691994068197,127.14533321288992,commerce_convstore_cheonan.csv
commerce,convstore,편의점,세븐일레븐천안율금공단점,충청남도 천안시 서북구 성환읍 연암율금로 180,충청남도 천안시 서북구 성환읍 율금리 687-3,36.896571012439416,127.1044586996526,commerce_convstore_cheonan.csv
commerce,convstore,편의점,행운슈퍼,충청남도 천안시 동남구 신촌4로 16,충청남도 천안시 동남구 신방동 920,36.786633634951144,127.12478595756471,commerce_convstore_cheonan.csv
commerce,convstore,편의점,지에스25천안낙원,충청남도 천안시 동남구 북면 복구정3길 5,충청남도 천안시 동남구 북면 연춘리 121-1,36.76992478353588,127.249955861781,commerce_convstore_cheonan.csv
commerce,convstore,편의점,씨유천안문화,충청남도 천안시 동남구 문화로 1,충청남도 천안시 동남구 대흥동 6-8,36.8111625688245,127.14885137486864,commerce_convstore_cheonan.csv
commerce,convstore,편의점,세븐천안신부뉴점,충청남도 천안시 동남구 터미널2로 22,충청남도 천안시 동남구 신부동 765,36.82083760807027,127.15839804088756,commerce_convstore_cheonan.csv
commerce,convstore,편의점,세븐일레븐천안부대,충청남도 천안시 서북구 부성25길 25,충청남도 천안시 서북구 부대동 663,36.84876332409032,127.14985712866074,commerce_convstore_cheonan.csv
commerce,convstore,편의점,지에스25천안,충청남도 천안시 서북구 쌍용11길 22,충청남도 천안시 서북구 쌍용동 1968,36.80234092544749,127.121146073865,commerce_convstore_cheonan.csv
commerce,convstore,편의점,씨유천안백석대지혜관점,충청남도 천안시 동남구 백석대학로 1-1,충청남도 천안시 동남구 안서동 115,36.840575748018146,127.18487300927809,commerce_convstore_cheonan.csv
commerce,convstore,편의점,이마트24천안,충청남도 천안시 서북구 공대길 24,충청남도 천안시 서북구 신당동 237-30,36.849570984856015,127.15261792102342,commerce_convstore_cheonan.csv
commerce,convstore,편의점,씨유뉴천안스타,충청남도 천안시 서북구 두정로 236,충청남도 천안시 서북구 두정동 1500,36.83307548057394,127.14305005476379,commerce_convstore_cheonan.csv
commerce,convstore,편의점,지에스25천안역힐스점,충청남도 천안시 동남구 옛시청길 29,충청남도 천안시 동남구 문화동 179,36.80689694951781,127.15017800688022,commerce_convstore_cheonan.csv
commerce,convstore,편의점,미니스톱천안파크밸리점,충청남도 천안시 서북구 봉서산1길 37-1,충청남도 천안시 서북구 쌍용동 2105,36.80743640972384,127.11859476862658,commerce_convstore_cheonan.csv
commerce,convstore,편의점,GS25천안쌍용역점,충청남도 천안시 서북구 쌍용19로 21,충청남도 천안시 서북구 쌍용동 415-1,36.79420057088753,127.1212675260914,commerce_convstore_cheonan.csv
commerce,convstore,편의점,GS25성정크라운점,충청남도 천안시 서북구 서부2길 34,충청남도 천안시 서북구 성정동 655-19,36.82136633442872,127.138628996093,commerce_convstore_cheonan.csv
commerce,convstore,편의점,씨유천안직산상덕점,충청남도 천안시 서북구 직산읍 상덕로 210-2,충청남도 천안시 서북구 직산읍 상덕리 215-34,36.884816653847444,127.12484201243845,commerce_convstore_cheonan.csv
commerce,convstore,편의점,씨유천안1번국도점,충청남도 천안시 서북구 천안대로 1311,충청남도 천안시 서북구 신당동 426-16,36.85783348501769,127.15243879695579,commerce_convstore_cheonan.csv
commerce,convstore,편의점,세븐일레븐천안성환두진점,충청남도 천안시 서북구 성환읍 율금1길 221-30,충청남도 천안시 서북구 성환읍 율금리 773-2,36.905665027815665,127.10147413695266,commerce_convstore_cheonan.csv
commerce,convstore,편의점,세븐일레븐천안입장세화점,충청남도 천안시 서북구 입장면 신덕1길 2,충청남도 천안시 서북구 입장면 신덕리 208-4,36.91233073427478,127.20400083662284,commerce_convstore_cheonan.csv
commerce,convstore,편의점,지에스25불당,충청남도 천안시 서북구 번영로 100,충청남도 천안시 서북구 불당동 727,36.81016242229894,127.108503813377,commerce_convstore_cheonan.csv
commerce,convstore,편의점,이마트24천안신부다나힐점,충청남도 천안시 동남구 터미널3길 10,충청남도 천안시 동남구 신부동 783,36.82014969383417,127.1589020855935,commerce_convstore_cheonan.csv
commerce,convstore,편의점,미니스톱천안4,충청남도 천안시 서북구 직산읍 4산단7로 28,충청남도 천안시 서북구 직산읍 모시리 237-11,36.86258672165533,127.12447325401432,commerce_convstore_cheonan.csv
commerce,convstore,편의점,세븐일레븐천안,충청남도 천안시 동남구 봉정로 70,충청남도 천안시 동남구 봉명동 50-3,36.80833049817112,127.1404754831595,commerce_convstore_cheonan.csv
commerce,convstore,편의점,씨유천안백석대정문,충청남도 천안시 동남구 문암로 78,충청남도 천안시 동남구 안서동 382-5,36.841423287503446,127.18173447533842,commerce_convstore_cheonan.csv
commerce,convstore,편의점,미니스톱신방,충청남도 천안시 동남구 통정9로 22,충청남도 천안시 동남구 신방동 1289,36.77362237332945,127.1283219960176,commerce_convstore_cheonan.csv
commerce,convstore,편의점,씨유천안백석비전점,충청남도 천안시 서북구 한들1로 9-23,충청남도 천안시 서북구 백석동 658-12,36.824315312843495,127.11362088672993,commerce_convstore_cheonan.csv
commerce,convstore,편의점,씨유천안오룡점,충청남도 천안시 동남구 원성4길 55,충청남도 천안시 동남구 원성동 454-2,36.81129464340262,127.16140775641549,commerce_convstore_cheonan.csv
commerce,convstore,편의점,세븐천안성정빌리지점,충청남도 천안시 서북구 성정중5길 13,충청남도 천안시 서북구 성정동 1225-2,36.82785176396962,127.13514020902407,commerce_convstore_cheonan.csv
commerce,convstore,편의점,세븐일레븐천안연곡점,충청남도 천안시 서북구 입장면 연곡길 622,충청남도 천안시 서북구 입장면 연곡리 232,36.95514288568062,127.18563981120461,commerce_convstore_cheonan.csv
commerce,convstore,편의점,세븐일레븐천안쌍용,충청남도 천안시 서북구 미라2길 53,충청남도 천안시 서북구 쌍용동 1034,36.80417417247888,127.1298500303159,commerce_convstore_cheonan.csv
commerce,convstore,편의점,씨유천안,충청남도 천안시 동남구 다가2길 35,충청남도 천안시 동남구 다가동 353-24,36.801491543203696,127.14001734236462,commerce_convstore_cheonan.csv
commerce,convstore,편의점,씨유뉴천안신방한성점,충청남도 천안시 동남구 통정4로 45,충청남도 천안시 동남구 신방동 1694,36.775126002218634,127.13452019181497,commerce_convstore_cheonan.csv
commerce,convstore,편의점,지에스25천안,충청남도 천안시 서북구 백석공단1로 10,충청남도 천안시 서북구 백석동 1206,36.823766551554854,127.11104532697883,commerce_convstore_cheonan.csv
commerce,convstore,편의점,씨유성환,충청남도 천안시 서북구 성환읍 성환12길 15,충청남도 천안시 서북구 성환읍 성환리 449-504,36.91766680720774,127.1296335363324,commerce_convstore_cheonan.csv
commerce,convstore,편의점,이마트24스마트천안불당꿈에,충청남도 천안시 서북구 광장로 260,충청남도 천안시 서북구 불당동 1270,36.801306043934645,127.11299691693358,commerce_convstore_cheonan.csv
commerce,convstore,편의점,씨유뉴천안입장한성점,충청남도 천안시 서북구 입장면 도림길 15,충청남도 천안시 서북구 입장면 도림리 341,36.91444807839444,127.2441812216401,commerce_convstore_cheonan.csv
commerce,convstore,편의점,세븐일레븐성정,충청남도 천안시 서북구 성정공원5로 26,충청남도 천안시 서북구 성정동 1483,36.827686059278804,127.14043344200421,commerce_convstore_cheonan.csv
commerce,convstore,편의점,이마트24천안,충청남도 천안시 동남구 성남면 세성로 257,충청남도 천안시 동남구 성남면 화성리 117-2,36.75151609781091,127.26574779531818,commerce_convstore_cheonan.csv
commerce,convstore,편의점,세븐일레븐천안성환대로점,충청남도 천안시 서북구 성환읍 신방로 366,충청남도 천안시 서북구 성환읍 송덕리 55-16,36.92384312104058,127.1183305741015,commerce_convstore_cheonan.csv
commerce,convstore,편의점,지에스25천안,충청남도 천안시 서북구 오성4길 23,충청남도 천안시 서북구 두정동 733,36.83244609548412,127.1325894427748,commerce_convstore_cheonan.csv
commerce,convstore,편의점,세븐천안두정중앙점,충청남도 천안시 서북구 원두정5길 15,충청남도 천안시 서북구 두정동 850,36.83127031295679,127.1356863847168,commerce_convstore_cheonan.csv
commerce,convstore,편의점,세븐일레븐천안성정타운,충청남도 천안시 서북구 봉정로 89,충청남도 천안시 서북구 성정동 745-2,36.81021701779705,127.14054366528956,commerce_convstore_cheonan.csv
commerce,convstore,편의점,GS25천안청수점,충청남도 천안시 동남구 청수로 101,충청남도 천안시 동남구 청수동 206-26,36.792135400956425,127.15620219900705,commerce_convstore_cheonan.csv
commerce,convstore,편의점,세븐일레븐천안불당파크빌점,충청남도 천안시 서북구 불당2길 20,충청남도 천안시 서북구 불당동 1047,36.803316833774595,127.10734345952449,commerce_convstore_cheonan.csv
commerce,convstore,편의점,씨유천안청당원룸점,충청남도 천안시 동남구 청수10길 2,충청남도 천안시 동남구 청당동 913,36.7825401145874,127.15975737157548,commerce_convstore_cheonan.csv
commerce,convstore,편의점,이마트24천안유량점,충청남도 천안시 동남구 태조산길 187,충청남도 천안시 동남구 유량동 136-5,36.81626372990138,127.18354646709803,commerce_convstore_cheonan.csv
commerce,convstore,편의점,씨유천안불당,충청남도 천안시 서북구 불당16길 38,충청남도 천안시 서북구 불당동 1361,36.80035611289564,127.10749365784002,commerce_convstore_cheonan.csv
commerce,convstore,편의점,지에스25천안,충청남도 천안시 서북구 2공단2로 95,충청남도 천안시 서북구 차암동 5-2,36.858137292300164,127.11995553661897,commerce_convstore_cheonan.csv
commerce,convstore,편의점,천안직산점세븐일레븐,충청남도 천안시 서북구 직산읍 삼은3길 21,충청남도 천안시 서북구 직산읍 삼은리 72-46,36.87863176226073,127.15168376295946,commerce_convstore_cheonan.csv
commerce,convstore,편의점,지에스25천안중앙도서관점,충청남도 천안시 동남구 중앙로 115,충청남도 천안시 동남구 원성동 261-14,36.8087377544397,127.1523424077258,commerce_convstore_cheonan.csv
commerce,convstore,편의점,씨유천안성정크로바점,충청남도 천안시 서북구 서부3길 70,충청남도 천안시 서북구 성정동 629-25,36.82472577025353,127.14084594838269,commerce_convstore_cheonan.csv
commerce,convstore,편의점,이마트24천안FM점,충청남도 천안시 서북구 두정상가8길 11,충청남도 천안시 서북구 두정동 1315,36.83268307177251,127.13925943375939,commerce_convstore_cheonan.csv
commerce,convstore,편의점,씨유천안직산대로점,충청남도 천안시 서북구 성거읍 천안대로 1482,충청남도 천안시 서북구 성거읍 신월리 398-13,36.87285647541439,127.14797955988541,commerce_convstore_cheonan.csv
commerce,convstore,편의점,코리아세븐천안두정주,충청남도 천안시 서북구 오성6길 51,충청남도 천안시 서북구 두정동 723,36.831883292731064,127.13310256046512,commerce_convstore_cheonan.csv
commerce,convstore,편의점,이마트24천안,충청남도 천안시 동남구 동면 동산1길 7,충청남도 천안시 동남구 동면 화계리 187,36.77541199115591,127.34367323261746,commerce_convstore_cheonan.csv
commerce,convstore,편의점,씨유두정대아점,충청남도 천안시 서북구 두정중3길 26,충청남도 천안시 서북구 두정동 1126-1,36.837872840233885,127.14152094248716,commerce_convstore_cheonan.csv
commerce,convstore,편의점,지에스25백석창조관점,충청남도 천안시 동남구 백석대학로 1-15,충청남도 천안시 동남구 안서동 393,36.83732201931041,127.18305320217551,commerce_convstore_cheonan.csv
commerce,convstore,편의점,씨유천안동남,충청남도 천안시 동남구 옛시청길 39,충청남도 천안시 동남구 문화동 112-1,36.806786135445385,127.15165492703885,commerce_convstore_cheonan.csv
commerce,convstore,편의점,지에스25천안동면,충청남도 천안시 동남구 동면 충절로 2273,충청남도 천안시 동남구 동면 동산리 512-8,36.7787001828593,127.35249684466422,commerce_convstore_cheonan.csv
commerce,convstore,편의점,세븐일레븐천안성정도원점,충청남도 천안시 서북구 도원4길 18,충청남도 천안시 서북구 성정동 941,36.819188044650055,127.13402000986476,commerce_convstore_cheonan.csv
commerce,convstore,편의점,씨유천안성정동원점,충청남도 천안시 서북구 도원3길 27,충청남도 천안시 서북구 성정동 847,36.821034457940634,127.13526732063677,commerce_convstore_cheonan.csv
commerce,convstore,편의점,세븐일레븐천안두정,충청남도 천안시 서북구 원두정5길 15,충청남도 천안시 서북구 두정동 850,36.83127031295679,127.1356863847168,commerce_convstore_cheonan.csv
commerce,convstore,편의점,씨유천안단국대병원,충청남도 천안시 동남구 단대로 119,충청남도 천안시 동남구 안서동 522,36.83595451915676,127.16521391827429,commerce_convstore_cheonan.csv
commerce,convstore,편의점,GS25뉴천안수신점,충청남도 천안시 동남구 수신면 수신로 429,충청남도 천안시 동남구 수신면 속창리 126-15,36.73064604017192,127.28095061369203,commerce_convstore_cheonan.csv
commerce,convstore,편의점,세븐일레븐천안성정파크점,충청남도 천안시 서북구 양지9길 9,충청남도 천안시 서북구 성정동 738-6,36.812151144820106,127.13959225957215,commerce_convstore_cheonan.csv
commerce,convstore,편의점,세븐일레븐천안서북,충청남도 천안시 서북구 성거읍 봉주로 72-1,충청남도 천안시 서북구 성거읍 신월리 343-18,36.87718513050884,127.15469105303613,commerce_convstore_cheonan.csv
commerce,convstore,편의점,세븐일레븐천안성거공단점,충청남도 천안시 서북구 성거읍 모전1길 113,충청남도 천안시 서북구 성거읍 오색당리 129-36,36.88795586820886,127.19328456410398,commerce_convstore_cheonan.csv
commerce,convstore,편의점,공주건설공구,충청남도 천안시 동남구 차돌로 87,충청남도 천안시 동남구 봉명동 34-9,36.80255617904526,127.13982195879031,commerce_convstore_cheonan.csv
commerce,convstore,편의점,씨유천안풍세센토피아점,충청남도 천안시 동남구 풍세면 풍세산단로 4,충청남도 천안시 동남구 풍세면 보성리 705,36.72783128311917,127.10563684014772,commerce_convstore_cheonan.csv
commerce,convstore,편의점,씨유천안쌍용인,충청남도 천안시 서북구 미라1길 18,충청남도 천안시 서북구 쌍용동 1063,36.80390773282038,127.12840589866515,commerce_convstore_cheonan.csv
commerce,convstore,편의점,세븐일레븐천안봉명,충청남도 천안시 동남구 개목8길 9,충청남도 천안시 동남구 봉명동 263,36.816178481047864,127.13169516990948,commerce_convstore_cheonan.csv
commerce,convstore,편의점,씨유천안백석대본부동점,충청남도 천안시 동남구 백석대학로 1-1,충청남도 천안시 동남구 안서동 115,36.840575748018146,127.18487300927809,commerce_convstore_cheonan.csv
commerce,convstore,편의점,지에스25뉴안서,충청남도 천안시 동남구 중암1길 11,충청남도 천안시 동남구 안서동 515-7,36.83208355823378,127.17450591191017,commerce_convstore_cheonan.csv
commerce,convstore,편의점,GS25천안용곡,충청남도 천안시 동남구 풍세로 769-28,충청남도 천안시 동남구 용곡동 583,36.77987105286074,127.13919349741752,commerce_convstore_cheonan.csv
commerce,convstore,편의점,씨유천안쌍용역점,충청남도 천안시 서북구 쌍용19로 29-4,충청남도 천안시 서북구 쌍용동 412-4,36.79458126440132,127.12236203343356,commerce_convstore_cheonan.csv
commerce,convstore,편의점,세븐일레븐천안성정,충청남도 천안시 서북구 양지17길 7,충청남도 천안시 서북구 성정동 741-3,36.81121971678308,127.14019619693767,commerce_convstore_cheonan.csv
commerce,convstore,편의점,제이에이치365,충청남도 천안시 서북구 월봉로 126,충청남도 천안시 서북구 쌍용동 1955,36.8018662303604,127.11895840665359,commerce_convstore_cheonan.csv
commerce,convstore,편의점,씨유상명대계당관점,충청남도 천안시 동남구 상명대길 31,충청남도 천안시 동남구 안서동 300,36.83281134165,127.17930399350571,commerce_convstore_cheonan.csv
commerce,convstore,편의점,이마트24R천안신라점,충청남도 천안시 서북구 성정공원2길 8,충청남도 천안시 서북구 성정동 1420,36.82606693047664,127.1430266087349,commerce_convstore_cheonan.csv
commerce,convstore,편의점,지에스25연암대로점,충청남도 천안시 서북구 성환읍 율금1길 8-8,충청남도 천안시 서북구 성환읍 율금리 790-35,36.892681474709605,127.09620336185462,commerce_convstore_cheonan.csv
commerce,convstore,편의점,씨유천안동부역점,충청남도 천안시 동남구 대흥로 237-2,충청남도 천안시 동남구 대흥동 57-41,36.80908016333902,127.14744407414456,commerce_convstore_cheonan.csv
commerce,convstore,편의점,지에스25성환매주리점,충청남도 천안시 서북구 성환읍 매주5길 4,충청남도 천안시 서북구 성환읍 매주리 478-5,36.908029599991096,127.1199642502772,commerce_convstore_cheonan.csv
commerce,convstore,편의점,제로스토어안서점,충청남도 천안시 동남구 중암샛길 22,충청남도 천안시 동남구 안서동 534-60,36.831072281468956,127.17654957918155,commerce_convstore_cheonan.csv
commerce,convstore,편의점,세븐일레븐천안메르디앙점,충청남도 천안시 서북구 성정공원5로 30,충청남도 천안시 서북구 성정동 1473,36.82764703647299,127.14078010187237,commerce_convstore_cheonan.csv
commerce,convstore,편의점,씨유두산위브,충청남도 천안시 동남구 청당5로 20,충청남도 천안시 동남구 청당동 1005,36.779765358497556,127.15282228775055,commerce_convstore_cheonan.csv
commerce,convstore,편의점,지에스25,충청남도 천안시 동남구 만남로 154,충청남도 천안시 동남구 신부동 172-29,36.82581026722121,127.16495978488041,commerce_convstore_cheonan.csv
commerce,convstore,편의점,씨유천안직산타운점,충청남도 천안시 서북구 직산읍 삼은4길 19,충청남도 천안시 서북구 직산읍 삼은리 76-430,36.87930035284261,127.14922893678256,commerce_convstore_cheonan.csv
commerce,convstore,편의점,미니스톱천안,충청남도 천안시 동남구 공설시장2길 3,충청남도 천안시 동남구 대흥동 70-4,36.80902526495594,127.14934104653001,commerce_convstore_cheonan.csv
commerce,convstore,편의점,세븐일레븐천안두정이편한점,충청남도 천안시 서북구 두정중3길 2,충청남도 천안시 서북구 두정동 1210,36.83577890299885,127.14145913839563,commerce_convstore_cheonan.csv
commerce,convstore,편의점,지에스25청당,충청남도 천안시 동남구 청당2길 123,충청남도 천안시 동남구 청당동 143-25,36.78026987688818,127.15675178829788,commerce_convstore_cheonan.csv
commerce,convstore,편의점,GS25쌍용이화점,충청남도 천안시 서북구 다가말2길 13-1,충청남도 천안시 서북구 쌍용동 540-3,36.797892529743976,127.13343179301674,commerce_convstore_cheonan.csv
commerce,convstore,편의점,지에스25풍세,충청남도 천안시 동남구 풍세면 풍세산단로 18-9,충청남도 천안시 동남구 풍세면 보성리 580-13,36.729022693061445,127.1048276377398,commerce_convstore_cheonan.csv
commerce,convstore,편의점,씨유스타비발디점,충청남도 천안시 서북구 부성18로 29,충청남도 천안시 서북구 부대동 760,36.84528987221475,127.15027996566499,commerce_convstore_cheonan.csv
commerce,convstore,편의점,지에스GS25연암대로점,충청남도 천안시 서북구 성환읍 율금1길 8-8,충청남도 천안시 서북구 성환읍 율금리 790-35,36.892681474709605,127.09620336185462,commerce_convstore_cheonan.csv
commerce,convstore,편의점,지에스25천안창조점,충청남도 천안시 동남구 만남로 72,충청남도 천안시 동남구 신부동 494-1,36.81958634038935,127.16014068270724,commerce_convstore_cheonan.csv
commerce,convstore,편의점,이마트24천안풍세점,충청남도 천안시 동남구 풍세면 풍세산단1로 54,충청남도 천안시 동남구 풍세면 보성리 745,36.7264749174587,127.1047080719755,commerce_convstore_cheonan.csv
commerce,convstore,편의점,씨유입장신두리점,충청남도 천안시 서북구 입장면 삼사로 1878,충청남도 천안시 서북구 입장면 신두리 217-45,36.92354147105479,127.20370565022048,commerce_convstore_cheonan.csv
commerce,convstore,편의점,지에스25신부한들점,충청남도 천안시 동남구 터미널3길 40,충청남도 천안시 동남구 신부동 642,36.82284802159661,127.15885052229618,commerce_convstore_cheonan.csv
commerce,convstore,편의점,씨유천안두정대우,충청남도 천안시 서북구 두정중5길 15,충청남도 천안시 서북구 두정동 530,36.834388921322834,127.14295115025102,commerce_convstore_cheonan.csv
commerce,convstore,편의점,세븐일레븐천안성정한빛점,충청남도 천안시 서북구 서부6길 29,충청남도 천안시 서북구 성정동 659-5,36.82124287778013,127.14262631944429,commerce_convstore_cheonan.csv
commerce,convstore,편의점,이마트24천안신부더샵점,충청남도 천안시 동남구 단대로 70,충청남도 천안시 동남구 신부동 287-27,36.82840791647797,127.15924227759157,commerce_convstore_cheonan.csv
commerce,convstore,편의점,세븐일레븐천안목천점,충청남도 천안시 동남구 목천읍 충절로 896,충청남도 천안시 동남구 목천읍 신계리 134-9,36.77348380093895,127.21032722201123,commerce_convstore_cheonan.csv
commerce,convstore,편의점,씨유천안두정시티점,충청남도 천안시 서북구 두정상가1길 32-16,충청남도 천안시 서북구 두정동 1308,36.83280228223746,127.1405934319563,commerce_convstore_cheonan.csv
commerce,convstore,편의점,씨유천안병천,충청남도 천안시 동남구 병천면 병천1로 56,충청남도 천안시 동남구 병천면 병천리 262-10,36.761130913240656,127.2939288440963,commerce_convstore_cheonan.csv
commerce,convstore,편의점,지에스25원성,충청남도 천안시 동남구 원거리7길 35-1,충청남도 천안시 동남구 원성동 588-14,36.79926525617422,127.15750224088626,commerce_convstore_cheonan.csv
commerce,convstore,편의점,지에스25풍세,충청남도 천안시 동남구 풍세면 풍세산단4로 12-1,충청남도 천안시 동남구 풍세면 보성리 736,36.725470728048855,127.10309766216562,commerce_convstore_cheonan.csv
commerce,convstore,편의점,지에스25병천탑클래스점,충청남도 천안시 동남구 병천면 아우내순대길 38,충청남도 천안시 동남구 병천면 병천리 205-4,36.76098290491931,127.29905256498235,commerce_convstore_cheonan.csv
commerce,convstore,편의점,세븐일레븐천안신방엔리치점,충청남도 천안시 동남구 통정6로 32,충청남도 천안시 동남구 신방동 1761,36.77438149489103,127.13743396727055,commerce_convstore_cheonan.csv
commerce,convstore,편의점,씨유봉명역,충청남도 천안시 동남구 봉명4길 15,충청남도 천안시 동남구 봉명동 62-53,36.80506986700867,127.13646773935093,commerce_convstore_cheonan.csv
commerce,convstore,편의점,세븐순천향대천안새병원점,충청남도 천안시 동남구 순천향6길 31,충청남도 천안시 동남구 봉명동 216-8,36.802821407818406,127.13541967490896,commerce_convstore_cheonan.csv
commerce,convstore,편의점,씨유천안,충청남도 천안시 서북구 월봉로 90,충청남도 천안시 서북구 쌍용동 1491,36.79861692660954,127.11840145117742,commerce_convstore_cheonan.csv
commerce,convstore,편의점,GS25두정,충청남도 천안시 서북구 두정중3길 18,충청남도 천안시 서북구 두정동 1138-1,36.837124686501404,127.14150441348592,commerce_convstore_cheonan.csv
commerce,convstore,편의점,씨유천안마치에비뉴점,충청남도 천안시 서북구 한들1로 171,충청남도 천안시 서북구 백석동 1057,36.83763413296124,127.12029572861704,commerce_convstore_cheonan.csv
commerce,convstore,편의점,씨유뉴천안신방타운점,충청남도 천안시 동남구 통정3로 37,충청남도 천안시 동남구 신방동 1181,36.77472516547783,127.12957424752366,commerce_convstore_cheonan.csv
commerce,convstore,편의점,지에스25수신,충청남도 천안시 동남구 수신면 5산단로 2,충청남도 천안시 동남구 수신면 속창리 224-5,36.72902979201741,127.27718011495001,commerce_convstore_cheonan.csv
commerce,convstore,편의점,이마트24천안직산,충청남도 천안시 서북구 직산읍 삼은2길 16,충청남도 천안시 서북구 직산읍 삼은리 76-76,36.87820933531368,127.14871851403812,commerce_convstore_cheonan.csv
commerce,convstore,편의점,지에스25천안역점,충청남도 천안시 동남구 대흥로 238,충청남도 천안시 동남구 대흥동 96-1,36.809072381335575,127.14833726903154,commerce_convstore_cheonan.csv
commerce,convstore,편의점,세븐천안입장한성점,충청남도 천안시 서북구 입장면 도림길 10,충청남도 천안시 서북구 입장면 도림리 341-1,36.91471145395077,127.24419972693494,commerce_convstore_cheonan.csv
commerce,convstore,편의점,씨유천안청당하늘채점,충청남도 천안시 동남구 광풍로 1800,충청남도 천안시 동남구 청당동 992,36.77905633190239,127.14517430091615,commerce_convstore_cheonan.csv
commerce,convstore,편의점,세븐일레븐천안성남약수로점,충청남도 천안시 동남구 성남면 약수로 212,충청남도 천안시 동남구 성남면 대정리 59-13,36.73600091637169,127.21649119199628,commerce_convstore_cheonan.csv
commerce,convstore,편의점,미니스톱신당타운점,충청남도 천안시 서북구 신당새터1길 47,충청남도 천안시 서북구 신당동 327-1,36.85412263044076,127.16052731760551,commerce_convstore_cheonan.csv
commerce,convstore,편의점,인스케어플러스,충청남도 천안시 동남구 목천읍 세종로 4755,충청남도 천안시 동남구 목천읍 소사리 113-3,36.73375732054012,127.16849375720814,commerce_convstore_cheonan.csv
commerce,convstore,편의점,씨유쌍용,충청남도 천안시 서북구 월봉5길 35,충청남도 천안시 서북구 쌍용동 1596,36.791901227016645,127.11689830021251,commerce_convstore_cheonan.csv
commerce,convstore,편의점,씨유단국대천안사회과학관점,충청남도 천안시 동남구 단대로 119,충청남도 천안시 동남구 안서동 산29,36.83595451915676,127.16521391827429,commerce_convstore_cheonan.csv
commerce,convstore,편의점,세븐일레븐천안,충청남도 천안시 서북구 성거읍 망향로 395,충청남도 천안시 서북구 성거읍 석교리 119-9,36.85610579712683,127.18444217726781,commerce_convstore_cheonan.csv
commerce,convstore,편의점,씨유천안,충청남도 천안시 동남구 봉명로 101,충청남도 천안시 동남구 봉명동 48-72,36.8071022647629,127.13974209856156,commerce_convstore_cheonan.csv
commerce,convstore,편의점,이마트24천안농수산점,충청남도 천안시 서북구 천안대로 1347,충청남도 천안시 서북구 신당동 488-1,36.859432463218916,127.14936997228216,commerce_convstore_cheonan.csv
commerce,convstore,편의점,세븐일레븐천안직산포도점,충청남도 천안시 서북구 직산읍 성진로 324-3,충청남도 천안시 서북구 직산읍 판정리 387-3,36.90658733231209,127.16922220107203,commerce_convstore_cheonan.csv
commerce,convstore,편의점,직산중앙GS25편의점,충청남도 천안시 서북구 직산읍 아랫말2길 1,충청남도 천안시 서북구 직산읍 삼은리 76-139,36.87722269805372,127.14991111740932,commerce_convstore_cheonan.csv
commerce,convstore,편의점,세븐일레븐천안신부,충청남도 천안시 동남구 만남로 38,충청남도 천안시 동남구 신부동 461-6,36.81847272371302,127.1562927491877,commerce_convstore_cheonan.csv
commerce,convstore,편의점,지에스25천안중앙,충청남도 천안시 동남구 영성로 40,충청남도 천안시 동남구 영성동 90-3,36.801775901655276,127.15073828612293,commerce_convstore_cheonan.csv
commerce,convstore,편의점,씨유천안성거SKC점,충청남도 천안시 서북구 성거읍 성거길 113,충청남도 천안시 서북구 성거읍 저리 57-66,36.87549457186364,127.20221920791982,commerce_convstore_cheonan.csv
commerce,convstore,편의점,세븐일레븐천안신불당,충청남도 천안시 서북구 불당34길 22,충청남도 천안시 서북구 불당동 1819,36.80676204071769,127.10649976180967,commerce_convstore_cheonan.csv
commerce,convstore,편의점,이마트24천안목천IC점,충청남도 천안시 동남구 목천읍 충절로 1107,충청남도 천안시 동남구 목천읍 운전리 351-9,36.77082079216187,127.23075140814254,commerce_convstore_cheonan.csv
commerce,convstore,편의점,세븐일레븐천안직산부송점,충청남도 천안시 서북구 직산읍 송기길 20,충청남도 천안시 서북구 직산읍 부송리 42-7,36.8752417537435,127.13868379332534,commerce_convstore_cheonan.csv
commerce,convstore,편의점,이마트24천안구성타운점,충청남도 천안시 동남구 정골1길 65,충청남도 천안시 동남구 구성동 188-8,36.79206890834901,127.17161037225488,commerce_convstore_cheonan.csv
commerce,convstore,편의점,씨유천안원성메가시티점,충청남도 천안시 동남구 고재1길 6,충청남도 천안시 동남구 원성동 582-1,36.79894782130845,127.16012595033658,commerce_convstore_cheonan.csv
commerce,convstore,편의점,씨유두정,충청남도 천안시 서북구 원두정2길 24,충청남도 천안시 서북구 두정동 868,36.83238334075561,127.135849788267,commerce_convstore_cheonan.csv
commerce,convstore,편의점,세븐일레븐천안풍세점,충청남도 천안시 동남구 풍세면 통미2길 69,충청남도 천안시 동남구 풍세면 남관리 87,36.758220452718845,127.12752860395867,commerce_convstore_cheonan.csv
commerce,convstore,편의점,세븐일레븐천안월봉일성점,충청남도 천안시 서북구 월봉4로 120-16,충청남도 천안시 서북구 쌍용동 1547,36.796628708579846,127.11736470550804,commerce_convstore_cheonan.csv
commerce,convstore,편의점,세븐일레븐천안,충청남도 천안시 서북구 4산단로 58,충청남도 천안시 서북구 성성동 478-1,36.846796321195455,127.11576336868256,commerce_convstore_cheonan.csv
commerce,convstore,편의점,씨유천안입장,충청남도 천안시 서북구 입장면 연곡길 353,충청남도 천안시 서북구 입장면 가산리 321,36.9371734164422,127.1945176814945,commerce_convstore_cheonan.csv
commerce,convstore,편의점,지에스25불당갤러리점,충청남도 천안시 서북구 불당15길 3,충청남도 천안시 서북구 불당동 1381,36.79990404219921,127.1065526725799,commerce_convstore_cheonan.csv
commerce,convstore,편의점,이마트24R천안백석,충청남도 천안시 서북구 번영로 278-11,충청남도 천안시 서북구 백석동 924,36.82654384122223,127.11469257686387,commerce_convstore_cheonan.csv
commerce,convstore,편의점,씨유단대호수점,충청남도 천안시 동남구 천호지길 27,충청남도 천안시 동남구 안서동 468-5,36.83551388188025,127.1728637915708,commerce_convstore_cheonan.csv
commerce,convstore,편의점,세븐일레븐두정싱글벙글점,충청남도 천안시 서북구 두정중7길 3,충청남도 천안시 서북구 두정동 1253,36.8344051775974,127.13873571594876,commerce_convstore_cheonan.csv
commerce,convstore,편의점,이마트24천안신부디이스트,충청남도 천안시 동남구 신부8길 18,충청남도 천안시 동남구 신부동 61-50,36.81530905813861,127.16268722687465,commerce_convstore_cheonan.csv
commerce,convstore,편의점,지에스25청당타운점,충청남도 천안시 동남구 청수12로 30,충청남도 천안시 동남구 삼룡동 449,36.7828647617809,127.16263395677831,commerce_convstore_cheonan.csv
commerce,convstore,편의점,GS25신방프라자,충청남도 천안시 동남구 충무로 158-35,충청남도 천안시 동남구 신방동 62-10,36.79105472887019,127.12608581978084,commerce_convstore_cheonan.csv
commerce,convstore,편의점,씨유천안직산양당점,충청남도 천안시 서북구 직산읍 상덕로 50,충청남도 천안시 서북구 직산읍 자은가리 166-2,36.87162276702645,127.11937783005975,commerce_convstore_cheonan.csv
commerce,convstore,편의점,두정2층맞이편의점,충청남도 천안시 서북구 두정로 289,충청남도 천안시 서북구 두정동 84-1,36.83298812939994,127.14900381897236,commerce_convstore_cheonan.csv
commerce,convstore,편의점,세븐일레븐천안연곡길점,충청남도 천안시 서북구 입장면 연곡길 160,충청남도 천안시 서북구 입장면 유리 327-1,36.92621909361228,127.20921609583633,commerce_convstore_cheonan.csv
commerce,convstore,편의점,이마트24천안한창이지엠점,충청남도 천안시 서북구 입장면 입장로 247,충청남도 천안시 서북구 입장면 유리 43-5,36.92366535854101,127.22101780271296,commerce_convstore_cheonan.csv
commerce,convstore,편의점,GS25직산군동점,충청남도 천안시 서북구 직산읍 직산로 273,충청남도 천안시 서북구 직산읍 군동리 88-1,36.898917037723535,127.16597119805881,commerce_convstore_cheonan.csv
commerce,convstore,편의점,이마트24천안성환명당점,충청남도 천안시 서북구 성환읍 천안대로 1746,충청남도 천안시 서북구 성환읍 매주리 88-10,36.894676162571116,127.1365507436832,commerce_convstore_cheonan.csv
commerce,convstore,편의점,세븐일레븐천안역전2점,충청남도 천안시 동남구 공설시장2길 3,충청남도 천안시 동남구 대흥동 70-4,36.80902526495594,127.14934104653001,commerce_convstore_cheonan.csv
commerce,convstore,편의점,씨유두정역점,충청남도 천안시 서북구 두정역서3길 21-12,충청남도 천안시 서북구 두정동 74-20,36.83308799114629,127.14759768605813,commerce_convstore_cheonan.csv
commerce,convstore,편의점,이마트24천안신방타운점,충청남도 천안시 동남구 통정1로 35,충청남도 천안시 동남구 신방동 1108,36.777201660741554,127.12929496130182,commerce_convstore_cheonan.csv
commerce,convstore,편의점,세븐일레븐천안입장초원점,충청남도 천안시 서북구 입장면 입장로 123,충청남도 천안시 서북구 입장면 하장리 80-2,36.9122432510267,127.22130104152204,commerce_convstore_cheonan.csv
commerce,convstore,편의점,씨유천안노태포레나,충청남도 천안시 서북구 한들2로 150,충청남도 천안시 서북구 백석동 76-56,36.83528240735149,127.12273743939082,commerce_convstore_cheonan.csv
commerce,convstore,편의점,GS25천안영성점,충청남도 천안시 동남구 영성동2길 13-1,충청남도 천안시 동남구 영성동 14-7,36.80431968066649,127.15160246542627,commerce_convstore_cheonan.csv
commerce,convstore,편의점,세븐일레븐천안두정제스점,충청남도 천안시 서북구 두정상가8길 62,충청남도 천안시 서북구 두정동 1438,36.83185288580586,127.14499364971252,commerce_convstore_cheonan.csv
commerce,convstore,편의점,대한통운택배입장SM,충청남도 천안시 서북구 성거읍 망향로 340,충청남도 천안시 서북구 성거읍 요방리 175-9,36.850912090466274,127.18360351011856,commerce_convstore_cheonan.csv
commerce,convstore,편의점,세븐일레븐천안공대점,충청남도 천안시 서북구 천안대로 1221,충청남도 천안시 서북구 신당동 251-14,36.85024834080053,127.1549218302326,commerce_convstore_cheonan.csv
commerce,convstore,편의점,이마트24천안직산수자인점,충청남도 천안시 서북구 직산읍 천안밸리로 22-33,충청남도 천안시 서북구 직산읍 삼은리 89-23,36.881769542331746,127.14910595742016,commerce_convstore_cheonan.csv
commerce,convstore,편의점,비지에프리테일단국대천안단우홀점,충청남도 천안시 동남구 단대로 119,충청남도 천안시 동남구 안서동 522,36.83595451915676,127.16521391827429,commerce_convstore_cheonan.csv
commerce,convstore,편의점,씨유천안한기대원룸점,충청남도 천안시 동남구 병천면 가전8길 101,충청남도 천안시 동남구 병천면 가전리 166-2,36.76521401957523,127.28456067332432,commerce_convstore_cheonan.csv
commerce,convstore,편의점,씨유천안직산우성점,충청남도 천안시 서북구 직산읍 자은가리1길 57,충청남도 천안시 서북구 직산읍 자은가리 148-2,36.8699311941391,127.12524517633797,commerce_convstore_cheonan.csv
commerce,convstore,편의점,씨유천안성환,충청남도 천안시 서북구 성환읍 신방로 486,충청남도 천안시 서북구 성환읍 성환리 344-184,36.92043557163297,127.13035461401097,commerce_convstore_cheonan.csv
commerce,convstore,편의점,이마트24천안성정도원점,충청남도 천안시 서북구 도원8길 26,충청남도 천안시 서북구 성정동 850,36.820894310147025,127.13444374518429,commerce_convstore_cheonan.csv
commerce,convstore,편의점,이마트24천안왕림길점,충청남도 천안시 서북구 성환읍 왕림길 253,충청남도 천안시 서북구 성환읍 송덕리 190-49,36.92580224416245,127.1030931705892,commerce_convstore_cheonan.csv
commerce,convstore,편의점,씨유풍세수자인그린라이트,충청남도 천안시 동남구 풍세면 풍세산단4로 4,충청남도 천안시 동남구 풍세면 보성리 732,36.724739419045896,127.10397846030172,commerce_convstore_cheonan.csv
commerce,convstore,편의점,씨유천안풍세수자인,충청남도 천안시 동남구 풍세면 풍세산단로 287,충청남도 천안시 동남구 풍세면 보성리 765,36.72627757983226,127.10639950982394,commerce_convstore_cheonan.csv
commerce,convstore,편의점,세븐일레븐천안성환일등점,충청남도 천안시 서북구 성환읍 천안대로 2334,충청남도 천안시 서북구 성환읍 복모리 12-1,36.946931709005476,127.13316131028468,commerce_convstore_cheonan.csv
commerce,convstore,편의점,씨유원성,충청남도 천안시 동남구 원거리11길 19,충청남도 천안시 동남구 원성동 557-29,36.801682443917265,127.15518898919811,commerce_convstore_cheonan.csv
commerce,convstore,편의점,지에스25두정,충청남도 천안시 서북구 부성2길 34,충청남도 천안시 서북구 두정동 1028,36.83671026221949,127.13768154296284,commerce_convstore_cheonan.csv
commerce,convstore,편의점,씨유천안쌍용예림점,충청남도 천안시 서북구 충무로 167-12,충청남도 천안시 서북구 쌍용동 494-3,36.79481771051347,127.12521544210205,commerce_convstore_cheonan.csv
commerce,convstore,편의점,씨유천안성정해피점,충청남도 천안시 서북구 성정1길 17,충청남도 천안시 서북구 성정동 721-2,36.81539659490387,127.1354715975324,commerce_convstore_cheonan.csv
commerce,convstore,편의점,씨유천안불당지웰점,충청남도 천안시 서북구 불당24로 38,충청남도 천안시 서북구 불당동 1498,36.82206001930902,127.10537947281883,commerce_convstore_cheonan.csv
commerce,convstore,편의점,세븐일레븐천안뉴남,충청남도 천안시 서북구 성환읍 성진로 61,충청남도 천안시 서북구 성환읍 성월리 65,36.91190123940504,127.14229412245221,commerce_convstore_cheonan.csv
commerce,convstore,편의점,지에스25뉴신부한내점,충청남도 천안시 동남구 터미널9길 30,충청남도 천안시 동남구 신부동 584,36.82282191845864,127.15587009184654,commerce_convstore_cheonan.csv
commerce,convstore,편의점,씨유천안구성대로점,충청남도 천안시 동남구 충절로 244,충청남도 천안시 동남구 구성동 480-9,36.79712603048333,127.15914606802464,commerce_convstore_cheonan.csv
commerce,convstore,편의점,지에스25와촌,충청남도 천안시 서북구 천안천4길 18-10,충청남도 천안시 서북구 와촌동 173,36.80713309149111,127.14532422973707,commerce_convstore_cheonan.csv
commerce,convstore,편의점,세븐일레븐천안불당파크점,충청남도 천안시 서북구 검은들3길 52,충청남도 천안시 서북구 불당동 730,36.81007539738283,127.10934903822783,commerce_convstore_cheonan.csv
commerce,convstore,편의점,세븐일레븐천안불당호반점,충청남도 천안시 서북구 불당32길 4,충청남도 천안시 서북구 불당동 1705,36.80870363429575,127.10406784267248,commerce_convstore_cheonan.csv
commerce,convstore,편의점,세븐일레븐천안두정,충청남도 천안시 서북구 두정중1길 6-9,충청남도 천안시 서북구 두정동 1228,36.83484370745416,127.13992544471105,commerce_convstore_cheonan.csv
commerce,convstore,편의점,세븐일레븐천안목천점,충청남도 천안시 동남구 목천읍 충절로 896,충청남도 천안시 동남구 목천읍 신계리 134-9,36.77348380093895,127.21032722201123,commerce_convstore_cheonan.csv
commerce,convstore,편의점,이마트24천안쌍용타운점,충청남도 천안시 서북구 월봉4로 25,충청남도 천안시 서북구 쌍용동 1792,36.79025858663091,127.11664183119889,commerce_convstore_cheonan.csv
commerce,convstore,편의점,지에스25입장용정점,충청남도 천안시 서북구 입장면 용정도하길 147,충청남도 천안시 서북구 입장면 용정리 164-23,36.92214158807866,127.18832200097992,commerce_convstore_cheonan.csv
commerce,convstore,편의점,세븐일레븐천안베스티안점,충청남도 천안시 서북구 두정역동3길 53,충청남도 천안시 서북구 두정동 1654,36.83840402990212,127.14910847270296,commerce_convstore_cheonan.csv
commerce,convstore,편의점,지에스25베스트원성점,충청남도 천안시 동남구 충절로 197,충청남도 천안시 동남구 원성동 566-16,36.80129647728444,127.15931620893946,commerce_convstore_cheonan.csv
commerce,convstore,편의점,미니스톱백석문암점,충청남도 천안시 동남구 문암로 90,충청남도 천안시 동남구 안서동 406,36.84216362054737,127.1825444862301,commerce_convstore_cheonan.csv
commerce,convstore,편의점,학사할인마트,충청남도 천안시 동남구 중암샛길 18,충청남도 천안시 동남구 안서동 250-7,36.831227740040944,127.17620103285131,commerce_convstore_cheonan.csv
commerce,convstore,편의점,씨유천안성남포크빌점,충청남도 천안시 동남구 성남면 5산단1로 81,충청남도 천안시 동남구 성남면 대화리 317,36.73974105208159,127.26009882948553,commerce_convstore_cheonan.csv
commerce,convstore,편의점,세븐일레븐천안신부베스트점,충청남도 천안시 동남구 신부14길 2,충청남도 천안시 동남구 신부동 492-15,36.81947107171857,127.16112056501913,commerce_convstore_cheonan.csv
commerce,convstore,편의점,세븐일레븐천안프라지움점,충청남도 천안시 서북구 오성로 115,충청남도 천안시 서북구 두정동 1377,36.830599159433895,127.14011480957294,commerce_convstore_cheonan.csv
commerce,convstore,편의점,세븐일레븐천안다가타운점,충청남도 천안시 동남구 천안천공원5길 41,충청남도 천안시 동남구 다가동 5-48,36.79585122661303,127.14970324725257,commerce_convstore_cheonan.csv
commerce,convstore,편의점,지에스25청수타운,충청남도 천안시 동남구 청수16로 3,충청남도 천안시 동남구 청수동 354,36.78918842743955,127.15589605315823,commerce_convstore_cheonan.csv
commerce,convstore,편의점,씨유두정,충청남도 천안시 서북구 오성9길 34,충청남도 천안시 서북구 두정동 682-3,36.83316707373419,127.13102547586516,commerce_convstore_cheonan.csv
commerce,convstore,편의점,지에스25쌍용,충청남도 천안시 서북구 미라8길 22,충청남도 천안시 서북구 쌍용동 1114,36.80290201059869,127.12962949391361,commerce_convstore_cheonan.csv
commerce,convstore,편의점,미니스톱입장기로점,충청남도 천안시 서북구 입장면 성진로 994,충청남도 천안시 서북구 입장면 기로리 285-20,36.91152656695518,127.2396953046058,commerce_convstore_cheonan.csv
commerce,convstore,편의점,지에스25뉴북천안IC점,충청남도 천안시 서북구 직산읍 성진로 463,충청남도 천안시 서북구 직산읍 판정리 58-1,36.91146371914177,127.18339258568983,commerce_convstore_cheonan.csv
commerce,convstore,편의점,씨유천안불당하이빌점,충청남도 천안시 서북구 시청로 73,충청남도 천안시 서북구 불당동 750,36.807457771130494,127.11124457330884,commerce_convstore_cheonan.csv
commerce,convstore,편의점,씨유백석아이파크,충청남도 천안시 서북구 한들3로 36-17,충청남도 천안시 서북구 백석동 1200,36.827012429524146,127.12525523746913,commerce_convstore_cheonan.csv
commerce,convstore,편의점,세븐일레븐천안입장점,충청남도 천안시 서북구 입장면 성진로 729,충청남도 천안시 서북구 입장면 신두리 23-2,36.91317353470282,127.2120632162978,commerce_convstore_cheonan.csv
commerce,convstore,편의점,씨유원성타운점,충청남도 천안시 동남구 버들로 136,충청남도 천안시 동남구 원성동 517-2,36.806135028505054,127.1614921980522,commerce_convstore_cheonan.csv
commerce,convstore,편의점,이마트24천안더리치빌점,충청남도 천안시 서북구 두정상가3길 20,충청남도 천안시 서북구 두정동 1332,36.83174524274886,127.14088655223352,commerce_convstore_cheonan.csv
commerce,convstore,편의점,지에스25천안로얄점,충청남도 천안시 동남구 순천향1길 19,충청남도 천안시 동남구 쌍용동 553-4,36.80185415345178,127.13234680781656,commerce_convstore_cheonan.csv
commerce,convstore,편의점,씨유천안성정세관점,충청남도 천안시 서북구 봉정로 236,충청남도 천안시 서북구 성정동 662-20,36.822907907770386,127.1441870524189,commerce_convstore_cheonan.csv
commerce,convstore,편의점,씨유프라지움11차점,충청남도 천안시 서북구 동서대로 165,충청남도 천안시 서북구 성정동 1435,36.825877902609854,127.1417363584923,commerce_convstore_cheonan.csv
commerce,convstore,편의점,지에스25성환,충청남도 천안시 서북구 성환읍 신선동길 26,충청남도 천안시 서북구 성환읍 매주리 315-5,36.91265360261547,127.13061072369848,commerce_convstore_cheonan.csv
commerce,convstore,편의점,씨유천안성거모시울점,충청남도 천안시 서북구 성거읍 모시울1길 58,충청남도 천안시 서북구 성거읍 저리 191-22,36.88511901022366,127.19889993294501,commerce_convstore_cheonan.csv
commerce,convstore,편의점,지에스25백석,충청남도 천안시 서북구 한들3로 35-15,충청남도 천안시 서북구 백석동 1171,36.826560875748335,127.12243093421587,commerce_convstore_cheonan.csv
commerce,convstore,편의점,씨유천안역e편한점,충청남도 천안시 동남구 원성천1길 99,충청남도 천안시 동남구 원성동 429-133,36.80488054992605,127.15600043739424,commerce_convstore_cheonan.csv
commerce,convstore,편의점,씨유천안신부경남점,충청남도 천안시 동남구 충절로 42,충청남도 천안시 동남구 신부동 85,36.81560813687891,127.15720633583166,commerce_convstore_cheonan.csv
commerce,convstore,편의점,24시무인편의점,충청남도 천안시 동남구 충절로 8,충청남도 천안시 동남구 신부동 462-9,36.81826844575376,127.15803251639845,commerce_convstore_cheonan.csv
commerce,convstore,편의점,세븐일레븐천안성환타운점,충청남도 천안시 서북구 성환읍 성환9길 3-2,충청남도 천안시 서북구 성환읍 성환리 449-70,36.91615850936257,127.1285704700252,commerce_convstore_cheonan.csv
commerce,convstore,편의점,편의점,충청남도 천안시 동남구 원성천1길 99,충청남도 천안시 동남구 원성동 429-133,36.80488054992605,127.15600043739424,commerce_convstore_cheonan.csv
commerce,convstore,편의점,씨유천안성푸,충청남도 천안시 서북구 성성6로 68,충청남도 천안시 서북구 성성동 969,36.84117478521224,127.12635091262119,commerce_convstore_cheonan.csv
commerce,convstore,편의점,지에스25청수,충청남도 천안시 동남구 청수로 71,충청남도 천안시 동남구 청수동 203,36.78975694687482,127.15431564707887,commerce_convstore_cheonan.csv
commerce,convstore,편의점,세븐천안두정파크점,충청남도 천안시 서북구 두정중2길 24,충청남도 천안시 서북구 두정동 1207,36.83573050171716,127.14024524495218,commerce_convstore_cheonan.csv
commerce,convstore,편의점,GS25차암조은점,충청남도 천안시 서북구 밤개울2길 12,충청남도 천안시 서북구 차암동 484,36.83980366580788,127.1024045220924,commerce_convstore_cheonan.csv
commerce,convstore,편의점,씨유천안불당호반오점,충청남도 천안시 서북구 불당23로 10,충청남도 천안시 서북구 불당동 1510,36.81770688351025,127.10125917010515,commerce_convstore_cheonan.csv
commerce,convstore,편의점,씨유천안두정,충청남도 천안시 서북구 1공단1길 49,충청남도 천안시 서북구 두정동 71-35,36.832014123619714,127.14697200946273,commerce_convstore_cheonan.csv
commerce,convstore,편의점,지에스25두정우리점,충청남도 천안시 서북구 두정중8길 3,충청남도 천안시 서북구 두정동 1196,36.83580918613812,127.13849972852363,commerce_convstore_cheonan.csv
commerce,convstore,편의점,씨유월봉대우점,충청남도 천안시 서북구 월봉4로 88-11,충청남도 천안시 서북구 쌍용동 1548,36.79508997260657,127.11527423601036,commerce_convstore_cheonan.csv
commerce,convstore,편의점,씨유천안성거,충청남도 천안시 서북구 성거읍 성거산단2로 29,충청남도 천안시 서북구 성거읍 오목리 265,36.891643368078164,127.20952107387527,commerce_convstore_cheonan.csv
commerce,convstore,편의점,지에스25천안불당,충청남도 천안시 서북구 불당5길 17,충청남도 천안시 서북구 불당동 1169,36.802929760492184,127.10927887980412,commerce_convstore_cheonan.csv
commerce,convstore,편의점,지에스25천안신부타운점,충청남도 천안시 동남구 방죽안1길 11,충청남도 천안시 동남구 신부동 320-22,36.82153945960669,127.15403815748762,commerce_convstore_cheonan.csv
commerce,convstore,편의점,세븐일레븐천안입장공단점,충청남도 천안시 서북구 입장면 외유리1길 1,충청남도 천안시 서북구 입장면 유리 192-7,36.92025110058617,127.21625754019088,commerce_convstore_cheonan.csv
commerce,convstore,편의점,이마트24천안성환신가점,충청남도 천안시 서북구 성환읍 가동길 2,충청남도 천안시 서북구 성환읍 신가리 386-6,36.95159958417609,127.11447671170112,commerce_convstore_cheonan.csv
commerce,convstore,편의점,지에스25성정구름점,충청남도 천안시 서북구 봉정로 239,충청남도 천안시 서북구 성정동 640-5,36.82346238478191,127.14383832642561,commerce_convstore_cheonan.csv
commerce,convstore,편의점,씨유차암로또명당점,충청남도 천안시 서북구 3공단6로 58-8,충청남도 천안시 서북구 차암동 435,36.840975039569315,127.10402912528374,commerce_convstore_cheonan.csv
commerce,convstore,편의점,씨유천안한성스위트점,충청남도 천안시 서북구 부성6길 12,충청남도 천안시 서북구 두정동 993,36.8356045662127,127.13478133206806,commerce_convstore_cheonan.csv
commerce,convstore,편의점,지에스25성정대로점,충청남도 천안시 서북구 동서대로 150,충청남도 천안시 서북구 성정동 625-1,36.82542964986221,127.13978791264104,commerce_convstore_cheonan.csv
commerce,convstore,편의점,씨유천안충절로점,충청남도 천안시 동남구 충절로 124,충청남도 천안시 동남구 원성동 137-8,36.807975269164665,127.1583317452196,commerce_convstore_cheonan.csv
commerce,convstore,편의점,세븐일레븐천안성정시티점,충청남도 천안시 서북구 성정공원5로 10-16,충청남도 천안시 서북구 성정동 1518,36.826748614814186,127.13817220277103,commerce_convstore_cheonan.csv
commerce,convstore,편의점,씨유천안직산공단점,충청남도 천안시 서북구 직산읍 부송4길 5,충청남도 천안시 서북구 직산읍 부송리 136,36.87589937230229,127.1317072971658,commerce_convstore_cheonan.csv
commerce,convstore,편의점,지에스25천안,충청남도 천안시 동남구 문화로 16,충청남도 천안시 동남구 대흥동 10-5,36.810655010228075,127.15011844857689,commerce_convstore_cheonan.csv
commerce,convstore,편의점,세븐일레븐천안,충청남도 천안시 동남구 목천읍 삼성5길 46,충청남도 천안시 동남구 목천읍 삼성리 9-9,36.76025651859993,127.17722879536785,commerce_convstore_cheonan.csv
commerce,convstore,편의점,세븐일레븐천안,충청남도 천안시 동남구 문화로 26,충청남도 천안시 동남구 문화동 24-10,36.81035732898358,127.15141274123826,commerce_convstore_cheonan.csv
commerce,convstore,편의점,세븐일레븐천안입장한성점,충청남도 천안시 서북구 입장면 도림길 10,충청남도 천안시 서북구 입장면 도림리 341-1,36.91471145395077,127.24419972693494,commerce_convstore_cheonan.csv
commerce,convstore,편의점,씨유천안용곡우림필유,충청남도 천안시 동남구 용곡5길 37-6,충청남도 천안시 동남구 용곡동 595,36.79211025131964,127.14008498550551,commerce_convstore_cheonan.csv
commerce,convstore,편의점,세븐일레븐천안성거삼일점,충청남도 천안시 서북구 성거읍 성거길 103,충청남도 천안시 서북구 성거읍 저리 53-2,36.874149686550936,127.20089616916938,commerce_convstore_cheonan.csv
commerce,convstore,편의점,지에스25상명대,충청남도 천안시 동남구 상명대길 25,충청남도 천안시 동남구 안서동 321-34,36.83295978644264,127.17596369795322,commerce_convstore_cheonan.csv
commerce,convstore,편의점,지에스25성거푸른점,충청남도 천안시 서북구 성거읍 마당재길 1,충청남도 천안시 서북구 성거읍 요방리 268-4,36.85136519692209,127.17669654356203,commerce_convstore_cheonan.csv
commerce,convstore,편의점,씨유천안백석대진리관점,충청남도 천안시 동남구 백석대학로 1-1,충청남도 천안시 동남구 안서동 115,36.840575748018146,127.18487300927809,commerce_convstore_cheonan.csv
commerce,convstore,편의점,씨유천안성환율금점,충청남도 천안시 서북구 성환읍 율금1길 234,충청남도 천안시 서북구 성환읍 율금리 636-8,36.903319921141936,127.10450810699322,commerce_convstore_cheonan.csv
commerce,convstore,편의점,GS25천흥공단점,충청남도 천안시 서북구 성거읍 성거길 184,충청남도 천안시 서북구 성거읍 천흥리 373-18,36.880774385953046,127.20642341328104,commerce_convstore_cheonan.csv
commerce,convstore,편의점,씨유천안병천점,충청남도 천안시 동남구 병천면 충절로 1723,충청남도 천안시 동남구 병천면 병천리 160-8,36.763643556680435,127.2972891720796,commerce_convstore_cheonan.csv
commerce,convstore,편의점,세븐일레븐천안미죽공단점,충청남도 천안시 동남구 풍세면 미죽3길 3,충청남도 천안시 동남구 풍세면 미죽리 208,36.738444712240536,127.15163543359719,commerce_convstore_cheonan.csv
commerce,convstore,편의점,지에스25성정,충청남도 천안시 서북구 성정중2길 21,충청남도 천안시 서북구 성정동 1221,36.82806706088863,127.13513185469192,commerce_convstore_cheonan.csv
commerce,convstore,편의점,세븐일레븐천안차돌고개점,충청남도 천안시 서북구 차돌고개1길 8,충청남도 천안시 서북구 쌍용동 535-31,36.799053359735666,127.13359232195799,commerce_convstore_cheonan.csv
commerce,convstore,편의점,지에스25한성에듀시티점,충청남도 천안시 동남구 성황로 40,충청남도 천안시 동남구 문화동 180,36.811227872554205,127.1536533192199,commerce_convstore_cheonan.csv
commerce,convstore,편의점,세븐천안목천점,충청남도 천안시 동남구 목천읍 충절로 896,충청남도 천안시 동남구 목천읍 신계리 134-9,36.77348380093895,127.21032722201123,commerce_convstore_cheonan.csv
commerce,convstore,편의점,세븐일레븐천안불당EJ점,충청남도 천안시 서북구 불당25로 23,충청남도 천안시 서북구 불당동 1853,36.80388342859784,127.10334595651017,commerce_convstore_cheonan.csv
commerce,convstore,편의점,지에스25신부,충청남도 천안시 동남구 신부10길 8,충청남도 천안시 동남구 신부동 474-1,36.817070892466205,127.15903189215204,commerce_convstore_cheonan.csv
commerce,convstore,편의점,광덕산25,충청남도 천안시 동남구 광덕면 상사길 1,충청남도 천안시 동남구 광덕면 광덕리 650-18,36.67274088463947,127.04376591394316,commerce_convstore_cheonan.csv
commerce,convstore,편의점,이마트24천안모아엘가점,충청남도 천안시 서북구 성정공원7길 9,충청남도 천안시 서북구 성정동 1324,36.82964992260871,127.14198591047824,commerce_convstore_cheonan.csv
commerce,convstore,편의점,이마트24,충청남도 천안시 서북구 불당33길 26,충청남도 천안시 서북구 불당동 1617,36.812447495775864,127.10785954165522,commerce_convstore_cheonan.csv
commerce,convstore,편의점,이마트24풍세산단타운점,충청남도 천안시 동남구 풍세면 풍세산단로 18-12,충청남도 천안시 동남구 풍세면 보성리 580-46,36.72872877698896,127.1048997724571,commerce_convstore_cheonan.csv
commerce,convstore,편의점,이마트24R천안백석,충청남도 천안시 서북구 번영로 278-11,충청남도 천안시 서북구 백석동 924,36.82654384122223,127.11469257686387,commerce_convstore_cheonan.csv
commerce,convstore,편의점,씨유천안유관순체육관점,충청남도 천안시 서북구 번영로 208,충청남도 천안시 서북구 백석동 251,36.81874051499613,127.11526058161803,commerce_convstore_cheonan.csv
commerce,convstore,편의점,지에스25쌍용바른점,충청남도 천안시 서북구 충무로 5-47,충청남도 천안시 서북구 쌍용동 2070,36.78828133862945,127.11532966206339,commerce_convstore_cheonan.csv
commerce,convstore,편의점,구일,충청남도 천안시 동남구 만남의길 13,충청남도 천안시 동남구 신부동 37-32,36.823825502198815,127.16510414414658,commerce_convstore_cheonan.csv
commerce,convstore,편의점,씨유신부타운점,충청남도 천안시 동남구 터미널4길 15,충청남도 천안시 동남구 신부동 709,36.82105808075398,127.15902560394507,commerce_convstore_cheonan.csv
commerce,convstore,편의점,지에스25두정타운점,충청남도 천안시 서북구 원두정2길 35,충청남도 천안시 서북구 두정동 912,36.833542504604466,127.13564245709942,commerce_convstore_cheonan.csv
commerce,convstore,편의점,씨유천안신부,충청남도 천안시 동남구 방죽안5길 8,충청남도 천안시 동남구 신부동 328-17,36.82034845832805,127.15301722216722,commerce_convstore_cheonan.csv
commerce,convstore,편의점,지에스25청당,충청남도 천안시 동남구 청수6로 35-72,충청남도 천안시 동남구 청당동 554,36.78496478716904,127.1569972080335,commerce_convstore_cheonan.csv
commerce,convstore,편의점,세븐일레븐천안수신점,충청남도 천안시 동남구 수신면 수신로 409,충청남도 천안시 동남구 수신면 속창리 236-9,36.72938200308576,127.27944333047681,commerce_convstore_cheonan.csv
commerce,convstore,편의점,이마트24천안성환,충청남도 천안시 서북구 성환읍 율금1길 307,충청남도 천안시 서북구 성환읍 율금리 508-7,36.904449254578175,127.11246601260066,commerce_convstore_cheonan.csv
commerce,convstore,편의점,세븐일레븐안서어울림점,충청남도 천안시 동남구 문암1길 69-1,충청남도 천안시 동남구 안서동 352-13,36.839249242519784,127.17726886022955,commerce_convstore_cheonan.csv
commerce,convstore,편의점,이마트24천안신부,충청남도 천안시 동남구 신부12길 40-7,충청남도 천안시 동남구 신부동 504-21,36.817631639552204,127.16263611273499,commerce_convstore_cheonan.csv
commerce,convstore,편의점,지에스25용곡,충청남도 천안시 동남구 일봉로 105,충청남도 천안시 동남구 용곡동 213-3,36.78955494476107,127.13805569127868,commerce_convstore_cheonan.csv
commerce,convstore,편의점,신방마트천안신방2점,충청남도 천안시 동남구 통정2길 2,충청남도 천안시 동남구 신방동 1039,36.77872527214181,127.13008826352923,commerce_convstore_cheonan.csv
commerce,convstore,편의점,지에스25두정,충청남도 천안시 서북구 두정고8길 9,충청남도 천안시 서북구 두정동 1872,36.83810454417716,127.1318574056498,commerce_convstore_cheonan.csv
commerce,convstore,편의점,응응스크르천안,충청남도 천안시 서북구 한들3로 35-18,충청남도 천안시 서북구 백석동 1161,36.82688134560278,127.12228953939014,commerce_convstore_cheonan.csv
commerce,convstore,편의점,세븐일레븐천안쌍용일성점,충청남도 천안시 서북구 봉서5길 12,충청남도 천안시 서북구 쌍용동 820,36.80852467590562,127.13226003056013,commerce_convstore_cheonan.csv
commerce,convstore,편의점,씨유천안체육,충청남도 천안시 서북구 번영로 208,충청남도 천안시 서북구 백석동 251,36.81874051499613,127.11526058161803,commerce_convstore_cheonan.csv
commerce,convstore,편의점,씨유천안입장,충청남도 천안시 서북구 입장면 입장로 138,충청남도 천안시 서북구 입장면 하장리 76-6,36.913368904253346,127.22201367503692,commerce_convstore_cheonan.csv
commerce,convstore,편의점,씨유천안종합운동장점,충청남도 천안시 서북구 번영로 208,충청남도 천안시 서북구 백석동 251,36.81874051499613,127.11526058161803,commerce_convstore_cheonan.csv
commerce,convstore,편의점,씨유천안성정,충청남도 천안시 서북구 도원6길 8,충청남도 천안시 서북구 성정동 909,36.82030945335375,127.1323918134123,commerce_convstore_cheonan.csv
commerce,convstore,편의점,세븐일레븐천안수신,충청남도 천안시 동남구 수신면 수신로 472,충청남도 천안시 동남구 수신면 속창리 147-2,36.733036147983974,127.28470467326437,commerce_convstore_cheonan.csv
commerce,convstore,편의점,지에스25신방한성필점,충청남도 천안시 동남구 통정1로 38-17,충청남도 천안시 동남구 신방동 1070,36.77688016267085,127.13140717002938,commerce_convstore_cheonan.csv
commerce,convstore,편의점,씨유직산공단,충청남도 천안시 서북구 직산읍 상덕로 6,충청남도 천안시 서북구 직산읍 모시리 253-14,36.8678506038447,127.1186631304197,commerce_convstore_cheonan.csv
commerce,convstore,편의점,세븐천안두정아띠점,충청남도 천안시 서북구 부성7길 3,충청남도 천안시 서북구 두정동 1063,36.837253926715405,127.13421719006963,commerce_convstore_cheonan.csv
commerce,convstore,편의점,지에스25불당,충청남도 천안시 서북구 불당29길 18-1,충청남도 천안시 서북구 불당동 1796,36.80930541675363,127.10198285289803,commerce_convstore_cheonan.csv
commerce,convstore,편의점,세븐일레븐천안부송,충청남도 천안시 서북구 직산읍 부송1길 7,충청남도 천안시 서북구 직산읍 부송리 40-1,36.87494133442089,127.13817507737993,commerce_convstore_cheonan.csv
commerce,convstore,편의점,지에스25천안중앙고점,충청남도 천안시 동남구 충절로 85,충청남도 천안시 동남구 원성동 462-8,36.81139052031288,127.15864058601427,commerce_convstore_cheonan.csv
commerce,convstore,편의점,세븐일레븐순천향대천안,충청남도 천안시 동남구 순천향6길 31,충청남도 천안시 동남구 봉명동 216-8,36.802821407818406,127.13541967490896,commerce_convstore_cheonan.csv
commerce,convstore,편의점,씨유천안월봉청솔2단지,충청남도 천안시 서북구 월봉4로 84-9,충청남도 천안시 서북구 쌍용동 1557,36.794485553477884,127.1155378017147,commerce_convstore_cheonan.csv
commerce,convstore,편의점,씨유천안신방통정점,충청남도 천안시 동남구 통정8로 52,충청남도 천안시 동남구 신방동 2006,36.7694186499238,127.13168439012604,commerce_convstore_cheonan.csv
commerce,convstore,편의점,이마트24SMART천안불당,충청남도 천안시 서북구 불당17길 14,충청남도 천안시 서북구 불당동 757,36.808481665989845,127.11059257607563,commerce_convstore_cheonan.csv
commerce,convstore,편의점,지에스25뉴봉명,충청남도 천안시 동남구 봉서9길 17-1,충청남도 천안시 동남구 봉명동 475,36.81219418144229,127.13241463062052,commerce_convstore_cheonan.csv
commerce,convstore,편의점,씨유단국대천안생자관점,충청남도 천안시 동남구 단대로 119,충청남도 천안시 동남구 안서동 522,36.83595451915676,127.16521391827429,commerce_convstore_cheonan.csv
commerce,convstore,편의점,세븐일레븐천안백석,충청남도 천안시 동남구 문암5길 25,충청남도 천안시 동남구 안서동 107-12,36.842066459388164,127.18691955115835,commerce_convstore_cheonan.csv
commerce,convstore,편의점,씨유천안성남,충청남도 천안시 동남구 성남면 약수로 311,충청남도 천안시 동남구 성남면 석곡리 434-7,36.74188503957047,127.22163485548162,commerce_convstore_cheonan.csv
commerce,convstore,편의점,지에스25입장,충청남도 천안시 서북구 입장면 연곡길 222,충청남도 천안시 서북구 입장면 가산리 19-2,36.928440162510306,127.20295052639266,commerce_convstore_cheonan.csv
commerce,convstore,편의점,미니스톱천안월봉점,충청남도 천안시 서북구 불당11로 56,충청남도 천안시 서북구 불당동 1204,36.8034759307271,127.11217846187822,commerce_convstore_cheonan.csv
commerce,convstore,편의점,세븐천안성성센터점,충청남도 천안시 서북구 성성10길 57,충청남도 천안시 서북구 성성동 699,36.83994963108758,127.13549387575142,commerce_convstore_cheonan.csv
commerce,convstore,편의점,세븐일레븐천안백석엔리치점,충청남도 천안시 서북구 한들1로 152-10,충청남도 천안시 서북구 백석동 1072,36.835546386758,127.12033112223924,commerce_convstore_cheonan.csv
commerce,convstore,편의점,지에스25용곡,충청남도 천안시 동남구 용곡5길 36,충청남도 천안시 동남구 용곡동 243-1,36.79109759030701,127.13916861408417,commerce_convstore_cheonan.csv
commerce,convstore,편의점,씨유천안불당호반써밋점,충청남도 천안시 서북구 불당21로 40,충청남도 천안시 서북구 불당동 1613,36.81293991078114,127.10459425542898,commerce_convstore_cheonan.csv
commerce,convstore,편의점,이마트24천안성환,충청남도 천안시 서북구 성환읍 성환중앙로 25-1,충청남도 천안시 서북구 성환읍 성환리 449-800,36.91637056976334,127.12942333055592,commerce_convstore_cheonan.csv
commerce,convstore,편의점,데이앤데이,충청남도 천안시 서북구 성정공원3길 14,충청남도 천안시 서북구 성정동 1433,36.82585537426517,127.14236697582176,commerce_convstore_cheonan.csv
commerce,convstore,편의점,지에스25신방해피점,충청남도 천안시 동남구 통정11로 46,충청남도 천안시 동남구 신방동 1533,36.774435885638205,127.13197140185933,commerce_convstore_cheonan.csv
commerce,convstore,편의점,씨유천안두정,충청남도 천안시 서북구 원두정1길 16,충청남도 천안시 서북구 두정동 879,36.83167518228759,127.13418529987703,commerce_convstore_cheonan.csv
commerce,convstore,편의점,세븐일레븐천안병천점,충청남도 천안시 동남구 병천면 충절로 1900,충청남도 천안시 동남구 병천면 탑원리 108,36.765053072859594,127.31555228113186,commerce_convstore_cheonan.csv
commerce,convstore,편의점,마마트천안,충청남도 천안시 동남구 문암로 162,충청남도 천안시 동남구 안서동 84-4,36.84572418453823,127.18924043852641,commerce_convstore_cheonan.csv
commerce,convstore,편의점,씨유천안불당월봉고점,충청남도 천안시 서북구 불당11로 46-1,충청남도 천안시 서북구 불당동 1197,36.80370771725497,127.11104936939759,commerce_convstore_cheonan.csv
commerce,convstore,편의점,씨유단국대천안도서관점,충청남도 천안시 동남구 단대로 119,충청남도 천안시 동남구 안서동 산29,36.83595451915676,127.16521391827429,commerce_convstore_cheonan.csv
commerce,convstore,편의점,씨유천안병천아우내점,충청남도 천안시 동남구 병천면 아우내순대길 13,충청남도 천안시 동남구 병천면 병천리 289-3,36.75928800720011,127.29699093140529,commerce_convstore_cheonan.csv
commerce,convstore,편의점,세븐천안입장점주,충청남도 천안시 서북구 입장면 성진로 729,충청남도 천안시 서북구 입장면 신두리 23-2,36.91317353470282,127.2120632162978,commerce_convstore_cheonan.csv
commerce,convstore,편의점,이마트24천안우남점,충청남도 천안시 서북구 두정역서5길 4,충청남도 천안시 서북구 두정동 1612,36.83754706738604,127.14586501553812,commerce_convstore_cheonan.csv
commerce,convstore,편의점,지에스25풍세원룸점,충청남도 천안시 동남구 풍세면 돈마루1길 167-14,충청남도 천안시 동남구 풍세면 용정리 853-95,36.73266365133998,127.09635176353953,commerce_convstore_cheonan.csv
commerce,convstore,편의점,씨유천안쌍용,충청남도 천안시 서북구 월봉4로 43,충청남도 천안시 서북구 쌍용동 1782,36.790932777232335,127.11497869028186,commerce_convstore_cheonan.csv
commerce,convstore,편의점,세븐일레븐천안청수,충청남도 천안시 동남구 청수14로 13,충청남도 천안시 동남구 청당동 466,36.786559468387495,127.1483068161434,commerce_convstore_cheonan.csv
commerce,convstore,편의점,씨유천안두정,충청남도 천안시 서북구 오성6길 17,충청남도 천안시 서북구 두정동 568,36.83208287517638,127.12938434367261,commerce_convstore_cheonan.csv
commerce,convstore,편의점,씨유천안신흥초점,충청남도 천안시 동남구 목천읍 신계5길 38-1,충청남도 천안시 동남구 목천읍 신계리 107-20,36.77310769414733,127.2151581819462,commerce_convstore_cheonan.csv
commerce,convstore,편의점,지에스25신부베스트,충청남도 천안시 동남구 터미널8길 14,충청남도 천안시 동남구 신부동 702,36.82180814623089,127.15884351543696,commerce_convstore_cheonan.csv
commerce,convstore,편의점,씨유천안4공단점,충청남도 천안시 서북구 직산읍 4산단7로 34,충청남도 천안시 서북구 직산읍 모시리 237-15,36.86358737597213,127.12444747236566,commerce_convstore_cheonan.csv
commerce,convstore,편의점,지에스25백석대타운점,충청남도 천안시 동남구 문암4길 7,충청남도 천안시 동남구 안서동 378-4,36.841158853891606,127.18007142425292,commerce_convstore_cheonan.csv
commerce,convstore,편의점,GS25,충청남도 천안시 서북구 원두정2길 21,충청남도 천안시 서북구 두정동 886-1,36.83219458014654,127.13547905354923,commerce_convstore_cheonan.csv
commerce,convstore,편의점,세븐일레븐천안,충청남도 천안시 동남구 성남면 신사대화로 148,충청남도 천안시 동남구 성남면 신사리 332-1,36.74228631430568,127.23639821801851,commerce_convstore_cheonan.csv
commerce,convstore,편의점,씨유천안성정보건소점,충청남도 천안시 서북구 서부3길 7,충청남도 천안시 서북구 성정동 681-8,36.81923748475131,127.13921164338628,commerce_convstore_cheonan.csv
commerce,convstore,편의점,세븐천안성정2점,충청남도 천안시 서북구 양지18길 9,충청남도 천안시 서북구 성정동 742-3,36.811882251687116,127.14024641276207,commerce_convstore_cheonan.csv
commerce,convstore,편의점,씨유천안스마일시티점,충청남도 천안시 서북구 밤개울1길 1-7,충청남도 천안시 서북구 차암동 462,36.840558472177115,127.10163035398057,commerce_convstore_cheonan.csv
commerce,convstore,편의점,지에스25천안그랜드점,충청남도 천안시 서북구 두정역동2길 2,충청남도 천안시 서북구 두정동 1721,36.835350019987004,127.15086530790411,commerce_convstore_cheonan.csv
commerce,convstore,편의점,세븐순천향대천안병원점,충청남도 천안시 동남구 순천향6길 31,충청남도 천안시 동남구 봉명동 216-8,36.802821407818406,127.13541967490896,commerce_convstore_cheonan.csv
commerce,convstore,편의점,지에스25뉴불당펜타포트점,충청남도 천안시 서북구 공원로 195,충청남도 천안시 서북구 불당동 1292,36.79976768245643,127.100681643209,commerce_convstore_cheonan.csv
commerce,convstore,편의점,이마트24천안신방통정점,충청남도 천안시 동남구 통정6로 6,충청남도 천안시 동남구 신방동 1823,36.772795137486895,127.13553465926533,commerce_convstore_cheonan.csv
commerce,convstore,편의점,미니스톱청당,충청남도 천안시 동남구 청수7로 13-1,충청남도 천안시 동남구 청당동 782,36.78372437267408,127.1605807673649,commerce_convstore_cheonan.csv
commerce,convstore,편의점,옐로우스푼,충청남도 천안시 서북구 스마일시티2로 1,충청남도 천안시 서북구 차암동 550,36.84622114436745,127.10800264328,commerce_convstore_cheonan.csv
commerce,convstore,편의점,이마트24천안야구장점,충청남도 천안시 동남구 천안대로 234,충청남도 천안시 동남구 삼룡동 384-1,36.76937014911506,127.16617583428052,commerce_convstore_cheonan.csv
commerce,convstore,편의점,지에스25우신교차로점,충청남도 천안시 서북구 성환읍 신방로 306,충청남도 천안시 서북구 성환읍 송덕리 181-1,36.9252554251716,127.11234006879783,commerce_convstore_cheonan.csv
commerce,convstore,편의점,세븐일레븐천안불당,충청남도 천안시 서북구 불당6길 9,충청남도 천안시 서북구 불당동 1229,36.80298165665014,127.11083062962592,commerce_convstore_cheonan.csv
commerce,convstore,편의점,씨유천안신방,충청남도 천안시 동남구 풍세로 601,충청남도 천안시 동남구 신방동 251-7,36.76675050577587,127.13115025185813,commerce_convstore_cheonan.csv
commerce,convstore,편의점,지에스25직산휴게소점,충청남도 천안시 서북구 직산읍 삼사로 1338,충청남도 천안시 서북구 직산읍 군서리 33-3,36.89580416556257,127.15977821249008,commerce_convstore_cheonan.csv
commerce,convstore,편의점,365플러스,충청남도 천안시 서북구 성정두정로 70,충청남도 천안시 서북구 두정동 1464,36.831925800571256,127.14215964465417,commerce_convstore_cheonan.csv
commerce,convstore,편의점,GS25성정주공점,충청남도 천안시 서북구 동서대로 110-21,충청남도 천안시 서북구 성정동 544,36.82435001567498,127.1350483113705,commerce_convstore_cheonan.csv
commerce,convstore,편의점,지에스25천안우방점,충청남도 천안시 동남구 중앙로 279,충청남도 천안시 동남구 신부동 319-27,36.82313440048008,127.1523914557403,commerce_convstore_cheonan.csv
commerce,convstore,편의점,지에스25신방프라자,충청남도 천안시 동남구 충무로 158-35,충청남도 천안시 동남구 신방동 62-10,36.79105472887019,127.12608581978084,commerce_convstore_cheonan.csv
commerce,convstore,편의점,지에스25신방,충청남도 천안시 동남구 통정5로 8,충청남도 천안시 동남구 신방동 2045,36.770929082158425,127.12954666924445,commerce_convstore_cheonan.csv
commerce,convstore,편의점,이마트24은혜관점,충청남도 천안시 동남구 백석대학로 1-7,충청남도 천안시 동남구 안서동 393,36.838658752890204,127.18166081348512,commerce_convstore_cheonan.csv
commerce,convstore,편의점,데이앤데이천안역점,충청남도 천안시 동남구 버들로 21,충청남도 천안시 동남구 문화동 63-9,36.8087898192759,127.15055125688077,commerce_convstore_cheonan.csv
commerce,convstore,편의점,씨유천안제2,충청남도 천안시 서북구 2공단6길 26,충청남도 천안시 서북구 차암동 12-4,36.85530375445746,127.12026285027765,commerce_convstore_cheonan.csv
commerce,convstore,편의점,이마트24천안불당리치점,충청남도 천안시 서북구 불당25로 146,충청남도 천안시 서북구 불당동 1541,36.81418431830341,127.10773692161897,commerce_convstore_cheonan.csv
commerce,convstore,편의점,방죽안슈퍼,충청남도 천안시 동남구 중앙로 225,충청남도 천안시 동남구 신부동 367-10,36.818278549636624,127.15213157312859,commerce_convstore_cheonan.csv
commerce,convstore,편의점,GS25한기대실학관점,충청남도 천안시 서북구 과수원길 18,충청남도 천안시 서북구 부대동 415-1,36.841822811871786,127.14485530915876,commerce_convstore_cheonan.csv
commerce,convstore,편의점,세븐일레븐천안백석햇살점,충청남도 천안시 서북구 백석4길 31,충청남도 천안시 서북구 백석동 882,36.82193494579739,127.12361051201545,commerce_convstore_cheonan.csv
commerce,convstore,편의점,지에스25천안성정아너스점,충청남도 천안시 서북구 축구센터로 100,충청남도 천안시 서북구 성정동 110-6,36.8171837196493,127.14719560013697,commerce_convstore_cheonan.csv
commerce,convstore,편의점,세븐천안목천대로점,충청남도 천안시 동남구 목천읍 충절로 921,충청남도 천안시 동남구 목천읍 신계리 166-21,36.77509476686046,127.21204021942651,commerce_convstore_cheonan.csv
commerce,convstore,편의점,세븐일레븐천안문화대자유관점,충청남도 천안시 동남구 백석대학로 1-2,충청남도 천안시 동남구 안서동 393,36.83856783492639,127.18303882913096,commerce_convstore_cheonan.csv
commerce,convstore,편의점,코리아세븐천안성환,충청남도 천안시 서북구 성환읍 성환11길 40,충청남도 천안시 서북구 성환읍 성환리 371-2,36.91630001230738,127.13217163633615,commerce_convstore_cheonan.csv
commerce,convstore,편의점,세븐일레븐천안성정SK점,충청남도 천안시 서북구 도원2길 38,충청남도 천안시 서북구 성정동 814,36.822053755930426,127.13467973260943,commerce_convstore_cheonan.csv
commerce,convstore,편의점,세븐일레븐천안성거,충청남도 천안시 서북구 성거읍 천흥4길 88,충청남도 천안시 서북구 성거읍 천흥리 215-23,36.87293520786223,127.21059465047132,commerce_convstore_cheonan.csv
commerce,convstore,편의점,지에스25성정봉정점,충청남도 천안시 서북구 봉정로 202,충청남도 천안시 서북구 성정동 664-12,36.82003567009121,127.14340470963796,commerce_convstore_cheonan.csv
commerce,convstore,편의점,지에스25불당명품,충청남도 천안시 서북구 검은들3길 25,충청남도 천안시 서북구 불당동 707,36.81159800268506,127.1098482320312,commerce_convstore_cheonan.csv
commerce,convstore,편의점,CU천안봉명청솔점,충청남도 천안시 서북구 봉서5길 23-1,충청남도 천안시 서북구 쌍용동 800,36.809579878502184,127.13226290516904,commerce_convstore_cheonan.csv
commerce,convstore,편의점,미니스톱두정타운점,충청남도 천안시 서북구 원두정8길 6,충청남도 천안시 서북구 두정동 899,36.832293076817756,127.13377467996068,commerce_convstore_cheonan.csv
commerce,convstore,편의점,세븐일레븐천안성정,충청남도 천안시 서북구 봉정로 248-9,충청남도 천안시 서북구 성정동 635-30,36.8239893815864,127.14525101704142,commerce_convstore_cheonan.csv
commerce,convstore,편의점,세븐일레븐천안직산군동점,충청남도 천안시 서북구 직산읍 직산안길 48,충청남도 천안시 서북구 직산읍 군동리 108-2,36.90087267058114,127.16376475605794,commerce_convstore_cheonan.csv
commerce,convstore,편의점,지에스25천안문화중앙,충청남도 천안시 동남구 먹거리5길 12,충청남도 천안시 동남구 신부동 466-8,36.81727492192024,127.1577313112837,commerce_convstore_cheonan.csv
commerce,convstore,편의점,씨유천안성거모시울점,충청남도 천안시 서북구 성거읍 모시울1길 58,충청남도 천안시 서북구 성거읍 저리 191-22,36.88511901022366,127.19889993294501,commerce_convstore_cheonan.csv
commerce,convstore,편의점,씨유공단휴게소점,충청남도 천안시 서북구 2공단1로 55,충청남도 천안시 서북구 성성동 483-35,36.84850010915805,127.11743037235529,commerce_convstore_cheonan.csv
commerce,convstore,편의점,세븐일레븐남서울대성월점,충청남도 천안시 서북구 성환읍 성월2길 55,충청남도 천안시 서북구 성환읍 성월리 130-7,36.91632369186803,127.14024479579456,commerce_convstore_cheonan.csv
commerce,convstore,편의점,이마트24천안단대점,충청남도 천안시 동남구 단대로 131,충청남도 천안시 동남구 신부동 215-16,36.83039289338801,127.16449391857407,commerce_convstore_cheonan.csv
commerce,convstore,편의점,씨유천안청광점,충청남도 천안시 동남구 중앙로 265-16,충청남도 천안시 동남구 신부동 886-2,36.82220346563991,127.1510040976155,commerce_convstore_cheonan.csv
commerce,convstore,편의점,씨유천안두정타운점,충청남도 천안시 서북구 오성로 85,충청남도 천안시 서북구 두정동 838,36.8304784212073,127.13695983646359,commerce_convstore_cheonan.csv
commerce,convstore,편의점,미니스톱삼성,충청남도 천안시 서북구 3공단5로 58,충청남도 천안시 서북구 성성동 511,36.838986483717086,127.11591392632418,commerce_convstore_cheonan.csv
commerce,convstore,편의점,세븐일레븐천안위례성점,충청남도 천안시 동남구 북면 위례성로 727,충청남도 천안시 동남구 북면 오곡리 392-7,36.82710195906622,127.27241985242793,commerce_convstore_cheonan.csv
commerce,convstore,편의점,씨유천안승천점,충청남도 천안시 동남구 목천읍 성남로 19,충청남도 천안시 동남구 목천읍 천정리 109-5,36.76966989657471,127.20669659095893,commerce_convstore_cheonan.csv
commerce,convstore,편의점,세븐일레븐천안쌍용베스트점,충청남도 천안시 서북구 미라14길 6,충청남도 천안시 서북구 쌍용동 930,36.80588502343129,127.12862508759447,commerce_convstore_cheonan.csv
commerce,convstore,편의점,세븐일레븐천안목천마론점,충청남도 천안시 동남구 목천읍 삼방로 221,충청남도 천안시 동남구 목천읍 서리 25-1,36.7859696225828,127.23733228625092,commerce_convstore_cheonan.csv
commerce,convstore,편의점,씨유천안뉴봉명태평양점,충청남도 천안시 동남구 차돌로 105-1,충청남도 천안시 동남구 봉명동 18-13,36.80281961680438,127.14181684754175,commerce_convstore_cheonan.csv
commerce,convstore,편의점,세븐일레븐천안두정,충청남도 천안시 서북구 오성1길 24,충청남도 천안시 서북구 두정동 561-9,36.83263631504787,127.1282230016733,commerce_convstore_cheonan.csv
commerce,convstore,편의점,지에스25천안원성천점,충청남도 천안시 동남구 원성천1길 149,충청남도 천안시 동남구 원성동 479-14,36.808450854189175,127.16172468204772,commerce_convstore_cheonan.csv
commerce,convstore,편의점,씨유천안성정리젠다점,충청남도 천안시 서북구 동서대로 129-22,충청남도 천안시 서북구 성정동 1523,36.82782188034698,127.13794645614014,commerce_convstore_cheonan.csv
commerce,convstore,편의점,GS25천안하늘빛점,충청남도 천안시 서북구 성거읍 소우문덕길 1,충청남도 천안시 서북구 성거읍 문덕리 190-2,36.876971703675665,127.182465075159,commerce_convstore_cheonan.csv
commerce,convstore,편의점,세븐일레븐천안쌍용,충청남도 천안시 서북구 차돌들길 7,충청남도 천안시 서북구 쌍용동 210-8,36.797514125777504,127.12895351166233,commerce_convstore_cheonan.csv
commerce,convstore,편의점,지에스25두정,충청남도 천안시 서북구 두정중11길 51,충청남도 천안시 서북구 두정동 1581,36.83787959839534,127.14395950915745,commerce_convstore_cheonan.csv
commerce,convstore,편의점,지에스25두정프라점,충청남도 천안시 서북구 두정상가1길 27,충청남도 천안시 서북구 두정동 1283,36.83284239529483,127.13883623742905,commerce_convstore_cheonan.csv
commerce,convstore,편의점,씨유천안신계리BNC점,충청남도 천안시 동남구 목천읍 충절로 869,충청남도 천안시 동남구 목천읍 신계리 291-4,36.772099264941474,127.20745917080363,commerce_convstore_cheonan.csv
commerce,convstore,편의점,씨유단국대천안인문과학관점,충청남도 천안시 동남구 단대로 119,충청남도 천안시 동남구 안서동 산29,36.83595451915676,127.16521391827429,commerce_convstore_cheonan.csv
commerce,convstore,편의점,씨유천안두정한성점,충청남도 천안시 서북구 봉정로 362,충청남도 천안시 서북구 두정동 160,36.83430873275832,127.14580321144656,commerce_convstore_cheonan.csv
commerce,convstore,편의점,세븐천안성정한빛점,충청남도 천안시 서북구 서부6길 29,충청남도 천안시 서북구 성정동 659-5,36.82124287778013,127.14262631944429,commerce_convstore_cheonan.csv
commerce,convstore,편의점,GS25백석생활관,충청남도 천안시 동남구 백석대학로 1-1,충청남도 천안시 동남구 안서동 115,36.840575748018146,127.18487300927809,commerce_convstore_cheonan.csv
commerce,convstore,편의점,토마트24두정점,충청남도 천안시 서북구 봉정로 397,충청남도 천안시 서북구 두정동 1567,36.83756558770167,127.14539295085632,commerce_convstore_cheonan.csv
commerce,convstore,편의점,지에스25백석대점,충청남도 천안시 동남구 문암로 73,충청남도 천안시 동남구 안서동 379-51,36.84137871445041,127.18118228093327,commerce_convstore_cheonan.csv
commerce,convstore,편의점,GS25성정,충청남도 천안시 서북구 도원2길 18,충청남도 천안시 서북구 성정동 870,36.82028055916934,127.13422572406482,commerce_convstore_cheonan.csv
commerce,convstore,편의점,지에스25직산삼은점,충청남도 천안시 서북구 직산읍 삼은5길 11,충청남도 천안시 서북구 직산읍 삼은리 74-15,36.87946818759681,127.15118699460734,commerce_convstore_cheonan.csv
commerce,convstore,편의점,지에스25성정아트빌점,충청남도 천안시 서북구 성정중1길 30-13,충청남도 천안시 서북구 성정동 1141,36.83002511189013,127.13524387460785,commerce_convstore_cheonan.csv
commerce,convstore,편의점,세븐천안신부중앙점주,충청남도 천안시 동남구 먹거리8길 31,충청남도 천안시 동남구 신부동 465-11,36.81737836394809,127.15660769852632,commerce_convstore_cheonan.csv
commerce,convstore,편의점,세븐일레븐천안직산,충청남도 천안시 서북구 직산읍 상덕로 107,충청남도 천안시 서북구 직산읍 자은가리 85-1,36.876659599721656,127.12042122326223,commerce_convstore_cheonan.csv
commerce,convstore,편의점,세븐천안두정해성점,충청남도 천안시 서북구 두정고5길 17,충청남도 천안시 서북구 두정동 1957,36.83486657826339,127.13147346569735,commerce_convstore_cheonan.csv
commerce,convstore,편의점,세븐천안공대점,충청남도 천안시 서북구 천안대로 1221,충청남도 천안시 서북구 신당동 251-14,36.85024834080053,127.1549218302326,commerce_convstore_cheonan.csv
commerce,convstore,편의점,지에스25목천동우점,충청남도 천안시 동남구 목천읍 신계1길 41,충청남도 천안시 동남구 목천읍 신계리 422,36.773428193462045,127.19306285989187,commerce_convstore_cheonan.csv
commerce,convstore,편의점,지에스25불당호반점,충청남도 천안시 서북구 불당19로 200,충청남도 천안시 서북구 불당동 1811,36.80758847116288,127.10490255723448,commerce_convstore_cheonan.csv
commerce,commercial_area,market,성정시장,충청남도 천안시 서북구 양지21길 31,충청남도 천안시 서북구 성정동 736-7,36.81267105,127.1392027,commerce_market_cheonan.csv
commerce,commercial_area,market,천안역전시장,충청남도 천안시 동남구 공설시장2길 15,충청남도 천안시 동남구 대흥동 10-12,36.81006288,127.1498779,commerce_market_cheonan.csv
commerce,commercial_area,market,천안중앙시장(구 남산중앙시장),충청남도 천안시 동남구 사직2길 19 (남산중앙시장상인회),충청남도 천안시 동남구 사직동 263,36.80032317,127.1484498,commerce_market_cheonan.csv
commerce,commercial_area,market,병천시장,충청남도 천안시 동남구 병천면 아우내장터1길 46,충청남도 천안시 동남구 병천면 병천리 163-2,36.76242111,127.2981701,commerce_market_cheonan.csv
commerce,commercial_area,market,성환이화시장,충청남도 천안시 서북구 성환읍 종합시장길 17,충청남도 천안시 서북구 성환읍 성환리 449-1111,36.91925493,127.1298906,commerce_market_cheonan.csv
commerce,commercial_area,market,자유시장,,충청남도 천안시 성황동 86번지 2호,,,commerce_market_cheonan.csv
commerce,commercial_area,market,중앙시장,,충청남도 천안시 동남구 병천면 병천리 360번지 1호,,,commerce_market_cheonan.csv
commerce,commercial_area,market,천일시장,,충청남도 천안시 서북구 성환읍 성환리 449번지 1호,,,commerce_market_cheonan.csv
commerce,commercial_area,shoppingmall,성정프라자,,충청남도 천안시 성정동 658번지 1   호,,,commerce_shoppingmall_cheonan.csv
commerce,commercial_area,shoppingmall,(주)메가마트 메가도매센터 천안점,충청남도 천안시 서북구 천안대로 1348 (신당동),충청남도 천안시 서북구 신당동 452번지 3호,36.86164273197967,127.152302232904,commerce_shoppingmall_cheonan.csv
commerce,commercial_area,shoppingmall,천안역 지하상가,충청남도 천안시 동남구 버들로 지하 2 (대흥동),충청남도 천안시 대흥동 30번지 7호,36.80958060505778,127.14850664051121,commerce_shoppingmall_cheonan.csv
commerce,commercial_area,shoppingmall,신세계백화점 천안아산점,"충청남도 천안시 동남구 만남로 43, 신세계백화점 천안아산점  (신부동)",충청남도 천안시 동남구 신부동 354-1 신세계백화점 천안아산점,36.82028316903868,127.15670871795359,commerce_shoppingmall_cheonan.csv
commerce,commercial_area,shoppingmall,우성(아)단지상가,,충청남도 천안시 서북구 직산읍 부송리 산22호,,,commerce_shoppingmall_cheonan.csv
commerce,commercial_area,shoppingmall,롯데쇼핑(주)롯데마트천안점,충청남도 천안시 서북구 월봉로 95 (쌍용동),충청남도 천안시 서북구 쌍용동 1367번지,36.800195626075585,127.11677245354714,commerce_shoppingmall_cheonan.csv
commerce,commercial_area,shoppingmall,각원사 레저센터,충청남도 천안시 동남구 각원사길 191 (안서동),충청남도 천안시 안서동 159번지 10호,36.83379484408831,127.190621715597,commerce_shoppingmall_cheonan.csv
commerce,commercial_area,shoppingmall,동우(아)상가,충청남도 천안시 동남구 목천읍 신계1길 41,충청남도 천안시 동남구 목천읍 신계리 422호,36.77201702983396,127.19388031304571,commerce_shoppingmall_cheonan.csv
commerce,commercial_area,shoppingmall,초원그린타운상가,,충청남도 천안시 동남구 신방동 77번지 4호,,,commerce_shoppingmall_cheonan.csv
commerce,commercial_area,shoppingmall,르씨엘 패션 쇼핑블럭,충청남도 천안시 동남구 옛시청길 6 (대흥동),충청남도 천안시 대흥동 165호,36.80690638641032,127.14797850416466,commerce_shoppingmall_cheonan.csv
commerce,commercial_area,shoppingmall,이마트 천안점,"충청남도 천안시 서북구 충무로 187, E 마트 (쌍용동)",충청남도 천안시 서북구 쌍용동 191번지 E 마트,36.79606150443772,127.12724558648398,commerce_shoppingmall_cheonan.csv
commerce,commercial_area,shoppingmall,천안산업기자재유통단지,충청남도 천안시 동남구 신촌로 24 (신방동),충청남도 천안시 동남구 신방동 784번지 1  호,36.78770815924083,127.12144924707381,commerce_shoppingmall_cheonan.csv
commerce,commercial_area,shoppingmall,롯데쇼핑(주)롯데마트성정점,충청남도 천안시 서북구 성정두정로 1 (성정동),충청남도 천안시 서북구 성정동 1486번지,36.826247192183324,127.13999986754244,commerce_shoppingmall_cheonan.csv
commerce,commercial_area,shoppingmall,캐럿21,,충청남도 천안시 신부동 451번지 1호,36.818435088162474,127.1525900683344,commerce_shoppingmall_cheonan.csv
commerce,commercial_area,shoppingmall,한화갤러리아(주) 센터시티,충청남도 천안시 서북구 공원로 227 (불당동),충청남도 천안시 서북구 불당동 1299번지,36.80045874995928,127.10468903405743,commerce_shoppingmall_cheonan.csv
commerce,commercial_area,shoppingmall,이마트  천안터미널점,충청남도 천안시 동남구 만남로 43 (신부동),충청남도 천안시 동남구 신부동 354번지 1호,36.82028316903868,127.15670871795359,commerce_shoppingmall_cheonan.csv
commerce,commercial_area,shoppingmall,이마트 서북점,충청남도 천안시 서북구 삼성대로 20 (백석동),충청남도 천안시 서북구 성성동 천안물류단지 상A4-1,36.83853957103652,127.12217853862357,commerce_shoppingmall_cheonan.csv
commerce,commercial_area,shoppingmall,(주)지에스리테일 천안점,충청남도 천안시 동남구  충절로  148 (원성동),충청남도 천안시 동남구 원성동 126번지 3호,36.805394818544045,127.15839398762297,commerce_shoppingmall_cheonan.csv
commerce,commercial_area,shoppingmall,롯데쇼핑(주)롯데슈퍼 신부점,충청남도 천안시 동남구 신부7길 5-1 (신부동),충청남도 천안시 동남구 신부동 84번지 1호,36.81526701435724,127.15856568811334,commerce_shoppingmall_cheonan.csv
commerce,commercial_area,shoppingmall,펜타포트 복합쇼핑몰,"충청남도 천안시 서북구 공원로 196 (불당동, 외1)",충청남도 천안시 서북구 불당동 1289번지 외1,36.7982884126686,127.10137535072045,commerce_shoppingmall_cheonan.csv
commerce,commercial_area,shoppingmall,코스트코 홀세일 천안점,충청남도 천안시 서북구 3공단6로 77 (차암동),충청남도 천안시 서북구 차암동 제3일반산업단지내 지원시설 B1블럭,36.84261125106645,127.10526868528649,commerce_shoppingmall_cheonan.csv
commerce,commercial_area,shoppingmall,펜타포트 복합쇼핑몰,"충청남도 천안시 서북구 공원로 196 (불당동,펜타포트(1~3층))",충청남도 천안시 서북구 불당동 1289번지 펜타포트(1~3층),36.7982884126686,127.10137535072045,commerce_shoppingmall_cheonan.csv
commerce,commercial_area,shoppingmall,원랜드 패션몰,충청남도 천안시 서북구 음봉로 891 (백석동),,36.82457149263201,127.10588508375945,commerce_shoppingmall_cheonan.csv
commerce,commercial_area,shoppingmall,마치에비뉴,충청남도 천안시 서북구 한들1로 196 (백석동),,36.83789604572428,127.11923478132675,commerce_shoppingmall_cheonan.csv
commerce,commercial_area,shoppingmall,맘마마트 천안점,충청남도 천안시 서북구 월봉로 95 (쌍용동),충청남도 천안시 서북구 쌍용동 1367,36.800195626075585,127.11677245354714,commerce_shoppingmall_cheonan.csv
commerce,commercial_area,shoppingmall,대하식자재마트 천안점,충청남도 천안시 서북구 월봉로 95 (쌍용동),충청남도 천안시 서북구 쌍용동 1367,36.800195626075585,127.11677245354714,commerce_shoppingmall_cheonan.csv
commerce,commercial_area,shoppingmall,GS THR FRESH 천안극동점,"충청남도 천안시 동남구 풍세로 933, 단지내상가112호~115호동 (다가동, 천안극동스타클래스 더퍼스트)",충청남도 천안시 동남구 다가동 30 천안극동스타클래스 더퍼스트,36.79239219763249,127.14890550166055,commerce_shoppingmall_cheonan.csv
medical,hospital,한의원,100혈9침한의원,"충청남도 천안시 서북구 성정중7길 39-1, 2층 (성정동)",,36.8287319,127.137373,medical_hospital_cheonan.csv
medical,hospital,한의원,123한의원,"충청남도 천안시 동남구 대흥로 127, (사직동, 천안세브란스의원)",,36.8005598,127.1485189,medical_hospital_cheonan.csv
medical,hospital,한의원,123한의원,"충청남도 천안시 서북구 입장면 입장로 130, 2층",,36.9127194,127.2218806,medical_hospital_cheonan.csv
medical,hospital,치과의원,35스마트플란트치과의원,"충청남도 천안시 동남구 만남로 15, 민현빌딩 4층 (신부동)",,36.8190772,127.1539439,medical_hospital_cheonan.csv
medical,hospital,한의원,365경희한의원,"충청남도 천안시 서북구 불당22대로 67, 강남프라자 5층 502호 (불당동)",,36.8165302,127.1065681,medical_hospital_cheonan.csv
medical,hospital,치과의원,365아홉가지약속치과의원,"충청남도 천안시 동남구 만남로 18, 2층 (신부동)",,36.8184252,127.1540122,medical_hospital_cheonan.csv
medical,hospital,의원,365엠씨의원,"충청남도 천안시 서북구 불당21로 67-26, 2층 204,205호 (불당동)",,36.8147888,127.1087327,medical_hospital_cheonan.csv
medical,hospital,의원,365열린메디컬의원,"충청남도 천안시 서북구 쌍용대로 348, 2층 202,202-1호 (성정동, 에프엠21)",,36.8283783,127.1380234,medical_hospital_cheonan.csv
medical,hospital,의원,365웰니스의원,"충청남도 천안시 서북구 충무로 172, 범양건영 2,3,5층 (쌍용동)",,36.7939998,127.1264606,medical_hospital_cheonan.csv
medical,hospital,의원,CNP차앤박피부과의원,"충청남도 천안시 서북구 불당33길 24, 6층 602,603,604호 (불당동)",,36.8124074,127.1082039,medical_hospital_cheonan.csv
medical,hospital,의원,JS메디칼내과외과정형외과의원,"충청남도 천안시 서북구 직산읍 봉주로 51, (직산읍)",,36.8775039,127.152227,medical_hospital_cheonan.csv
medical,hospital,치과의원,NY단치과의원,"충청남도 천안시 동남구 통정5로 67, 2층 (신방동)",,36.7751058,127.1337465,medical_hospital_cheonan.csv
medical,hospital,병원,SG삼성조은병원,"충청남도 천안시 서북구 불당25로 200, 2,3,4,5층 (불당동)",,36.8188843,127.109134,medical_hospital_cheonan.csv
medical,hospital,치과의원,SM스마트치과의원,"충청남도 천안시 동남구 청수11로 13-11, 9층 (청당동)",,36.7833512,127.15364,medical_hospital_cheonan.csv
medical,hospital,의원,S라인V라인의원,"충청남도 천안시 서북구 불당21로 71, 3층 301호 (불당동)",,36.8129631,127.1081762,medical_hospital_cheonan.csv
medical,hospital,의원,W여성외과의원,"충청남도 천안시 서북구 불당25로 176, 4층 401~403호 (불당동)",,36.8161757,127.1091449,medical_hospital_cheonan.csv
medical,hospital,의원,가나다소아청소년과의원,"충청남도 천안시 서북구 업성수변로 94, 2층 203호 (성성동)",,36.8473298,127.1403033,medical_hospital_cheonan.csv
medical,hospital,요양병원,가야요양병원,"충청남도 천안시 동남구 영성로 7, (영성동, 가야요양병원)",,36.7989313,127.1505959,medical_hospital_cheonan.csv
medical,hospital,치과병원,가온치과병원,"충청남도 천안시 서북구 동서대로 129, (성정동)",,36.8262114,127.1378027,medical_hospital_cheonan.csv
medical,hospital,한의원,가온한의원,"충청남도 천안시 동남구 청수4로 10, 3층 305,306호 (청당동)",,36.7827604,127.1529449,medical_hospital_cheonan.csv
medical,hospital,치과의원,가지런-e치과교정과치과의원,"충청남도 천안시 서북구 불당33길 24, 3층 303호 (불당동)",,36.8124074,127.1082039,medical_hospital_cheonan.csv
medical,hospital,의원,가톨릭성모의원,"충청남도 천안시 동남구 대흥로 256, (대흥동, 홍익빌딩)",,36.8106782,127.1487218,medical_hospital_cheonan.csv
medical,hospital,의원,가톨릭정형외과의원,"충청남도 천안시 서북구 월봉로 122, 2층 202-205호 (쌍용동)",,36.8014806,127.1188958,medical_hospital_cheonan.csv
medical,hospital,치과의원,가톨릭치과의원,"충청남도 천안시 서북구 불당34길 18, 2층 (불당동)",,36.8064529,127.1064318,medical_hospital_cheonan.csv
medical,hospital,의원,가톨릭피부과의원,"충청남도 천안시 서북구 불당34길 18, 2층 (불당동)",,36.8064529,127.1064318,medical_hospital_cheonan.csv
medical,hospital,치과의원,강치과의원,"충청남도 천안시 동남구 터미널2로 12, 3층 (신부동, 신부빌딩)",,36.8200291,127.158409,medical_hospital_cheonan.csv
medical,hospital,의원,갤러리아의원,"충청남도 천안시 서북구 공원로 219, 3층 301~309호 (불당동)",,36.8001848,127.1036262,medical_hospital_cheonan.csv
medical,hospital,치과의원,갤러리치과의원,"충청남도 천안시 동남구 터미널9길 25, (신부동, 신비할인마트)",,36.823179,127.1554666,medical_hospital_cheonan.csv
medical,hospital,한의원,경여당중국한의원,"충청남도 천안시 동남구 버들로 59, (원성동, 경여당중국한의원)",,36.8064795,127.1528467,medical_hospital_cheonan.csv
medical,hospital,한의원,경희광장한의원,"충청남도 천안시 동남구 큰시장길 36, (영성동)",,36.8019028,127.1507181,medical_hospital_cheonan.csv
medical,hospital,한의원,경희나라한의원,"충청남도 천안시 동남구 청수11로 11, 3층 (청당동)",,36.7831608,127.1537221,medical_hospital_cheonan.csv
medical,hospital,한의원,경희상록수한의원,"충청남도 천안시 서북구 쌍용17길 53, 2층 (쌍용동)",,36.7955605,127.1228744,medical_hospital_cheonan.csv
medical,hospital,한의원,경희약손한의원,"충청남도 천안시 서북구 봉명로 20, 2층 202호 (쌍용동)",,36.8074995,127.1305186,medical_hospital_cheonan.csv
medical,hospital,한의원,경희한사랑한의원,"충청남도 천안시 서북구 봉정로 362, 201호 (두정동)",,36.8343409,127.1457984,medical_hospital_cheonan.csv
medical,hospital,한의원,경희한의원,"충청남도 천안시 동남구 문화1길 5-1, (문화동)",,36.8085035,127.1508089,medical_hospital_cheonan.csv
medical,hospital,한의원,경희허준한의원,"충청남도 천안시 동남구 터미널9길 25, 3층 (신부동)",,36.823179,127.1554666,medical_hospital_cheonan.csv
medical,hospital,한의원,경희현한의원,"충청남도 천안시 동남구 북면 충절로 1291, (북면)",,36.7702491,127.250659,medical_hospital_cheonan.csv
medical,hospital,의원,고려가정의학과의원,"충청남도 천안시 동남구 목천읍 신계1길 41, 401호 (동우아파트상가)",,36.7721993,127.1934751,medical_hospital_cheonan.csv
medical,hospital,치과병원,고려치과병원,"충청남도 천안시 동남구 충절로 283, (구성동)",,36.7939225,127.1604839,medical_hospital_cheonan.csv
medical,hospital,한의원,고려한의원,"충청남도 천안시 동남구 만남로 34, 선진빌딩 (신부동)",,36.8185993,127.155899,medical_hospital_cheonan.csv
medical,hospital,치과의원,고상덕치과교정과치과의원,"충청남도 천안시 동남구 만남로 50, 4층 (신부동, 터미널프라자)",,36.8186482,127.1576124,medical_hospital_cheonan.csv
medical,hospital,치과의원,고운미소치과의원,"충청남도 천안시 서북구 성환읍 성환중앙로 39, 2층",,36.9174477,127.1300051,medical_hospital_cheonan.csv
medical,hospital,의원,고운빛산부인과의원,"충청남도 천안시 서북구 백석3로 130-14, (백석동)",,36.8221911,127.1258241,medical_hospital_cheonan.csv
medical,hospital,의원,고운신경과정신건강의학과의원,"충청남도 천안시 동남구 대흥로 271, (대흥동)",,36.8123202,127.1488388,medical_hospital_cheonan.csv
medical,hospital,치과의원,공감치과의원,"충청남도 천안시 서북구 직산읍 봉주로 70, 301호",,36.8771602,127.154194,medical_hospital_cheonan.csv
medical,hospital,의원,곽병수내과의원,"충청남도 천안시 동남구 서부대로 227, 3층 (신방동, 예은빌딩)",,36.7886121,127.1284603,medical_hospital_cheonan.csv
medical,hospital,치과의원,곽치과의원,"충청남도 천안시 서북구 불당대로 260, 3층 (쌍용동)",,36.799774,127.1245364,medical_hospital_cheonan.csv
medical,hospital,치과의원,광성연세치과의원,"충청남도 천안시 서북구 성환읍 성환9길 9, 2층",,36.9161987,127.1290201,medical_hospital_cheonan.csv
medical,hospital,한의원,광제당한의원,"충청남도 천안시 동남구 대흥로 119, (사직동, 광제당한의원)",,36.8001264,127.1494291,medical_hospital_cheonan.csv
medical,hospital,의원,광제산부인과의원,"충청남도 천안시 서북구 서부18길 23, (성정동)",,36.8242839,127.1403438,medical_hospital_cheonan.csv
medical,hospital,한의원,굳건한의원,"충청남도 천안시 서북구 월봉로 134, 203호 (쌍용동)",,36.8025838,127.1191325,medical_hospital_cheonan.csv
medical,hospital,의원,굿모닝비뇨기과의원,"충청남도 천안시 서북구 충무로 175, 2(205호),5층 (쌍용동)",,36.7947993,127.1264579,medical_hospital_cheonan.csv
medical,hospital,의원,굿모닝정신건강의학과의원,"충청남도 천안시 동남구 만남로 9, 더샵오피스텔 3층303호 (신부동)",,36.8191823,127.1530166,medical_hospital_cheonan.csv
medical,hospital,의원,굿모닝정형외과의원,"충청남도 천안시 서북구 두정로 104, (두정동)",,36.8337376,127.1283423,medical_hospital_cheonan.csv
medical,hospital,치과의원,굿모닝치과의원,"충청남도 천안시 서북구 봉정로 321, 3층 301호 (두정동)",,36.8306527,127.1448557,medical_hospital_cheonan.csv
medical,hospital,의원,귀엔서울이비인후과의원,"충청남도 천안시 서북구 번영로 100, 6층 (불당동)",,36.8102103,127.1085249,medical_hospital_cheonan.csv
medical,hospital,한의원,규림한의원,"충청남도 천안시 동남구 만남로 36, 광동빌딩 2층 (신부동)",,36.8186353,127.1561146,medical_hospital_cheonan.csv
medical,hospital,치과의원,그린치과의원,"충청남도 천안시 서북구 월봉로 122, 3층 (쌍용동)",,36.8014806,127.1188958,medical_hospital_cheonan.csv
medical,hospital,한의원,길상한의원,"충청남도 천안시 서북구 충무로 130, 2층 (쌍용동, 환산빌딩)",,36.7925153,127.1220087,medical_hospital_cheonan.csv
medical,hospital,치과의원,길치과의원,"충청남도 천안시 동남구 풍세로 1008, 2층 (청수동)",,36.7971762,127.1530002,medical_hospital_cheonan.csv
medical,hospital,한의원,길한의원,"충청남도 천안시 서북구 봉서산1길 41, (쌍용동)",,36.8070516,127.1185696,medical_hospital_cheonan.csv
medical,hospital,의원,김교수안과의원,"충청남도 천안시 동남구 만남로 64, 2층 202,203호 (신부동)",,36.8191481,127.1593265,medical_hospital_cheonan.csv
medical,hospital,의원,김병기정형외과의원,"충청남도 천안시 동남구 고재20길 1, (원성동, 김병기정형외과)",,36.8036932,127.1591789,medical_hospital_cheonan.csv
medical,hospital,의원,김성태정형외과의원,"충청남도 천안시 동남구 대흥로 327, 지하1층, 지상1층 (성황동, 이승훈정형외과의원)",,36.8172128,127.1507837,medical_hospital_cheonan.csv
medical,hospital,치과의원,김앤박치과의원,"충청남도 천안시 동남구 대흥로 118, 4층 (사직동)",,36.8002389,127.1498651,medical_hospital_cheonan.csv
medical,hospital,의원,김앤윤내과의원,"충청남도 천안시 서북구 충무로 205, 3층 (쌍용동)",,36.7966603,127.1288032,medical_hospital_cheonan.csv
medical,hospital,치과의원,김앤장치과의원,"충청남도 천안시 서북구 월봉로 94, 4층 (쌍용동)",,36.798966,127.1184571,medical_hospital_cheonan.csv
medical,hospital,치과의원,김영만치과의원,"충청남도 천안시 동남구 봉정로 45, (봉명동, 에이스빌딩)",,36.80633,127.1396004,medical_hospital_cheonan.csv
medical,hospital,의원,김영순성형외과의원,"충청남도 천안시 서북구 충무로 215, 5층 (쌍용동, 진솔빌딩)",,36.7971767,127.1294833,medical_hospital_cheonan.csv
medical,hospital,치과의원,김용철치과의원,"충청남도 천안시 동남구 서부대로 278, 302호 (신방동, 학산트윈빌딩)",,36.7930538,127.1294288,medical_hospital_cheonan.csv
medical,hospital,의원,김용현내과의원,"충청남도 천안시 서북구 성환읍 성환12길 45-8, (성환읍)",,36.9174697,127.1334622,medical_hospital_cheonan.csv
medical,hospital,치과의원,김원상치과의원,"충청남도 천안시 서북구 봉명로 35, (쌍용동)",,36.8077028,127.1324603,medical_hospital_cheonan.csv
medical,hospital,의원,김유재마취통증의학과의원,"충청남도 천안시 서북구 충무로 215, 5층 (쌍용동, 진솔빌딩)",,36.7971767,127.1294833,medical_hospital_cheonan.csv
medical,hospital,의원,김이태안과의원,"충청남도 천안시 서북구 충무로 205, 다선빌딩 2층,5층 501호 (쌍용동)",,36.7966603,127.1288032,medical_hospital_cheonan.csv
medical,hospital,한의원,김인한의원,"충청남도 천안시 서북구 봉명로 30, 2층 (쌍용동)",,36.8073293,127.1317927,medical_hospital_cheonan.csv
medical,hospital,의원,김재하내과의원,"충청남도 천안시 동남구 만남로 42, 5층 (신부동)",,36.8186205,127.156893,medical_hospital_cheonan.csv
medical,hospital,의원,김정훈내과의원,"충청남도 천안시 동남구 서부대로 285, 3층 302,303호 (신방동)",,36.7933555,127.1281705,medical_hospital_cheonan.csv
medical,hospital,의원,김종인소아청소년과의원,"충청남도 천안시 서북구 충무로 174, (쌍용동)",,36.7940774,127.1267499,medical_hospital_cheonan.csv
medical,hospital,의원,김종훈내과의원,"충청남도 천안시 서북구 서부대로 688, 3층 (성정동)",,36.8284543,127.1335183,medical_hospital_cheonan.csv
medical,hospital,의원,김철현내과의원,"충청남도 천안시 동남구 충절로 25, (신부동, 내과의원)",,36.81673,127.158527,medical_hospital_cheonan.csv
medical,hospital,한의원,김한의원,"충청남도 천안시 서북구 한들3로 85, 206호 (백석동, 백석메디컬센터)",,36.8310969,127.1241786,medical_hospital_cheonan.csv
medical,hospital,의원,김현응내과의원,"충청남도 천안시 동남구 방죽안3길 19, (신부동, 김현웅내과)",,36.8228425,127.1543462,medical_hospital_cheonan.csv
medical,hospital,의원,김혜은여성외과의원,"충청남도 천안시 서북구 두정로 202, 6층 (두정동)",,36.8334113,127.1393316,medical_hospital_cheonan.csv
medical,hospital,의원,꿈꾸는김선생의원,"충청남도 천안시 동남구 남부대로 322, 1동 3층 (청당동)",,36.7813351,127.1528517,medical_hospital_cheonan.csv
medical,hospital,한의원,나라부부한의원,"충청남도 천안시 서북구 직산읍 삼은3길 34, 2층",,36.878243,127.1530034,medical_hospital_cheonan.csv
medical,hospital,한의원,나래한의원,"충청남도 천안시 동남구 충절로 12, 3층 (신부동)",,36.8180553,127.157945,medical_hospital_cheonan.csv
medical,hospital,병원,나은필병원,"충청남도 천안시 동남구 만남로 64, 1층일부,4~9층 (신부동)",,36.8191481,127.1593265,medical_hospital_cheonan.csv
medical,hospital,한의원,나음누리한의원,"충청남도 천안시 서북구 월봉로 94, 농협중앙회 201호 (쌍용동)",,36.798966,127.1184571,medical_hospital_cheonan.csv
medical,hospital,의원,날개바로정형외과의원,"충청남도 천안시 동남구 청수4로 16, 7층 (청당동)",,36.7832667,127.1528761,medical_hospital_cheonan.csv
medical,hospital,한의원,남산중국한의원,"충청남도 천안시 동남구 충무로 477, (원성동, 남산중국한의원)",,36.7988689,127.1582901,medical_hospital_cheonan.csv
medical,hospital,치과의원,남서울치과의원,"충청남도 천안시 서북구 직산읍 아랫말2길 2, 1,2층",,36.8772099,127.1501092,medical_hospital_cheonan.csv
medical,hospital,치과의원,남스부부치과의원,"충청남도 천안시 동남구 만남로 9, 더？오피스텔 301호 (신부동)",,36.8191757,127.15299,medical_hospital_cheonan.csv
medical,hospital,의원,남안과의원,"충청남도 천안시 서북구 충무로 201, 2층 (쌍용동)",,36.7962293,127.1282685,medical_hospital_cheonan.csv
medical,hospital,의원,남인성이비인후과의원,"충청남도 천안시 서북구 봉명로 35, 2층 (쌍용동)",,36.8077028,127.1324603,medical_hospital_cheonan.csv
medical,hospital,한의원,남향한의원,"충청남도 천안시 동남구 청수로 136, (구성동)",,36.7940292,127.1590874,medical_hospital_cheonan.csv
medical,hospital,치과의원,내외치과의원,"충청남도 천안시 동남구 만남로 42, 7층 (신부동)",,36.8186205,127.156893,medical_hospital_cheonan.csv
medical,hospital,치과의원,내이로치과의원,"충청남도 천안시 서북구 월봉로 83, 2층 (쌍용동)",,36.7982183,127.1178982,medical_hospital_cheonan.csv
medical,hospital,의원,누리정형외과의원,"충청남도 천안시 동남구 충무로 421, 2,3층 (영성동)",,36.7986021,127.1519969,medical_hospital_cheonan.csv
medical,hospital,치과의원,뉴욕치과의원,"충청남도 천안시 동남구 만남로 50, (신부동, 터미털프라자)",,36.8186482,127.1576124,medical_hospital_cheonan.csv
medical,hospital,치과의원,뉴욕치과의원,"충청남도 천안시 동남구 목천읍 삼성5길 62, 2층 209호",,36.7606615,127.1792385,medical_hospital_cheonan.csv
medical,hospital,의원,뉴이진소아청소년과의원,"충청남도 천안시 서북구 충무로 167, (쌍용동)",,36.7944236,127.1256392,medical_hospital_cheonan.csv
medical,hospital,의원,늘봄안과의원,"충청남도 천안시 동남구 청수11로 11, 5층 (청당동)",,36.7831608,127.1537221,medical_hospital_cheonan.csv
medical,hospital,치과의원,늘봄치과의원,"충청남도 천안시 서북구 성정중7길 3, 3층 (성정동)",,36.8288752,127.133527,medical_hospital_cheonan.csv
medical,hospital,한의원,늘푸른경희한의원,"충청남도 천안시 서북구 월봉로 83, 3층 (쌍용동)",,36.7982183,127.1178982,medical_hospital_cheonan.csv
medical,hospital,한의원,늘푸른한의원,"충청남도 천안시 서북구 성정중7길 3, 극동프라자 4층 (성정동)",,36.8288752,127.133527,medical_hospital_cheonan.csv
medical,hospital,의원,닉스의원,"충청남도 천안시 서북구 불당21로 67-8, 3층 302,303호 (불당동)",,36.8132654,127.1082812,medical_hospital_cheonan.csv
medical,hospital,의원,다나메디피아의원,"충청남도 천안시 서북구 노태산로 62, 3층 (두정동)",,36.8302838,127.1276165,medical_hospital_cheonan.csv
medical,hospital,의원,다나소아청소년과의원,"충청남도 천안시 서북구 노태산로 62, 2층 (두정동)",,36.8302838,127.1276165,medical_hospital_cheonan.csv
medical,hospital,의원,다나여성의원,"충청남도 천안시 서북구 노태산로 62, 다나메디피아 4층 (두정동)",,36.8302838,127.1276165,medical_hospital_cheonan.csv
medical,hospital,치과의원,다나웰치과의원,"충청남도 천안시 서북구 노태산로 62, 5층 (두정동)",,36.8302838,127.1276165,medical_hospital_cheonan.csv
medical,hospital,의원,다나의원,"충청남도 천안시 서북구 백석로 93, 리튼빌딩 2층 (백석동)",,36.8238851,127.1220444,medical_hospital_cheonan.csv
medical,hospital,요양병원,다나힐요양병원,"충청남도 천안시 서북구 직산읍 석양길 4, (직산읍)",,36.8861589,127.1072265,medical_hospital_cheonan.csv
medical,hospital,의원,다사랑의원,"충청남도 천안시 동남구 사직로 4, 2층 (사직동)",,36.8004868,127.1497551,medical_hospital_cheonan.csv
medical,hospital,한의원,다온한의원,"충청남도 천안시 동남구 대흥로 57, 1층 (구성동)",,36.7978861,127.1550712,medical_hospital_cheonan.csv
medical,hospital,한의원,다이트한의원,"충청남도 천안시 서북구 불당23로 73-8, 한성필하우스 라드니체 2층 204,205,206호 (불당동)",,36.8180572,127.1097404,medical_hospital_cheonan.csv
medical,hospital,치과의원,다인치과의원,"충청남도 천안시 서북구 봉서산로 84, 2층 (불당동, 유니온프라자빌딩)",,36.805335,127.1157952,medical_hospital_cheonan.csv
medical,hospital,한의원,다정부부한의원,"충청남도 천안시 서북구 두정로 146, 말우물빌딩 6층 601호 (두정동)",,36.8336065,127.1331168,medical_hospital_cheonan.csv
medical,hospital,치과의원,닥터스마일치과의원,"충청남도 천안시 동남구 터미널2로 8, 3층 (신부동, 대흥빌딩)",,36.8196376,127.1584345,medical_hospital_cheonan.csv
medical,hospital,의원,닥터에버스의원,"충청남도 천안시 서북구 불당21로 67-18, 2층 201~205호 (불당동)",,36.8140496,127.1085045,medical_hospital_cheonan.csv
medical,hospital,의원,닥터정내과의원,"충청남도 천안시 서북구 월봉로 122, 하나메디컬타운 5층 501~502, 504호 (쌍용동)",,36.8014806,127.1188958,medical_hospital_cheonan.csv
medical,hospital,의원,닥터진가정의학과의원,"충청남도 천안시 서북구 불당22대로 92, 마블러스티타워 5층 501호, 502호 (불당동)",,36.8153477,127.1087183,medical_hospital_cheonan.csv
medical,hospital,한의원,닥터차한의원,"충청남도 천안시 서북구 월봉로 132, 2층 (쌍용동)",,36.8023638,127.1190893,medical_hospital_cheonan.csv
medical,hospital,상급종합,단국대학교의과대학부속병원,"충청남도 천안시 동남구 망향로 201,  (안서동)",,36.8415904,127.172575,medical_hospital_cheonan.csv
medical,hospital,치과병원,단국대학교치과대학치과병원,"충청남도 천안시 동남구 단대로 119, (안서동)",,36.8373833,127.1685007,medical_hospital_cheonan.csv
medical,hospital,한의원,달천한의원,"충청남도 천안시 서북구 충무로 200, (쌍용동)",,36.7958276,127.1287473,medical_hospital_cheonan.csv
medical,hospital,한의원,대나무한의원,"충청남도 천안시 서북구 검은들3길 58, 3층 (불당동)",,36.8099358,127.1098221,medical_hospital_cheonan.csv
medical,hospital,한방병원,대전대학교천안한방병원,"충청남도 천안시 서북구 노태산로 4, (두정동)",,36.8252446,127.1275526,medical_hospital_cheonan.csv
medical,hospital,치과의원,더건강한치과의원,"충청남도 천안시 서북구 불당33길 24, 4층 (불당동)",,36.8124074,127.1082039,medical_hospital_cheonan.csv
medical,hospital,의원,더노블성형외과의원,"충청남도 천안시 서북구 성정공원1길 9-7, 더노블 3,4층 (성정동)",,36.8264204,127.1385086,medical_hospital_cheonan.csv
medical,hospital,한방병원,더노블천안한방병원,"충청남도 천안시 서북구 성정공원1길 9-7, 더노블 5~8층 (성정동)",,36.8264204,127.1385086,medical_hospital_cheonan.csv
medical,hospital,의원,더맑은의원,"충청남도 천안시 서북구 한들1로 34, 3층 (백석동)",,36.8254588,127.1161144,medical_hospital_cheonan.csv
medical,hospital,의원,더바른정형외과의원,"충청남도 천안시 서북구 한들2로 8, 5층 (백석동)",,36.8236078,127.1188787,medical_hospital_cheonan.csv
medical,hospital,치과병원,더보스톤치과병원,"충청남도 천안시 서북구 불당33길 26, (불당동)",,36.8124803,127.1078689,medical_hospital_cheonan.csv
medical,hospital,의원,더본정형외과의원,"충청남도 천안시 서북구 불당21로 65, 3층 306,307호 (불당동)",,36.8130782,127.1073927,medical_hospital_cheonan.csv
medical,hospital,치과의원,더블유치과의원,"충청남도 천안시 서북구 성정공원3길 4, 202호 (성정동, 학산리젠다빌3차)",,36.8261598,127.1413382,medical_hospital_cheonan.csv
medical,hospital,치과의원,더섬세한치과의원,"충청남도 천안시 서북구 한들3로 30, 1동 2층 203,204호 (백석동)",,36.8265044,127.1238968,medical_hospital_cheonan.csv
medical,hospital,한의원,더예그린한의원,"충청남도 천안시 서북구 불당21로 71, 503호 (불당동)",,36.8129631,127.1081762,medical_hospital_cheonan.csv
medical,hospital,치과의원,더조은치과의원,"충청남도 천안시 서북구 불당25로 200, 천안농협 211호 (불당동)",,36.8188843,127.109134,medical_hospital_cheonan.csv
medical,hospital,의원,더편한내과의원,"충청남도 천안시 동남구 통정11로 61, 3,4층 (신방동)",,36.7736712,127.1338518,medical_hospital_cheonan.csv
medical,hospital,의원,데이봄의원,"충청남도 천안시 서북구 불당21로 67-12, 퍼스트프라자 6층 603호 (불당동)",,36.8136358,127.1083873,medical_hospital_cheonan.csv
medical,hospital,한의원,도본한의원,"충청남도 천안시 서북구 쌍용12길 10-4, 쌍용쇼핑 2층 (쌍용동)",,36.8029988,127.1195688,medical_hospital_cheonan.csv
medical,hospital,치과의원,도솔치과의원,"충청남도 천안시 동남구 충절로 6, (신부동, 동아빌딩)",,36.8184634,127.1579369,medical_hospital_cheonan.csv
medical,hospital,한의원,도원한의원,"충청남도 천안시 서북구 충무로 175, 4층 (쌍용동, 금정빌딩)",,36.7947993,127.1264579,medical_hospital_cheonan.csv
medical,hospital,의원,도화범신경과의원,"충청남도 천안시 동남구 만남로 6, 8층 8001,8002,8003호 (신부동)",,36.8184577,127.1527477,medical_hospital_cheonan.csv
medical,hospital,병원,돋움병원,"충청남도 천안시 서북구 동서대로 110-23, (성정동)",,36.8240498,127.1351972,medical_hospital_cheonan.csv
medical,hospital,치과의원,동고치과의원,"충청남도 천안시 서북구 월봉로 93, 3층 (쌍용동)",,36.7989793,127.1179193,medical_hospital_cheonan.csv
medical,hospital,한의원,동광한의원,"충청남도 천안시 동남구 병천면 아우내순대길 50, 아우내옛날순대 2층",,36.7618113,127.2995726,medical_hospital_cheonan.csv
medical,hospital,한의원,동명당한의원,"충청남도 천안시 동남구 서부대로 221, (신방동, 오케이빌딩)",,36.788133,127.1284341,medical_hospital_cheonan.csv
medical,hospital,의원,동안미소의원,"충청남도 천안시 서북구 성성9로 7, 4층 (성성동)",,36.8402188,127.1312324,medical_hospital_cheonan.csv
medical,hospital,한의원,동의보감한의원,"충청남도 천안시 서북구 성환읍 성환2로 107, (성환읍)",,36.9170738,127.1321467,medical_hospital_cheonan.csv
medical,hospital,의원,두리이비인후과의원,"충청남도 천안시 서북구 쌍용1길 21, 2,3,4층 (쌍용동)",,36.8013837,127.1192222,medical_hospital_cheonan.csv
medical,hospital,의원,두신경과의원,"충청남도 천안시 서북구 충무로 175, 2층 (쌍용동)",,36.7947993,127.1264579,medical_hospital_cheonan.csv
medical,hospital,의원,두정바른정형외과의원,"충청남도 천안시 서북구 봉정로 356, 4층 401~405호 (두정동)",,36.8335447,127.1458041,medical_hospital_cheonan.csv
medical,hospital,치과의원,두정서울비디치과의원,"충청남도 천안시 서북구 부성1길 3, 3,4층 (두정동)",,36.834043,127.1356358,medical_hospital_cheonan.csv
medical,hospital,의원,두정의원,"충청남도 천안시 서북구 서부대로 731, 2,3층 (두정동)",,36.8323889,127.1331366,medical_hospital_cheonan.csv
medical,hospital,병원,두정이진병원,"충청남도 천안시 서북구 동서대로 65, (두정동)",,36.8261086,127.1305984,medical_hospital_cheonan.csv
medical,hospital,치과의원,두정자연치과의원,"충청남도 천안시 서북구 두정고6길 34, 2층 (두정동)",,36.8356693,127.133364,medical_hospital_cheonan.csv
medical,hospital,한의원,두정한의원,"충청남도 천안시 서북구 서부대로 688, 현대프라자 3층 305호 (성정동)",,36.8284543,127.1335183,medical_hospital_cheonan.csv
medical,hospital,의원,드림신경외과의원,"충청남도 천안시 서북구 3공단6로 50, 힐링J타워 3층 306,307호 (차암동)",,36.840979,127.1031772,medical_hospital_cheonan.csv
medical,hospital,의원,드림아이소아청소년과의원,"충청남도 천안시 동남구 서부대로 229, (신방동, 자성빌딩)",,36.7887287,127.1284801,medical_hospital_cheonan.csv
medical,hospital,의원,드림안과의원,"충청남도 천안시 서북구 동서대로 129, 4층 (성정동)",,36.8262114,127.1378027,medical_hospital_cheonan.csv
medical,hospital,한의원,드림한의원,"충청남도 천안시 서북구 월봉4로 88-12, (쌍용동)",,36.7946241,127.1158661,medical_hospital_cheonan.csv
medical,hospital,치과의원,디즈니치과의원,"충청남도 천안시 동남구 청수4로 18, 2층 201호 (청당동)",,36.783587,127.152764,medical_hospital_cheonan.csv
medical,hospital,치과의원,딩동댕꾸러기치과의원,"충청남도 천안시 서북구 성성8로 2-7, 4층 401호 (성성동)",,36.8397176,127.1291706,medical_hospital_cheonan.csv
medical,hospital,한의원,라인앤한의원,"충청남도 천안시 서북구 불당23로 73-27, 204호 (불당동)",,36.8204224,127.1096819,medical_hospital_cheonan.csv
medical,hospital,의원,라파엘의원,"충청남도 천안시 서북구 불당22대로 92, 6층 607호 (불당동)",,36.8153477,127.1087183,medical_hospital_cheonan.csv
medical,hospital,의원,라팡산부인과의원,"충청남도 천안시 서북구 불당21로 67-18, 5층 502호 (불당동)",,36.8140496,127.1085045,medical_hospital_cheonan.csv
medical,hospital,요양병원,로고스요양병원,"충청남도 천안시 동남구 청수로 123-11, 로고스요양병원 (구성동)",,36.7945596,127.157656,medical_hospital_cheonan.csv
medical,hospital,한의원,로담한의원,"충청남도 천안시 동남구 만남로 40, 6층 (신부동)",,36.8186141,127.1566244,medical_hospital_cheonan.csv
medical,hospital,치과의원,로덴메트로치과의원,"충청남도 천안시 서북구 원두정3길 37, 3층 (두정동, 화인메트로병원별관)",,36.8335588,127.1370774,medical_hospital_cheonan.csv
medical,hospital,의원,류마앤장내과의원,"충청남도 천안시 서북구 쌍용대로 316, 영현빌딩 2,4층 (성정동)",,36.8254137,127.1376243,medical_hospital_cheonan.csv
medical,hospital,의원,리:튼정형외과의원,"충청남도 천안시 서북구 백석로 93, 리튼빌딩 3층 (백석동)",,36.8238851,127.1220444,medical_hospital_cheonan.csv
medical,hospital,치과의원,리건치과의원,"충청남도 천안시 서북구 불당21로 71, 5층 507호 (불당동)",,36.8129631,127.1081762,medical_hospital_cheonan.csv
medical,hospital,의원,리더스신경외과의원,"충청남도 천안시 서북구 불당33길 34, 2층 (불당동)",,36.8119743,127.106924,medical_hospital_cheonan.csv
medical,hospital,치과의원,리더스정치과의원,"충청남도 천안시 서북구 동서대로 125-3, 2층 (성정동)",,36.8261479,127.1370408,medical_hospital_cheonan.csv
medical,hospital,한의원,리샘한의원,"충청남도 천안시 서북구 불당21로 71, 정석프라자3차 3층 305호 (불당동)",,36.8129631,127.1081762,medical_hospital_cheonan.csv
medical,hospital,의원,리아뜨의원,"충청남도 천안시 동남구 만남로 58, 3층 (신부동)",,36.8187122,127.1587644,medical_hospital_cheonan.csv
medical,hospital,한의원,리즈앤마리안들꽃한의원,"충청남도 천안시 서북구 두정로 202, 리즈앤마리안클리닉센터, 2층 남쪽 (두정동)",,36.8334113,127.1393316,medical_hospital_cheonan.csv
medical,hospital,의원,리즈앤마리안산부인과의원,"충청남도 천안시 서북구 두정로 204, (두정동)",,36.8333992,127.139564,medical_hospital_cheonan.csv
medical,hospital,병원,마디손병원,"충청남도 천안시 서북구 불당34길 18, 1층,3~5층 (불당동)",,36.8064529,127.1064318,medical_hospital_cheonan.csv
medical,hospital,의원,마디튼튼의원,"충청남도 천안시 서북구 충무로 178, 5층 502,503호 (쌍용동)",,36.7943292,127.1269714,medical_hospital_cheonan.csv
medical,hospital,의원,마음나래의원,"충청남도 천안시 서북구 불당21로 67-8, 501호 (불당동)",,36.8132654,127.1082812,medical_hospital_cheonan.csv
medical,hospital,의원,마음숲길정신건강의학과의원,"충청남도 천안시 서북구 불당21로 71, 5층 502호 (불당동)",,36.8129631,127.1081762,medical_hospital_cheonan.csv
medical,hospital,정신병원,마음애병원,"충청남도 천안시 서북구 검은들3길 60, 리치프라자 (불당동)",,36.8098753,127.110175,medical_hospital_cheonan.csv
medical,hospital,의원,마인드림정신건강의학과의원,"충청남도 천안시 서북구 동서대로 129, 단국성정빌딩 2층 (성정동)",,36.8262114,127.1378027,medical_hospital_cheonan.csv
medical,hospital,의원,맑은마음정신건강의학과의원,"충청남도 천안시 서북구 충무로 215, 4층 (쌍용동)",,36.7971767,127.1294833,medical_hospital_cheonan.csv
medical,hospital,의원,맑은이비인후과의원,"충청남도 천안시 서북구 불당21로 67-26, 2층 201,202,203호 (불당동)",,36.8147888,127.1087327,medical_hospital_cheonan.csv
medical,hospital,치과의원,맘애든어린이치과의원,"충청남도 천안시 서북구 불당25로 178, 에이블타워 5층 503호 (불당동)",,36.8169717,127.1086065,medical_hospital_cheonan.csv
medical,hospital,의원,맨돌핀비뇨의학과의원,"충청남도 천안시 동남구 만남로 64, 2층 201호 (신부동)",,36.8191481,127.1593265,medical_hospital_cheonan.csv
medical,hospital,한방병원,메디그린한방병원,"충청남도 천안시 서북구 번영로 201, 5층 (불당동)",,36.8191323,127.1100889,medical_hospital_cheonan.csv
medical,hospital,요양병원,메디움천안요양병원,"충청남도 천안시 동남구 유량로 180, (유량동, 메디움천안요양병원)",,36.8109893,127.1783182,medical_hospital_cheonan.csv
medical,hospital,의원,메디캐슬의원,"충청남도 천안시 서북구 충무로 125, 3층 (쌍용동)",,36.7928023,127.1214264,medical_hospital_cheonan.csv
medical,hospital,의원,메이릴리의원,"충청남도 천안시 서북구 성성8로 2-7, 5층 (성성동)",,36.8397176,127.1291706,medical_hospital_cheonan.csv
medical,hospital,의원,메이퓨어의원,"충청남도 천안시 서북구 불당21로 71, 4층 407호 (불당동)",,36.8129631,127.1081762,medical_hospital_cheonan.csv
medical,hospital,한의원,명성한의원,"충청남도 천안시 동남구 성황로 34, (성황동, 명성한의원)",,36.8123502,127.152503,medical_hospital_cheonan.csv
medical,hospital,의원,명안과의원,"충청남도 천안시 서북구 월봉로 122, 5층 (쌍용동)",,36.8014806,127.1188958,medical_hospital_cheonan.csv
medical,hospital,의원,명이비인후과의원,"충청남도 천안시 동남구 청수4로 16, 3층 301,302 (청당동)",,36.7832667,127.1528761,medical_hospital_cheonan.csv
medical,hospital,치과의원,명인치과의원,"충청남도 천안시 동남구 중앙시장길 2, (사직동, 건영빌딩)",,36.8006634,127.1490377,medical_hospital_cheonan.csv
medical,hospital,의원,모아여성의원,"충청남도 천안시 동남구 청수로 136, 3층 (구성동)",,36.7940292,127.1590874,medical_hospital_cheonan.csv
medical,hospital,치과의원,목천자연치과의원,"충청남도 천안시 동남구 목천읍 삼성5길 62, 3층",,36.7606615,127.1792385,medical_hospital_cheonan.csv
medical,hospital,치과의원,목천포유치과의원,"충청남도 천안시 동남구 목천읍 충절로 893, 2층",,36.773802,127.2095183,medical_hospital_cheonan.csv
medical,hospital,한의원,몸사랑마음사랑한의원,"충청남도 천안시 서북구 봉정로 133, 대정빌딩 1층 (성정동)",,36.8140862,127.1414972,medical_hospital_cheonan.csv
medical,hospital,의원,몽벨리아성형외과의원,"충청남도 천안시 서북구 두정로 188, 3층 (두정동)",,36.8335529,127.1376084,medical_hospital_cheonan.csv
medical,hospital,의원,문병탁의원,"충청남도 천안시 동남구 중앙로 68, 1층 (오룡동)",,36.8045075,127.1527373,medical_hospital_cheonan.csv
medical,hospital,치과병원,문치과병원,"충청남도 천안시 동남구 만남로 52, 9층(신부동, 문타워빌딩) (신부동)",,36.8186549,127.1578454,medical_hospital_cheonan.csv
medical,hospital,치과의원,물방울치과의원,"충청남도 천안시 서북구 차돌들길 7-13, 3층 (쌍용동)",,36.7964805,127.1285368,medical_hospital_cheonan.csv
medical,hospital,의원,미라클의원,"충청남도 천안시 서북구 쌍용대로 318, 3층 (성정동)",,36.8256132,127.1376959,medical_hospital_cheonan.csv
medical,hospital,의원,미래아이소아청소년과의원,"충청남도 천안시 동남구 만남로 50, 6층 (신부동)",,36.8186482,127.1576124,medical_hospital_cheonan.csv
medical,hospital,치과의원,미래연합치과의원,"충청남도 천안시 동남구 신촌4로 34, 2층 (신방동)",,36.7891762,127.1251418,medical_hospital_cheonan.csv
medical,hospital,의원,미래의원,"충청남도 천안시 서북구 백석4길 3, 2층 (백석동)",,36.8225714,127.1246053,medical_hospital_cheonan.csv
medical,hospital,의원,미래정형외과의원,"충청남도 천안시 서북구 쌍용대로 293, 1,4층 (성정동)",,36.8235807,127.1364962,medical_hospital_cheonan.csv
medical,hospital,한의원,미래한의원,"충청남도 천안시 서북구 성성9로 7, 하나타워 3층 (성성동)",,36.8402188,127.1312324,medical_hospital_cheonan.csv
medical,hospital,치과의원,미리본치과의원,"충청남도 천안시 서북구 성정두정로 12, 7층 (성정동)",,36.8265708,127.1415119,medical_hospital_cheonan.csv
medical,hospital,의원,미소래이비인후과의원,"충청남도 천안시 동남구 청수11로 11, 4층 (청당동)",,36.7831608,127.1537221,medical_hospital_cheonan.csv
medical,hospital,한의원,미소로한의원,"충청남도 천안시 서북구 충무로 205, 다선빌딩 (쌍용동)",,36.7966603,127.1288032,medical_hospital_cheonan.csv
medical,hospital,치과의원,미소앤치과의원,"충청남도 천안시 동남구 만남로 43, 4층 (신부동)",,36.8207735,127.156528,medical_hospital_cheonan.csv
medical,hospital,치과의원,미소에반하다치과교정과치과의원,"충청남도 천안시 서북구 불당21로 67-8, 4층 401호 (불당동)",,36.8132654,127.1082812,medical_hospital_cheonan.csv
medical,hospital,의원,미소인류시나산부인과의원,"충청남도 천안시 서북구 월봉로 122, 403호 (쌍용동)",,36.8014806,127.1188958,medical_hospital_cheonan.csv
medical,hospital,치과의원,미소준치과의원,"충청남도 천안시 서북구 월봉로 134, 202호 (쌍용동, 광산빌딩)",,36.8025838,127.1191325,medical_hospital_cheonan.csv
medical,hospital,의원,미소진산부인과의원,"충청남도 천안시 서북구 동서대로 125-3, 4층 403호 (성정동, 천안크리닉)",,36.8261479,127.1370408,medical_hospital_cheonan.csv
medical,hospital,의원,미앤유의원,"충청남도 천안시 서북구 한들2로 8, 401호 (백석동)",,36.8236078,127.1188787,medical_hospital_cheonan.csv
medical,hospital,의원,미유의원,"충청남도 천안시 서북구 충무로 178, 6층 (쌍용동, U CITY타워)",,36.7943292,127.1269714,medical_hospital_cheonan.csv
medical,hospital,의원,미즈산부인과의원,"충청남도 천안시 서북구 성정로 91, (성정동)",,36.8138279,127.1402383,medical_hospital_cheonan.csv
medical,hospital,치과의원,미플란트치과의원,"충청남도 천안시 서북구 늘푸른5길 22, 3층 (두정동)",,36.8273293,127.1296515,medical_hospital_cheonan.csv
medical,hospital,의원,민상혁기둥정형외과의원,"충청남도 천안시 동남구 만남로 90, 2~5층 (신부동)",,36.8204935,127.1616329,medical_hospital_cheonan.csv
medical,hospital,의원,바로나마취통증의학과의원,"충청남도 천안시 서북구 동서대로 129, 단국성정빌딩 7층 701호 (성정동)",,36.8262114,127.1378027,medical_hospital_cheonan.csv
medical,hospital,치과의원,바른뿌리치과의원,"충청남도 천안시 서북구 불당25로 208, 2층 204, 205호 (불당동)",,36.8196153,127.109416,medical_hospital_cheonan.csv
medical,hospital,치과의원,바른이치과교정과치과의원,"충청남도 천안시 서북구 검은들3길 34, (불당동)",,36.8117304,127.1090273,medical_hospital_cheonan.csv
medical,hospital,치과의원,바른탑치과의원,"충청남도 천안시 서북구 두정로 258, 3층 (두정동)",,36.8329799,127.145739,medical_hospital_cheonan.csv
medical,hospital,한방병원,바른한방병원,"충청남도 천안시 서북구 충무로 143-7, 1~5층 (쌍용동)",,36.7932605,127.1226094,medical_hospital_cheonan.csv
medical,hospital,한방병원,바를추한방병원,"충청남도 천안시 서북구 불당23로 73-27, 4층 (불당동)",,36.8204224,127.1096819,medical_hospital_cheonan.csv
medical,hospital,한의원,바비한의원,"충청남도 천안시 서북구 한들3로 78-3, 2층 201,202-1호 (백석동)",,36.8307596,127.1239038,medical_hospital_cheonan.csv
medical,hospital,의원,박병일성형외과의원,"충청남도 천안시 동남구 만남로 52, 5층 (신부동, 문타워빌딩)",,36.8186549,127.1578454,medical_hospital_cheonan.csv
medical,hospital,치과의원,박성빈치과의원,"충청남도 천안시 서북구 두정로 244, 301호 (두정동, 두정필레오Ⅱ)",,36.8330935,127.1441236,medical_hospital_cheonan.csv
medical,hospital,치과의원,박치과의원,"충청남도 천안시 서북구 성환읍 성환중앙로 33, (성환읍)",,36.917037,127.1298095,medical_hospital_cheonan.csv
medical,hospital,의원,박태욱미소내과의원,"충청남도 천안시 서북구 충무로 178, 4층 (쌍용동)",,36.7943292,127.1269714,medical_hospital_cheonan.csv
medical,hospital,의원,반윤성정형외과의원,"충청남도 천안시 동남구 충절로 23-1, 2층 (신부동)",,36.8169706,127.1586686,medical_hospital_cheonan.csv
medical,hospital,한의원,발머스한의원,"충청남도 천안시 동남구 만남로 48, RGB빌딩 10층 (신부동)",,36.8186128,127.1573761,medical_hospital_cheonan.csv
medical,hospital,의원,밝은안과의원,"충청남도 천안시 동남구 만남로 43, (신부동, 신세계백화점충청점)",,36.8207735,127.156528,medical_hospital_cheonan.csv
medical,hospital,의원,밝은의원,"충청남도 천안시 서북구 성환읍 성환11길 35-1, (성환읍)",,36.9167494,127.1317159,medical_hospital_cheonan.csv
medical,hospital,의원,방비뇨기과의원,"충청남도 천안시 동남구 대흥로 274, 2층 (성황동)",,36.8122796,127.1491734,medical_hospital_cheonan.csv
medical,hospital,의원,배편한배내과의원,"충청남도 천안시 동남구 신촌4로 34, 금강빌딩 3층 (신방동)",,36.7891762,127.1251418,medical_hospital_cheonan.csv
medical,hospital,의원,백기청정신건강의학과의원,"충청남도 천안시 동남구 만남로 15, 민현빌딩 2층 (신부동)",,36.8190772,127.1539439,medical_hospital_cheonan.csv
medical,hospital,한의원,백년가약한의원,"충청남도 천안시 동남구 충무로 418-1, 5층 (영성동)",,36.7980965,127.1517291,medical_hospital_cheonan.csv
medical,hospital,치과의원,백년치과의원,"충청남도 천안시 서북구 성거읍 수청2길 21, 2층",,36.8762726,127.202261,medical_hospital_cheonan.csv
medical,hospital,치과의원,백석미소담은치과의원,"충청남도 천안시 서북구 한들3로 83, (백석동)",,36.8310826,127.1232884,medical_hospital_cheonan.csv
medical,hospital,의원,백석소아청소년과의원,"충청남도 천안시 서북구 한들3로 83, 203호 (백석동)",,36.8310826,127.1232884,medical_hospital_cheonan.csv
medical,hospital,요양병원,백석요양병원,"충청남도 천안시 서북구 백석5길 4, (백석동)",,36.8214172,127.127605,medical_hospital_cheonan.csv
medical,hospital,의원,백피부과의원,"충청남도 천안시 서북구 미라15길 23, 2층 (쌍용동, 대우타워종합상가)",,36.8069642,127.132186,medical_hospital_cheonan.csv
medical,hospital,한의원,버팀목한의원,"충청남도 천안시 서북구 성환읍 성환1로 242, 2층",,36.9162513,127.12828,medical_hospital_cheonan.csv
medical,hospital,의원,베스트심장혈관흉부외과의원,"충청남도 천안시 동남구 서부대로 285, 4층 401.402호 (신방동)",,36.7933555,127.1281705,medical_hospital_cheonan.csv
medical,hospital,의원,베스트연합의원,"충청남도 천안시 동남구 충절로 7, 씨엔에이타워 4층 (신부동)",,36.818304,127.1585826,medical_hospital_cheonan.csv
medical,hospital,한의원,병천수한의원,"충청남도 천안시 동남구 병천면 아우내순대길 60, (병천면)",,36.7627358,127.3000016,medical_hospital_cheonan.csv
medical,hospital,의원,병천우리들의원,"충청남도 천안시 동남구 병천면 아우내장터3길 15, (병천면)",,36.7615855,127.2973881,medical_hospital_cheonan.csv
medical,hospital,의원,병천의원,"충청남도 천안시 동남구 병천면 충절로 1755, 1층",,36.7623167,127.299925,medical_hospital_cheonan.csv
medical,hospital,치과의원,병천중앙치과의원,"충청남도 천안시 동남구 병천면 아우내순대길 41, 용가리노래방 2층",,36.7615227,127.2988157,medical_hospital_cheonan.csv
medical,hospital,치과의원,병천치과의원,"충청남도 천안시 동남구 병천면 아우내순대길 54, 2층",,36.7623012,127.2997735,medical_hospital_cheonan.csv
medical,hospital,한의원,병천한의원,"충청남도 천안시 동남구 병천면 아우내장터3길 7, 1층",,36.7612774,127.2980059,medical_hospital_cheonan.csv
medical,hospital,한의원,보명한의원,"충청남도 천안시 서북구 직산읍 삼은3길 21, 보명한의원",,36.8786223,127.1516794,medical_hospital_cheonan.csv
medical,hospital,치과의원,보스톤연합치과의원,"충청남도 천안시 서북구 백석로 85-4, 3층 (백석동)",,36.8238058,127.1215864,medical_hospital_cheonan.csv
medical,hospital,치과의원,보스톤탑치과의원,"충청남도 천안시 동남구 만남로 44, (신부동, 남경빌딩)",,36.8186167,127.1571061,medical_hospital_cheonan.csv
medical,hospital,한의원,보원경희한의원,"충청남도 천안시 서북구 월봉로 126, 대림프라자 3층 (쌍용동)",,36.8018339,127.1189748,medical_hospital_cheonan.csv
medical,hospital,병원,본정형외과병원,"충청남도 천안시 서북구 불당대로 268, (쌍용동)",,36.7998012,127.1256519,medical_hospital_cheonan.csv
medical,hospital,의원,불당내과의원,"충청남도 천안시 서북구 불당21로 71, 3층 304호 (불당동)",,36.8129631,127.1081762,medical_hospital_cheonan.csv
medical,hospital,치과의원,불당드림치과의원,"충청남도 천안시 서북구 불당25로 146, 402,403호 (불당동)",,36.8141843,127.1077361,medical_hospital_cheonan.csv
medical,hospital,의원,불당메디칼의원,"충청남도 천안시 서북구 불당17길 27, 5층 (불당동)",,36.809749,127.1108675,medical_hospital_cheonan.csv
medical,hospital,치과의원,불당본점서울비디치과의원,"충청남도 천안시 서북구 불당34길 14, 1층 102호, 2층 202~3, 3층 303~4, 4층 402~3, 5층 501~4호 (불당동)",,36.8062016,127.1063137,medical_hospital_cheonan.csv
medical,hospital,의원,불당사랑내과의원,"충청남도 천안시 서북구 불당23로 70, 정우프라자 5층 503호 (불당동)",,36.8176272,127.1088025,medical_hospital_cheonan.csv
medical,hospital,치과의원,불당치과교정과치과의원,"충청남도 천안시 서북구 번영로 100, 502호 (불당동)",,36.8102103,127.1085249,medical_hospital_cheonan.csv
medical,hospital,치과의원,불당탑치과의원,"충청남도 천안시 서북구 불당21로 65, 4층 (불당동)",,36.8130782,127.1073927,medical_hospital_cheonan.csv
medical,hospital,의원,불무메디컬의원,"충청남도 천안시 서북구 불당24로 51, 4층 (불당동)",,36.8222722,127.1077338,medical_hospital_cheonan.csv
medical,hospital,의원,뷰티라운지의원,"충청남도 천안시 서북구 불당25로 154, 더블유프라자 2층 203호 (불당동)",,36.8149172,127.1079523,medical_hospital_cheonan.csv
medical,hospital,의원,블리비의원,"충청남도 천안시 동남구 만남로 43, 신세계백화점충청점,천안종합버스터미널 A동 2층 (신부동)",,36.8207735,127.156528,medical_hospital_cheonan.csv
medical,hospital,치과의원,비앤알치과의원,"충청남도 천안시 서북구 삼성대로 20, 3층 (백석동)",,36.838582,127.1224038,medical_hospital_cheonan.csv
medical,hospital,의원,비에이랩의원,"충청남도 천안시 서북구 번영로 201, 2층 237~243호 (불당동)",,36.8191323,127.1100889,medical_hospital_cheonan.csv
medical,hospital,의원,비클린이비인후과의원,"충청남도 천안시 서북구 성성8로 2-30, 3층 (성성동)",,36.8402876,127.1302621,medical_hospital_cheonan.csv
medical,hospital,치과의원,사랑드림치과의원,"충청남도 천안시 서북구 봉서산샛길 64, 3층 (쌍용동)",,36.8057292,127.1194111,medical_hospital_cheonan.csv
medical,hospital,한의원,사랑부부한의원,"충청남도 천안시 서북구 두정로 146, 6층 601호 (두정동)",,36.8336065,127.1331168,medical_hospital_cheonan.csv
medical,hospital,의원,사랑의메디칼의원,"충청남도 천안시 서북구 성정로 82, 2층 (성정동)",,36.8135316,127.1391883,medical_hospital_cheonan.csv
medical,hospital,한의원,사암불당한의원,"충청남도 천안시 서북구 검은들3길 48, (불당동,2층)",,36.810137,127.1088089,medical_hospital_cheonan.csv
medical,hospital,한의원,삼대한의원,"충청남도 천안시 동남구 대흥로 104, (영성동)",,36.7995927,127.1512037,medical_hospital_cheonan.csv
medical,hospital,의원,삼성365의원,"충청남도 천안시 동남구 봉정로 47, 1층 (봉명동)",,36.8064762,127.139641,medical_hospital_cheonan.csv
medical,hospital,의원,삼성SDI부속의원,"충청남도 천안시 서북구 번영로 467, (성성동,외 2필지 2층)",,36.8433904,127.11875,medical_hospital_cheonan.csv
medical,hospital,의원,삼성다니엘의원,"충청남도 천안시 서북구 봉정로 362, 2층 (두정동)",,36.8343409,127.1457984,medical_hospital_cheonan.csv
medical,hospital,의원,삼성라온내과의원,"충청남도 천안시 서북구 월봉로 134, 4층 (쌍용동, 리치프라자)",,36.8025838,127.1191325,medical_hospital_cheonan.csv
medical,hospital,의원,삼성미라클안과의원천안점,"충청남도 천안시 서북구 충무로 125, 2층 (쌍용동)",,36.7928023,127.1214264,medical_hospital_cheonan.csv
medical,hospital,의원,삼성비뇨기과의원,"충청남도 천안시 서북구 충무로 178, 2층 201~203호 (쌍용동)",,36.7943292,127.1269714,medical_hospital_cheonan.csv
medical,hospital,의원,삼성스마트김석재신경과의원,"충청남도 천안시 서북구 불당21로 67-8, 5층 503호 (불당동)",,36.8132654,127.1082812,medical_hospital_cheonan.csv
medical,hospital,병원,삼성스카이병원,"충청남도 천안시 서북구 성정공원1길 9-4, 호원빌딩 1층,2층,4층~6층 (성정동)",,36.8267926,127.1389725,medical_hospital_cheonan.csv
medical,hospital,의원,삼성유바디외과의원,"충청남도 천안시 서북구 불당22대로 92, 301,302호 (불당동)",,36.8153477,127.1087183,medical_hospital_cheonan.csv
medical,hospital,치과의원,삼성유치과의원,"충청남도 천안시 서북구 번영로 465, (성성동, 삼성전자(주)천안캠퍼스)",,36.8417602,127.1188281,medical_hospital_cheonan.csv
medical,hospital,의원,삼성의원,"충청남도 천안시 동남구 충절로 278, 1,2,3층 (구성동)",,36.7940286,127.1597444,medical_hospital_cheonan.csv
medical,hospital,의원,삼성중앙의원,"충청남도 천안시 동남구 중앙시장길 2, 2층 (사직동)",,36.8006634,127.1490377,medical_hospital_cheonan.csv
medical,hospital,의원,삼성천안부속의원,"충청남도 천안시 서북구 번영로 465, (성성동)",,36.8417602,127.1188281,medical_hospital_cheonan.csv
medical,hospital,의원,삼성흉부외과의원,"충청남도 천안시 동남구 만남로 52, 401호 (신부동, 문타워)",,36.8186549,127.1578454,medical_hospital_cheonan.csv
medical,hospital,치과의원,삼아이치과의원,"충청남도 천안시 서북구 성성8로 14-4, 미주타워 3층 (성성동)",,36.8403761,127.1287295,medical_hospital_cheonan.csv
medical,hospital,의원,상쾌한내과의원,"충청남도 천안시 동남구 풍세로 798, 3층 (청당동)",,36.7806364,127.1427055,medical_hospital_cheonan.csv
medical,hospital,의원,상쾌한이비인후과의원,"충청남도 천안시 서북구 오성로 1, 3층 (두정동)",,36.8307057,127.1275923,medical_hospital_cheonan.csv
medical,hospital,한의원,상쾌한한의원,"충청남도 천안시 서북구 불당11로 101, (불당동,2층)",,36.805225,127.1159201,medical_hospital_cheonan.csv
medical,hospital,치과의원,새늘치과의원,"충청남도 천안시 동남구 대흥로 3, 2층 (구성동)",,36.7945377,127.1591251,medical_hospital_cheonan.csv
medical,hospital,병원,새로나병원,"충청남도 천안시 동남구 향교1길 130-23, (유량동, 새로나병원)",,36.8127543,127.1694354,medical_hospital_cheonan.csv
medical,hospital,의원,새로여성의원,"충청남도 천안시 서북구 불당23로 73-8, 한성필하우스 라드니체 2층 213호, 214호, 215호, 216호, 217호 (불당동)",,36.8180572,127.1097404,medical_hospital_cheonan.csv
medical,hospital,의원,새로운내과의원,"충청남도 천안시 동남구 청수14로 56, 3층 303,304호 (청당동)",,36.7839278,127.1526084,medical_hospital_cheonan.csv
medical,hospital,치과의원,새샘치과의원,"충청남도 천안시 동남구 통정11로 57, 3층 (신방동)",,36.7739635,127.1334494,medical_hospital_cheonan.csv
medical,hospital,한방병원,새생명한방병원,"충청남도 천안시 서북구 직산읍 직산로 65, 3,5층",,36.8833513,127.1545948,medical_hospital_cheonan.csv
medical,hospital,의원,새아침연합정형외과의원,"충청남도 천안시 서북구 성환읍 성환1로 228, (성환읍)",,36.9149531,127.1283707,medical_hospital_cheonan.csv
medical,hospital,치과의원,새이치과의원,"충청남도 천안시 동남구 터미널2로 22, 2~3층 (신부동)",,36.8208324,127.1583953,medical_hospital_cheonan.csv
medical,hospital,의원,새한의원,"충청남도 천안시 동남구 목천읍 충절로 767, (목천읍)",,36.7682766,127.197253,medical_hospital_cheonan.csv
medical,hospital,치과의원,샘치과의원,"충청남도 천안시 서북구 불당17길 27, 4층 (불당동)",,36.809749,127.1108675,medical_hospital_cheonan.csv
medical,hospital,한의원,생기한의원,"충청남도 천안시 서북구 불당25로 146, 리치타워 4층 401호 (불당동)",,36.8141843,127.1077361,medical_hospital_cheonan.csv
medical,hospital,치과의원,생명나무치과의원,"충청남도 천안시 동남구 청당5로 36, 3층 302호 (청당동)",,36.7803051,127.1527083,medical_hospital_cheonan.csv
medical,hospital,한의원,생생한의원,"충청남도 천안시 동남구 풍세면 풍세산단로 287, 2층 204호",,36.7262638,127.1063343,medical_hospital_cheonan.csv
medical,hospital,의원,샤인빔의원,"충청남도 천안시 동남구 만남로 42, 4층 (신부동)",,36.8186205,127.156893,medical_hospital_cheonan.csv
medical,hospital,의원,샤인유의원,"충청남도 천안시 서북구 불당21로 65, 3층 304,305호 (불당동)",,36.8130782,127.1073927,medical_hospital_cheonan.csv
medical,hospital,치과의원,샤인이치과의원,"충청남도 천안시 동남구 충절로 7, 씨엔에이타워 6층 (신부동)",,36.818304,127.1585826,medical_hospital_cheonan.csv
medical,hospital,치과의원,샤인치과의원,"충청남도 천안시 서북구 충무로 175, 2층 (쌍용동)",,36.7947993,127.1264579,medical_hospital_cheonan.csv
medical,hospital,의원,서연석내과의원,"충청남도 천안시 서북구 동서대로 135, (성정동)",,36.8261581,127.1383794,medical_hospital_cheonan.csv
medical,hospital,치과의원,서울강남플란트치과의원천안점,"충청남도 천안시 서북구 직산읍 봉주로 47, 보성빌딩 3,4층",,36.8774805,127.1518525,medical_hospital_cheonan.csv
medical,hospital,의원,서울나인앤의원,"충청남도 천안시 서북구 불당22대로 86, 마블러스에스타워 4층 403,404호 (불당동)",,36.8154373,127.1081509,medical_hospital_cheonan.csv
medical,hospital,의원,서울내과의원,"충청남도 천안시 동남구 서부대로 221, 4층 (신방동)",,36.788133,127.1284341,medical_hospital_cheonan.csv
medical,hospital,치과의원,서울니어치과의원,"충청남도 천안시 서북구 불당21로 67-18, 501호 (불당동)",,36.8140496,127.1085045,medical_hospital_cheonan.csv
medical,hospital,치과의원,서울다시봄치과의원,"충청남도 천안시 서북구 불당34길 26, 2층 201,202호 (불당동)",,36.8073315,127.1066298,medical_hospital_cheonan.csv
medical,hospital,병원,서울대정병원,"충청남도 천안시 서북구 불당33길 18, (불당동)",,36.8115949,127.1080081,medical_hospital_cheonan.csv
medical,hospital,의원,서울더블유내과의원,"충청남도 천안시 동남구 목천읍 충절로 935-5, 2,3층",,36.7758092,127.2131112,medical_hospital_cheonan.csv
medical,hospital,치과의원,서울두정치과의원,"충청남도 천안시 서북구 봉정로 356, 3층 301호 (두정동)",,36.8335447,127.1458041,medical_hospital_cheonan.csv
medical,hospital,의원,서울마취통증의학과의원,"충청남도 천안시 서북구 성환읍 연암율금로 508, 3층 306호",,36.9111581,127.1341341,medical_hospital_cheonan.csv
medical,hospital,치과의원,서울모세치과의원,"충청남도 천안시 서북구 월봉로 92, 2층 (쌍용동)",,36.7987712,127.1184245,medical_hospital_cheonan.csv
medical,hospital,의원,서울미즈여성의원,"충청남도 천안시 동남구 만남로 28, 8층 (신부동, 천안문빌딩 )",,36.8185466,127.1552443,medical_hospital_cheonan.csv
medical,hospital,치과의원,서울바르다치과의원,"충청남도 천안시 서북구 공원로 176, 천안불당 시티프라디움 3차 B125-130호 (불당동)",,36.7970961,127.0992362,medical_hospital_cheonan.csv
medical,hospital,치과의원,서울베스트치과의원,"충청남도 천안시 동남구 만남로 38, 3층 (신부동, 도솔빌딩)",,36.8185001,127.1562968,medical_hospital_cheonan.csv
medical,hospital,치과의원,서울봄치과의원,"충청남도 천안시 동남구 서부대로 293, 4층 403호 (신방동)",,36.7937223,127.1277962,medical_hospital_cheonan.csv
medical,hospital,치과의원,서울사계절치과의원,"충청남도 천안시 서북구 성환읍 연암율금로 508, 1,2층 102, 207호",,36.9111581,127.1341341,medical_hospital_cheonan.csv
medical,hospital,의원,서울삼성내과의원,"충청남도 천안시 서북구 두정로 104, 2층 (두정동)",,36.8337376,127.1283423,medical_hospital_cheonan.csv
medical,hospital,의원,서울삼성의원,"충청남도 천안시 동남구 만남로 64, 3층 301호 (신부동)",,36.8191481,127.1593265,medical_hospital_cheonan.csv
medical,hospital,의원,서울성모마취통증의학과의원,"충청남도 천안시 동남구 만남로 40, 광산빌딩 3층 (신부동)",,36.8186141,127.1566244,medical_hospital_cheonan.csv
medical,hospital,의원,서울성모이비인후과의원,"충청남도 천안시 동남구 만남로 26, 3층 301호 (신부동)",,36.8185514,127.1549801,medical_hospital_cheonan.csv
medical,hospital,의원,서울성심의원,"충청남도 천안시 동남구 목천읍 삼성5길 19, 2,3층",,36.761015,127.1745054,medical_hospital_cheonan.csv
medical,hospital,치과의원,서울수석치과교정과치과의원,"충청남도 천안시 동남구 만남로 40, 4층 (신부동)",,36.8186141,127.1566244,medical_hospital_cheonan.csv
medical,hospital,의원,서울수소아청소년과의원,"충청남도 천안시 서북구 노태산로 73, 2층 202호 (백석동)",,36.8313915,127.1269959,medical_hospital_cheonan.csv
medical,hospital,의원,서울아산알러비소아청소년과의원,"충청남도 천안시 서북구 불당21로 67-12, 퍼스트프라자 5층 503호 (불당동)",,36.8136358,127.1083873,medical_hospital_cheonan.csv
medical,hospital,의원,서울연합의원,"충청남도 천안시 동남구 봉정로 20, (봉명동, 하나의원)",,36.8039762,127.1394799,medical_hospital_cheonan.csv
medical,hospital,병원,서울우리병원,"충청남도 천안시 서북구 한들3로 9, (백석동)",,36.8242886,127.1234641,medical_hospital_cheonan.csv
medical,hospital,치과의원,서울원플란트치과의원,"충청남도 천안시 서북구 불당25로 138, 4층 (불당동)",,36.8134164,127.1075116,medical_hospital_cheonan.csv
medical,hospital,치과의원,서울윌치과의원,"충청남도 천안시 동남구 만남로 30, 6층 (신부동, 로얄빌딩)",,36.8185545,127.1553946,medical_hospital_cheonan.csv
medical,hospital,의원,서울의원,"충청남도 천안시 동남구 병천면 아우내장터3길 2, 페미리마트 2층",,36.7613336,127.2987698,medical_hospital_cheonan.csv
medical,hospital,치과의원,서울준치과의원,"충청남도 천안시 동남구 목천읍 충절로 880, 2층",,36.7723497,127.2086676,medical_hospital_cheonan.csv
medical,hospital,의원,서울참정형외과의원,"충청남도 천안시 서북구 충무로 175, 3층 (쌍용동)",,36.7947993,127.1264579,medical_hospital_cheonan.csv
medical,hospital,치과의원,서울탑치과의원,"충청남도 천안시 서북구 입장면 입장로 128, 128",,36.9124857,127.2221116,medical_hospital_cheonan.csv
medical,hospital,병원,서울프라임병원,"충청남도 천안시 서북구 불당25로 226-0, 2~4층 (불당동,골든스퀘어2차)",,36.8212772,127.1099304,medical_hospital_cheonan.csv
medical,hospital,의원,서울하나안과의원,"충청남도 천안시 서북구 동서대로 119, 2-5층 (성정동)",,36.8262859,127.1365867,medical_hospital_cheonan.csv
medical,hospital,의원,서울한양정형외과의원,"충청남도 천안시 서북구 충무로 133, 북일빌딩 1동 4층 (쌍용동)",,36.793159,127.1222263,medical_hospital_cheonan.csv
medical,hospital,한의원,서울한의원,"충청남도 천안시 서북구 성환읍 성환2로 98, (성환읍)",,36.9158748,127.1324411,medical_hospital_cheonan.csv
medical,hospital,치과의원,서지섭치과의원,"충청남도 천안시 서북구 봉서산1길 41, 3층 (쌍용동)",,36.8070516,127.1185696,medical_hospital_cheonan.csv
medical,hospital,한의원,서훈태한의원,"충청남도 천안시 서북구 서부대로 766, (두정동, 진암빌딩)",,36.8356224,127.1339331,medical_hospital_cheonan.csv
medical,hospital,의원,선한메디컬의원,"충청남도 천안시 서북구 쌍용16길 41, (쌍용동)",,36.7975961,127.121802,medical_hospital_cheonan.csv
medical,hospital,요양병원,선한이웃요양병원,"충청남도 천안시 동남구 정골2길 91, (구성동)",,36.7994234,127.1774765,medical_hospital_cheonan.csv
medical,hospital,한의원,설담한의원,"충청남도 천안시 서북구 불당17길 27, 3층 (불당동)",,36.809749,127.1108675,medical_hospital_cheonan.csv
medical,hospital,의원,성거메디컬의원,"충청남도 천안시 서북구 성거읍 성거길 104, 104",,36.8745408,127.2021634,medical_hospital_cheonan.csv
medical,hospital,치과의원,성거치과의원,"충청남도 천안시 서북구 성거읍 성거길 85, 85",,36.8730887,127.2009008,medical_hospital_cheonan.csv
medical,hospital,한의원,성거한의원,"충청남도 천안시 서북구 성거읍 성거길 85, (성거읍)",,36.8730887,127.2009008,medical_hospital_cheonan.csv
medical,hospital,한의원,성광당한의원,"충청남도 천안시 동남구 통정3로 37, (신방동)",,36.7747237,127.1295737,medical_hospital_cheonan.csv
medical,hospital,의원,성모성형외과의원,"충청남도 천안시 동남구 만남로 40, (신부동)",,36.8186141,127.1566244,medical_hospital_cheonan.csv
medical,hospital,의원,성모피부과의원,"충청남도 천안시 동남구 만남로 13, 2층 (신부동)",,36.8190726,127.1537197,medical_hospital_cheonan.csv
medical,hospital,한의원,성모한의원,"충청남도 천안시 동남구 수곡로 81, 2층 (신방동)",,36.7884808,127.1284533,medical_hospital_cheonan.csv
medical,hospital,치과의원,성성N하나치과의원,"충청남도 천안시 서북구 성성9로 7, 4층 406호 (성성동)",,36.8402188,127.1312324,medical_hospital_cheonan.csv
medical,hospital,의원,성성고려산부인과의원,"충청남도 천안시 서북구 성성8로 2-44, 701호 (성성동)",,36.8399447,127.1287168,medical_hospital_cheonan.csv
medical,hospital,치과의원,성성이음치과의원,"충청남도 천안시 서북구 업성수변로 94, 2층 202호 (성성동)",,36.8473298,127.1403033,medical_hospital_cheonan.csv
medical,hospital,의원,성성조은내과의원,"충청남도 천안시 서북구 성성8로 14-12, 4층 (성성동)",,36.8403803,127.1297531,medical_hospital_cheonan.csv
medical,hospital,의원,성성하나로내과의원,"충청남도 천안시 서북구 업성수변로 94, 2층 201호 (성성동)",,36.8473298,127.1403033,medical_hospital_cheonan.csv
medical,hospital,의원,성심의원,"충청남도 천안시 서북구 입장면 입장로 128, 1,2,5층",,36.9124857,127.2221116,medical_hospital_cheonan.csv
medical,hospital,의원,성정가야재활의학과의원,"충청남도 천안시 서북구 쌍용대로 188, 2층 (성정동)",,36.8140792,127.1348034,medical_hospital_cheonan.csv
medical,hospital,의원,성정윌내과의원,"충청남도 천안시 서북구 성정로 82, 3층 (성정동)",,36.8135316,127.1391883,medical_hospital_cheonan.csv
medical,hospital,한의원,성환경희한의원,"충청남도 천안시 서북구 성환읍 종합시장길 29, 1층",,36.9200627,127.1290438,medical_hospital_cheonan.csv
medical,hospital,한의원,성환다온한의원,"충청남도 천안시 서북구 성환읍 성환11길 2, 2층",,36.9166717,127.1282545,medical_hospital_cheonan.csv
medical,hospital,한의원,성환본한의원,"충청남도 천안시 서북구 성환읍 성환9길 7-3, 1,2(2층 일부)층",,36.9162818,127.1286531,medical_hospital_cheonan.csv
medical,hospital,치과의원,성환부부치과의원,"충청남도 천안시 서북구 성환읍 성환2로 104, 2층",,36.9165893,127.1327273,medical_hospital_cheonan.csv
medical,hospital,의원,성환서울의원,"충청남도 천안시 서북구 성환읍 성환중앙로 37, (성환읍)",,36.9172782,127.1298536,medical_hospital_cheonan.csv
medical,hospital,한의원,성환한의원,"충청남도 천안시 서북구 성환읍 신선동길 26, 2층",,36.9126527,127.1306103,medical_hospital_cheonan.csv
medical,hospital,의원,세인트내과의원,"충청남도 천안시 서북구 서부대로 717, (두정동)",,36.831135,127.1330888,medical_hospital_cheonan.csv
medical,hospital,한의원,세종한의원,"충청남도 천안시 동남구 중앙시장길 3, (사직동)",,36.8008445,127.1487017,medical_hospital_cheonan.csv
medical,hospital,치과의원,센트럴치과의원,"충청남도 천안시 서북구 한들2로 8, 304, 305호 (백석동)",,36.8236078,127.1188787,medical_hospital_cheonan.csv
medical,hospital,한의원,소리청자성당한의원,"충청남도 천안시 동남구 서부대로 229, 지성빌딩 지하1,5층 (신방동)",,36.7887287,127.1284801,medical_hospital_cheonan.csv
medical,hospital,한의원,소울한의원,"충청남도 천안시 서북구 한들1로 20, 1층 (백석동)",,36.8243502,127.1159483,medical_hospital_cheonan.csv
medical,hospital,의원,속편한내과의원,"충청남도 천안시 동남구 만남로 64, 3층 302호 (신부동)",,36.8191481,127.1593265,medical_hospital_cheonan.csv
medical,hospital,한의원,손원택한의원,"충청남도 천안시 동남구 통정11로 54, (신방동)",,36.7740415,127.1324183,medical_hospital_cheonan.csv
medical,hospital,한의원,솔아한의원,"충청남도 천안시 서북구 성정공원3길 4, 2층 (성정동)",,36.8261598,127.1413382,medical_hospital_cheonan.csv
medical,hospital,한의원,송광한의원,"충청남도 천안시 서북구 충무로 158-5, 조일빌딩 (쌍용동)",,36.7933538,127.1253712,medical_hospital_cheonan.csv
medical,hospital,한의원,송두한한의원,"충청남도 천안시 서북구 서부3길 3, (성정동)",,36.8187434,127.1392225,medical_hospital_cheonan.csv
medical,hospital,의원,송재화외과의원,"충청남도 천안시 서북구 성거읍 성거길 103, 2층",,36.8749309,127.2008218,medical_hospital_cheonan.csv
medical,hospital,치과의원,송하유승훈소아치과의원,"충청남도 천안시 서북구 두정로 188, 센트레시티 2층 201호 (두정동)",,36.8335529,127.1376084,medical_hospital_cheonan.csv
medical,hospital,치과의원,송호환치과의원,"충청남도 천안시 동남구 충절로 193, (원성동, 정내과의원)",,36.8015925,127.1593365,medical_hospital_cheonan.csv
medical,hospital,의원,수비뇨의학과의원,"충청남도 천안시 동남구 서부대로 276, 학산프라자 4층 (신방동)",,36.7927026,127.1293072,medical_hospital_cheonan.csv
medical,hospital,치과의원,수석이영재치과의원,"충청남도 천안시 동남구 용곡5길 39-4, 201호 (용곡동, 용곡프라자)",,36.7908443,127.1399457,medical_hospital_cheonan.csv
medical,hospital,의원,수연산부인과의원,"충청남도 천안시 서북구 성정중7길 3, 4층 (성정동)",,36.8288752,127.133527,medical_hospital_cheonan.csv
medical,hospital,의원,수이비인후과의원,"충청남도 천안시 서북구 3공단6로 58-8, 천안비즈타워 2층 202호 (차암동)",,36.8409674,127.1040302,medical_hospital_cheonan.csv
medical,hospital,의원,수피부과의원,"충청남도 천안시 서북구 동서대로 125-3, 3층 (성정동)",,36.8261479,127.1370408,medical_hospital_cheonan.csv
medical,hospital,한의원,수한의원,"충청남도 천안시 동남구 방죽안2길 1, (신부동)",,36.8217882,127.1524783,medical_hospital_cheonan.csv
medical,hospital,종합병원,순천향대학교부속 천안병원,"충청남도 천안시 동남구 순천향6길 31,  5동 (봉명동,순천향대학교병원)",,36.8027381,127.1358588,medical_hospital_cheonan.csv
medical,hospital,한의원,숨쉬는한의원,"충청남도 천안시 서북구 두정로 237, 4층 (두정동, 석민빌딩)",,36.8335939,127.1434987,medical_hospital_cheonan.csv
medical,hospital,의원,숲소아청소년과의원,"충청남도 천안시 서북구 성성8로 2-30, 305, 306호 (성성동)",,36.8402876,127.1302621,medical_hospital_cheonan.csv
medical,hospital,치과의원,스마일덴치과의원,"충청남도 천안시 서북구 3공단6로 58-8, 3층 (차암동)",,36.8409674,127.1040302,medical_hospital_cheonan.csv
medical,hospital,의원,스마일소아청소년과의원,"충청남도 천안시 서북구 3공단6로 58-8, 차암동 3층 3호 (차암동)",,36.8409674,127.1040302,medical_hospital_cheonan.csv
medical,hospital,치과의원,스마일치과의원,"충청남도 천안시 동남구 서부대로 268, 301호 (신방동, 학산리젠다빌)",,36.7920285,127.1293675,medical_hospital_cheonan.csv
medical,hospital,한의원,스마일키즈한의원,"충청남도 천안시 서북구 불당25로 176, 4층 401호 (불당동)",,36.8162381,127.1091268,medical_hospital_cheonan.csv
medical,hospital,치과의원,시엘치과의원,"충청남도 천안시 서북구 두정로 202, 3층 (두정동)",,36.8334113,127.1393316,medical_hospital_cheonan.csv
medical,hospital,한의원,신계한의원,"충청남도 천안시 동남구 목천읍 충절로 869, 2층 202,203호",,36.7721275,127.2075219,medical_hospital_cheonan.csv
medical,hospital,의원,신도의원,"충청남도 천안시 동남구 목천읍 충절로 921, (시온빌딩)",,36.7750852,127.2120236,medical_hospital_cheonan.csv
medical,hospital,한의원,신방한의원,"충청남도 천안시 동남구 서부대로 276, 학산프라자 201호 (신방동)",,36.7927026,127.1293072,medical_hospital_cheonan.csv
medical,hospital,의원,신부정형외과의원,"충청남도 천안시 동남구 방죽안2길 1, 2,3,4층 (신부동)",,36.8217882,127.1524783,medical_hospital_cheonan.csv
medical,hospital,의원,신세계마취통증의학과의원,"충청남도 천안시 동남구 만남로 58, 3층 (신부동)",,36.8187122,127.1587644,medical_hospital_cheonan.csv
medical,hospital,치과의원,신세계치과의원,"충청남도 천안시 동남구 만남로 28, (신부동, 천안문빌딩)",,36.8185466,127.1552443,medical_hospital_cheonan.csv
medical,hospital,의원,신통이진소아청소년과의원,"충청남도 천안시 동남구 통정5로 68, 2층 (신방동)",,36.7747712,127.1341757,medical_hospital_cheonan.csv
medical,hospital,한의원,신통한의원,"충청남도 천안시 동남구 통정4로 22-25, (신방동)",,36.7752365,127.1333029,medical_hospital_cheonan.csv
medical,hospital,한의원,심기쁨한의원,"충청남도 천안시 서북구 불당21로 67-12, 퍼스트프라자 3층 301호 (불당동)",,36.8136358,127.1083873,medical_hospital_cheonan.csv
medical,hospital,의원,쌍용굿모닝의원,"충청남도 천안시 서북구 충무로 175, 5층 (쌍용동)",,36.7947993,127.1264579,medical_hospital_cheonan.csv
medical,hospital,의원,쌍용메디컬의원,"충청남도 천안시 서북구 월봉로 85, 쌍용메디칼 2,3,4,5층 (쌍용동)",,36.7983646,127.1179218,medical_hospital_cheonan.csv
medical,hospital,의원,쌍용우리이비인후과의원,"충청남도 천안시 서북구 충무로 175, 4층 (쌍용동)",,36.7947993,127.1264579,medical_hospital_cheonan.csv
medical,hospital,치과의원,쌍용치과의원,"충청남도 천안시 서북구 충무로 205, (쌍용동)",,36.7966603,127.1288032,medical_hospital_cheonan.csv
medical,hospital,한의원,쓰담한의원,"충청남도 천안시 서북구 업성수변로 111, 2층 201,202호 (성성동)",,36.8490562,127.1397022,medical_hospital_cheonan.csv
medical,hospital,치과의원,씨엠씨우성구강악안면외과치과의원,"충청남도 천안시 서북구 불당33길 22, 고은타워 2층 204~205호 (불당동)",,36.8119601,127.1081329,medical_hospital_cheonan.csv
medical,hospital,치과의원,아름드리치과의원,"충청남도 천안시 서북구 불당26로 77, 204, 205호 (불당동, 천안불당지웰더샵 상가동)",,36.8149389,127.1048781,medical_hospital_cheonan.csv
medical,hospital,한의원,아우내한의원,"충청남도 천안시 동남구 병천면 아우내순대길 43, 2층",,36.761548,127.2989,medical_hospital_cheonan.csv
medical,hospital,한의원,아이누리한의원,"충청남도 천안시 서북구 불당21로 71, 3층 303호 (불당동)",,36.8129631,127.1081762,medical_hospital_cheonan.csv
medical,hospital,병원,아이본병원,"충청남도 천안시 서북구 불당25로 206, 3,4,5층(외1 불당25로208 4,5층) (불당동)",,36.8193168,127.1093305,medical_hospital_cheonan.csv
medical,hospital,의원,아이본소아청소년과의원,"충청남도 천안시 서북구 한들3로 30, 4층 (백석동)",,36.8265044,127.1238968,medical_hospital_cheonan.csv
medical,hospital,의원,아이사랑의원,"충청남도 천안시 서북구 한들1로 184, 천안마치에비뉴3차 제1동 1층 110~119호 (백석동)",,36.8388811,127.1206756,medical_hospital_cheonan.csv
medical,hospital,의원,아이힐소아청소년과의원,"충청남도 천안시 서북구 동서대로 135, 6~8층 (성정동)",,36.8261581,127.1383794,medical_hospital_cheonan.csv
medical,hospital,치과의원,아홉가지약속백석치과의원,"충청남도 천안시 서북구 노태산로 73, 6, 7층 (백석동)",,36.8313915,127.1269959,medical_hospital_cheonan.csv
medical,hospital,치과의원,안빈치과의원,"충청남도 천안시 서북구 성정로 102, 2층 (성정동)",,36.8135184,127.1412443,medical_hospital_cheonan.csv
medical,hospital,치과의원,안아픈천안양치과의원,"충청남도 천안시 서북구 동서대로 122, 2층 (성정동)",,36.8256538,127.1365278,medical_hospital_cheonan.csv
medical,hospital,의원,안창훈산부인과의원,"충청남도 천안시 동남구 만남로 15, 3층 (신부동)",,36.8190772,127.1539439,medical_hospital_cheonan.csv
medical,hospital,의원,압구정라인성형외과의원,"충청남도 천안시 동남구 만남로 30, 3층 (신부동)",,36.8185545,127.1553946,medical_hospital_cheonan.csv
medical,hospital,의원,압구정케이엠성형외과천안본점의원,"충청남도 천안시 서북구 충무로 175, (쌍용동)",,36.7947993,127.1264579,medical_hospital_cheonan.csv
medical,hospital,병원,앙즈로여성병원,"충청남도 천안시 서북구 불당33길 1, 외1(불당25로104) (불당동)",,36.810453,127.1069713,medical_hospital_cheonan.csv
medical,hospital,의원,애니산부인과의원,"충청남도 천안시 동남구 만남로 44, 3층 (신부동)",,36.8186167,127.1571061,medical_hospital_cheonan.csv
medical,hospital,의원,애플산부인과의원,"충청남도 천안시 동남구 만남로 42, 601~602호 (신부동)",,36.8186205,127.156893,medical_hospital_cheonan.csv
medical,hospital,한의원,약선당한의원,"충청남도 천안시 동남구 목천읍 서리1길 29-8, 1, 2층",,36.7834339,127.2346861,medical_hospital_cheonan.csv
medical,hospital,한의원,약선한의원,"충청남도 천안시 서북구 검은들3길 52, 303호 (불당동)",,36.8100308,127.1093302,medical_hospital_cheonan.csv
medical,hospital,한의원,약손한의원,"충청남도 천안시 동남구 대흥로 131, (사직동)",,36.8007253,127.1481909,medical_hospital_cheonan.csv
medical,hospital,한의원,약수정한의원,"충청남도 천안시 서북구 봉정로 370, 201호 (두정동, 태조프라자)",,36.8350948,127.1458515,medical_hospital_cheonan.csv
medical,hospital,의원,양종오내과의원,"충청남도 천안시 서북구 불당21로 67-18, 6층 602,603호 (불당동)",,36.8140496,127.1085045,medical_hospital_cheonan.csv
medical,hospital,의원,양현민비뇨기과의원,"충청남도 천안시 서북구 충무로 130, 2층 (쌍용동)",,36.7925153,127.1220087,medical_hospital_cheonan.csv
medical,hospital,의원,에덴산부인과의원,"충청남도 천안시 서북구 봉명로 35, 미라빌딩 3층 (쌍용동)",,36.8077028,127.1324603,medical_hospital_cheonan.csv
medical,hospital,의원,에스앤유서울비뇨의학과의원,"충청남도 천안시 동남구 만남로 40, 5층 (신부동)",,36.8186141,127.1566244,medical_hospital_cheonan.csv
medical,hospital,치과의원,에스치과의원,"충청남도 천안시 서북구 두정로 187, 3층 (두정동)",,36.8340243,127.1377537,medical_hospital_cheonan.csv
medical,hospital,치과의원,에이스치과의원,"충청남도 천안시 서북구 두정로 237, 3층 (두정동)",,36.8335939,127.1434987,medical_hospital_cheonan.csv
medical,hospital,의원,에이프릴의원,"충청남도 천안시 동남구 만남로 32, 3,4층 (신부동)",,36.8185333,127.1555676,medical_hospital_cheonan.csv
medical,hospital,치과의원,여기치과의원,"충청남도 천안시 서북구 성성11길 21, 2층 (성성동)",,36.8435657,127.1368541,medical_hospital_cheonan.csv
medical,hospital,한의원,연세경희한의원,"충청남도 천안시 서북구 입장면 입장로 149-1, 2층",,36.914637,127.2221204,medical_hospital_cheonan.csv
medical,hospital,병원,연세나무병원,"충청남도 천안시 서북구 불당21로 67-18, 7~9층 (불당동)",,36.8140496,127.1085045,medical_hospital_cheonan.csv
medical,hospital,치과의원,연세나은치과의원,"충청남도 천안시 서북구 검은들1길 12, 301,302호 (불당동)",,36.8106973,127.1100649,medical_hospital_cheonan.csv
medical,hospital,의원,연세바른의원,"충청남도 천안시 서북구 3공단6로 58-5, 3층 306,307호 (차암동)",,36.8413395,127.1047956,medical_hospital_cheonan.csv
medical,hospital,의원,연세보람의원,"충청남도 천안시 동남구 북면 충절로 1304, (서광철물)",,36.7696687,127.2519516,medical_hospital_cheonan.csv
medical,hospital,의원,연세보미온의원,"충청남도 천안시 서북구 성거읍 수청2길 21, 3,4층",,36.8762726,127.202261,medical_hospital_cheonan.csv
medical,hospital,의원,연세수빛내과가정의학과의원,"충청남도 천안시 서북구 성성8로 14-4, 미주타워 6층 601,602,603호 (성성동)",,36.8403761,127.1287295,medical_hospital_cheonan.csv
medical,hospital,의원,연세엘유정메디컬의원,"충청남도 천안시 서북구 불당22대로 67, 2층 202호 (불당동)",,36.8165302,127.1065681,medical_hospital_cheonan.csv
medical,hospital,의원,연세열린의원,"충청남도 천안시 서북구 성거읍 성거길 81, (성거읍)",,36.8727307,127.200824,medical_hospital_cheonan.csv
medical,hospital,치과병원,연세우일치과병원,"충청남도 천안시 서북구 서부대로 350, (쌍용동)",,36.79853,127.1265202,medical_hospital_cheonan.csv
medical,hospital,치과의원,연세웰치과의원,"충청남도 천안시 서북구 봉정로 362, 3층 301호 (두정동)",,36.8343409,127.1457984,medical_hospital_cheonan.csv
medical,hospital,의원,연세윤마취통증의학과의원,"충청남도 천안시 서북구 두정로 244, (두정동)",,36.8330935,127.1441236,medical_hospital_cheonan.csv
medical,hospital,의원,연세의원,"충청남도 천안시 서북구 성환읍 성환12길 46, (성환읍)",,36.9170017,127.1330081,medical_hospital_cheonan.csv
medical,hospital,치과의원,연세이라인치과교정과치과의원,"충청남도 천안시 서북구 쌍용대로 318, (성정동)",,36.8256132,127.1376959,medical_hospital_cheonan.csv
medical,hospital,의원,연세조은정신건강의학과의원,"충청남도 천안시 서북구 검은들3길 58, 2층 (불당동)",,36.8099358,127.1098221,medical_hospital_cheonan.csv
medical,hospital,의원,연세탑비뇨기과의원,"충청남도 천안시 서북구 두정로 220, 4층 (두정동)",,36.833259,127.1414138,medical_hospital_cheonan.csv
medical,hospital,치과의원,연세탑치과의원,"충청남도 천안시 서북구 두정로 220, 3층 (두정동)",,36.833259,127.1414138,medical_hospital_cheonan.csv
medical,hospital,치과의원,연세편안한치과의원,"충청남도 천안시 동남구 청수14로 102, 208~209동 (청당동)",,36.7855627,127.1573869,medical_hospital_cheonan.csv
medical,hospital,치과의원,연세필치과교정과치과의원,"충청남도 천안시 서북구 월봉로 122, 3층 304호 (쌍용동)",,36.8014806,127.1188958,medical_hospital_cheonan.csv
medical,hospital,의원,연세하나로의원,"충청남도 천안시 서북구 성환읍 연암율금로 508, 2층",,36.9111581,127.1341341,medical_hospital_cheonan.csv
medical,hospital,의원,연세하임산부인과의원,"충청남도 천안시 동남구 수곡2길 17-17, 지하1층,지상1,2,3,4,6층 (신방동)",,36.7907956,127.1269387,medical_hospital_cheonan.csv
medical,hospital,한의원,연이재한의원,"충청남도 천안시 서북구 불당25로 176, 4층 404~407호 (불당동)",,36.8161757,127.1091449,medical_hospital_cheonan.csv
medical,hospital,의원,열린마음허정신건강의학과의원,"충청남도 천안시 동남구 공설시장2길 3, 2층 (대흥동, 무궁화빌딩)",,36.809024,127.1493369,medical_hospital_cheonan.csv
medical,hospital,한의원,열린부부한의원,"충청남도 천안시 서북구 봉서5길 1, 3층 (쌍용동)",,36.8076209,127.1318403,medical_hospital_cheonan.csv
medical,hospital,의원,열린사랑의원,"충청남도 천안시 서북구 불당25로 176, 3층 (불당동)",,36.8162381,127.1091268,medical_hospital_cheonan.csv
medical,hospital,의원,열린이비인후과의원,"충청남도 천안시 서북구 충무로 133, 2층 (쌍용동)",,36.793159,127.1222263,medical_hospital_cheonan.csv
medical,hospital,의원,열린정형외과의원,"충청남도 천안시 서북구 성환읍 성환2로 95, 지하1~3층",,36.9157909,127.1320704,medical_hospital_cheonan.csv
medical,hospital,치과병원,열린치과병원,"충청남도 천안시 서북구 불당25로 176, 율곡스퀘어 5층 504호 (불당동)",,36.8161757,127.1091449,medical_hospital_cheonan.csv
medical,hospital,치과의원,열린치과의원,"충청남도 천안시 서북구 미라8길 19, 4.5층 (쌍용동)",,36.803252,127.1296484,medical_hospital_cheonan.csv
medical,hospital,의원,예쁨주의쁨의원,"충청남도 천안시 동남구 만남로 38, 도솔빌딩 2층 (신부동)",,36.8185001,127.1562968,medical_hospital_cheonan.csv
medical,hospital,의원,예소담의원,"충청남도 천안시 서북구 불당4로 53, 2층 (불당동)",,36.806705,127.1100531,medical_hospital_cheonan.csv
medical,hospital,한의원,예소담한의원,"충청남도 천안시 서북구 불당4로 53, (불당동,2층)",,36.806705,127.1100531,medical_hospital_cheonan.csv
medical,hospital,한방병원,예스365한방병원,"충청남도 천안시 서북구 성성8로 2-15, 5,6,7층 (성성동)",,36.8398062,127.1301874,medical_hospital_cheonan.csv
medical,hospital,의원,예일가정의학과의원,"충청남도 천안시 서북구 늘푸른6길 42, 상가동 2층 202,203,207,208,209,210호 (두정동, 극동늘푸른아파트)",,36.8284719,127.132307,medical_hospital_cheonan.csv
medical,hospital,병원,예일병원,"충청남도 천안시 서북구 충무로 129, (쌍용동)",,36.793049,127.1217497,medical_hospital_cheonan.csv
medical,hospital,치과의원,오라클치과의원,"충청남도 천안시 서북구 충무로 200, 3층 (쌍용동)",,36.7958276,127.1287473,medical_hospital_cheonan.csv
medical,hospital,의원,오라클피부과의원,"충청남도 천안시 동남구 만남로 52, 8층 (신부동)",,36.8186549,127.1578454,medical_hospital_cheonan.csv
medical,hospital,의원,오라클피부과의원,"충청남도 천안시 서북구 충무로 175, 7층 (쌍용동)",,36.7947993,127.1264579,medical_hospital_cheonan.csv
medical,hospital,치과의원,오렌지캐슬치과의원,"충청남도 천안시 동남구 만남로 36, (신부동, 광동빌딩)",,36.8186353,127.1561146,medical_hospital_cheonan.csv
medical,hospital,의원,오름정형외과의원,"충청남도 천안시 동남구 만남로 6, CARAT21 6층 6001~6004호 (신부동)",,36.8184577,127.1527477,medical_hospital_cheonan.csv
medical,hospital,의원,오리진성형외과의원,"충청남도 천안시 서북구 공원로 219, 2층 214~221호 (불당동)",,36.8001848,127.1036262,medical_hospital_cheonan.csv
medical,hospital,한의원,오송한의원,"충청남도 천안시 동남구 수선정길 23, (영성동, 오송한의원)",,36.8036649,127.1516466,medical_hospital_cheonan.csv
medical,hospital,의원,온리영의원,"충청남도 천안시 서북구 불당21로 67-18, 6층 601호 (불당동)",,36.8140496,127.1085045,medical_hospital_cheonan.csv
medical,hospital,의원,온클리닉의원,"충청남도 천안시 서북구 백석3로 70, 상가동 1층 102, 107호 (백석동, 주공그린빌11단지3차아파트)",,36.8199949,127.1187642,medical_hospital_cheonan.csv
medical,hospital,의원,올리본의원,"충청남도 천안시 서북구 성성8로 2-44, 3~4층 (성성동)",,36.8399447,127.1287168,medical_hospital_cheonan.csv
medical,hospital,한의원,왕소건한의원,"충청남도 천안시 동남구 서부대로 281, (신방동, 국제빌딩)",,36.7930787,127.1286393,medical_hospital_cheonan.csv
medical,hospital,치과의원,우리가족치과의원,"충청남도 천안시 서북구 불당22대로 92, 5층 504~507호 (불당동)",,36.8153477,127.1087183,medical_hospital_cheonan.csv
medical,hospital,의원,우리누리이비인후과의원,"충청남도 천안시 동남구 통정5로 58, 3층 301호 (신방동)",,36.7742008,127.133441,medical_hospital_cheonan.csv
medical,hospital,의원,우리신세계마취통증의학과의원,"충청남도 천안시 서북구 충무로 175, (쌍용동)",,36.7947993,127.1264579,medical_hospital_cheonan.csv
medical,hospital,의원,우리앤소아청소년과의원,"충청남도 천안시 서북구 성성11길 53, (성성동)",,36.8418602,127.1367754,medical_hospital_cheonan.csv
medical,hospital,의원,우리이비인후과의원,"충청남도 천안시 동남구 만남로 43, (신부동, 두루두루빌딩)",,36.8207735,127.1565279,medical_hospital_cheonan.csv
medical,hospital,한의원,우리집한의원,"충청남도 천안시 서북구 두정로 258, 5층 (두정동)",,36.8329799,127.145739,medical_hospital_cheonan.csv
medical,hospital,병원,우리척병원,"충청남도 천안시 서북구 충무로 155, (쌍용동)",,36.793903,127.1245555,medical_hospital_cheonan.csv
medical,hospital,의원,우리튼튼내과의원,"충청남도 천안시 서북구 불당33길 26, 4층 (불당동)",,36.8124803,127.1078689,medical_hospital_cheonan.csv
medical,hospital,한의원,우리한의원,"충청남도 천안시 서북구 입장면 입장로 139, (2층)",,36.9137261,127.2218347,medical_hospital_cheonan.csv
medical,hospital,의원,원내과의원,"충청남도 천안시 서북구 쌍용대로 79, (쌍용동)",,36.8046835,127.1318899,medical_hospital_cheonan.csv
medical,hospital,한의원,원성경희한의원,"충청남도 천안시 동남구 버들로 115-2, 3층 (원성동)",,36.8065395,127.1593365,medical_hospital_cheonan.csv
medical,hospital,치과의원,원치과의원,"충청남도 천안시 서북구 성환읍 성환1로 244, (성환읍)",,36.9163882,127.1282725,medical_hospital_cheonan.csv
medical,hospital,한의원,원한의원,"충청남도 천안시 서북구 성거읍 성거길 100, 우남상가 1층",,36.8739533,127.2019183,medical_hospital_cheonan.csv
medical,hospital,의원,웰소아청소년과의원,"충청남도 천안시 서북구 한들2로 8, 3층 (백석동)",,36.8236078,127.1188787,medical_hospital_cheonan.csv
medical,hospital,치과의원,웰치과의원,"충청남도 천안시 동남구 목천읍 목천안터1길 4, 2층",,36.7730949,127.2089129,medical_hospital_cheonan.csv
medical,hospital,치과의원,위드치과의원,"충청남도 천안시 서북구 서부대로 688, 3층 (성정동)",,36.8284543,127.1335183,medical_hospital_cheonan.csv
medical,hospital,치과의원,유디신부치과의원,"충청남도 천안시 동남구 만남로 6, 8층 8004~8006호 (신부동)",,36.8184577,127.1527477,medical_hospital_cheonan.csv
medical,hospital,치과의원,유디치과의원,"충청남도 천안시 서북구 차돌고개7길 60, 2층 (쌍용동)",,36.7983625,127.131454,medical_hospital_cheonan.csv
medical,hospital,의원,유로센터서경근비뇨기과의원,"충청남도 천안시 동남구 만남로 43, 3층 (신부동)",,36.8207735,127.156528,medical_hospital_cheonan.csv
medical,hospital,치과의원,유명치과의원,"충청남도 천안시 서북구 입장면 입장로 118, 3층",,36.9114453,127.2216733,medical_hospital_cheonan.csv
medical,hospital,치과의원,유스치과의원,"충청남도 천안시 서북구 성성8로 14-12, 2층 일부 (성성동)",,36.8403803,127.1297531,medical_hospital_cheonan.csv
medical,hospital,의원,유앤아이의원,"충청남도 천안시 서북구 불당22대로 92, 마블러스티타워 7층 706호 (불당동)",,36.8153477,127.1087183,medical_hospital_cheonan.csv
medical,hospital,의원,유웅선내과의원,"충청남도 천안시 서북구 쌍용대로 43, (쌍용동)",,36.8013293,127.1313323,medical_hospital_cheonan.csv
medical,hospital,의원,유제열가정의학과의원,"충청남도 천안시 서북구 성정로 103, (성정동)",,36.8137781,127.1414796,medical_hospital_cheonan.csv
medical,hospital,의원,유지방의원,"충청남도 천안시 동남구 만남로 34, (신부동, 선진빌딩)",,36.8185993,127.155899,medical_hospital_cheonan.csv
medical,hospital,치과의원,유춘호치과의원,"충청남도 천안시 서북구 충무로 158-5, 3층 (쌍용동)",,36.7933538,127.1253712,medical_hospital_cheonan.csv
medical,hospital,의원,유파인의원,"충청남도 천안시 서북구 불당21로 67-26, 2층 206,207,208호 (불당동)",,36.8147888,127.1087327,medical_hospital_cheonan.csv
medical,hospital,의원,윤석중내과의원,"충청남도 천안시 서북구 미라15길 23, 2층 (쌍용동, 대우타워종합상가)",,36.8069642,127.132186,medical_hospital_cheonan.csv
medical,hospital,의원,윤여일내과의원,"충청남도 천안시 동남구 구성1길 1, 2층 (구성동)",,36.7945992,127.1600494,medical_hospital_cheonan.csv
medical,hospital,치과의원,윤철민치과의원,"충청남도 천안시 동남구 대흥로 107, (사직동, 세광빌딩)",,36.7993979,127.1504961,medical_hospital_cheonan.csv
medical,hospital,한의원,윤한의원,"충청남도 천안시 동남구 일봉로 8, (신방동, 학산빌딩)",,36.7933496,127.1294022,medical_hospital_cheonan.csv
medical,hospital,한의원,율곡한의원,"충청남도 천안시 서북구 도원3길 17, (성정동)",,36.8201566,127.1349729,medical_hospital_cheonan.csv
medical,hospital,의원,으뜸이비인후과의원,"충청남도 천안시 서북구 불당25로 176, 309~312호 (불당동)",,36.8161757,127.1091449,medical_hospital_cheonan.csv
medical,hospital,의원,의)창신의료재단큰사랑의원,"충청남도 천안시 동남구 풍세면 풍년길 41, (풍세면)",,36.7218229,127.1192681,medical_hospital_cheonan.csv
medical,hospital,요양병원,의료법인 백석의료재단 한사랑요양병원,"충청남도 천안시 동남구 대흥로 228, (대흥동, 삼영빌딩)",,36.8083735,127.1481019,medical_hospital_cheonan.csv
medical,hospital,종합병원,의료법인 영서의료재단 천안충무병원,"충청남도 천안시 서북구 다가말3길 8,  (쌍용동)",,36.7974082,127.1314943,medical_hospital_cheonan.csv
medical,hospital,정신병원,의료법인 혜강의료재단 혜강병원,"충청남도 천안시 동남구 대흥로 288, 화정빌딩 지하2층~지상6층 (성황동)",,36.813351,127.1495902,medical_hospital_cheonan.csv
medical,hospital,요양병원,의료법인세온의료재단브라운요양병원,"충청남도 천안시 동남구 목천읍 충절로 794, (목천읍)",,36.7682579,127.1999499,medical_hospital_cheonan.csv
medical,hospital,요양병원,의료법인아선의료재단메디케어요양병원,"충청남도 천안시 서북구 검은들1길 20, 메디컬타워 5층, 7층 (불당동)",,36.8113154,127.1102028,medical_hospital_cheonan.csv
medical,hospital,치과의원,이가웃는치과의원,"충청남도 천안시 서북구 불당22대로 67, 4층 401,402호 (불당동)",,36.8165302,127.1065681,medical_hospital_cheonan.csv
medical,hospital,의원,이규신경외과의원,"충청남도 천안시 서북구 불당대로 260, 409호 (쌍용동, 하이렉스타운)",,36.7997683,127.1245321,medical_hospital_cheonan.csv
medical,hospital,치과의원,이규현치과의원,"충청남도 천안시 서북구 오성로 1, 201호 (두정동)",,36.8307057,127.1275923,medical_hospital_cheonan.csv
medical,hospital,의원,이규형성형외과의원,"충청남도 천안시 서북구 봉정로 356, 5층 501~503호 (두정동)",,36.8335447,127.1458041,medical_hospital_cheonan.csv
medical,hospital,의원,이나혜여성의원,"충청남도 천안시 서북구 불당33길 26, 2층 202호, 203호 (불당동)",,36.8124803,127.1078689,medical_hospital_cheonan.csv
medical,hospital,의원,이낙원내과의원,"충청남도 천안시 동남구 서부대로 278, (신방동, 학산TWIN빌딩)",,36.7930538,127.1294288,medical_hospital_cheonan.csv
medical,hospital,한의원,이동규한의원,"충청남도 천안시 동남구 목천읍 충절로 884, (능수빌딩)",,36.7726511,127.2090734,medical_hospital_cheonan.csv
medical,hospital,의원,이든의원,"충청남도 천안시 서북구 성정공원3길 4, 2층 (성정동)",,36.8261598,127.1413382,medical_hospital_cheonan.csv
medical,hospital,치과의원,이레치과의원,"충청남도 천안시 동남구 청수4로 8, (청당동)",,36.7822997,127.1529766,medical_hospital_cheonan.csv
medical,hospital,치과의원,이로울치과의원,"충청남도 천안시 동남구 서부대로 285, 4층 404호 (신방동)",,36.7933555,127.1281705,medical_hospital_cheonan.csv
medical,hospital,의원,이룸산부인과의원,"충청남도 천안시 서북구 검은들3길 58, 304호 (불당동, 메가클래스블루)",,36.8099358,127.1098221,medical_hospital_cheonan.csv
medical,hospital,의원,이민형이비인후과의원,"충청남도 천안시 서북구 충무로 178, 3층 301호 일부, 302호, 303호 (쌍용동)",,36.7943292,127.1269714,medical_hospital_cheonan.csv
medical,hospital,치과의원,이바르게치과교정과치과의원,"충청남도 천안시 동남구 만남로 28, 7층 (신부동)",,36.8185466,127.1552443,medical_hospital_cheonan.csv
medical,hospital,의원,이석훈내과의원,"충청남도 천안시 동남구 서부대로 276, (신방동)",,36.7927026,127.1293072,medical_hospital_cheonan.csv
medical,hospital,치과의원,이센스치과의원,"충청남도 천안시 서북구 검은들3길 48, 7층 (불당동)",,36.810137,127.1088089,medical_hospital_cheonan.csv
medical,hospital,의원,이수남내과의원,"충청남도 천안시 동남구 중앙로 54, (영성동)",,36.8032078,127.1531042,medical_hospital_cheonan.csv
medical,hospital,치과의원,이스타치과의원,"충청남도 천안시 동남구 만남로 34, 선진빌딩 3층 (신부동)",,36.8185993,127.155899,medical_hospital_cheonan.csv
medical,hospital,의원,이앤오신경과의원,"충청남도 천안시 서북구 불당21로 71, 402호 (불당동)",,36.8129631,127.1081762,medical_hospital_cheonan.csv
medical,hospital,의원,이에스길비뇨기과의원,"충청남도 천안시 동남구 만남로 50, 801호 (신부동, 터미널프라자)",,36.8186482,127.1576124,medical_hospital_cheonan.csv
medical,hospital,치과의원,이엔이치과의원,"충청남도 천안시 서북구 서부대로 717, 2층 (두정동)",,36.831135,127.1330888,medical_hospital_cheonan.csv
medical,hospital,한의원,이영준한의원,"충청남도 천안시 서북구 봉정로 388, (두정동, 용암빌딩)",,36.8366233,127.1458202,medical_hospital_cheonan.csv
medical,hospital,치과의원,이온치과의원,"충청남도 천안시 서북구 동서대로 57, 2층 (두정동, 부경빌딩)",,36.8257727,127.1296918,medical_hospital_cheonan.csv
medical,hospital,한의원,이웃한의원,"충청남도 천안시 서북구 두정중9길 3, (두정동,1층)",,36.8370085,127.1385407,medical_hospital_cheonan.csv
medical,hospital,의원,이은희산부인과의원,"충청남도 천안시 서북구 불당33길 24, 701호 (불당동)",,36.8124074,127.1082039,medical_hospital_cheonan.csv
medical,hospital,의원,이음재활의학과의원,"충청남도 천안시 서북구 불당23로 73-8, 한성필하우스 라드니체 2층 207,208호 (불당동)",,36.8180572,127.1097404,medical_hospital_cheonan.csv
medical,hospital,의원,이젠의원,"충청남도 천안시 서북구 오성6길 4, 4,5층 (두정동)",,36.8317807,127.1276148,medical_hospital_cheonan.csv
medical,hospital,치과의원,이종현치과의원,"충청남도 천안시 서북구 쌍용대로 316, 영현빌딩 3층 (성정동)",,36.8254137,127.1376243,medical_hospital_cheonan.csv
medical,hospital,치과의원,이좋은치과의원,"충청남도 천안시 서북구 성거읍 성거길 100, 2층",,36.8739533,127.2019183,medical_hospital_cheonan.csv
medical,hospital,의원,이지흉부외과의원,"충청남도 천안시 서북구 동서대로 125-3, 5층 (성정동)",,36.8261479,127.1370408,medical_hospital_cheonan.csv
medical,hospital,치과의원,이튼치과의원,"충청남도 천안시 동남구 충절로 273, (구성동)",,36.7946292,127.159832,medical_hospital_cheonan.csv
medical,hospital,치과의원,이편한용치과의원,"충청남도 천안시 서북구 성환읍 성환중앙로 36, (성환읍)",,36.917119,127.130105,medical_hospital_cheonan.csv
medical,hospital,치과의원,이편한치과의원,"충청남도 천안시 서북구 봉정로 370, 태조프라자 303호 (두정동)",,36.8350948,127.1458515,medical_hospital_cheonan.csv
medical,hospital,한의원,이현철한의원,"충청남도 천안시 서북구 직산읍 봉주로 51, (외1필지 3층)",,36.8775039,127.152227,medical_hospital_cheonan.csv
medical,hospital,병원,이화병원,"충청남도 천안시 서북구 충무로 165, 외 1(충무로 161) (쌍용동)",,36.7942423,127.1255011,medical_hospital_cheonan.csv
medical,hospital,한의원,익수당한의원,"충청남도 천안시 동남구 충절로 233, (구성동)",,36.7979499,127.159683,medical_hospital_cheonan.csv
medical,hospital,한의원,인동한의원,"충청남도 천안시 서북구 검은들3길 60, (불당동,3층)",,36.8098321,127.1101616,medical_hospital_cheonan.csv
medical,hospital,한의원,인생한의원,"충청남도 천안시 동남구 남부대로 322, 1동 3층 (청당동)",,36.7813351,127.1528517,medical_hospital_cheonan.csv
medical,hospital,치과의원,일곱난장이치과의원,"충청남도 천안시 동남구 만남로 9, 3층 (신부동)",,36.8191757,127.15299,medical_hospital_cheonan.csv
medical,hospital,한의원,일맥한의원천안점,"충청남도 천안시 동남구 만남로 38, (신부동, 도솔빌딩)",,36.8185001,127.1562968,medical_hospital_cheonan.csv
medical,hospital,한의원,임제당한의원,"충청남도 천안시 서북구 3공단6로 58-5, (차암동)",,36.8413395,127.1047956,medical_hospital_cheonan.csv
medical,hospital,의원,입장제일의원,"충청남도 천안시 서북구 입장면 입장로 139, (입장면)",,36.9137261,127.2218347,medical_hospital_cheonan.csv
medical,hospital,의원,입장중앙의원,"충청남도 천안시 서북구 입장면 입장로 134, (입장면)",,36.9130322,127.2219948,medical_hospital_cheonan.csv
medical,hospital,의원,잇츠미의원,"충청남도 천안시 서북구 불당21로 71, 정석3차 7층 (불당동)",,36.8129631,127.1081762,medical_hospital_cheonan.csv
medical,hospital,의원,잇츠미의원,"충청남도 천안시 동남구 만남로 50, (신부동, 터미널프라자)",,36.8186482,127.1576124,medical_hospital_cheonan.csv
medical,hospital,치과의원,잇플란트치과의원,"충청남도 천안시 서북구 불당34길 10, 3층 303호 (불당동)",,36.8059431,127.1062703,medical_hospital_cheonan.csv
medical,hospital,의원,자라는소아청소년과의원,"충청남도 천안시 서북구 공원로 176, 천안불당 시티프라디움 3차 근린생활시설-3 지하1층 B122,B123,B124호 (불당동)",,36.7970961,127.0992362,medical_hospital_cheonan.csv
medical,hospital,한의원,자승한의원,"충청남도 천안시 동남구 방죽안3길 33, 2층 (신부동)",,36.8226342,127.1555644,medical_hospital_cheonan.csv
medical,hospital,한의원,자연과한의원,"충청남도 천안시 동남구 충절로 14, 4층 (신부동)",,36.8178297,127.1579319,medical_hospital_cheonan.csv
medical,hospital,한의원,자인한의원,"충청남도 천안시 동남구 봉정로 47, 2층 (봉명동)",,36.8064762,127.139641,medical_hospital_cheonan.csv
medical,hospital,의원,장편한연합내과의원,"충청남도 천안시 서북구 직산읍 봉주로 64, 4층",,36.8771042,127.1537593,medical_hospital_cheonan.csv
medical,hospital,의원,장헌식안과의원,"충청남도 천안시 동남구 서부대로 278, 301호 (신방동, 학산트윈빌딩)",,36.7930538,127.1294288,medical_hospital_cheonan.csv
medical,hospital,의원,전피부과의원,"충청남도 천안시 서북구 월봉로 122, 305호 (쌍용동)",,36.8014806,127.1188958,medical_hospital_cheonan.csv
medical,hospital,의원,전학수소아청소년과의원,"충청남도 천안시 동남구 청수4로 10, 203호 (청당동)",,36.7827604,127.1529449,medical_hospital_cheonan.csv
medical,hospital,의원,정 정신건강의학과의원,"충청남도 천안시 서북구 쌍용대로 8, 3층 (쌍용동)",,36.7981661,127.1310484,medical_hospital_cheonan.csv
medical,hospital,의원,정가정의학과의원,"충청남도 천안시 서북구 직산읍 삼은3길 45, 2층",,36.879769,127.1536735,medical_hospital_cheonan.csv
medical,hospital,의원,정다운메디컬의원,"충청남도 천안시 서북구 월봉로 93, 3층 (쌍용동)",,36.7989793,127.1179193,medical_hospital_cheonan.csv
medical,hospital,한의원,정다운한의원,"충청남도 천안시 동남구 대흥로 118, 5층 (사직동)",,36.8002228,127.1498864,medical_hospital_cheonan.csv
medical,hospital,의원,정빈의원,"충청남도 천안시 동남구 만남로 6, 7층 7004,7005,7006(일부)호 (신부동)",,36.8184577,127.1527477,medical_hospital_cheonan.csv
medical,hospital,치과의원,정세영치과의원,"충청남도 천안시 동남구 충절로 21, 2층 (신부동)",,36.8170585,127.1585218,medical_hospital_cheonan.csv
medical,hospital,의원,정원피부과의원,"충청남도 천안시 서북구 성성8로 2-23, 3층 정원피부과의원 (성성동)",,36.8397095,127.1304793,medical_hospital_cheonan.csv
medical,hospital,치과의원,정호기치과의원,"충청남도 천안시 서북구 동서대로 135, 4층 (성정동)",,36.8261329,127.1383767,medical_hospital_cheonan.csv
medical,hospital,의원,정희연정신건강의학과의원,"충청남도 천안시 동남구 만남로 43, 종합버스터미널 4층 일부 (신부동)",,36.8207735,127.1565279,medical_hospital_cheonan.csv
medical,hospital,치과의원,제이엠치과의원,"충청남도 천안시 서북구 불당11로 101, 302호 (불당동, 센터프라자)",,36.805225,127.1159201,medical_hospital_cheonan.csv
medical,hospital,의원,제일소아청소년과의원,"충청남도 천안시 동남구 충절로 260, 3층 (구성동)",,36.7955567,127.1592103,medical_hospital_cheonan.csv
medical,hospital,의원,제일영상의학과의원,"충청남도 천안시 동남구 충절로 6, 5층 (신부동)",,36.8184634,127.1579369,medical_hospital_cheonan.csv
medical,hospital,의원,제일의원,"충청남도 천안시 동남구 병천면 아우내순대길 38, 2층",,36.7609545,127.2990557,medical_hospital_cheonan.csv
medical,hospital,의원,제일편한내과의원,"충청남도 천안시 서북구 봉정로 370, 4층 (두정동)",,36.8350948,127.1458515,medical_hospital_cheonan.csv
medical,hospital,한방병원,제중한방병원,"충청남도 천안시 서북구 천안대로 1024-5, 1층~3층 (두정동)",,36.8334971,127.152436,medical_hospital_cheonan.csv
medical,hospital,의원,조병석내과의원,"충청남도 천안시 서북구 성환읍 성환12길 26, 2층",,36.917341,127.1307498,medical_hospital_cheonan.csv
medical,hospital,치과의원,조복형치과의원,"충청남도 천안시 서북구 봉명로 34, 3층 (쌍용동, 대우빌딩)",,36.8071893,127.132237,medical_hospital_cheonan.csv
medical,hospital,의원,조영번소아청소년과의원,"충청남도 천안시 서북구 성거읍 성거길 89, 1층",,36.8733963,127.201064,medical_hospital_cheonan.csv
medical,hospital,의원,조은마취통증의학과의원,"충청남도 천안시 동남구 서부대로 227, 2층 (신방동, 예은빌딩)",,36.7886121,127.1284603,medical_hospital_cheonan.csv
medical,hospital,의원,조은성모안과의원,"충청남도 천안시 서북구 직산읍 삼은3길 45, 3층",,36.879769,127.1536735,medical_hospital_cheonan.csv
medical,hospital,치과의원,조은치과의원,"충청남도 천안시 서북구 두정로 98, 3층 (두정동)",,36.8337522,127.1277709,medical_hospital_cheonan.csv
medical,hospital,의원,좋은생각의원,"충청남도 천안시 서북구 불당4로 106, 114,115호 (불당동, 우방아이유쉘트윈팰리스아파트)",,36.8113826,127.1123328,medical_hospital_cheonan.csv
medical,hospital,한의원,좋은일한의원,"충청남도 천안시 서북구 불당22대로 92, 마블러스티타워 4층층 401호 (불당동)",,36.8153477,127.1087183,medical_hospital_cheonan.csv
medical,hospital,의원,주내과의원,"충청남도 천안시 서북구 월봉로 89, 2층 (쌍용동)",,36.7987149,127.1179468,medical_hospital_cheonan.csv
medical,hospital,의원,준내과의원,"충청남도 천안시 서북구 늘푸른5길 22, 3층 (두정동)",,36.8273293,127.1296515,medical_hospital_cheonan.csv
medical,hospital,한의원,중경한의원,"충청남도 천안시 서북구 다가말3길 30, 참빛빌딩 1층 (쌍용동)",,36.7981323,127.1340301,medical_hospital_cheonan.csv
medical,hospital,치과의원,중앙치과의원,"충청남도 천안시 동남구 서부대로 227, (신방동, 예은빌딩)",,36.7886121,127.1284603,medical_hospital_cheonan.csv
medical,hospital,한의원,중앙한의원,"충청남도 천안시 동남구 중앙로 62, (영성동, 중앙한의원)",,36.8038561,127.1528591,medical_hospital_cheonan.csv
medical,hospital,한의원,중화당한의원,"충청남도 천안시 서북구 쌍용대로 296, 3층 (성정동, 종근당빌딩)",,36.8237205,127.1371652,medical_hospital_cheonan.csv
medical,hospital,의원,지혜로운여성의원,"충청남도 천안시 동남구 청수4로 16, 6층 605호 (청당동)",,36.7832667,127.1528761,medical_hospital_cheonan.csv
medical,hospital,의원,직산가정의학과의원,"충청남도 천안시 서북구 직산읍 직산로 31, 2층",,36.880118,127.1537364,medical_hospital_cheonan.csv
medical,hospital,한의원,직산한의원,"충청남도 천안시 서북구 직산읍 봉주로 29, (매봉빌딩)",,36.8772046,127.1497159,medical_hospital_cheonan.csv
medical,hospital,의원,진정형외과의원,"충청남도 천안시 동남구 풍세로 1008, (청수동, 진정형외과)",,36.7971762,127.1530002,medical_hospital_cheonan.csv
medical,hospital,치과의원,진치과의원,"충청남도 천안시 동남구 수곡로 81, (신방동, 신방빌딩)",,36.7884808,127.1284533,medical_hospital_cheonan.csv
medical,hospital,의원,진클래식의원,"충청남도 천안시 서북구 동서대로 129, 4층 (성정동)",,36.8262114,127.1378027,medical_hospital_cheonan.csv
medical,hospital,치과의원,진플란트치과의원,"충청남도 천안시 동남구 청수11로 16, 301~304호 (청당동)",,36.7826401,127.1541385,medical_hospital_cheonan.csv
medical,hospital,치과의원,차암조은치과의원,"충청남도 천안시 서북구 3공단6로 58-5, 201호,202호 (차암동)",,36.8413395,127.1047956,medical_hospital_cheonan.csv
medical,hospital,치과의원,착한미소치과의원,"충청남도 천안시 동남구 서부대로 221, 5층 (신방동)",,36.788133,127.1284341,medical_hospital_cheonan.csv
medical,hospital,의원,찬스신경과의원,"충청남도 천안시 서북구 충무로 205, 4층 (쌍용동, 다선빌딩)",,36.7966603,127.1288032,medical_hospital_cheonan.csv
medical,hospital,한의원,참사랑한의원,"충청남도 천안시 동남구 서부대로 270, 2층 202호 (신방동)",,36.79228,127.1293633,medical_hospital_cheonan.csv
medical,hospital,치과병원,참조은치과병원,"충청남도 천안시 서북구 불당21로 67-8, 6층 601~603호 (불당동)",,36.8132654,127.1082812,medical_hospital_cheonan.csv
medical,hospital,한의원,참조은한의원,"충청남도 천안시 서북구 성거읍 성거길 89, (성거읍)",,36.8733963,127.201064,medical_hospital_cheonan.csv
medical,hospital,의원,참편한마취통증의학과의원,"충청남도 천안시 서북구 성환읍 성환11길 21, (성환읍)",,36.9169671,127.1304651,medical_hospital_cheonan.csv
medical,hospital,의원,창문외과의원,"충청남도 천안시 서북구 쌍용대로 8, 3,4,5층 (쌍용동)",,36.7981661,127.1310484,medical_hospital_cheonan.csv
medical,hospital,한의원,채강한의원,"충청남도 천안시 서북구 봉정로 356, 3층 (두정동)",,36.8335447,127.1458041,medical_hospital_cheonan.csv
medical,hospital,의원,채움비뇨의학과의원,"충청남도 천안시 서북구 불당21로 71, 4층 403호 (불당동)",,36.8129631,127.1081762,medical_hospital_cheonan.csv
medical,hospital,치과의원,천년나무치과의원,"충청남도 천안시 동남구 청수로 136, 2층 (구성동)",,36.7940292,127.1590874,medical_hospital_cheonan.csv
medical,hospital,한의원,천수당한의원,"충청남도 천안시 서북구 두정로 244, (두정동)",,36.8330935,127.1441236,medical_hospital_cheonan.csv
medical,hospital,병원,천안21세기병원,"충청남도 천안시 서북구 부성6길 39-11, (두정동)",,36.836574,127.1379086,medical_hospital_cheonan.csv
medical,hospital,치과의원,천안365치과의원,"충청남도 천안시 서북구 충무로 133, 북일빌딩 3층 (쌍용동)",,36.793159,127.1222263,medical_hospital_cheonan.csv
medical,hospital,의원,천안개방교도소부속의원,"충청남도 천안시 서북구 천일고1길 63, (신당동)",,36.8587882,127.1606822,medical_hospital_cheonan.csv
medical,hospital,한의원,천안경희한의원,"충청남도 천안시 서북구 동서대로 129, 단국성정빌딩 3층 (성정동)",,36.8262114,127.1378027,medical_hospital_cheonan.csv
medical,hospital,의원,천안고든정형외과의원,"충청남도 천안시 동남구 쌍용대로 154, 2,.3층 (봉명동)",,36.8111032,127.1340238,medical_hospital_cheonan.csv
medical,hospital,의원,천안고려의원,"충청남도 천안시 동남구 청수로 136, 1층 (구성동)",,36.7940292,127.1590874,medical_hospital_cheonan.csv
medical,hospital,의원,천안교도소부속의원,"충청남도 천안시 서북구 성거읍 천일고1길 127, 127",,36.8609636,127.1662205,medical_hospital_cheonan.csv
medical,hospital,의원,천안국가대표정형외과의원,"충청남도 천안시 동남구 만남로 43, 고속버스터미널 A동 5층 일부 (신부동)",,36.8207735,127.1565279,medical_hospital_cheonan.csv
medical,hospital,의원,천안김안과신불당의원,"충청남도 천안시 서북구 불당33길 22, 3층(301,302,303호),4층 (불당동)",,36.8119601,127.1081329,medical_hospital_cheonan.csv
medical,hospital,의원,천안김안과천안역본점의원,"충청남도 천안시 동남구 중앙로 92, 1,2,3,4층 (원성동)",,36.806653,127.1526464,medical_hospital_cheonan.csv
medical,hospital,의원,천안나안과의원,"충청남도 천안시 동남구 충절로 23-1, 3,4,5층 (신부동)",,36.8169706,127.1586686,medical_hospital_cheonan.csv
medical,hospital,병원,천안다나힐병원,"충청남도 천안시 동남구 터미널3길 5, (신부동)",,36.8198442,127.1586367,medical_hospital_cheonan.csv
medical,hospital,의원,천안다정의원,"충청남도 천안시 서북구 오성6길 40, 성광빌딩 2층, 1층 102호 (두정동)",,36.8316908,127.1317172,medical_hospital_cheonan.csv
medical,hospital,치과의원,천안더맑은치과의원,"충청남도 천안시 동남구 만남로 40, 2층 (신부동)",,36.8186141,127.1566244,medical_hospital_cheonan.csv
medical,hospital,한방병원,천안도솔한방병원,"충청남도 천안시 서북구 서부대로 368, 3~5층 (쌍용동)",,36.8001324,127.1270509,medical_hospital_cheonan.csv
medical,hospital,한의원,천안동의보감한의원,"충청남도 천안시 서북구 쌍용11길 47, 2층 (쌍용동)",,36.8021597,127.1240967,medical_hospital_cheonan.csv
medical,hospital,의원,천안드림이비인후과의원,"충청남도 천안시 동남구 충절로 6, 3층 (신부동)",,36.8184634,127.1579369,medical_hospital_cheonan.csv
medical,hospital,병원,천안리턴병원,"충청남도 천안시 서북구 불당23로 73-27, 2층,3층 2층(217~222)호 (불당동)",,36.8204224,127.1096819,medical_hospital_cheonan.csv
medical,hospital,치과의원,천안모아치과의원,"충청남도 천안시 서북구 충무로 201, (쌍용동)",,36.7962293,127.1282685,medical_hospital_cheonan.csv
medical,hospital,의원,천안바른마취통증의학과의원,"충청남도 천안시 동남구 대흥로 118, 2,3층 (사직동)",,36.8002228,127.1498864,medical_hospital_cheonan.csv
medical,hospital,치과의원,천안바른치과의원,"충청남도 천안시 서북구 3공단6로 50, 203호 (차암동)",,36.840979,127.1031772,medical_hospital_cheonan.csv
medical,hospital,치과의원,천안베스트덴치과의원,"충청남도 천안시 서북구 두정로 236, 4층 (두정동, 스타펠리스)",,36.8330764,127.1430544,medical_hospital_cheonan.csv
medical,hospital,치과의원,천안본치과의원,"충청남도 천안시 서북구 충무로 125, 4층 (쌍용동)",,36.7928023,127.1214264,medical_hospital_cheonan.csv
medical,hospital,한의원,천안사랑인한의원,"충청남도 천안시 동남구 서부대로 285, 2층 202호 (신방동)",,36.7933555,127.1281705,medical_hospital_cheonan.csv
medical,hospital,의원,천안삼성안과의원,"충청남도 천안시 서북구 한들2로 8, 4층 (백석동)",,36.8236078,127.1188787,medical_hospital_cheonan.csv
medical,hospital,의원,천안서울안과신부점의원,"충청남도 천안시 동남구 만남로 30, 7층 (신부동)",,36.8185545,127.1553946,medical_hospital_cheonan.csv
medical,hospital,의원,천안서울안과신불당점의원,"충청남도 천안시 서북구 불당25로 176, 6층 (불당동)",,36.8162381,127.1091268,medical_hospital_cheonan.csv
medical,hospital,의원,천안세브란스의원,"충청남도 천안시 동남구 대흥로 127, 2층 (사직동)",,36.8005598,127.1485189,medical_hospital_cheonan.csv
medical,hospital,요양병원,천안세인트요양병원,"충청남도 천안시 동남구 구성2길 11, (구성동)",,36.7983903,127.1597911,medical_hospital_cheonan.csv
medical,hospital,의원,천안스노우의원,"충청남도 천안시 서북구 불당22대로 92, 4층 403~406호, 415호 (불당동)",,36.8153477,127.1087183,medical_hospital_cheonan.csv
medical,hospital,보건지소,천안시광덕면보건지소,"충청남도 천안시 동남구 광덕면 신흥리3길 33-1, 광덕면보건지소",,36.6985409,127.1115968,medical_hospital_cheonan.csv
medical,hospital,보건진료소,천안시광덕면보산원보건진료소,"충청남도 천안시 동남구 광덕면 보산원2길 36, 보산원보건진료소",,36.6850495,127.0766339,medical_hospital_cheonan.csv
medical,hospital,보건진료소,천안시광덕면행정보건진료소,"충청남도 천안시 동남구 광덕면 차령고개로 1017, (광덕면)",,36.686042,127.156801,medical_hospital_cheonan.csv
medical,hospital,보건소,천안시동남구보건소,"충청남도 천안시 동남구 버들로 34, (문화동)",,36.8074578,127.1512768,medical_hospital_cheonan.csv
medical,hospital,보건지소,천안시동면보건지소,"충청남도 천안시 동남구 동면 동산1길 15-1, 동면보건지소",,36.7764832,127.3446612,medical_hospital_cheonan.csv
medical,hospital,보건진료소,천안시동면화덕보건진료소,"충청남도 천안시 동남구 동면 화덕1길 33, (동면)",,36.7609202,127.3958373,medical_hospital_cheonan.csv
medical,hospital,요양병원,천안시립노인전문병원,"충청남도 천안시 동남구 목천읍 삼방로 735, (천안시립노인전문병원)",,36.8254161,127.2268643,medical_hospital_cheonan.csv
medical,hospital,보건진료소,천안시목천면덕전보건진료소,"충청남도 천안시 동남구 목천읍 유왕골2길 10, (목천읍)",,36.8183167,127.2241625,medical_hospital_cheonan.csv
medical,hospital,보건지소,천안시목천읍보건지소,"충청남도 천안시 동남구 목천읍 서리1길 41-9, 41",,36.7853993,127.2347995,medical_hospital_cheonan.csv
medical,hospital,보건진료소,천안시병천면매성보건진료소,"충청남도 천안시 동남구 병천면 봉항로 586, (병천면)",,36.8111083,127.3183875,medical_hospital_cheonan.csv
medical,hospital,보건지소,천안시병천면보건지소,"충청남도 천안시 동남구 병천면 병천2로 57-1, 보건과병천보건지소",,36.7660137,127.3020982,medical_hospital_cheonan.csv
medical,hospital,보건지소,천안시북면보건지소,"충청남도 천안시 동남구 북면 위례성로 724-2, (북면)",,36.8274219,127.2732386,medical_hospital_cheonan.csv
medical,hospital,보건진료소,천안시북면위례보건진료소,"충청남도 천안시 동남구 북면 대평1길 108, (북면)",,36.8680422,127.2814843,medical_hospital_cheonan.csv
medical,hospital,보건소,천안시서북구보건소,"충청남도 천안시 서북구 번영로 156, (불당동)",,36.815147,127.113892,medical_hospital_cheonan.csv
medical,hospital,보건지소,천안시성거읍보건지소,"충청남도 천안시 서북구 성거읍 봉주로 469, 469",,36.8780155,127.1990193,medical_hospital_cheonan.csv
medical,hospital,보건지소,천안시성남면보건지소,"충청남도 천안시 동남구 성남면 신사대화로 141, (성남면)",,36.7427592,127.2359772,medical_hospital_cheonan.csv
medical,hospital,보건진료소,천안시성남면봉양보건진료소,"충청남도 천안시 동남구 성남면 봉양5길 25, 성남봉양보건진료소",,36.7176859,127.2526125,medical_hospital_cheonan.csv
medical,hospital,보건진료소,천안시성남면화성보건진료소,"충청남도 천안시 동남구 성남면 화성3길 21-9, (성남면)",,36.7523985,127.2608543,medical_hospital_cheonan.csv
medical,hospital,보건지소,천안시성환읍보건지소,"충청남도 천안시 서북구 성환읍 성환13길 7, (성환읍)",,36.918198,127.1343397,medical_hospital_cheonan.csv
medical,hospital,보건진료소,천안시성환읍수향보건진료소,"충청남도 천안시 서북구 성환읍 지족향길 57, 57",,36.9499615,127.1455386,medical_hospital_cheonan.csv
medical,hospital,보건진료소,천안시성환읍신가보건진료소,"충청남도 천안시 서북구 성환읍 가동길 14-4, (성환읍)",,36.9522325,127.115046,medical_hospital_cheonan.csv
medical,hospital,보건진료소,천안시성환읍안궁보건진료소,"충청남도 천안시 서북구 성환읍 안궁2길 92, (성환읍)",,36.9625121,127.1362976,medical_hospital_cheonan.csv
medical,hospital,보건진료소,천안시수신면발산보건진료소,"충청남도 천안시 동남구 수신면 발산1길 132, (수신면)",,36.7199451,127.2870152,medical_hospital_cheonan.csv
medical,hospital,보건지소,천안시수신면보건지소,"충청남도 천안시 동남구 수신면 수신로 436, (수신면)",,36.7308183,127.2818033,medical_hospital_cheonan.csv
medical,hospital,보건진료소,천안시입장면가산보건진료소,"충청남도 천안시 서북구 입장면 톨미길 17, (입장면)",,36.9374429,127.19385,medical_hospital_cheonan.csv
medical,hospital,보건진료소,천안시입장면기로보건진료소,"충청남도 천안시 서북구 입장면 기로2길 6, (입장면)",,36.9093336,127.2431154,medical_hospital_cheonan.csv
medical,hospital,보건지소,천안시입장면보건지소,"충청남도 천안시 서북구 입장면 입장로 129, (입장면)",,36.912709,127.2211117,medical_hospital_cheonan.csv
medical,hospital,보건진료소,천안시직산면양당보건진료소,"충청남도 천안시 서북구 직산읍 양전길 50, (직산읍)",,36.8764085,127.1129939,medical_hospital_cheonan.csv
medical,hospital,보건진료소,천안시직산읍군서보건진료소,"충청남도 천안시 서북구 직산읍 군서4길 2, (직산읍)",,36.9007086,127.1633522,medical_hospital_cheonan.csv
medical,hospital,보건지소,천안시직산읍보건지소,"충청남도 천안시 서북구 성거읍 봉주로 75, (성거읍)",,36.878467,127.154648,medical_hospital_cheonan.csv
medical,hospital,보건진료소,천안시풍세면미죽보건진료소,"충청남도 천안시 동남구 풍세면 미죽2길 6, (풍세면)",,36.7377265,127.1500652,medical_hospital_cheonan.csv
medical,hospital,보건지소,천안시풍세면보건지소,"충청남도 천안시 동남구 풍세면 상정1길 9, (풍세면)",,36.7221091,127.1182455,medical_hospital_cheonan.csv
medical,hospital,보건진료소,천안시풍세면용정보건진료소,"충청남도 천안시 동남구 풍세면 돈마루1길 29, (풍세면)",,36.7430529,127.1026664,medical_hospital_cheonan.csv
medical,hospital,요양병원,천안쌍용요양병원,"충청남도 천안시 서북구 충무로 167-12, 쌍용가구백화점 2층 (쌍용동)",,36.794823,127.1252108,medical_hospital_cheonan.csv
medical,hospital,의원,천안엔도내과의원,"충청남도 천안시 동남구 서부대로 293, 삼성빌딩 5층 (신방동)",,36.7937223,127.1277962,medical_hospital_cheonan.csv
medical,hospital,의원,천안엘츠의원,"충청남도 천안시 서북구 불당22대로 86, 마블러스에스타워 4층 410,411,412호 (불당동)",,36.8154373,127.1081509,medical_hospital_cheonan.csv
medical,hospital,의원,천안연세내과의원,"충청남도 천안시 서북구 한들2로 8, 6층 602,603,604,605호 (백석동)",,36.8236078,127.1188787,medical_hospital_cheonan.csv
medical,hospital,의원,천안영상의학과의원,"충청남도 천안시 서북구 충무로 175, 4층 (쌍용동)",,36.7947993,127.1264579,medical_hospital_cheonan.csv
medical,hospital,치과의원,천안영플란트치과의원,"충청남도 천안시 동남구 만남로 58, 3층 (신부동)",,36.8187122,127.1587644,medical_hospital_cheonan.csv
medical,hospital,치과의원,천안예인치과의원,"충청남도 천안시 서북구 불당25로 178, 5층 502호 (불당동)",,36.8169717,127.1086065,medical_hospital_cheonan.csv
medical,hospital,의원,천안오케이내과의원,"충청남도 천안시 서북구 두정로 258, 4층 (두정동)",,36.8329799,127.145739,medical_hospital_cheonan.csv
medical,hospital,요양병원,천안요양병원,"충청남도 천안시 동남구 삼룡천3길 10, (구성동, 이라의료재단 천안병원)",,36.7909072,127.1640064,medical_hospital_cheonan.csv
medical,hospital,병원,천안우리병원,"충청남도 천안시 동남구 남부대로 350, (청당동)",,36.7810029,127.1557347,medical_hospital_cheonan.csv
medical,hospital,요양병원,천안우리요양병원,"충청남도 천안시 서북구 쌍용19로 21, (쌍용동, 유림빌딩(2,3,4층))",,36.7941814,127.1212785,medical_hospital_cheonan.csv
medical,hospital,한방병원,천안자생한방병원,"충청남도 천안시 서북구 불당21로 71, 정석프라자 8,9층 (불당동)",,36.8129631,127.1081762,medical_hospital_cheonan.csv
medical,hospital,병원,천안재활병원,"충청남도 천안시 서북구 쌍용대로 225, (성정동)",,36.8175781,127.1349515,medical_hospital_cheonan.csv
medical,hospital,의원,천안정다운내과의원,"충청남도 천안시 동남구 버들로 115-2, 다온메디피아 2층 (원성동)",,36.8065395,127.1593365,medical_hospital_cheonan.csv
medical,hospital,의원,천안제일의원,"충청남도 천안시 동남구 충절로 279, 1층 (구성동)",,36.7941181,127.1602788,medical_hospital_cheonan.csv
medical,hospital,정신병원,천안중앙병원,"충청남도 천안시 서북구 동서대로 129-16, (성정동)",,36.8271927,127.1379146,medical_hospital_cheonan.csv
medical,hospital,치과의원,천안중앙플란트치과의원,"충청남도 천안시 동남구 대흥로 109, 2층 (사직동)",,36.7995902,127.1504299,medical_hospital_cheonan.csv
medical,hospital,한의원,천안진한의원,"충청남도 천안시 동남구 성황로 85, (원성동, 양지빌딩)",,36.8125039,127.1586062,medical_hospital_cheonan.csv
medical,hospital,치과의원,천안치과의원,"충청남도 천안시 동남구 충절로 118, 3층 (원성동)",,36.80844,127.1582441,medical_hospital_cheonan.csv
medical,hospital,의원,천안탑정형외과의원,"충청남도 천안시 동남구 버들로 41, 파리빌딩 3층 (문화동)",,36.807211,127.1520352,medical_hospital_cheonan.csv
medical,hospital,의원,천안튼튼정형외과의원,"충청남도 천안시 서북구 성정로 82, (성정동)",,36.8135316,127.1391883,medical_hospital_cheonan.csv
medical,hospital,요양병원,천안퍼스트힐요양병원,"충청남도 천안시 서북구 백석로 99, 1층~4층 (백석동)",,36.8239736,127.122742,medical_hospital_cheonan.csv
medical,hospital,한의원,천안한의원,"충청남도 천안시 동남구 큰시장길 53-1, (영성동, 천안한의원)",,36.8023056,127.1527183,medical_hospital_cheonan.csv
medical,hospital,병원,천안해울병원,"충청남도 천안시 서북구 원두정3길 37, (두정동)",,36.8335588,127.1370774,medical_hospital_cheonan.csv
medical,hospital,한의원,천일한의원,"충청남도 천안시 동남구 수선정길 16-1, (영성동)",,36.803441,127.1508635,medical_hospital_cheonan.csv
medical,hospital,의원,청담맥의원,"충청남도 천안시 동남구 만남로 9, 3층 (신부동)",,36.8191757,127.15299,medical_hospital_cheonan.csv
medical,hospital,한의원,청담한의원,"충청남도 천안시 동남구 청수6로 106-3, 3층 (청수동)",,36.7895977,127.155334,medical_hospital_cheonan.csv
medical,hospital,치과의원,청당 앤 미소치과의원,"충청남도 천안시 동남구 청수4로 16, 4층 403,404호 (청당동, 바젤나인)",,36.7832667,127.1528761,medical_hospital_cheonan.csv
medical,hospital,의원,청당드림여성의원,"충청남도 천안시 동남구 청수11로 11, 6층 (청당동)",,36.7831608,127.1537221,medical_hospital_cheonan.csv
medical,hospital,의원,청당라이프의원,"충청남도 천안시 동남구 청당5로 36, 4층 401,402호 (청당동)",,36.7803051,127.1527083,medical_hospital_cheonan.csv
medical,hospital,의원,청당맑은정신건강의학과의원,"충청남도 천안시 동남구 청수11로 18, 7층 702호 일부 (청당동)",,36.7826136,127.1544815,medical_hospital_cheonan.csv
medical,hospital,의원,청당메디컬의원,"충청남도 천안시 동남구 청당5로 36, 2층 205호 (청당동)",,36.7803051,127.1527083,medical_hospital_cheonan.csv
medical,hospital,치과의원,청당연세치과의원,"충청남도 천안시 동남구 남부대로 322, 스타빌딩 3층 (청당동)",,36.7813351,127.1528517,medical_hospital_cheonan.csv
medical,hospital,치과의원,청당왕치과의원,"충청남도 천안시 동남구 청수4로 18, 3층 301호 (청당동)",,36.783587,127.152764,medical_hospital_cheonan.csv
medical,hospital,한의원,청당주한의원,"충청남도 천안시 동남구 청수4로 18, 2층 202호 (청당동)",,36.783587,127.152764,medical_hospital_cheonan.csv
medical,hospital,의원,청당진소아청소년과의원,"충청남도 천안시 동남구 청당5로 36, 4층 404호 (청당동)",,36.7803051,127.1527083,medical_hospital_cheonan.csv
medical,hospital,치과의원,청당탑치과의원,"충청남도 천안시 동남구 청수4로 10, 3층 302,303호 (청당동)",,36.7827604,127.1529449,medical_hospital_cheonan.csv
medical,hospital,한의원,청솔한의원,"충청남도 천안시 서북구 불당대로 269, 3층 304호 (쌍용동)",,36.800283,127.1259425,medical_hospital_cheonan.csv
medical,hospital,의원,청수내과의원,"충청남도 천안시 동남구 청수6로 103, 3층 (청수동)",,36.7891275,127.1552476,medical_hospital_cheonan.csv
medical,hospital,의원,청아소아청소년과의원,"충청남도 천안시 서북구 불당23로 73-8, 한성필하우스 라드니체 1층 107~111호 (불당동)",,36.8180572,127.1097404,medical_hospital_cheonan.csv
medical,hospital,한의원,청혈한의원,"충청남도 천안시 동남구 방죽안3길 7, (신부동)",,36.8226326,127.1528309,medical_hospital_cheonan.csv
medical,hospital,의원,최마취통증의학과의원,"충청남도 천안시 서북구 충무로 201, (쌍용동, 월정빌딩 3층)",,36.7962293,127.1282685,medical_hospital_cheonan.csv
medical,hospital,의원,최무수마취통증의학과의원,"충청남도 천안시 동남구 만남로 34, (신부동)",,36.8185993,127.155899,medical_hospital_cheonan.csv
medical,hospital,치과의원,최우창치과의원,"충청남도 천안시 동남구 버들로 23, 2층 (문화동)",,36.808406,127.150504,medical_hospital_cheonan.csv
medical,hospital,의원,최재형소아청소년과의원,"충청남도 천안시 서북구 성성8로 14-4, 미주타워 4층 402호 (성성동)",,36.8403761,127.1287295,medical_hospital_cheonan.csv
medical,hospital,치과의원,최치과의원,"충청남도 천안시 동남구 영성로 42, 2층 (영성동)",,36.8020889,127.1506407,medical_hospital_cheonan.csv
medical,hospital,의원,최필선비뇨기과의원,"충청남도 천안시 서북구 월봉로 89, 3층 (쌍용동)",,36.7987149,127.1179468,medical_hospital_cheonan.csv
medical,hospital,종합병원,충청남도 천안의료원,"충청남도 천안시 동남구 충절로 537,  (삼룡동)",,36.7754908,127.1794126,medical_hospital_cheonan.csv
medical,hospital,의원,치항외과의원,"충청남도 천안시 동남구 만남로 43, (신부동, 신세계백화점충청점)",,36.8207735,127.156528,medical_hospital_cheonan.csv
medical,hospital,치과의원,케이플란트치과의원,"충청남도 천안시 서북구 입장면 입장로 141, 2층",,36.9138893,127.2219238,medical_hospital_cheonan.csv
medical,hospital,한의원,코숨한의원,"충청남도 천안시 동남구 만남로 9, 더？오피스텔 143~149호 (신부동)",,36.8191757,127.15299,medical_hospital_cheonan.csv
medical,hospital,의원,퀸스산부인과의원,"충청남도 천안시 서북구 성정공원1길 9-13, (성정동)",,36.826474,127.1378335,medical_hospital_cheonan.csv
medical,hospital,의원,퀸의원,"충청남도 천안시 서북구 충무로 194, 5층 (쌍용동)",,36.7953559,127.1282208,medical_hospital_cheonan.csv
medical,hospital,한의원,큰나무한의원,"충청남도 천안시 서북구 불당25로 142, 골든프라자 3층 305호 (불당동)",,36.8138052,127.1076283,medical_hospital_cheonan.csv
medical,hospital,요양병원,큰사랑요양병원,"충청남도 천안시 서북구 도원4길 7, (성정동)",,36.81974,127.1329906,medical_hospital_cheonan.csv
medical,hospital,의원,클린앤피부과의원,"충청남도 천안시 서북구 불당21로 67-8, 2층 202~205호 (불당동)",,36.8132654,127.1082812,medical_hospital_cheonan.csv
medical,hospital,의원,클린휴의원,"충청남도 천안시 동남구 청수4로 16, 5층 503,504호 (청당동)",,36.7832667,127.1528761,medical_hospital_cheonan.csv
medical,hospital,치과의원,키즈웰치과의원,"충청남도 천안시 서북구 충무로 175, 5층 (쌍용동)",,36.7947993,127.1264579,medical_hospital_cheonan.csv
medical,hospital,의원,탑이비인후과의원,"충청남도 천안시 서북구 불당33길 24, 5층 (불당동)",,36.8124074,127.1082039,medical_hospital_cheonan.csv
medical,hospital,치과의원,탑치과의원,"충청남도 천안시 동남구 병천면 아우내순대길 38, 3,4층",,36.7609545,127.2990557,medical_hospital_cheonan.csv
medical,hospital,치과의원,탑플란트치과의원,"충청남도 천안시 동남구 풍세로 798, (청당동, 코르지아빌딩)",,36.7806364,127.1427055,medical_hospital_cheonan.csv
medical,hospital,한의원,태조한의원,"충청남도 천안시 동남구 충절로 193, 1층 (원성동, 정내과의원)",,36.8015925,127.1593365,medical_hospital_cheonan.csv
medical,hospital,한의원,태종한의원,"충청남도 천안시 동남구 충절로 25, 1층 (신부동)",,36.81673,127.158527,medical_hospital_cheonan.csv
medical,hospital,한의원,태화당한의원,"충청남도 천안시 서북구 월봉1길 16, 오성빌딩 2층 202호 (쌍용동)",,36.7884079,127.1169677,medical_hospital_cheonan.csv
medical,hospital,의원,터미널마취통증의학과의원,"충청남도 천안시 동남구 만남로 42, 3층 (신부동)",,36.8186205,127.156893,medical_hospital_cheonan.csv
medical,hospital,치과의원,턱앤사랑니치과의원,"충청남도 천안시 동남구 만남로 9, 2층 207호 (신부동)",,36.8191757,127.15299,medical_hospital_cheonan.csv
medical,hospital,의원,토마토의원,"충청남도 천안시 서북구 성정공원7길 3, 1층 102,103호 2층 201호 (성정동)",,36.8294229,127.1416821,medical_hospital_cheonan.csv
medical,hospital,의원,톡스앤필의원,"충청남도 천안시 동남구 만남로 40, 7층 (신부동)",,36.8186141,127.1566244,medical_hospital_cheonan.csv
medical,hospital,의원,톡스앤필의원불당점,"충청남도 천안시 서북구 불당25로 176, 6층 (불당동)",,36.8161757,127.1091449,medical_hospital_cheonan.csv
medical,hospital,치과의원,투명한이치과교정과치과의원,"충청남도 천안시 서북구 불당4로 106, 1층 111호 (불당동, 불당트윈팰리스)",,36.8113826,127.1123328,medical_hospital_cheonan.csv
medical,hospital,의원,트루맨남성의원,"충청남도 천안시 동남구 만남로 36, (신부동, 광동빌딩)",,36.8186353,127.1561146,medical_hospital_cheonan.csv
medical,hospital,의원,튼튼연합의원,"충청남도 천안시 서북구 직산읍 삼은3길 1, 1층",,36.8772007,127.1503285,medical_hospital_cheonan.csv
medical,hospital,한의원,튼튼한의원,"충청남도 천안시 서북구 불당대로 265, 3층 (쌍용동)",,36.800585,127.1258078,medical_hospital_cheonan.csv
medical,hospital,의원,파티마외과의원,"충청남도 천안시 서북구 동서대로 125-3, 5층 (성정동)",,36.8261479,127.1370408,medical_hospital_cheonan.csv
medical,hospital,의원,팍스신통의원,"충청남도 천안시 서북구 불당25로 176, 율곡스퀘어 더 에이스 4층 411,412호 (불당동)",,36.8161757,127.1091449,medical_hospital_cheonan.csv
medical,hospital,의원,퍼스트의원,"충청남도 천안시 서북구 오성로 51, 2층 (두정동, 해태빌딩)",,36.8305808,127.1330062,medical_hospital_cheonan.csv
medical,hospital,치과의원,퍼스트치과의원,"충청남도 천안시 동남구 청수14로 56, (청당동, 법조프라자)",,36.7839278,127.1526084,medical_hospital_cheonan.csv
medical,hospital,의원,편안한정신건강의학과의원,"충청남도 천안시 서북구 동서대로 125-3, 하나은행 4층 (성정동)",,36.8261479,127.1370408,medical_hospital_cheonan.csv
medical,hospital,한의원,평화당한의원,"충청남도 천안시 서북구 성정중1길 31, (성정동)",,36.8298992,127.1337635,medical_hospital_cheonan.csv
medical,hospital,의원,포에버의원,"충청남도 천안시 서북구 불당21로 67-18, 5층 503호 (불당동)",,36.8140496,127.1085045,medical_hospital_cheonan.csv
medical,hospital,치과의원,포유치과의원,"충청남도 천안시 서북구 검은들3길 58, 4층 (불당동)",,36.8099358,127.1098221,medical_hospital_cheonan.csv
medical,hospital,의원,푸른나무마취통증의학과의원,"충청남도 천안시 서북구 두정로 202, 5층 (두정동)",,36.8334113,127.1393316,medical_hospital_cheonan.csv
medical,hospital,의원,푸른신방의원,"충청남도 천안시 동남구 풍세로 656, 1,2층 (신방동)",,36.770424,127.1349676,medical_hospital_cheonan.csv
medical,hospital,의원,푸른이비인후과의원,"충청남도 천안시 동남구 서부대로 276, 301호 (신방동, 학산프라자)",,36.7927026,127.1293072,medical_hospital_cheonan.csv
medical,hospital,치과의원,푸른치과의원,"충청남도 천안시 서북구 성정로 91, 2층 (성정동)",,36.8138279,127.1402383,medical_hospital_cheonan.csv
medical,hospital,요양병원,프라미스요양병원,"충청남도 천안시 동남구 천안대로 215, B1~3(일부)층 (삼룡동)",,36.7674507,127.1651058,medical_hospital_cheonan.csv
medical,hospital,치과의원,프라임치과의원,"충청남도 천안시 서북구 쌍용대로 79, 4층 (쌍용동)",,36.8046835,127.1318899,medical_hospital_cheonan.csv
medical,hospital,치과의원,프렌드치과의원,"충청남도 천안시 동남구 충절로 183, 천안공주낙농농협 원성2동지점 3층 (원성동)",,36.8025216,127.1592787,medical_hospital_cheonan.csv
medical,hospital,한의원,프리허그한의원,"충청남도 천안시 동남구 만남로 48, 8층 801호 (신부동, RGB빌딩)",,36.8186128,127.1573761,medical_hospital_cheonan.csv
medical,hospital,의원,플러스이비인후과의원,"충청남도 천안시 서북구 두정로 244, 3층 304호 (두정동)",,36.8330935,127.1441236,medical_hospital_cheonan.csv
medical,hospital,의원,필이비인후과의원,"충청남도 천안시 서북구 동서대로 125-3, 4층 (성정동)",,36.8261479,127.1370408,medical_hospital_cheonan.csv
medical,hospital,의원,하나마취통증의학과의원,"충청남도 천안시 서북구 충무로 125, 4층 (쌍용동)",,36.7928023,127.1214264,medical_hospital_cheonan.csv
medical,hospital,의원,하나메디칼의원,"충청남도 천안시 서북구 검은들3길 46, 9층 (불당동, 미래시티빌딩)",,36.8106149,127.1086804,medical_hospital_cheonan.csv
medical,hospital,의원,하나정형외과의원,"충청남도 천안시 동남구 서부대로 285, 3층 (신방동)",,36.7933555,127.1281705,medical_hospital_cheonan.csv
medical,hospital,의원,하나퍼스트의원,"충청남도 천안시 서북구 불당21로 67-12, 3,4층 305,306,307,401,402,403호 (불당동)",,36.8136358,127.1083873,medical_hospital_cheonan.csv
medical,hospital,한의원,하늘마음한의원,"충청남도 천안시 서북구 충무로 215, 진솔빌딩 2층 (쌍용동)",,36.7971767,127.1294833,medical_hospital_cheonan.csv
medical,hospital,치과의원,하늘미치과의원,"충청남도 천안시 동남구 터미널2로 24, 2층 (신부동)",,36.8210596,127.1583911,medical_hospital_cheonan.csv
medical,hospital,의원,하루도쉬지않는연세정형외과의원,"충청남도 천안시 서북구 차돌들길 12, 3층 301~310호 (쌍용동)",,36.7980289,127.1294289,medical_hospital_cheonan.csv
medical,hospital,치과의원,하루소아치과의원,"충청남도 천안시 서북구 불당25로 152, 2층 204호 (불당동)",,36.8146163,127.107746,medical_hospital_cheonan.csv
medical,hospital,치과의원,하앤김미소치과교정과치과의원,"충청남도 천안시 서북구 충무로 172, (쌍용동)",,36.7939998,127.1264606,medical_hospital_cheonan.csv
medical,hospital,치과의원,하얀미소치과의원,"충청남도 천안시 서북구 직산읍 삼은3길 4, 4층",,36.8772983,127.1508367,medical_hospital_cheonan.csv
medical,hospital,치과의원,하얀플란트치과의원,"충청남도 천안시 동남구 청수6로 107, 4층 (청수동)",,36.7892904,127.1549013,medical_hospital_cheonan.csv
medical,hospital,의원,하종오정형외과의원,"충청남도 천안시 동남구 서부대로 245, 2,5층 (신방동)",,36.790077,127.1285601,medical_hospital_cheonan.csv
medical,hospital,의원,한내과의원,"충청남도 천안시 동남구 문화1길 5-1, (문화동)",,36.8085035,127.1508089,medical_hospital_cheonan.csv
medical,hospital,한의원,한덕희한의원,"충청남도 천안시 서북구 성정로 82, (성정동)",,36.8135316,127.1391883,medical_hospital_cheonan.csv
medical,hospital,치과의원,한림홍치과의원,"충청남도 천안시 동남구 만남로 64, 나은빌딩 3층 303호 (신부동)",,36.8191481,127.1593265,medical_hospital_cheonan.csv
medical,hospital,의원,한마음정형외과의원,"충청남도 천안시 동남구 충절로 116, 2,3층 (원성동)",,36.8085524,127.1581804,medical_hospital_cheonan.csv
medical,hospital,한의원,한마음한의원,"충청남도 천안시 서북구 쌍용대로 289-4, 2층 (성정동)",,36.8233203,127.1364714,medical_hospital_cheonan.csv
medical,hospital,의원,한빛내과의원,"충청남도 천안시 서북구 쌍용대로 293, 2층 (성정동)",,36.8235807,127.1364962,medical_hospital_cheonan.csv
medical,hospital,의원,한빛정신건강의학과의원,"충청남도 천안시 동남구 서부대로 285, 일송빌딩 4층 (신방동)",,36.7933555,127.1281705,medical_hospital_cheonan.csv
medical,hospital,치과의원,한빛치과의원,"충청남도 천안시 서북구 한들3로 8, 5층 502호 (백석동)",,36.8241768,127.1240555,medical_hospital_cheonan.csv
medical,hospital,의원,한사랑가정의학과의원,"충청남도 천안시 동남구 일봉로 8, 학산빌딩 3,4층 (신방동)",,36.7933496,127.1294022,medical_hospital_cheonan.csv
medical,hospital,의원,한사랑내과의원,"충청남도 천안시 서북구 직산읍 삼은3길 4, 3층",,36.8772983,127.1508367,medical_hospital_cheonan.csv
medical,hospital,의원,한솔내과의원,"충청남도 천안시 서북구 불당대로 269, 2층 (쌍용동)",,36.800283,127.1259425,medical_hospital_cheonan.csv
medical,hospital,치과의원,한양수치과의원,"충청남도 천안시 동남구 풍세면 풍세산단로 287, 203호 2층",,36.7262638,127.1063343,medical_hospital_cheonan.csv
medical,hospital,의원,한양정형외과의원,"충청남도 천안시 서북구 직산읍 천안대로 1519, (직산읍)",,36.8763304,127.1461212,medical_hospital_cheonan.csv
medical,hospital,한의원,한우물한의원,"충청남도 천안시 동남구 청수14로 56, 4층 (청당동)",,36.7839278,127.1526084,medical_hospital_cheonan.csv
medical,hospital,한의원,한음한방신경정신과한의원,"충청남도 천안시 서북구 충무로 205, 3층 (쌍용동, 다선빌딩)",,36.7966603,127.1288032,medical_hospital_cheonan.csv
medical,hospital,한의원,함소아한의원,"충청남도 천안시 서북구 불당22대로 86, 마블러스에스타워 3층 301호 (불당동)",,36.8154373,127.1081509,medical_hospital_cheonan.csv
medical,hospital,한의원,해맑은한의원,"충청남도 천안시 서북구 불당21로 65, 301,302,303,308호 (불당동)",,36.8130782,127.1073927,medical_hospital_cheonan.csv
medical,hospital,한의원,해비치한의원,"충청남도 천안시 서북구 쌍용대로 317, 2층 (성정동, 보현빌딩)",,36.8256446,127.1370221,medical_hospital_cheonan.csv
medical,hospital,한의원,해오름한의원,"충청남도 천안시 동남구 청수로 71, 3층 (청수동)",,36.7896632,127.1543118,medical_hospital_cheonan.csv
medical,hospital,한의원,해율한의원,"충청남도 천안시 서북구 불당21로 67-18, (연세메디컬스퀘어) 4층 405호 (불당동)",,36.8140496,127.1085045,medical_hospital_cheonan.csv
medical,hospital,치과의원,행복드림치과의원,"충청남도 천안시 동남구 청수16로 3, 301호 (청수동, 리치빌딩)",,36.7891916,127.1559005,medical_hospital_cheonan.csv
medical,hospital,의원,행복주는의원,"충청남도 천안시 동남구 만남로 13, 태현빌딩 3층 (신부동)",,36.8190726,127.1537197,medical_hospital_cheonan.csv
medical,hospital,치과의원,행복플란트치과의원,"충청남도 천안시 서북구 불당23로 70, 4층 403호 (불당동)",,36.8176272,127.1088025,medical_hospital_cheonan.csv
medical,hospital,의원,행복한가정의학과의원,"충청남도 천안시 동남구 터미널9길 25, 303호 (신부동, 신비프라자)",,36.823179,127.1554666,medical_hospital_cheonan.csv
medical,hospital,치과의원,행복한치과의원,"충청남도 천안시 서북구 성환읍 성환2로 107, (성환읍)",,36.9170654,127.1321489,medical_hospital_cheonan.csv
medical,hospital,의원,허메디칼의원,"충청남도 천안시 서북구 성환읍 성환1로 249, (성환읍)",,36.9170374,127.1277726,medical_hospital_cheonan.csv
medical,hospital,치과의원,허밍치과의원,"충청남도 천안시 서북구 충무로 155, 신승빌딩 3층 303호 (쌍용동)",,36.793903,127.1245555,medical_hospital_cheonan.csv
medical,hospital,의원,허윤내과의원,"충청남도 천안시 서북구 입장면 입장로 141, (입장면)",,36.9138893,127.2219238,medical_hospital_cheonan.csv
medical,hospital,의원,허준앤심내과의원,"충청남도 천안시 서북구 불당대로 260, 2층 (쌍용동)",,36.799774,127.1245364,medical_hospital_cheonan.csv
medical,hospital,치과의원,현대치과의원,"충청남도 천안시 서북구 쌍용18길 36, 상가동 201호 (쌍용동, 일성능수아파트)",,36.7984522,127.1227982,medical_hospital_cheonan.csv
medical,hospital,한의원,형제한의원,"충청남도 천안시 서북구 성환읍 성환1로 226, 2, 3층",,36.9147978,127.1283497,medical_hospital_cheonan.csv
medical,hospital,의원,혜민신경정신과의원,"충청남도 천안시 동남구 충절로 177, (원성동)",,36.8029994,127.1592399,medical_hospital_cheonan.csv
medical,hospital,병원,혜성산부인과병원,"충청남도 천안시 서북구 미라2길 18-11, (쌍용동)",,36.8008489,127.1304632,medical_hospital_cheonan.csv
medical,hospital,한의원,호수부부한의원,"충청남도 천안시 서북구 업성수변로 94, 2층 204호 (성성동)",,36.8473298,127.1403033,medical_hospital_cheonan.csv
medical,hospital,의원,호수앤마취통증의학과의원,"충청남도 천안시 서북구 성성8로 2-42, 102호, 2,3층 (성성동)",,36.8401835,127.1286674,medical_hospital_cheonan.csv
medical,hospital,의원,홍성조신경외과의원,"충청남도 천안시 동남구 만남로 11, (신부동)",,36.8190546,127.1534636,medical_hospital_cheonan.csv
medical,hospital,의원,홍순형 신경정신과의원,"충청남도 천안시 동남구 만남로 34, (신부동, 선진빌딩)",,36.8185993,127.155899,medical_hospital_cheonan.csv
medical,hospital,한의원,홍종민한의원,"충청남도 천안시 서북구 백석로 99, 2층 201호 (백석동)",,36.8239736,127.122742,medical_hospital_cheonan.csv
medical,hospital,한의원,홍한의원,"충청남도 천안시 서북구 불당대로 260, 3층 (쌍용동, 하이렉스타운)",,36.7997683,127.1245321,medical_hospital_cheonan.csv
medical,hospital,의원,화사의원,"충청남도 천안시 서북구 충무로 125, 4층 (쌍용동)",,36.7928023,127.1214264,medical_hospital_cheonan.csv
medical,hospital,한의원,화인21한의원,"충청남도 천안시 서북구 두정로 187, 4층 402호 (두정동)",,36.8340243,127.1377537,medical_hospital_cheonan.csv
medical,hospital,치과의원,화인치과의원,"충청남도 천안시 서북구 한들3로 84, (백석동)",,36.8309338,127.1237232,medical_hospital_cheonan.csv
medical,hospital,한의원,화인한의원,"충청남도 천안시 동남구 각원사길 56, 3층 (안서동)",,36.8308226,127.1781529,medical_hospital_cheonan.csv
medical,hospital,한의원,화타손한의원,"충청남도 천안시 서북구 월봉11길 20, 2층 (쌍용동, 안국빌딩)",,36.7897456,127.1177754,medical_hospital_cheonan.csv
medical,hospital,의원,활기찬의원,"충청남도 천안시 동남구 터미널9길 50, 2층 (신부동)",,36.8228004,127.1579634,medical_hospital_cheonan.csv
medical,hospital,의원,활기찬정형외과의원,"충청남도 천안시 서북구 불당25로 182, 2층 205,206,207호 (불당동)",,36.8173065,127.1087019,medical_hospital_cheonan.csv
medical,hospital,의원,황일면성형외과의원,"충청남도 천안시 동남구 만남로 44, (신부동, 남경빌딩)",,36.8186167,127.1571061,medical_hospital_cheonan.csv
medical,hospital,치과의원,후생치과의원,"충청남도 천안시 서북구 성정로 82, 2층 (성정동)",,36.8135316,127.1391883,medical_hospital_cheonan.csv
medical,hospital,한의원,후한의원,"충청남도 천안시 동남구 만남로 52, 3층 일부 (신부동)",,36.8186549,127.1578454,medical_hospital_cheonan.csv
medical,hospital,치과의원,훈키즈치과의원,"충청남도 천안시 서북구 불당33길 22, 505호 (불당동, 고은타워)",,36.8119601,127.1081329,medical_hospital_cheonan.csv
medical,hospital,의원,휴먼피부과의원,"충청남도 천안시 동남구 만남로 18, 휴먼빌딩 1동 3층 (신부동)",,36.8184252,127.1540122,medical_hospital_cheonan.csv
medical,hospital,한의원,휴한의원,"충청남도 천안시 서북구 검은들3길 46, 302,303호 (불당동)",,36.8106149,127.1086804,medical_hospital_cheonan.csv
medical,hospital,의원,히스기야가정의학과의원,"충청남도 천안시 동남구 남부대로 322, 청당스타빌딩 4층 (청당동)",,36.7813351,127.1528517,medical_hospital_cheonan.csv
medical,hospital,한의원,힐링미한의원,"충청남도 천안시 서북구 불당33길 24, 리앤시티 6층 601호 (불당동)",,36.8124074,127.1082039,medical_hospital_cheonan.csv
medical,hospital,한의원,힐링톡한의원,"충청남도 천안시 서북구 한들2로 8, 4층 (백석동)",,36.8236078,127.1188787,medical_hospital_cheonan.csv
medical,pharmacy,약국,365열린약국,"충청남도 천안시 서북구 쌍용대로 348, 102호 (성정동)",,36.8283783,127.1380234,medical_pharmacy_cheonan.csv
medical,pharmacy,약국,6단지약국,"충청남도 천안시 서북구 쌍용대로 292, 금정빌딩 1층 (성정동)",,36.8233613,127.1371417,medical_pharmacy_cheonan.csv
medical,pharmacy,약국,가까운대학약국,"충청남도 천안시 동남구 봉명2길 1, 1층 (봉명동)",,36.8044096,127.1353909,medical_pharmacy_cheonan.csv
medical,pharmacy,약국,가까운삼성약국,"충청남도 천안시 동남구 봉명4길 15, 101동 상가동 39호 (봉명동, 봉명역센트럴시티아파트)",,36.8053662,127.1361516,medical_pharmacy_cheonan.csv
medical,pharmacy,약국,가까운약국,"충청남도 천안시 서북구 충무로 125, (쌍용동)",,36.7928023,127.1214264,medical_pharmacy_cheonan.csv
medical,pharmacy,약국,가나다약국,"충청남도 천안시 서북구 충무로 131, (쌍용동)",,36.7930016,127.1219813,medical_pharmacy_cheonan.csv
medical,pharmacy,약국,가람약국,"충청남도 천안시 서북구 성성8로 14-4, 미주타워 105호 (성성동)",,36.8403761,127.1287295,medical_pharmacy_cheonan.csv
medical,pharmacy,약국,가온약국,"충청남도 천안시 동남구 청수6로 103, 105호 (청수동)",,36.7891275,127.1552476,medical_pharmacy_cheonan.csv
medical,pharmacy,약국,건강누리약국,"충청남도 천안시 동남구 충무로 421, (영성동)",,36.7986021,127.1519969,medical_pharmacy_cheonan.csv
medical,pharmacy,약국,건강드림약국,"충청남도 천안시 서북구 부성6길 39-11, (두정동, SM빌딩)",,36.836574,127.1379086,medical_pharmacy_cheonan.csv
medical,pharmacy,약국,건강백세약국,"충청남도 천안시 동남구 충절로 535-3, 1층 (삼룡동)",,36.7765935,127.1777318,medical_pharmacy_cheonan.csv
medical,pharmacy,약국,건강약국,"충청남도 천안시 서북구 충무로 205, (쌍용동)",,36.7966603,127.1288032,medical_pharmacy_cheonan.csv
medical,pharmacy,약국,건강한이야기가있는다나약국,"충청남도 천안시 서북구 불당23로 70, 정우프라자 117호 (불당동)",,36.8176272,127.1088025,medical_pharmacy_cheonan.csv
medical,pharmacy,약국,건민약국,"충청남도 천안시 동남구 충무로 488, (구성동, 건민약국)",,36.7984767,127.159575,medical_pharmacy_cheonan.csv
medical,pharmacy,약국,공단약국,"충청남도 천안시 서북구 직산읍 상덕로 59, (직산읍)",,36.8725668,127.11953,medical_pharmacy_cheonan.csv
medical,pharmacy,약국,광혜당약국,"충청남도 천안시 서북구 봉명로 35, (쌍용동)",,36.8077028,127.1324603,medical_pharmacy_cheonan.csv
medical,pharmacy,약국,구름약국,"충청남도 천안시 동남구 서부대로 221, 1층 (신방동, 오케이빌딩)",,36.788133,127.1284341,medical_pharmacy_cheonan.csv
medical,pharmacy,약국,구세광해당약국,"충청남도 천안시 동남구 중앙로 66-1, 1층 (영성동)",,36.804291,127.1527465,medical_pharmacy_cheonan.csv
medical,pharmacy,약국,국민약국,"충청남도 천안시 동남구 서부대로 226-11, (신방동, 향촌현대아파트)",,36.7891664,127.1301423,medical_pharmacy_cheonan.csv
medical,pharmacy,약국,그린약국,"충청남도 천안시 서북구 충무로 133, (쌍용동)",,36.793159,127.1222263,medical_pharmacy_cheonan.csv
medical,pharmacy,약국,금강약국,"충청남도 천안시 동남구 신촌4로 34, 금강빌딩 1층 (신방동)",,36.7891762,127.1251418,medical_pharmacy_cheonan.csv
medical,pharmacy,약국,나나약국,"충청남도 천안시 서북구 미라15길 23, 상가동 205호 (쌍용동, 대우타워아파트)",,36.8069642,127.132186,medical_pharmacy_cheonan.csv
medical,pharmacy,약국,나눔약국,"충청남도 천안시 서북구 불당21로 67-26, 107호 (불당동)",,36.8147888,127.1087327,medical_pharmacy_cheonan.csv
medical,pharmacy,약국,나비약국,"충청남도 천안시 서북구 동서대로 135, 1층 (성정동)",,36.8261581,127.1383794,medical_pharmacy_cheonan.csv
medical,pharmacy,약국,남관약국,"충청남도 천안시 동남구 풍세면 풍세로 465, 1층",,36.7547339,127.1272676,medical_pharmacy_cheonan.csv
medical,pharmacy,약국,남산제일약국,"충청남도 천안시 동남구 중앙시장길 2, (사직동, 건영빌딩)",,36.8006634,127.1490377,medical_pharmacy_cheonan.csv
medical,pharmacy,약국,남산중앙약국,"충청남도 천안시 동남구 대흥로 118, (사직동)",,36.8002228,127.1498864,medical_pharmacy_cheonan.csv
medical,pharmacy,약국,누리약국,"충청남도 천안시 서북구 한들1로 34, 더존빌딩 1층 (백석동)",,36.8254588,127.1161144,medical_pharmacy_cheonan.csv
medical,pharmacy,약국,눈사랑약국,"충청남도 천안시 동남구 중앙로 92, 김안과 1층 (원성동)",,36.806653,127.1526464,medical_pharmacy_cheonan.csv
medical,pharmacy,약국,늘봄약국,"충청남도 천안시 동남구 청수4로 16, 1층 101호 (청당동)",,36.7832667,127.1528761,medical_pharmacy_cheonan.csv
medical,pharmacy,약국,늘사랑약국,"충청남도 천안시 동남구 순천향4길 50, (봉명동)",,36.8024036,127.136388,medical_pharmacy_cheonan.csv
medical,pharmacy,약국,다나약국,"충청남도 천안시 서북구 직산읍 삼은3길 13, 13",,36.8783065,127.1509814,medical_pharmacy_cheonan.csv
medical,pharmacy,약국,다사랑약국,"충청남도 천안시 동남구 봉명4길 15, 101동 상가동 37호 (봉명동, 봉명역센트럴시티아파트)",,36.8053662,127.1361516,medical_pharmacy_cheonan.csv
medical,pharmacy,약국,다솜약국,"충청남도 천안시 동남구 순천향4길 60, 1동 103호 (봉명동)",,36.8028947,127.1373576,medical_pharmacy_cheonan.csv
medical,pharmacy,약국,대광약국,"충청남도 천안시 동남구 만남로 43, 신세계백화점충청점,천안종합버스터미널 1층 (신부동)",,36.8207735,127.156528,medical_pharmacy_cheonan.csv
medical,pharmacy,약국,대문약국,"충청남도 천안시 동남구 망향로 185, 1층 (안서동)",,36.8396858,127.1740153,medical_pharmacy_cheonan.csv
medical,pharmacy,약국,대성약국,"충청남도 천안시 동남구 일봉로 8, (신방동, 학산빌딩)",,36.7933496,127.1294022,medical_pharmacy_cheonan.csv
medical,pharmacy,약국,대은약국,"충청남도 천안시 서북구 동서대로 129, 101호 (성정동, 아이엠빌딩)",,36.8262114,127.1378027,medical_pharmacy_cheonan.csv
medical,pharmacy,약국,대진약국,"충청남도 천안시 동남구 봉정로 47, 에이스빌딩 1층 (봉명동)",,36.8064762,127.139641,medical_pharmacy_cheonan.csv
medical,pharmacy,약국,대학약국,"충청남도 천안시 동남구 망향로 200, (안서동)",,36.8408474,127.1748818,medical_pharmacy_cheonan.csv
medical,pharmacy,약국,대학정문약국,"충청남도 천안시 동남구 순천향6길 38, 옛골호두과자 1층 (봉명동)",,36.801634,127.1353951,medical_pharmacy_cheonan.csv
medical,pharmacy,약국,대학하나로약국,"충청남도 천안시 동남구 순천향4길 54, 2동 1층 (봉명동)",,36.8027087,127.1369147,medical_pharmacy_cheonan.csv
medical,pharmacy,약국,더맑은약국,"충청남도 천안시 서북구 불당21로 65, 108호 (불당동)",,36.8130782,127.1073927,medical_pharmacy_cheonan.csv
medical,pharmacy,약국,더편한약국,"충청남도 천안시 동남구 천안여상로 25, 1층 (봉명동)",,36.8045568,127.1350048,medical_pharmacy_cheonan.csv
medical,pharmacy,약국,도담약국,"충청남도 천안시 동남구 쌍용대로 154, 대서양횟집 1층 (봉명동)",,36.8111032,127.1340238,medical_pharmacy_cheonan.csv
medical,pharmacy,약국,동백약국,"충청남도 천안시 동남구 만남로 90, 1층 (신부동)",,36.8204935,127.1616329,medical_pharmacy_cheonan.csv
medical,pharmacy,약국,동서당약국,"충청남도 천안시 서북구 성정두정로 12, (성정동)",,36.8265708,127.1415119,medical_pharmacy_cheonan.csv
medical,pharmacy,약국,동우약국,"충청남도 천안시 동남구 목천읍 신계1길 41, (동우@상가 104호)",,36.7721993,127.1934751,medical_pharmacy_cheonan.csv
medical,pharmacy,약국,동행약국,"충청남도 천안시 동남구 만남로 42, 1층 (신부동)",,36.8186205,127.156893,medical_pharmacy_cheonan.csv
medical,pharmacy,약국,두리약국,"충청남도 천안시 동남구 남부대로 346, 1층 (청당동)",,36.7810585,127.1553655,medical_pharmacy_cheonan.csv
medical,pharmacy,약국,두리이화약국,"충청남도 천안시 서북구 쌍용1길 21, 1층 101호 (쌍용동)",,36.8013837,127.1192222,medical_pharmacy_cheonan.csv
medical,pharmacy,약국,두정구름약국,"충청남도 천안시 서북구 봉정로 356, 1층 (두정동)",,36.8335447,127.1458041,medical_pharmacy_cheonan.csv
medical,pharmacy,약국,두정아름약국,"충청남도 천안시 서북구 천안대로 1024-5, 1층 (두정동)",,36.8334971,127.152436,medical_pharmacy_cheonan.csv
medical,pharmacy,약국,두정약국,"충청남도 천안시 서북구 두정로 220, (두정동)",,36.833259,127.1414138,medical_pharmacy_cheonan.csv
medical,pharmacy,약국,두정역스타약국,"충청남도 천안시 서북구 두정로 258, 1층 105호 (두정동)",,36.8329799,127.145739,medical_pharmacy_cheonan.csv
medical,pharmacy,약국,두정역일번약국,"충청남도 천안시 서북구 두정역서3길 21-12, 102호 (두정동)",,36.8330958,127.1475777,medical_pharmacy_cheonan.csv
medical,pharmacy,약국,두정제일약국,"충청남도 천안시 서북구 두정로 202, 리즈앤마리안클리닉센터 (두정동)",,36.8334113,127.1393316,medical_pharmacy_cheonan.csv
medical,pharmacy,약국,드림약국,"충청남도 천안시 동남구 대흥로 228, (대흥동, 삼영빌딩)",,36.8083735,127.1481019,medical_pharmacy_cheonan.csv
medical,pharmacy,약국,디노약국,"충청남도 천안시 서북구 불당23로 73-8, 한성필하우스 라드니체 116호 (불당동)",,36.8180572,127.1097404,medical_pharmacy_cheonan.csv
medical,pharmacy,약국,딸기약국,"충청남도 천안시 서북구 성성8로 14-12, 107호 (성성동)",,36.8403803,127.1297531,medical_pharmacy_cheonan.csv
medical,pharmacy,약국,라라약국,"충청남도 천안시 서북구 오성6길 4, 102호 (두정동)",,36.8317807,127.1276148,medical_pharmacy_cheonan.csv
medical,pharmacy,약국,라키아명일약국,"충청남도 천안시 동남구 봉명4길 8, 1층 (봉명동)",,36.8042719,127.1380795,medical_pharmacy_cheonan.csv
medical,pharmacy,약국,레몬약국,"충청남도 천안시 서북구 부성7길 3, (두정동)",,36.8370941,127.133926,medical_pharmacy_cheonan.csv
medical,pharmacy,약국,로타리약국,"충청남도 천안시 동남구 수선정길 14, (영성동, 로타리약국)",,36.8034745,127.1504448,medical_pharmacy_cheonan.csv
medical,pharmacy,약국,루가약국,"충청남도 천안시 서북구 충무로 161, (쌍용동)",,36.7940588,127.1250616,medical_pharmacy_cheonan.csv
medical,pharmacy,약국,리튼약국,"충청남도 천안시 서북구 백석로 93, 리튼빌딩 1층 (백석동)",,36.8238851,127.1220444,medical_pharmacy_cheonan.csv
medical,pharmacy,약국,마더스약국,"충청남도 천안시 서북구 충무로 187, (쌍용동, E 마트)",,36.795922,127.1270861,medical_pharmacy_cheonan.csv
medical,pharmacy,약국,마음약국,"충청남도 천안시 서북구 충무로 211, (쌍용동)",,36.7969228,127.1292986,medical_pharmacy_cheonan.csv
medical,pharmacy,약국,맘편한약국,"충청남도 천안시 서북구 오성로 1, (두정동)",,36.8307057,127.1275923,medical_pharmacy_cheonan.csv
medical,pharmacy,약국,메가센트럴약국,"충청남도 천안시 동남구 봉명로 58, (봉명동)",,36.8069431,127.1349102,medical_pharmacy_cheonan.csv
medical,pharmacy,약국,메디컬약국,"충청남도 천안시 동남구 서부대로 278, 1층 (신방동, 학산TWIN빌딩)",,36.7930538,127.1294288,medical_pharmacy_cheonan.csv
medical,pharmacy,약국,메디팜백화점약국,"충청남도 천안시 동남구 만남로 64, 1층 104호 (신부동)",,36.8191481,127.1593265,medical_pharmacy_cheonan.csv
medical,pharmacy,약국,명가약국,"충청남도 천안시 서북구 입장면 석재길 3, (입장면)",,36.9110428,127.2217887,medical_pharmacy_cheonan.csv
medical,pharmacy,약국,명보약국,"충청남도 천안시 동남구 중앙로 50, (영성동, 명보약국)",,36.8029076,127.1530507,medical_pharmacy_cheonan.csv
medical,pharmacy,약국,명진약국,"충청남도 천안시 동남구 망향로 187, (안서동, 영남빌딩)",,36.8399336,127.1740061,medical_pharmacy_cheonan.csv
medical,pharmacy,약국,모범약국,"충청남도 천안시 동남구 봉정로 4, (봉명동, 모범약국)",,36.8027559,127.1397009,medical_pharmacy_cheonan.csv
medical,pharmacy,약국,목천약국,"충청남도 천안시 동남구 목천읍 충절로 921, (시온빌딩)",,36.7750852,127.2120236,medical_pharmacy_cheonan.csv
medical,pharmacy,약국,목천온누리약국,"충청남도 천안시 동남구 목천읍 충절로 935-5, 1층 103, 104호",,36.7758092,127.2131112,medical_pharmacy_cheonan.csv
medical,pharmacy,약국,목천종로약국,"충청남도 천안시 동남구 목천읍 충절로 881, 1층",,36.7727832,127.2083835,medical_pharmacy_cheonan.csv
medical,pharmacy,약국,문타워약국,"충청남도 천안시 동남구 만남로 52, 103호 (신부동)",,36.8186549,127.1578454,medical_pharmacy_cheonan.csv
medical,pharmacy,약국,미래로약국,"충청남도 천안시 동남구 봉명4길 15, 102동 상가동 1, 2층 47, 48, 54, 59호 (봉명동, 봉명역센트럴시티아파트)",,36.8053662,127.1361516,medical_pharmacy_cheonan.csv
medical,pharmacy,약국,미르온누리약국,"충청남도 천안시 동남구 서부대로 229, 1층 (신방동)",,36.7887287,127.1284801,medical_pharmacy_cheonan.csv
medical,pharmacy,약국,미소약국,"충청남도 천안시 서북구 번영로 467, 삼성SDI(주) 2층 (성성동)",,36.8433904,127.11875,medical_pharmacy_cheonan.csv
medical,pharmacy,약국,미소팜약국,"충청남도 천안시 동남구 대흥로 256, (대흥동)",,36.8106782,127.1487218,medical_pharmacy_cheonan.csv
medical,pharmacy,약국,미원약국,"충청남도 천안시 서북구 월봉로 122, (쌍용동)",,36.8014806,127.1188958,medical_pharmacy_cheonan.csv
medical,pharmacy,약국,믿음약국,"충청남도 천안시 동남구 충절로 116, 101호 (원성동)",,36.8085524,127.1581804,medical_pharmacy_cheonan.csv
medical,pharmacy,약국,바다약국,"충청남도 천안시 서북구 노태산로 62, (두정동)",,36.8302838,127.1276165,medical_pharmacy_cheonan.csv
medical,pharmacy,약국,바로약국,"충청남도 천안시 동남구 충절로 278, (구성동)",,36.7940286,127.1597444,medical_pharmacy_cheonan.csv
medical,pharmacy,약국,바른약국,"충청남도 천안시 서북구 불당22대로 92, 132호 (불당동)",,36.8153477,127.1087183,medical_pharmacy_cheonan.csv
medical,pharmacy,약국,밝은미래약국,"충청남도 천안시 동남구 사직로 4, (사직동, 밝은미래약국)",,36.8004868,127.1497551,medical_pharmacy_cheonan.csv
medical,pharmacy,약국,밝은약국,"충청남도 천안시 동남구 충절로 23, 1층 (신부동)",,36.8168386,127.1584983,medical_pharmacy_cheonan.csv
medical,pharmacy,약국,백두산옵티마약국,"충청남도 천안시 동남구 병천면 아우내순대길 54, (병천면)",,36.7623012,127.2997735,medical_pharmacy_cheonan.csv
medical,pharmacy,약국,백석제일약국,"충청남도 천안시 서북구 백석3로 70, 상가동 105호 (백석동, 주공그린빌11단지3차아파트)",,36.8199949,127.1187642,medical_pharmacy_cheonan.csv
medical,pharmacy,약국,백세약국,"충청남도 천안시 서북구 충무로 178, U CITY타워 1층 (쌍용동)",,36.7943292,127.1269714,medical_pharmacy_cheonan.csv
medical,pharmacy,약국,백제약국,"충청남도 천안시 동남구 만남로 13, (신부동, 태현빌딩)",,36.8190726,127.1537197,medical_pharmacy_cheonan.csv
medical,pharmacy,약국,백화점약국,"충청남도 천안시 동남구 봉정로 20, (봉명동, 하나의원)",,36.8039762,127.1394799,medical_pharmacy_cheonan.csv
medical,pharmacy,약국,버들약국,"충청남도 천안시 동남구 버들로 115-2, 101호 (원성동)",,36.8065395,127.1593365,medical_pharmacy_cheonan.csv
medical,pharmacy,약국,범약국,"충청남도 천안시 서북구 불당25로 8, 나동 145-1호 (불당동, 불당호반써밋플레이스 센터시티)",,36.8040319,127.1049503,medical_pharmacy_cheonan.csv
medical,pharmacy,약국,베데스다병천약국,"충청남도 천안시 동남구 병천면 충절로 1737, (병천면)",,36.7629472,127.2979928,medical_pharmacy_cheonan.csv
medical,pharmacy,약국,별님온누리약국,"충청남도 천안시 서북구 불당33길 24, 102호 (불당동)",,36.8124074,127.1082039,medical_pharmacy_cheonan.csv
medical,pharmacy,약국,별약국,"충청남도 천안시 서북구 충무로 155, 우리척병원 108호 (쌍용동)",,36.793903,127.1245555,medical_pharmacy_cheonan.csv
medical,pharmacy,약국,보건약국,"충청남도 천안시 동남구 문화1길 3, 1층 (문화동)",,36.8082565,127.1508809,medical_pharmacy_cheonan.csv
medical,pharmacy,약국,보룡약국,"충청남도 천안시 서북구 봉정로 362, (두정동)",,36.8343409,127.1457984,medical_pharmacy_cheonan.csv
medical,pharmacy,약국,본약국,"충청남도 천안시 서북구 불당25로 226, 골든스퀘어2 1층 111호 (불당동)",,36.8212772,127.1099304,medical_pharmacy_cheonan.csv
medical,pharmacy,약국,봄날약국,"충청남도 천안시 서북구 노태산로 73, 102호 (백석동)",,36.8313915,127.1269959,medical_pharmacy_cheonan.csv
medical,pharmacy,약국,봄빛약국,"충청남도 천안시 서북구 오성6길 40, 성광빌딩 104호 (두정동)",,36.8316908,127.1317172,medical_pharmacy_cheonan.csv
medical,pharmacy,약국,봄약국,"충청남도 천안시 서북구 불당22대로 67, 1층 106호 (불당동)",,36.8165302,127.1065681,medical_pharmacy_cheonan.csv
medical,pharmacy,약국,봉명우리약국,"충청남도 천안시 동남구 봉명4길 15, 101동 상가동 31, 32호 (봉명동, 봉명역센트럴시티아파트)",,36.8053662,127.1361516,medical_pharmacy_cheonan.csv
medical,pharmacy,약국,부광약국,"충청남도 천안시 서북구 쌍용대로 296-1, 1층 일부 (성정동)",,36.8234501,127.1372458,medical_pharmacy_cheonan.csv
medical,pharmacy,약국,불당설약국,"충청남도 천안시 서북구 불당21로 71, (불당동)",,36.8129631,127.1081762,medical_pharmacy_cheonan.csv
medical,pharmacy,약국,불당센트럴약국,"충청남도 천안시 서북구 번영로 100, 109호,110호 (불당동)",,36.8102103,127.1085249,medical_pharmacy_cheonan.csv
medical,pharmacy,약국,불당아름약국,"충청남도 천안시 서북구 불당33길 34, 105호 (불당동)",,36.8119743,127.106924,medical_pharmacy_cheonan.csv
medical,pharmacy,약국,불당호수약국,"충청남도 천안시 서북구 공원로 176, 천안불당 시티프라디움 3차 3동 B층 202호 (불당동)",,36.7970961,127.0992362,medical_pharmacy_cheonan.csv
medical,pharmacy,약국,사랑약국,"충청남도 천안시 서북구 충무로 201, (쌍용동)",,36.7962293,127.1282685,medical_pharmacy_cheonan.csv
medical,pharmacy,약국,사슴약국,"충청남도 천안시 서북구 월봉11길 14, 1층 (쌍용동)",,36.7889901,127.1171774,medical_pharmacy_cheonan.csv
medical,pharmacy,약국,사직천안종합약국,"충청남도 천안시 동남구 사직로 6, 1동 1층 (사직동)",,36.8005742,127.1496978,medical_pharmacy_cheonan.csv
medical,pharmacy,약국,삼성약국,"충청남도 천안시 서북구 한들3로 83, 103,104호 (백석동)",,36.8310826,127.1232884,medical_pharmacy_cheonan.csv
medical,pharmacy,약국,새로나약국,"충청남도 천안시 동남구 충절로 29, (신부동)",,36.8164365,127.1585276,medical_pharmacy_cheonan.csv
medical,pharmacy,약국,새봄약국,"충청남도 천안시 동남구 수곡2길 17-17, (신방동)",,36.7898936,127.1282562,medical_pharmacy_cheonan.csv
medical,pharmacy,약국,새봄온누리약국,"충청남도 천안시 동남구 통정10로 43-27, 1층 (신방동, 영인빌딩)",,36.7734358,127.1332474,medical_pharmacy_cheonan.csv
medical,pharmacy,약국,새샘약국,"충청남도 천안시 동남구 통정5로 58, 101호 (신방동)",,36.7742008,127.133441,medical_pharmacy_cheonan.csv
medical,pharmacy,약국,새싹약국,"충청남도 천안시 서북구 봉정로 324, 근린생활시설 B동 106호 (두정동, 두정역 효성해링턴 플레이스)",,36.8304117,127.1467703,medical_pharmacy_cheonan.csv
medical,pharmacy,약국,새하얀약국,"충청남도 천안시 서북구 3공단6로 58-8, 천안비즈타워 314호 (차암동)",,36.8409674,127.1040302,medical_pharmacy_cheonan.csv
medical,pharmacy,약국,샬롬약국,"충청남도 천안시 동남구 북면 충절로 1304, (북면)",,36.7696687,127.2519516,medical_pharmacy_cheonan.csv
medical,pharmacy,약국,서부수약국,"충청남도 천안시 서북구 성성8로 14-20, 103호 (성성동)",,36.8404069,127.1306482,medical_pharmacy_cheonan.csv
medical,pharmacy,약국,서부평화약국,"충청남도 천안시 서북구 쌍용16길 41, 101호 (쌍용동)",,36.7975961,127.121802,medical_pharmacy_cheonan.csv
medical,pharmacy,약국,서산약국,"충청남도 천안시 동남구 순천향4길 50, (봉명동)",,36.8024036,127.136388,medical_pharmacy_cheonan.csv
medical,pharmacy,약국,서울약국,"충청남도 천안시 동남구 만남로 18, 1층 (신부동, 휴먼빌딩)",,36.8184252,127.1540122,medical_pharmacy_cheonan.csv
medical,pharmacy,약국,서일약국,"충청남도 천안시 동남구 충절로 441, 1층 (삼룡동)",,36.7836047,127.1718517,medical_pharmacy_cheonan.csv
medical,pharmacy,약국,서주약국,"충청남도 천안시 동남구 충절로 260, 구성클리닉 1층 (구성동)",,36.7955567,127.1592103,medical_pharmacy_cheonan.csv
medical,pharmacy,약국,서진약국,"충청남도 천안시 서북구 서부대로 688, (성정동)",,36.8284543,127.1335183,medical_pharmacy_cheonan.csv
medical,pharmacy,약국,서해약국,"충청남도 천안시 동남구 만남로 40, (신부동)",,36.8186141,127.1566244,medical_pharmacy_cheonan.csv
medical,pharmacy,약국,선경약국,"충청남도 천안시 동남구 목천읍 충절로 767, (목천읍)",,36.7682766,127.197253,medical_pharmacy_cheonan.csv
medical,pharmacy,약국,선우약국,"충청남도 천안시 서북구 서부대로 766, (두정동)",,36.8356224,127.1339331,medical_pharmacy_cheonan.csv
medical,pharmacy,약국,성거약국,"충청남도 천안시 서북구 성거읍 성거길 102, (성거읍)",,36.874371,127.2020837,medical_pharmacy_cheonan.csv
medical,pharmacy,약국,성모약국,"충청남도 천안시 서북구 충무로 167, (쌍용동)",,36.7944236,127.1256392,medical_pharmacy_cheonan.csv
medical,pharmacy,약국,성성노블약국,"충청남도 천안시 서북구 성성8로 2-44, 바루나타워 102호 (성성동)",,36.8399447,127.1287168,medical_pharmacy_cheonan.csv
medical,pharmacy,약국,성성올리브약국,"충청남도 천안시 서북구 성성8로 2-30, 106호 (성성동)",,36.8402876,127.1302621,medical_pharmacy_cheonan.csv
medical,pharmacy,약국,성성진약국,"충청남도 천안시 서북구 성성8로 2-42, 103호 (성성동)",,36.8401835,127.1286674,medical_pharmacy_cheonan.csv
medical,pharmacy,약국,성성하나로약국,"충청남도 천안시 서북구 업성수변로 94, 천안농협북부권종합시설 주건축물 제1동 지하1층 B101호 (성성동)",,36.8473688,127.1403135,medical_pharmacy_cheonan.csv
medical,pharmacy,약국,성성호수약국,"충청남도 천안시 서북구 성성8로 2-23, 1층 (성성동)",,36.8397095,127.1304793,medical_pharmacy_cheonan.csv
medical,pharmacy,약국,성일약국,"충청남도 천안시 서북구 성환읍 성환중앙로 36, (성환읍)",,36.917119,127.130105,medical_pharmacy_cheonan.csv
medical,pharmacy,약국,성정약국,"충청남도 천안시 서북구 서부3길 67, (성정동)",,36.824531,127.1405697,medical_pharmacy_cheonan.csv
medical,pharmacy,약국,성정천사약국,"충청남도 천안시 서북구 성정공원1길 9-13, (성정동)",,36.826474,127.1378335,medical_pharmacy_cheonan.csv
medical,pharmacy,약국,성주약국,"충청남도 천안시 서북구 쌍용대로 316, (성정동)",,36.8254137,127.1376243,medical_pharmacy_cheonan.csv
medical,pharmacy,약국,성환녹십자약국,"충청남도 천안시 서북구 성환읍 성환1로 248, (성환읍)",,36.9169075,127.128163,medical_pharmacy_cheonan.csv
medical,pharmacy,약국,성환문화약국,"충청남도 천안시 서북구 성환읍 성환12길 26, (성환읍)",,36.917341,127.1307498,medical_pharmacy_cheonan.csv
medical,pharmacy,약국,성환온누리약국,"충청남도 천안시 서북구 성환읍 성환11길 37, (성환읍)",,36.9166037,127.1320244,medical_pharmacy_cheonan.csv
medical,pharmacy,약국,성환이화약국,"충청남도 천안시 서북구 성환읍 성환1로 242, (성환읍)",,36.9162513,127.12828,medical_pharmacy_cheonan.csv
medical,pharmacy,약국,성환제일약국,"충청남도 천안시 서북구 성환읍 성환12길 45-8, (성환읍)",,36.9174697,127.1334622,medical_pharmacy_cheonan.csv
medical,pharmacy,약국,세계로약국,"충청남도 천안시 서북구 월봉로 93, (쌍용동)",,36.7989793,127.1179193,medical_pharmacy_cheonan.csv
medical,pharmacy,약국,세종메디칼약국,"충청남도 천안시 동남구 풍세로 798, 108호 (청당동, 코르지아빌딩)",,36.7806364,127.1427055,medical_pharmacy_cheonan.csv
medical,pharmacy,약국,세종약국,"충청남도 천안시 동남구 서부대로 276, 101호 (신방동)",,36.7927026,127.1293072,medical_pharmacy_cheonan.csv
medical,pharmacy,약국,세훈약국,"충청남도 천안시 서북구 공원로 219, 1층 (불당동)",,36.8001848,127.1036262,medical_pharmacy_cheonan.csv
medical,pharmacy,약국,소망약국,"충청남도 천안시 서북구 불당4로 53, 101호 (불당동)",,36.806705,127.1100531,medical_pharmacy_cheonan.csv
medical,pharmacy,약국,소망온누리약국,"충청남도 천안시 동남구 각원사길 54, (안서동, 상명웰빙프라자)",,36.8308147,127.1779107,medical_pharmacy_cheonan.csv
medical,pharmacy,약국,솔약국,"충청남도 천안시 동남구 병천면 아우내순대길 38, 1층",,36.7609545,127.2990557,medical_pharmacy_cheonan.csv
medical,pharmacy,약국,수약국,"충청남도 천안시 서북구 성정공원7길 3, 1층 101-2호 (성정동)",,36.8294229,127.1416821,medical_pharmacy_cheonan.csv
medical,pharmacy,약국,수자인약국,"충청남도 천안시 동남구 풍세면 풍세산단로 290, 상가동 113호 (천안 한양수자인 에코시티)",,36.7236944,127.1039466,medical_pharmacy_cheonan.csv
medical,pharmacy,약국,수정약국,"충청남도 천안시 서북구 성환읍 성환1로 228-1, (성환읍)",,36.9150624,127.1283274,medical_pharmacy_cheonan.csv
medical,pharmacy,약국,순천당약국,"충청남도 천안시 동남구 봉명4길 15, 102동 상가동 지하1, 1층 (봉명동, 봉명역센트럴시티아파트)",,36.8053662,127.1361516,medical_pharmacy_cheonan.csv
medical,pharmacy,약국,순천안약국,"충청남도 천안시 동남구 봉명4길 15, 101동 상가동 34,35,36호 (봉명동, 봉명역센트럴시티아파트)",,36.8053662,127.1361516,medical_pharmacy_cheonan.csv
medical,pharmacy,약국,스마일약국,"충청남도 천안시 동남구 통정5로 68, 103호 (신방동)",,36.7747712,127.1341757,medical_pharmacy_cheonan.csv
medical,pharmacy,약국,시민약국,"충청남도 천안시 동남구 미나릿길 32-1, (영성동, 시민약국)",,36.801137,127.150849,medical_pharmacy_cheonan.csv
medical,pharmacy,약국,신방약국,"충청남도 천안시 동남구 풍세로 656, A동 1층 (신방동)",,36.770424,127.1349676,medical_pharmacy_cheonan.csv
medical,pharmacy,약국,신방종로약국,"충청남도 천안시 동남구 서부대로 245, 신방동새말빌딩 1층 (신방동)",,36.790077,127.1285601,medical_pharmacy_cheonan.csv
medical,pharmacy,약국,신불당하나로약국,"충청남도 천안시 서북구 불당25로 200, (불당동, 천안농협)",,36.8188843,127.109134,medical_pharmacy_cheonan.csv
medical,pharmacy,약국,신비약국,"충청남도 천안시 동남구 터미널9길 25, (신부동, 신비할인마트)",,36.823179,127.1554666,medical_pharmacy_cheonan.csv
medical,pharmacy,약국,신세계약국,"충청남도 천안시 서북구 성정로 97, (성정동)",,36.8137852,127.1410337,medical_pharmacy_cheonan.csv
medical,pharmacy,약국,쌍용청솔약국,"충청남도 천안시 서북구 불당대로 260, 2층 216-2호 (쌍용동)",,36.799774,127.1245364,medical_pharmacy_cheonan.csv
medical,pharmacy,약국,써니약국,"충청남도 천안시 서북구 성성11길 53, 1층 (성성동)",,36.8418602,127.1367754,medical_pharmacy_cheonan.csv
medical,pharmacy,약국,아름약국,"충청남도 천안시 동남구 망향로 189, 102호 (안서동)",,36.840088,127.1741104,medical_pharmacy_cheonan.csv
medical,pharmacy,약국,아우내약국,"충청남도 천안시 동남구 병천면 아우내장터3길 4, (병천면)",,36.7614281,127.2985574,medical_pharmacy_cheonan.csv
medical,pharmacy,약국,아이미소약국,"충청남도 천안시 서북구 불당33길 1, 103-2호 (불당동)",,36.810453,127.1069713,medical_pharmacy_cheonan.csv
medical,pharmacy,약국,아이행복약국,"충청남도 천안시 서북구 불당25로 208, 111호 (불당동)",,36.8196153,127.109416,medical_pharmacy_cheonan.csv
medical,pharmacy,약국,야우리약국,"충청남도 천안시 동남구 천안여상로 55, (봉명동)",,36.8035073,127.1381812,medical_pharmacy_cheonan.csv
medical,pharmacy,약국,약손약국,"충청남도 천안시 서북구 불당21로 67-18, (불당동)",,36.8140496,127.1085045,medical_pharmacy_cheonan.csv
medical,pharmacy,약국,에덴약국,"충청남도 천안시 서북구 쌍용대로 293, (성정동)",,36.8235807,127.1364962,medical_pharmacy_cheonan.csv
medical,pharmacy,약국,엘림약국,"충청남도 천안시 동남구 청수14로 56, 102호 (청당동)",,36.7839278,127.1526084,medical_pharmacy_cheonan.csv
medical,pharmacy,약국,연세약국,"충청남도 천안시 동남구 청수로 138, (구성동)",,36.7941586,127.1592755,medical_pharmacy_cheonan.csv
medical,pharmacy,약국,열린약국,"충청남도 천안시 서북구 불당대로 269, 118,119호 (쌍용동)",,36.800283,127.1259425,medical_pharmacy_cheonan.csv
medical,pharmacy,약국,예진약국,"충청남도 천안시 서북구 성정두정로 1, 롯데마트 성정점 3층 (성정동)",,36.8262797,127.1400903,medical_pharmacy_cheonan.csv
medical,pharmacy,약국,오단지약국,"충청남도 천안시 서북구 성정로 82, (성정동)",,36.8135316,127.1391883,medical_pharmacy_cheonan.csv
medical,pharmacy,약국,온누리약국,"충청남도 천안시 서북구 두정로 104, (두정동)",,36.8337376,127.1283423,medical_pharmacy_cheonan.csv
medical,pharmacy,약국,온누리영신약국,"충청남도 천안시 동남구 고재20길 3, (원성동, 온누리약국)",,36.8037284,127.1593415,medical_pharmacy_cheonan.csv
medical,pharmacy,약국,온누리유명약국,"충청남도 천안시 동남구 충절로 281, (구성동, 서울안과)",,36.7939938,127.1603923,medical_pharmacy_cheonan.csv
medical,pharmacy,약국,온사랑약국,"충청남도 천안시 동남구 일봉로 8, 학산빌딩 1층 103호 (신방동)",,36.7933496,127.1294022,medical_pharmacy_cheonan.csv
medical,pharmacy,약국,올리브약국,"충청남도 천안시 서북구 성환읍 연암율금로 508, 103호",,36.9111581,127.1341341,medical_pharmacy_cheonan.csv
medical,pharmacy,약국,올바른온누리약국,"충청남도 천안시 서북구 직산읍 봉주로 64, 101호",,36.8771042,127.1537593,medical_pharmacy_cheonan.csv
medical,pharmacy,약국,옵티마사과약국,"충청남도 천안시 동남구 방죽안2길 1, (신부동)",,36.8217882,127.1524783,medical_pharmacy_cheonan.csv
medical,pharmacy,약국,왕약국,"충청남도 천안시 서북구 입장면 하장4길 8, (입장면)",,36.914473,127.2214691,medical_pharmacy_cheonan.csv
medical,pharmacy,약국,용암동아약국,"충청남도 천안시 서북구 월봉로 132, 103호 (쌍용동)",,36.8023638,127.1190893,medical_pharmacy_cheonan.csv
medical,pharmacy,약국,용암약국,"충청남도 천안시 서북구 월봉로 134, (쌍용동, 리치프라자)",,36.8025838,127.1191325,medical_pharmacy_cheonan.csv
medical,pharmacy,약국,용약국,"충청남도 천안시 동남구 대흥로 274, (성황동)",,36.8122796,127.1491734,medical_pharmacy_cheonan.csv
medical,pharmacy,약국,우리들약국,"충청남도 천안시 서북구 한들3로 9, (백석동, 서울우리병원)",,36.8242886,127.1234641,medical_pharmacy_cheonan.csv
medical,pharmacy,약국,우리아이약국,"충청남도 천안시 동남구 만남로 50, 1층 104호 (신부동, 터미널프라자)",,36.8186482,127.1576124,medical_pharmacy_cheonan.csv
medical,pharmacy,약국,우리약국,"충청남도 천안시 서북구 쌍용대로 318, (성정동)",,36.8256132,127.1376959,medical_pharmacy_cheonan.csv
medical,pharmacy,약국,우리정문약국,"충청남도 천안시 동남구 천안여상로 53, 1, 2층 (봉명동)",,36.8036209,127.138032,medical_pharmacy_cheonan.csv
medical,pharmacy,약국,우리집약국,"충청남도 천안시 서북구 직산읍 군수1길 1, (직산읍)",,36.8939029,127.1370955,medical_pharmacy_cheonan.csv
medical,pharmacy,약국,우정약국,"충청남도 천안시 서북구 한들3로 30, 104a호 (백석동)",,36.8265044,127.1238968,medical_pharmacy_cheonan.csv
medical,pharmacy,약국,원마트약국,"충청남도 천안시 서북구 음봉로 909-11, (백석동)",,36.8250879,127.1062038,medical_pharmacy_cheonan.csv
medical,pharmacy,약국,원앙약국,"충청남도 천안시 동남구 목천읍 삼성5길 19, (비호무도아카데미)",,36.761015,127.1745054,medical_pharmacy_cheonan.csv
medical,pharmacy,약국,위드유약국,"충청남도 천안시 서북구 불당34길 18, 1층 108호 (불당동)",,36.8064529,127.1064318,medical_pharmacy_cheonan.csv
medical,pharmacy,약국,윤약국,"충청남도 천안시 서북구 번영로 465, 복지동 2층 (성성동)",,36.8417602,127.1188281,medical_pharmacy_cheonan.csv
medical,pharmacy,약국,윤정약국,"충청남도 천안시 동남구 서부대로 293, (신방동)",,36.7937223,127.1277962,medical_pharmacy_cheonan.csv
medical,pharmacy,약국,은하수약국,"충청남도 천안시 서북구 성거읍 수청2길 21, 1층 102호",,36.8762726,127.202261,medical_pharmacy_cheonan.csv
medical,pharmacy,약국,이층약국,"충청남도 천안시 서북구 직산읍 천안대로 1732, (직산읍)",,36.8935665,127.1374725,medical_pharmacy_cheonan.csv
medical,pharmacy,약국,이튼약국,"충청남도 천안시 동남구 만남로 28, 천안문빌딩 104호 (신부동)",,36.8185466,127.1552443,medical_pharmacy_cheonan.csv
medical,pharmacy,약국,이화약국,"충청남도 천안시 서북구 성성9로 7, 1층 105호 (성성동)",,36.8402188,127.1312324,medical_pharmacy_cheonan.csv
medical,pharmacy,약국,일등약국,"충청남도 천안시 동남구 봉명4길 15, 101동 상가동 38호 (봉명동, 봉명역센트럴시티아파트)",,36.8053662,127.1361516,medical_pharmacy_cheonan.csv
medical,pharmacy,약국,일등온누리약국,"충청남도 천안시 서북구 성거읍 성거길 103, 105호",,36.8749309,127.2008218,medical_pharmacy_cheonan.csv
medical,pharmacy,약국,입장메디칼약국,"충청남도 천안시 서북구 입장면 입장로 130, (입장면)",,36.9124348,127.2217748,medical_pharmacy_cheonan.csv
medical,pharmacy,약국,입장백약국,"충청남도 천안시 서북구 입장면 입장로 128, 1층",,36.9124857,127.2221116,medical_pharmacy_cheonan.csv
medical,pharmacy,약국,입장정든약국,"충청남도 천안시 서북구 입장면 성진로 714, (입장면)",,36.912663,127.2103136,medical_pharmacy_cheonan.csv
medical,pharmacy,약국,입장제일약국,"충청남도 천안시 서북구 입장면 입장로 141, (입장면)",,36.9138893,127.2219238,medical_pharmacy_cheonan.csv
medical,pharmacy,약국,자연을담은약국,"충청남도 천안시 서북구 불당33길 18, (불당동)",,36.8115949,127.1080081,medical_pharmacy_cheonan.csv
medical,pharmacy,약국,자인약국,"충청남도 천안시 서북구 오성로 51, (두정동)",,36.8305808,127.1330062,medical_pharmacy_cheonan.csv
medical,pharmacy,약국,장수약국,"충청남도 천안시 동남구 병천면 아우내장터3길 15, (병천면)",,36.7615855,127.2973881,medical_pharmacy_cheonan.csv
medical,pharmacy,약국,정다운온누리약국,"충청남도 천안시 동남구 서부대로 285, 104호 (신방동)",,36.7933555,127.1281705,medical_pharmacy_cheonan.csv
medical,pharmacy,약국,정든약국,"충청남도 천안시 서북구 성환읍 성환2로 93, 영마트 1층",,36.9155968,127.1320611,medical_pharmacy_cheonan.csv
medical,pharmacy,약국,정문약국,"충청남도 천안시 동남구 망향로 189, 정문약국 1층 (안서동)",,36.840088,127.1741104,medical_pharmacy_cheonan.csv
medical,pharmacy,약국,정약국,"충청남도 천안시 서북구 월봉로 89, (쌍용동)",,36.7987149,127.1179468,medical_pharmacy_cheonan.csv
medical,pharmacy,약국,조아약국,"충청남도 천안시 서북구 삼성대로 20, 3층 (백석동)",,36.838582,127.1224038,medical_pharmacy_cheonan.csv
medical,pharmacy,약국,조약국,"충청남도 천안시 서북구 불당대로 268, 1층 (쌍용동)",,36.7998012,127.1256519,medical_pharmacy_cheonan.csv
medical,pharmacy,약국,조은약국,"충청남도 천안시 동남구 봉정로 64, 1층 (봉명동)",,36.8078126,127.1404908,medical_pharmacy_cheonan.csv
medical,pharmacy,약국,조인약국,"충청남도 천안시 동남구 만남로 34, (신부동, 선진빌딩)",,36.8185993,127.155899,medical_pharmacy_cheonan.csv
medical,pharmacy,약국,좋은아침약국,"충청남도 천안시 서북구 충무로 175, 101호 (쌍용동)",,36.7947993,127.1264579,medical_pharmacy_cheonan.csv
medical,pharmacy,약국,주차조은약국,"충청남도 천안시 동남구 봉명4길 10, 1, 2층 (봉명동)",,36.804457,127.1381369,medical_pharmacy_cheonan.csv
medical,pharmacy,약국,주차편한약국,"충청남도 천안시 동남구 봉명4길 15, 106동 상가동 27호, 30호 (봉명동, 봉명역센트럴시티아파트)",,36.804245,127.137713,medical_pharmacy_cheonan.csv
medical,pharmacy,약국,중앙약국,"충청남도 천안시 서북구 불당21로 67-8, 118호 (불당동)",,36.8132654,127.1082812,medical_pharmacy_cheonan.csv
medical,pharmacy,약국,중앙약국,"충청남도 천안시 동남구 북면 충절로 1481, (북면)",,36.7708309,127.2716169,medical_pharmacy_cheonan.csv
medical,pharmacy,약국,지누약국,"충청남도 천안시 동남구 터미널3길 5, 1층 (신부동)",,36.8198442,127.1586367,medical_pharmacy_cheonan.csv
medical,pharmacy,약국,직산그린약국,"충청남도 천안시 서북구 직산읍 천안대로 1519-1, (직산읍)",,36.8760342,127.1462737,medical_pharmacy_cheonan.csv
medical,pharmacy,약국,직산새봄약국,"충청남도 천안시 서북구 직산읍 삼은3길 45, 1층 102호",,36.879769,127.1536735,medical_pharmacy_cheonan.csv
medical,pharmacy,약국,직산열린약국,"충청남도 천안시 서북구 직산읍 삼은3길 3, B동 102호",,36.877351,127.1504935,medical_pharmacy_cheonan.csv
medical,pharmacy,약국,진약국,"충청남도 천안시 서북구 늘푸른5길 22, 103호 (두정동, 골드프라자)",,36.8273293,127.1296515,medical_pharmacy_cheonan.csv
medical,pharmacy,약국,진주약국,"충청남도 천안시 서북구 쌍용대로 43, (쌍용동)",,36.8013293,127.1313323,medical_pharmacy_cheonan.csv
medical,pharmacy,약국,참사랑약국,"충청남도 천안시 서북구 성환읍 율금1길 291, (성환읍)",,36.9040677,127.1106551,medical_pharmacy_cheonan.csv
medical,pharmacy,약국,참사랑약국,"충청남도 천안시 동남구 대흥로 127, 천안세브란스의원 (사직동)",,36.8005598,127.1485189,medical_pharmacy_cheonan.csv
medical,pharmacy,약국,참약사맑은약국,"충청남도 천안시 동남구 청수11로 11, 1층 (청당동)",,36.7831608,127.1537221,medical_pharmacy_cheonan.csv
medical,pharmacy,약국,참조은약국,"충청남도 천안시 서북구 충무로 172, (쌍용동)",,36.7939998,127.1264606,medical_pharmacy_cheonan.csv
medical,pharmacy,약국,참좋은약국,"충청남도 천안시 동남구 충절로 23-1, (신부동)",,36.8169706,127.1586686,medical_pharmacy_cheonan.csv
medical,pharmacy,약국,창가약국,"충청남도 천안시 동남구 대흥로 323, (성황동, 건설노동자무료취업알선센터)",,36.8166862,127.1505739,medical_pharmacy_cheonan.csv
medical,pharmacy,약국,천사온누리약국,"충청남도 천안시 동남구 충절로 7, (신부동)",,36.818304,127.1585826,medical_pharmacy_cheonan.csv
medical,pharmacy,약국,천안대학약국,"충청남도 천안시 동남구 순천향4길 54, 하나로약국 (봉명동)",,36.8027087,127.1369147,medical_pharmacy_cheonan.csv
medical,pharmacy,약국,천안대형약국,"충청남도 천안시 서북구 성정공원3길 14, 프라지움 10차 1층 113호 (성정동)",,36.8259158,127.1424235,medical_pharmacy_cheonan.csv
medical,pharmacy,약국,천안백제약국,"충청남도 천안시 서북구 불당33길 26, 107, 108호 (불당동)",,36.8124803,127.1078689,medical_pharmacy_cheonan.csv
medical,pharmacy,약국,천안부광약국,"충청남도 천안시 동남구 충절로 276, 부광약국 (구성동)",,36.7942128,127.159525,medical_pharmacy_cheonan.csv
medical,pharmacy,약국,천안새봄약국,"충청남도 천안시 서북구 성정공원3길 4, (성정동, 학산리젠다빌 3차)",,36.8261598,127.1413382,medical_pharmacy_cheonan.csv
medical,pharmacy,약국,천안약국,"충청남도 천안시 동남구 충절로 535-4, (삼룡동)",,36.776641,127.1783548,medical_pharmacy_cheonan.csv
medical,pharmacy,약국,천안제일약국,"충청남도 천안시 동남구 버들로 41, 파리빌딩 101호 (문화동)",,36.807211,127.1520352,medical_pharmacy_cheonan.csv
medical,pharmacy,약국,천안종로약국,"충청남도 천안시 동남구 터미널2로 27-1, 종로약국 (신부동)",,36.8214464,127.1580131,medical_pharmacy_cheonan.csv
medical,pharmacy,약국,천안주차장약국,"충청남도 천안시 서북구 새말4길 43, 1층 (쌍용동)",,36.797225,127.1319034,medical_pharmacy_cheonan.csv
medical,pharmacy,약국,천안태평양약국,"충청남도 천안시 동남구 충절로 6, (신부동)",,36.8184634,127.1579369,medical_pharmacy_cheonan.csv
medical,pharmacy,약국,천안휴게소약국,"충청남도 천안시 동남구 쉼1길 42, 천안삼거리휴게소 2동 (삼룡동)",,36.7870722,127.173763,medical_pharmacy_cheonan.csv
medical,pharmacy,약국,청담약국,"충청남도 천안시 서북구 불당33길 22, 고은타워 (불당동)",,36.8119601,127.1081329,medical_pharmacy_cheonan.csv
medical,pharmacy,약국,청당약국,"충청남도 천안시 동남구 청수14로 68, 105호 (청당동)",,36.784412,127.1539816,medical_pharmacy_cheonan.csv
medical,pharmacy,약국,청수온누리약국,"충청남도 천안시 동남구 풍세로 1008, 진정형외과 1층 (청수동)",,36.7971762,127.1530002,medical_pharmacy_cheonan.csv
medical,pharmacy,약국,청아약국,"충청남도 천안시 동남구 청당5로 36, 104호 (청당동)",,36.7803051,127.1527083,medical_pharmacy_cheonan.csv
medical,pharmacy,약국,청춘약국,"충청남도 천안시 서북구 불당25로 176, 율곡스퀘어 144호,145호 (불당동)",,36.8162381,127.1091268,medical_pharmacy_cheonan.csv
medical,pharmacy,약국,충무건강약국,"충청남도 천안시 서북구 새말4길 46, (쌍용동)",,36.7975258,127.1321121,medical_pharmacy_cheonan.csv
medical,pharmacy,약국,충무로약국,"충청남도 천안시 서북구 새말3길 15, (쌍용동, 쌍용극동아파트)",,36.7962546,127.1318342,medical_pharmacy_cheonan.csv
medical,pharmacy,약국,충무정문약국,"충청남도 천안시 서북구 새말4길 48, (쌍용동)",,36.7976546,127.1319727,medical_pharmacy_cheonan.csv
medical,pharmacy,약국,충무한사랑약국,"충청남도 천안시 서북구 다가말3길 2, (쌍용동)",,36.7973864,127.1310663,medical_pharmacy_cheonan.csv
medical,pharmacy,약국,충청약국,"충청남도 천안시 동남구 서부대로 227, (신방동, 예은빌딩)",,36.7886121,127.1284603,medical_pharmacy_cheonan.csv
medical,pharmacy,약국,친절한약국,"충청남도 천안시 동남구 천안여상로 27, 1층 (봉명동)",,36.8044821,127.1352675,medical_pharmacy_cheonan.csv
medical,pharmacy,약국,캐럿21약국,"충청남도 천안시 동남구 만남로 6, 1층 1048~1051,1061,1062,1089,1090,1102,1103,1122,1133호 (신부동)",,36.8184577,127.1527477,medical_pharmacy_cheonan.csv
medical,pharmacy,약국,코끼리약국,"충청남도 천안시 서북구 불당17길 27, (불당동)",,36.809749,127.1108675,medical_pharmacy_cheonan.csv
medical,pharmacy,약국,코보약국,"충청남도 천안시 서북구 쌍용대로 79, 천일빌딩 1층 (쌍용동)",,36.8046835,127.1318899,medical_pharmacy_cheonan.csv
medical,pharmacy,약국,큰사랑약국,"충청남도 천안시 서북구 월봉로 122, (쌍용동)",,36.8014806,127.1188958,medical_pharmacy_cheonan.csv
medical,pharmacy,약국,터미널스타약국,"충청남도 천안시 동남구 만남로 43, 신세계백화점충청점이마트 본관1동 1층 (신부동)",,36.820513,127.1563472,medical_pharmacy_cheonan.csv
medical,pharmacy,약국,토마스온누리약국,"충청남도 천안시 서북구 불당24로 51, (불당동)",,36.8222722,127.1077338,medical_pharmacy_cheonan.csv
medical,pharmacy,약국,튼튼약국,"충청남도 천안시 서북구 한들2로 8, (백석동)",,36.8236078,127.1188787,medical_pharmacy_cheonan.csv
medical,pharmacy,약국,튼튼약국,"충청남도 천안시 서북구 성거읍 성거길 89, (성거읍)",,36.8733963,127.201064,medical_pharmacy_cheonan.csv
medical,pharmacy,약국,평화약국,"충청남도 천안시 동남구 일봉로 8, (신방동, 학산빌딩)",,36.7933496,127.1294022,medical_pharmacy_cheonan.csv
medical,pharmacy,약국,푸른약국,"충청남도 천안시 서북구 월봉로 85, (쌍용동)",,36.7983646,127.1179218,medical_pharmacy_cheonan.csv
medical,pharmacy,약국,풍세서울약국,"충청남도 천안시 동남구 풍세면 풍년길 46-1, (풍세면)",,36.7223582,127.1193933,medical_pharmacy_cheonan.csv
medical,pharmacy,약국,풍세일번약국,"충청남도 천안시 동남구 풍세면 풍세산단로 287, 1층 105호",,36.7262638,127.1063343,medical_pharmacy_cheonan.csv
medical,pharmacy,약국,프라자약국,"충청남도 천안시 서북구 동서대로 65, (두정동, 두정이진병원,이수병원)",,36.8261086,127.1305984,medical_pharmacy_cheonan.csv
medical,pharmacy,약국,플러스약국,"충청남도 천안시 서북구 봉정로 370, 104호 (두정동, 태조프라자빌딩)",,36.8350948,127.1458515,medical_pharmacy_cheonan.csv
medical,pharmacy,약국,하나로약국,"충청남도 천안시 서북구 직산읍 직산로 31, (직산읍)",,36.880118,127.1537364,medical_pharmacy_cheonan.csv
medical,pharmacy,약국,하나약국,"충청남도 천안시 서북구 검은들3길 46, 110호 (불당동)",,36.8106149,127.1086804,medical_pharmacy_cheonan.csv
medical,pharmacy,약국,하나팜약국,"충청남도 천안시 서북구 불당대로 260, 105호 (쌍용동, 하이렉스타운)",,36.799774,127.1245364,medical_pharmacy_cheonan.csv
medical,pharmacy,약국,하늘약국,"충청남도 천안시 동남구 청수4로 10, 104호 (청당동)",,36.7827604,127.1529449,medical_pharmacy_cheonan.csv
medical,pharmacy,약국,하늘약국,"충청남도 천안시 서북구 성거읍 성거길 81, (성거읍)",,36.8727307,127.200824,medical_pharmacy_cheonan.csv
medical,pharmacy,약국,하늘약국,"충청남도 천안시 서북구 쌍용대로 188, (성정동)",,36.8140792,127.1348034,medical_pharmacy_cheonan.csv
medical,pharmacy,약국,하늘조은약국,"충청남도 천안시 서북구 동서대로 119, (성정동)",,36.8262859,127.1365867,medical_pharmacy_cheonan.csv
medical,pharmacy,약국,하은약국,"충청남도 천안시 서북구 불당25로 182, 1층 109호 (불당동)",,36.8173065,127.1087019,medical_pharmacy_cheonan.csv
medical,pharmacy,약국,학산약국,"충청남도 천안시 서북구 서부대로 731, 101호 (두정동)",,36.8323889,127.1331366,medical_pharmacy_cheonan.csv
medical,pharmacy,약국,한들약국,"충청남도 천안시 서북구 3공단6로 58-8, 207호 (차암동)",,36.8409674,127.1040302,medical_pharmacy_cheonan.csv
medical,pharmacy,약국,한사랑약국,"충청남도 천안시 동남구 망향로 181, 1층 (안서동)",,36.8394395,127.1741036,medical_pharmacy_cheonan.csv
medical,pharmacy,약국,한성약국,"충청남도 천안시 서북구 두정로 244, (두정동)",,36.8330935,127.1441236,medical_pharmacy_cheonan.csv
medical,pharmacy,약국,한솔약국,"충청남도 천안시 서북구 늘푸른6길 41, 상가동 113호 (두정동)",,36.8291985,127.1319545,medical_pharmacy_cheonan.csv
medical,pharmacy,약국,한아름약국,"충청남도 천안시 서북구 직산읍 봉주로 51, (직산읍)",,36.8775039,127.152227,medical_pharmacy_cheonan.csv
medical,pharmacy,약국,한얼약국,"충청남도 천안시 서북구  동서대로 125-3, (성정동)",,36.8261479,127.1370408,medical_pharmacy_cheonan.csv
medical,pharmacy,약국,한울약국,"충청남도 천안시 동남구 남부대로 322, 1층 (청당동)",,36.7813351,127.1528517,medical_pharmacy_cheonan.csv
medical,pharmacy,약국,한일섭약국,"충청남도 천안시 동남구 버들로 23, (문화동)",,36.808406,127.150504,medical_pharmacy_cheonan.csv
medical,pharmacy,약국,해누리약국,"충청남도 천안시 동남구 방죽안3길 19, (신부동)",,36.8228425,127.1543462,medical_pharmacy_cheonan.csv
medical,pharmacy,약국,해맑은 약국,"충청남도 천안시 서북구 충무로 174, (쌍용동)",,36.7940774,127.1267499,medical_pharmacy_cheonan.csv
medical,pharmacy,약국,햇살약국,"충청남도 천안시 서북구 미라3길 12-2, (쌍용동)",,36.8004295,127.1308952,medical_pharmacy_cheonan.csv
medical,pharmacy,약국,행복약국,"충청남도 천안시 서북구 직산읍 삼은3길 4, 제1동호",,36.8772983,127.1508367,medical_pharmacy_cheonan.csv
medical,pharmacy,약국,행복한약국,"충청남도 천안시 서북구 두정중2길 4, (두정동)",,36.833824,127.1402171,medical_pharmacy_cheonan.csv
medical,pharmacy,약국,허브약국,"충청남도 천안시 서북구 충무로 130, 104호 (쌍용동, 환산빌딩)",,36.7925153,127.1220087,medical_pharmacy_cheonan.csv
medical,pharmacy,약국,현대약국,"충청남도 천안시 동남구 구성1길 1, (구성동, 호경빌딩)",,36.7945992,127.1600494,medical_pharmacy_cheonan.csv
medical,pharmacy,약국,혜광약국,"충청남도 천안시 서북구 백석4길 3, (백석동)",,36.8225714,127.1246053,medical_pharmacy_cheonan.csv
medical,pharmacy,약국,혜민원한약국,"충청남도 천안시 서북구 불당25로 178, 202호 (불당동)",,36.8169717,127.1086065,medical_pharmacy_cheonan.csv
medical,pharmacy,약국,호수약국,"충청남도 천안시 동남구 천호지길 27, 1층 (안서동)",,36.8360357,127.1732841,medical_pharmacy_cheonan.csv
medical,pharmacy,약국,화신약국,"충청남도 천안시 동남구 순천향4길 60, 1층 (봉명동)",,36.8028947,127.1373576,medical_pharmacy_cheonan.csv
medical,pharmacy,약국,활기찬약국,"충청남도 천안시 동남구 통정11로 61, 1층 101호 (신방동)",,36.7736712,127.1338518,medical_pharmacy_cheonan.csv
medical,pharmacy,약국,희망약국,"충청남도 천안시 서북구 쌍용대로 8, (쌍용동)",,36.7981661,127.1310484,medical_pharmacy_cheonan.csv
medical,pharmacy,약국,힐링약국,"충청남도 천안시 서북구 3공단6로 58-5, (차암동)",,36.8413395,127.1047956,medical_pharmacy_cheonan.csv
medical,pharmacy,약국,힘찬약국,"충청남도 천안시 동남구 터미널9길 50, 에이스빌딩 1층 (신부동)",,36.8228004,127.1579634,medical_pharmacy_cheonan.csv
education,school_younger,유치원,천안초등학교병설유치원,충남 천안시 동남구 중앙로 169,,,,education_school_cheonan.csv
education,school_younger,유치원,천안남산초등학교병설유치원,충남 천안시 동남구 버들1길30,,,,education_school_cheonan.csv
education,school_younger,유치원,천안부대초등학교병설유치원,충남 천안시 서북구 공대길 37,,,,education_school_cheonan.csv
education,school_younger,유치원,천안업성초등학교병설유치원,충남 천안시 서북구 업성 5길 20,,,,education_school_cheonan.csv
education,school_younger,유치원,천안청수초등학교병설유치원,충남 천안시 동남구 청수로 35-3,,,,education_school_cheonan.csv
education,school_younger,유치원,천안신안초등학교병설유치원,충남 천안시 동남구 원성25길 21,,,,education_school_cheonan.csv
education,school_younger,유치원,천안봉명초등학교병설유치원,충남 천안시 동남구 봉명2길 11,,,,education_school_cheonan.csv
education,school_younger,유치원,천안구성초등학교병설유치원,충남 천안시 동남구 청수로 126,,,,education_school_cheonan.csv
education,school_younger,유치원,천안봉서초등학교병설유치원,충남 천안시 동남구 봉서10길 12,,,,education_school_cheonan.csv
education,school_younger,유치원,천안미라초등학교병설유치원,충남 천안시 서북구 미라2길 13,,,,education_school_cheonan.csv
education,school_younger,유치원,천안쌍용초등학교병설유치원,충남 천안시 서북구 쌍용6길 9,,,,education_school_cheonan.csv
education,school_younger,유치원,천안용소초등학교병설유치원,충남 천안시 동남구 일봉로 82-18,,,,education_school_cheonan.csv
education,school_younger,유치원,천안청당초등학교병설유치원,충남 천안시 동남구 청당2길 94,,,,education_school_cheonan.csv
education,school_younger,유치원,천안가온초등학교병설유치원,충남 천안시 동남구 청수14로 21,,,,education_school_cheonan.csv
education,school_younger,유치원,풍세초등학교병설유치원,충남 천안시 동남구 풍세면 풍세2길 5,,,,education_school_cheonan.csv
education,school_younger,유치원,용정초등학교병설유치원,충남 천안시 동남구 풍세면 용정길 8-7,,,,education_school_cheonan.csv
education,school_younger,유치원,미죽초등학교병설유치원,충남 천안시 동남구 풍세면 미죽2길 7,,,,education_school_cheonan.csv
education,school_younger,유치원,광덕초등학교병설유치원,충남 천안시 동남구 광덕면 신흥리3길 36,,,,education_school_cheonan.csv
education,school_younger,유치원,보산원초등학교병설유치원,충남 천안시 동남구 광덕면 보산원2길 33,,,,education_school_cheonan.csv
education,school_younger,유치원,목천초등학교병설유치원,충남 천안시 동남구 목천읍 서리2길 31,,,,education_school_cheonan.csv
education,school_younger,유치원,신계초등학교병설유치원,충남 천안시 동남구 목천읍 천정1길 243-9,,,,education_school_cheonan.csv
education,school_younger,유치원,신흥초등학교병설유치원,충남 천안시 동남구 목천읍 신계5길 27,,,,education_school_cheonan.csv
education,school_younger,유치원,위례초등학교병설유치원,충남 천안시 동남구 북면 오곡2길 6-13,,,,education_school_cheonan.csv
education,school_younger,유치원,은석초등학교병설유치원,충남 천안시 동남구 북면 용암3길 10,,,,education_school_cheonan.csv
education,school_younger,유치원,성남초등학교병설유치원,충남 천안시 동남구 성남면 대흥신덕길 95,,,,education_school_cheonan.csv
education,school_younger,유치원,신사초등학교병설유치원,충남 천안시 동남구 성남면 신사대화로 155,,,,education_school_cheonan.csv
education,school_younger,유치원,수신초등학교병설유치원,충남 천안시 동남구 수신면 수신로 459,,,,education_school_cheonan.csv
education,school_younger,유치원,병천초등학교병설유치원,충남 천안시 동남구 병천면 병천2로 35,,,,education_school_cheonan.csv
education,school_younger,유치원,천동초등학교병설유치원,충남 천안시 동남구 동면 동산1길 59,,,,education_school_cheonan.csv
education,school_younger,유치원,성환초등학교병설유치원,충남 천안시 서북구 성환읍 성환12길 37,,,,education_school_cheonan.csv
education,school_younger,유치원,성신초등학교병설유치원,충남 천안시 서북구 성환읍 성환12길 7,,,,education_school_cheonan.csv
education,school_younger,유치원,신방초등학교병설유치원,충남 천안시 서북구 성환읍 신방로 73,,,,education_school_cheonan.csv
education,school_younger,유치원,도하초등학교병설유치원,충남 천안시 서북구 성환읍 연암로 382,,,,education_school_cheonan.csv
education,school_younger,유치원,삼은초등학교병설유치원,충남 천안시 서북구 직산읍 삼은2길 11,,,,education_school_cheonan.csv
education,school_younger,유치원,성거초등학교병설유치원,충남 천안시 서북구 성거읍 소댕이3길 606-21,,,,education_school_cheonan.csv
education,school_younger,유치원,입장초등학교병설유치원,충남 천안시 서북구 입장면 하장4길 19,,,,education_school_cheonan.csv
education,school_younger,유치원,천안일봉유치원,충남 천안시 동남구 다가2길 3,,,,education_school_cheonan.csv
education,school_younger,유치원,천안도솔유치원,충남 천안시 서북구 두정역동3길 3,,,,education_school_cheonan.csv
education,school_younger,유치원,천안성정유치원,충남 천안시 서북구 성정7길 3,,,,education_school_cheonan.csv
education,school_younger,유치원,천안버들유치원,충남 천안시 서북구 불당23로 41,,,,education_school_cheonan.csv
education,school_younger,유치원,천안성성유치원,충남 천안시 서북구 성성10길 10-4,,,,education_school_cheonan.csv
education,school_younger,유치원,천안꽃마루유치원,충남 천안시 서북구 성성6로 37,,,,education_school_cheonan.csv
education,school_younger,유치원,천안불당유치원,충남 천안시 서북구 불당27로 12,,,,education_school_cheonan.csv
education,school_younger,유치원,천안신촌초등학교병설유치원,충남 천안시 동남구 신촌4로 9,,,,education_school_cheonan.csv
education,school_younger,유치원,소망초등학교병설유치원,충남 천안시 서북구 성거읍 역전말3길 102,,,,education_school_cheonan.csv
education,school_younger,유치원,천안새샘초등학교병설유치원,충남 천안시 동남구 통정9로 58,,,,education_school_cheonan.csv
education,school_younger,유치원,천안차암초등학교병설유치원,충남 천안시 서북구 스마일시티1로 50,,,,education_school_cheonan.csv
education,school_younger,유치원,천안불무초등학교병설유치원,충남 천안시 서북구 불당23로 29,,,,education_school_cheonan.csv
education,school_younger,유치원,천안한들초등학교병설유치원,충남 천안시 서북구 한들2로 33,,,,education_school_cheonan.csv
education,school_younger,유치원,천안백석초등학교병설유치원,충남 천안시 서북구 백석3로 98,,,,education_school_cheonan.csv
education,school_younger,유치원,천안희망초등학교병설유치원,충남 천안시 동남구 단대로 21-7,,,,education_school_cheonan.csv
education,school_younger,유치원,천안호수초등학교병설유치원,충남 천안시 서북구 공원로 140,,,,education_school_cheonan.csv
education,school_younger,유치원,천안가람초등학교병설유치원,충남 천안시 서북구 성성6로 47-11,,,,education_school_cheonan.csv
education,school_younger,유치원,천안능수초등학교병설유치원,충남 천안시 동남구 청당용평로 112,,,,education_school_cheonan.csv
education,school_younger,유치원,복자유치원,충남 천안시 동남구 옛시청길 32,,,,education_school_cheonan.csv
education,school_younger,유치원,색동유치원,충남 천안시 서북구 성정6길 8-7,,,,education_school_cheonan.csv
education,school_younger,유치원,대한유치원,충남 천안시 서북구 동서대로110-24,,,,education_school_cheonan.csv
education,school_younger,유치원,중앙유치원,충남 천안시 서북구 서부14길 55,,,,education_school_cheonan.csv
education,school_younger,유치원,미래클유치원,충남 천안시 서북구 쌍용대로 301,,,,education_school_cheonan.csv
education,school_younger,유치원,예랑유치원,충남 천안시 서북구 쌍용11길 33,,,,education_school_cheonan.csv
education,school_younger,유치원,젤라유치원,충남 천안시 서북구 미라3길 5,,,,education_school_cheonan.csv
education,school_younger,유치원,호서대학교부속유치원,충남 천안시 동남구 각원사길 69,,,,education_school_cheonan.csv
education,school_younger,유치원,천안원광유치원,충남 천안시 동남구 천안천9길 58,,,,education_school_cheonan.csv
education,school_younger,유치원,새미기픈믈유치원,충남 천안시 서북구 서부13길 39,,,,education_school_cheonan.csv
education,school_younger,유치원,늘푸른유치원,충남 천안시 서북구 늘푸른6길 41,,,,education_school_cheonan.csv
education,school_younger,유치원,한사랑유치원,충남 천안시 서북구 두정중5길 22,,,,education_school_cheonan.csv
education,school_younger,유치원,더그림유치원(구 한라유치원),충남 천안시 동남구 서부대로 226-12,,,,education_school_cheonan.csv
education,school_younger,유치원,늘사랑유치원,충남 천안시 서북구 봉서산샛길 67,,,,education_school_cheonan.csv
education,school_younger,유치원,미래유치원,충남 천안시 서북구 백석로 17-17,,,,education_school_cheonan.csv
education,school_younger,유치원,푸른별유치원,충남 천안시 서북구 쌍용14길 66,,,,education_school_cheonan.csv
education,school_younger,유치원,좋은유치원,충남 천안시 서북구 쌍용18길 18,,,,education_school_cheonan.csv
education,school_younger,유치원,엔젤유치원,충남 천안시 서북구 월봉7길 77,,,,education_school_cheonan.csv
education,school_younger,유치원,아이캔유치원,충남 천안시 동남구 중앙로 281-5,,,,education_school_cheonan.csv
education,school_younger,유치원,우리유치원,충남 천안시 서북구 부성1길 51-10,,,,education_school_cheonan.csv
education,school_younger,유치원,유한유치원,충남 천안시 서북구 월봉9길 7,,,,education_school_cheonan.csv
education,school_younger,유치원,세중아유치원,충남 천안시 동남구 양지2길 22,,,,education_school_cheonan.csv
education,school_younger,유치원,행복한리더로유치원,충남 천안시 서북구 오성6길 27,,,,education_school_cheonan.csv
education,school_younger,유치원,백향목유치원,충남 천안시 동남구 배울1길 16,,,,education_school_cheonan.csv
education,school_younger,유치원,세화유치원,충남 천안시 서북구 충무로 158-23,,,,education_school_cheonan.csv
education,school_younger,유치원,아이숲유치원,충남 천안시 서북구 다가말 2길 26,,,,education_school_cheonan.csv
education,school_younger,유치원,사랑유치원,충남 천안시 서북구 성환읍 신방로 336-11,,,,education_school_cheonan.csv
education,school_younger,유치원,동심유치원,충남 천안시 서북구 성거읍 소댕이3길 13,,,,education_school_cheonan.csv
education,school_younger,유치원,동화유치원,충남 천안시 서북구 성거읍 신월길 42,,,,education_school_cheonan.csv
education,school_younger,유치원,새천안유치원,충남 천안시 서북구 직산읍 자은가리1길 68-1,,,,education_school_cheonan.csv
education,school_younger,유치원,은파유치원,충남 천안시 동남구 목천읍 운전3길 20,,,,education_school_cheonan.csv
education,school_younger,유치원,하얀유치원,충남 천안시 동남구 목천읍 삼성5길 54,,,,education_school_cheonan.csv
education,school_younger,유치원,가원유치원,충남 천안시 동남구 목천읍 목천안터1길 55,,,,education_school_cheonan.csv
education,school_younger,유치원,도담유치원,충남 천안시 서북구 직산읍 양당율금길 4-24,,,,education_school_cheonan.csv
education,school_younger,유치원,화랑유치원,충남 천안시 서북구 입장면 하장1길10-6,,,,education_school_cheonan.csv
education,school_younger,유치원,백석대학교부속유치원,충남 천안시 동남구 청수7로 30-15,,,,education_school_cheonan.csv
education,school_younger,유치원,명문유치원,충남 천안시 동남구 통정8로 5-23,,,,education_school_cheonan.csv
education,school_younger,유치원,셀라유치원,충남 천안시 동남구 용곡2길 43-22,,,,education_school_cheonan.csv
education,school_younger,유치원,아이솔유치원,충남 천안시 서북구 번영로 306-8,,,,education_school_cheonan.csv
education,school_younger,유치원,좋은나무숲유치원,충남 천안시 동남구 청수7로 6,,,,education_school_cheonan.csv
education,school_younger,유치원,백석유치원,충남 천안시 서북구 한들2로 34-42,,,,education_school_cheonan.csv
education,school_younger,유치원,해여림유치원,충남 천안시 서북구 한들4로 75,,,,education_school_cheonan.csv
education,school_younger,유치원,이튼유치원,충남 천안시 서북구 불당18로 33,,,,education_school_cheonan.csv
education,school_younger,초등학교,천안초등학교,충남 천안시 동남구 중앙로 169,,,,education_school_cheonan.csv
education,school_younger,초등학교,천안남산초등학교,충남 천안시 동남구 버들1길 30,,,,education_school_cheonan.csv
education,school_younger,초등학교,천안성정초등학교,충남 천안시 서북구 성정7길 3,,,,education_school_cheonan.csv
education,school_younger,초등학교,천안일봉초등학교,충남 천안시 동남구 다가2길 3,,,,education_school_cheonan.csv
education,school_younger,초등학교,환서초등학교,충남 천안시 서북구 한들2로 34-41,,,,education_school_cheonan.csv
education,school_younger,초등학교,천안부대초등학교,충남 천안시 서북구 공대길 37,,,,education_school_cheonan.csv
education,school_younger,초등학교,천안업성초등학교,충남 천안시 서북구 업성5길 20,,,,education_school_cheonan.csv
education,school_younger,초등학교,천안청수초등학교,충남 천안시 동남구 청수로 35-3,,,,education_school_cheonan.csv
education,school_younger,초등학교,천안청당초등학교,충남 천안시 동남구 청당2길 94,,,,education_school_cheonan.csv
education,school_younger,초등학교,천안신안초등학교,충남 천안시 동남구 원성25길 21,,,,education_school_cheonan.csv
education,school_younger,초등학교,안서초등학교,충남 천안시 동남구 중암3길 10,,,,education_school_cheonan.csv
education,school_younger,초등학교,천안봉명초등학교,충남 천안시 동남구 봉명2길 11,,,,education_school_cheonan.csv
education,school_younger,초등학교,천안구성초등학교,충남 천안시 동남구 청수로 126,,,,education_school_cheonan.csv
education,school_younger,초등학교,천안서초등학교,충남 천안시 서북구 서부16길 27,,,,education_school_cheonan.csv
education,school_younger,초등학교,천안봉서초등학교,충남 천안시 동남구 봉서10길 12,,,,education_school_cheonan.csv
education,school_younger,초등학교,천안미라초등학교,충남 천안시 서북구 미라2길 13,,,,education_school_cheonan.csv
education,school_younger,초등학교,천안쌍용초등학교,충남 천안시 서북구 쌍용6길 9,,,,education_school_cheonan.csv
education,school_younger,초등학교,천안신부초등학교,충남 천안시 동남구 터미널5길 30,,,,education_school_cheonan.csv
education,school_younger,초등학교,천안신용초등학교,충남 천안시 동남구 새말1길 29,,,,education_school_cheonan.csv
education,school_younger,초등학교,천안용암초등학교,충남 천안시 서북구 월봉로 147,,,,education_school_cheonan.csv
education,school_younger,초등학교,천안월봉초등학교,충남 천안시 서북구 월봉4로 120-8,,,,education_school_cheonan.csv
education,school_younger,초등학교,천안부성초등학교,충남 천안시 서북구 부성1길 16,,,,education_school_cheonan.csv
education,school_younger,초등학교,천안신촌초등학교,충남 천안시 동남구 신촌4로 9,,,,education_school_cheonan.csv
education,school_younger,초등학교,천안용곡초등학교,충남 천안시 동남구 새말1길 73,,,,education_school_cheonan.csv
education,school_younger,초등학교,천안용소초등학교,충남 천안시 동남구 일봉로 82-18,,,,education_school_cheonan.csv
education,school_younger,초등학교,천안백석초등학교,충남 천안시 서북구 백석3로 98,,,,education_school_cheonan.csv
education,school_younger,초등학교,천안오성초등학교,충남 천안시 서북구 오성5길 23,,,,education_school_cheonan.csv
education,school_younger,초등학교,천안두정초등학교,충남 천안시 서북구 두정역서1길 10,,,,education_school_cheonan.csv
education,school_younger,초등학교,천안수곡초등학교,충남 천안시 서북구 수곡로 19-32,,,,education_school_cheonan.csv
education,school_younger,초등학교,천안불당초등학교,충남 천안시 서북구 불당4로 39-21,,,,education_school_cheonan.csv
education,school_younger,초등학교,천안서당초등학교,충남 천안시 서북구 불당11로 63,,,,education_school_cheonan.csv
education,school_younger,초등학교,천안신대초등학교,충남 천안시 서북구 성정두정로 130,,,,education_school_cheonan.csv
education,school_younger,초등학교,천안와촌초등학교,충남 천안시 서북구 와촌4길 16,,,,education_school_cheonan.csv
education,school_younger,초등학교,천안청룡초등학교,충남 천안시 동남구 풍세로 801-28,,,,education_school_cheonan.csv
education,school_younger,초등학교,천안삼거리초등학교,충남 천안시 동남구 충절로 340,,,,education_school_cheonan.csv
education,school_younger,초등학교,천안쌍정초등학교,충남 천안시 서북구 충무로 5-44,,,,education_school_cheonan.csv
education,school_younger,초등학교,천안새샘초등학교,충남 천안시 동남구 통정9로 58,,,,education_school_cheonan.csv
education,school_younger,초등학교,천안가온초등학교,충남 천안시 동남구 청수14로 21,,,,education_school_cheonan.csv
education,school_younger,초등학교,천안차암초등학교,충남 천안시 서북구 스마일시티1로 50,,,,education_school_cheonan.csv
education,school_younger,초등학교,천안불무초등학교,충남 천안시 서북구 불당23로 29,,,,education_school_cheonan.csv
education,school_younger,초등학교,천안아름초등학교,충남 천안시 서북구 불당27길 1,,,,education_school_cheonan.csv
education,school_younger,초등학교,천안한들초등학교,충남 천안시 서북구 한들2로 33,,,,education_school_cheonan.csv
education,school_younger,초등학교,천안성성초등학교,충남 천안시 서북구 성성10길 77,,,,education_school_cheonan.csv
education,school_younger,초등학교,천안희망초등학교,충남 천안시 동남구 단대로 21-7,,,,education_school_cheonan.csv
education,school_younger,초등학교,천안호수초등학교,충남 천안시 서북구 공원로 140,,,,education_school_cheonan.csv
education,school_younger,초등학교,천안가람초등학교,충남 천안시 서북구 성성6로 47-11,,,,education_school_cheonan.csv
education,school_younger,초등학교,천안능수초등학교,충남 천안시 동남구 청당용평로 112,,,,education_school_cheonan.csv
education,school_younger,초등학교,풍세초등학교,충남 천안시 동남구 풍세면 풍세2길 5,,,,education_school_cheonan.csv
education,school_younger,초등학교,용정초등학교,충남 천안시 동남구 풍세면 용정길 8-7,,,,education_school_cheonan.csv
education,school_younger,초등학교,미죽초등학교,충남 천안시 동남구 풍세면 미죽2길 7,,,,education_school_cheonan.csv
education,school_younger,초등학교,광덕초등학교,충남 천안시 동남구 광덕면 신흥리3길 36,,,,education_school_cheonan.csv
education,school_younger,초등학교,행정초등학교,충남 천안시 동남구 광덕면 광덕로 534,,,,education_school_cheonan.csv
education,school_younger,초등학교,보산원초등학교,충남 천안시 동남구 광덕면 보산원2길 33,,,,education_school_cheonan.csv
education,school_younger,초등학교,목천초등학교,충남 천안시 동남구 목천읍 서리2길 31,,,,education_school_cheonan.csv
education,school_younger,초등학교,신계초등학교,충남 천안시 동남구 목천읍 천정1길 243-9,,,,education_school_cheonan.csv
education,school_younger,초등학교,도장초등학교,충남 천안시 동남구 목천읍 도장1길 73,,,,education_school_cheonan.csv
education,school_younger,초등학교,천안부영초등학교,충남 천안시 동남구 목천읍 삼성5길 22-14,,,,education_school_cheonan.csv
education,school_younger,초등학교,신흥초등학교,충남 천안시 동남구 목천읍 신계5길 27,,,,education_school_cheonan.csv
education,school_younger,초등학교,위례초등학교,충남 천안시 동남구 북면 오곡2길 6-13,,,,education_school_cheonan.csv
education,school_younger,초등학교,은석초등학교,충남 천안시 동남구 북면 용암3길 10,,,,education_school_cheonan.csv
education,school_younger,초등학교,성남초등학교,충남 천안시 동남구 성남면 대흥신덕길 95,,,,education_school_cheonan.csv
education,school_younger,초등학교,신사초등학교,충남 천안시 동남구 성남면 신사대화로 155,,,,education_school_cheonan.csv
education,school_younger,초등학교,수신초등학교,충남 천안시 동남구 수신면 수신로 459,,,,education_school_cheonan.csv
education,school_younger,초등학교,병천초등학교,충남 천안시 동남구 병천면 병천2로 35,,,,education_school_cheonan.csv
education,school_younger,초등학교,천동초등학교,충남 천안시 동남구 동면 동산1길 59,,,,education_school_cheonan.csv
education,school_younger,초등학교,성환초등학교,충남 천안시 서북구 성환읍 성환12길 37,,,,education_school_cheonan.csv
education,school_younger,초등학교,성신초등학교,충남 천안시 서북구 성환읍 성환12길 7,,,,education_school_cheonan.csv
education,school_younger,초등학교,대홍초등학교,충남 천안시 서북구 성환읍 잠실길 4,,,,education_school_cheonan.csv
education,school_younger,초등학교,신가초등학교,충남 천안시 서북구 성환읍 성환신흥2길 2,,,,education_school_cheonan.csv
education,school_younger,초등학교,신방초등학교,충남 천안시 서북구 성환읍 신방로 73,,,,education_school_cheonan.csv
education,school_younger,초등학교,도하초등학교,충남 천안시 서북구 성환읍 연암로 382,,,,education_school_cheonan.csv
education,school_younger,초등학교,직산초등학교,충남 천안시 서북구 직산읍 직산안길 79,,,,education_school_cheonan.csv
education,school_younger,초등학교,삼은초등학교,충남 천안시 서북구 직산읍 삼은2길 11,,,,education_school_cheonan.csv
education,school_younger,초등학교,양당초등학교,충남 천안시 서북구 직산읍 양당1길 9-12,,,,education_school_cheonan.csv
education,school_younger,초등학교,성거초등학교,충남 천안시 서북구 성거읍 소댕이3길 606-21,,,,education_school_cheonan.csv
education,school_younger,초등학교,소망초등학교,충남 천안시 서북구 성거읍 역전말3길 102,,,,education_school_cheonan.csv
education,school_younger,초등학교,입장초등학교,충남 천안시 서북구 입장면 하장4길 19,,,,education_school_cheonan.csv
education,school_younger,초등학교,양대초등학교,충남 천안시 서북구 입장면 성진로 858,,,,education_school_cheonan.csv
education,school_older,중학교,천안중학교,충남 천안시 동남구 충절로 90,,,,education_school_cheonan.csv
education,school_older,중학교,천안북중학교,충남 천안시 동남구 중앙로 188,,,,education_school_cheonan.csv
education,school_older,중학교,천안여자중학교,충남 천안시 동남구 원거리11길 31,,,,education_school_cheonan.csv
education,school_older,중학교,천안동중학교,충남 천안시 동남구 충절로 363-11,,,,education_school_cheonan.csv
education,school_older,중학교,천안성정중학교,충남 천안시 서북구 성정중2길 40,,,,education_school_cheonan.csv
education,school_older,중학교,천안봉서중학교,충남 천안시 서북구 미라1길 48,,,,education_school_cheonan.csv
education,school_older,중학교,천안부성중학교,충남 천안시 서북구 공대길 45-9,,,,education_school_cheonan.csv
education,school_older,중학교,천안쌍용중학교,충남 천안시 서북구 쌍용12길 13,,,,education_school_cheonan.csv
education,school_older,중학교,천안두정중학교,충남 천안시 서북구 두정중1길 26,,,,education_school_cheonan.csv
education,school_older,중학교,천안오성중학교,충남 천안시 서북구 두정고1길 25,,,,education_school_cheonan.csv
education,school_older,중학교,천안성성중학교,충남 천안시 서북구 부성1길 83,,,,education_school_cheonan.csv
education,school_older,중학교,천안백석중학교,충남 천안시 서북구 백석1길 56,,,,education_school_cheonan.csv
education,school_older,중학교,환서중학교,충남 천안시 서북구 한들3로 50,,,,education_school_cheonan.csv
education,school_older,중학교,천안신방중학교,충남 천안시 동남구 신촌4로 46,,,,education_school_cheonan.csv
education,school_older,중학교,천안불당중학교,충남 천안시 서북구 불당11로 35,,,,education_school_cheonan.csv
education,school_older,중학교,천안월봉중학교,충남 천안시 서북구 광장로 245,,,,education_school_cheonan.csv
education,school_older,중학교,천안용곡중학교,충남 천안시 동남구 새말1길 51-14,,,,education_school_cheonan.csv
education,school_older,중학교,천안새샘중학교,충남 천안시 동남구 통정6로 49,,,,education_school_cheonan.csv
education,school_older,중학교,천안가온중학교,충남 천안시 동남구 청수6로 83,,,,education_school_cheonan.csv
education,school_older,중학교,천안불무중학교,충남 천안시 서북구 불당23로 30,,,,education_school_cheonan.csv
education,school_older,중학교,성환중학교,충남 천안시 서북구 성환읍 성환2로 79,,,,education_school_cheonan.csv
education,school_older,중학교,병천중학교,충남 천안시 동남구 병천면 충절로 1872,,,,education_school_cheonan.csv
education,school_older,중학교,입장중학교,충남 천안시 서북구 입장면 연곡길 36,,,,education_school_cheonan.csv
education,school_older,중학교,목천중학교,충남 천안시 동남구 목천읍 삼방로 145,,,,education_school_cheonan.csv
education,school_older,중학교,천남중학교,충남 천안시 동남구 성남면 신사대화로 403,,,,education_school_cheonan.csv
education,school_older,중학교,천안가람중학교,충남 천안시 서북구 성성6로 40,,,,education_school_cheonan.csv
education,school_older,중학교,천안계광중학교,충남 천안시 동남구 봉명로53,,,,education_school_cheonan.csv
education,school_older,중학교,복자여자중학교,충남 천안시 동남구 복자1길 1,,,,education_school_cheonan.csv
education,school_older,중학교,천성중학교,충남 천안시 동남구 벌말1길 7,,,,education_school_cheonan.csv
education,school_older,중학교,천안서여자중학교,충남 천안시 동남구 천안여상로 44,,,,education_school_cheonan.csv
education,school_older,중학교,광풍중학교,충남 천안시 동남구 풍세면 광풍로 1021-11,,,,education_school_cheonan.csv
education,school_older,중학교,천안동성중학교,충남 천안시 서북구 성환읍 성환1로 138,,,,education_school_cheonan.csv
education,school_older,중학교,천안중학교부설방송통신중학교,충남 천안시 동남구 충절로 90,,,,education_school_cheonan.csv
education,school_older,고등학교,천안제일고등학교,충남 천안시 동남구 버들로 71 (원성동),,,,education_school_cheonan.csv
education,school_older,고등학교,천안공업고등학교,충남 천안시 동남구 성황5길 17 (성황동),,,,education_school_cheonan.csv
education,school_older,고등학교,천안중앙고등학교,충남 천안시 동남구 충절로91,,,,education_school_cheonan.csv
education,school_older,고등학교,천안여자고등학교,충남 천안시 동남구 삼룡3길 30(삼룡동),,,,education_school_cheonan.csv
education,school_older,고등학교,병천고등학교,충남 천안시 동남구 병천면 충절로 1872,,,,education_school_cheonan.csv
education,school_older,고등학교,성환고등학교,충남 천안시 서북구 성환읍 신방로 354,,,,education_school_cheonan.csv
education,school_older,고등학교,목천고등학교,충남 천안시 동남구 목천읍 삼방로 145,,,,education_school_cheonan.csv
education,school_older,고등학교,충남예술고등학교,충남 천안시 서북구 성거읍 천흥2길 42,,,,education_school_cheonan.csv
education,school_older,고등학교,천안두정고등학교,충남 천안시 서북구 두정고2길 13,,,,education_school_cheonan.csv
education,school_older,고등학교,천안월봉고등학교,충남 천안시 서북구 불당 11로 51,,,,education_school_cheonan.csv
education,school_older,고등학교,천안쌍용고등학교,충남 천안시 서북구 월봉7길 10,,,,education_school_cheonan.csv
education,school_older,고등학교,천안신당고등학교,충남 천안시 서북구 신당새터 2길 36,,,,education_school_cheonan.csv
education,school_older,고등학교,천안오성고등학교,충남 천안시 서북구 과수원길 27,,,,education_school_cheonan.csv
education,school_older,고등학교,천안업성고등학교,충남 천안시 서북구 업성3길 65-11,,,,education_school_cheonan.csv
education,school_older,고등학교,천안청수고등학교,충남 천안시 동남구 청수로 82-46,,,,education_school_cheonan.csv
education,school_older,고등학교,천안불당고등학교,충남 천안시 서북구 불당29길 22,,,,education_school_cheonan.csv
education,school_older,고등학교,천안고등학교,충남 천안시 동남구 봉명로 53,,,,education_school_cheonan.csv
education,school_older,고등학교,천안상업고등학교,충남 천안시 서북구 천일고1길 43-9(신당동),,,,education_school_cheonan.csv
education,school_older,고등학교,복자여자고등학교,충남 천안시 동남구 복자1길 1(성황동),,,,education_school_cheonan.csv
education,school_older,고등학교,천안여자상업고등학교,충남 천안시 동남구 천안여상로 44(봉명동 216-1),,,,education_school_cheonan.csv
education,school_older,고등학교,북일고등학교,충남 천안시 동남구 단대로 69,,,,education_school_cheonan.csv
education,school_older,고등학교,북일여자고등학교,충남 천안시 동남구 단대로71,,,,education_school_cheonan.csv
education,school_older,고등학교,천안중앙고등학교부설방송통신고등학교,충남 천안시 동남구 충절로91(원성동460-1),,,,education_school_cheonan.csv
education,school_younger,특수학교,천안인애학교,충남 천안시 성거읍 봉주로 229,,,,education_school_cheonan.csv
education,school_younger,특수학교,천안늘해랑학교,충남 천안시 동남구 병천면 유관순길 86,,,,education_school_cheonan.csv
education,school_younger,특수학교,나사렛새꿈학교,충남 천안시 서북구 월봉로 48,,,,education_school_cheonan.csv
leisure,cultural_area,cultural_facility,성환문화회관,충청남도 천안시 서북구 성환읍 성진로 15,,,,leisure_cultural_facilities_cheonan.xlsx::문예회관
leisure,cultural_area,cultural_facility,신부문화회관,충청남도 천안시 동남구 신부2길 12,,,,leisure_cultural_facilities_cheonan.xlsx::문예회관
leisure,cultural_area,cultural_facility,천안시동남구문화원,충청남도 천안시 동남구 병천면 아우내순대길 29,,,,leisure_cultural_facilities_cheonan.xlsx::지방문화원
leisure,cultural_area,cultural_facility,천안시서북구문화원,충청남도 천안시 서북구 성환읍 성환3로 7-11,,,,leisure_cultural_facilities_cheonan.xlsx::지방문화원
leisure,cultural_area,library,중앙도서관,충청남도 천안시 동남구 중앙로 118,,36.80917505,127.1535917,leisure_library_cheonan.csv
leisure,cultural_area,library,쌍용도서관,충청남도 천안시 서북구 월봉4로 153,,36.80040702,127.1146227,leisure_library_cheonan.csv
leisure,cultural_area,library,성거도서관,충청남도 천안시 서북구 성거읍 천흥3길 3,,36.87162717,127.2010108,leisure_library_cheonan.csv
leisure,cultural_area,library,아우내도서관,충청남도 천안시 동남구 병천면 병천2로 57-2,,36.76684262,127.3032646,leisure_library_cheonan.csv
leisure,cultural_area,library,도솔도서관,충청남도 천안시 서북구 번영로 156,,36.81612985,127.113047,leisure_library_cheonan.csv
leisure,cultural_area,library,두정도서관,충청남도 천안시 서북구 부성3길 9,,36.83458255,127.1346155,leisure_library_cheonan.csv
leisure,cultural_area,library,신방도서관,충청남도 천안시 동남구 통정4로 7,,36.77441534,127.1307313,leisure_library_cheonan.csv
leisure,cultural_area,library,청수도서관,충청남도 천안시 동남구 청수 16로 5-10,,36.78946178,127.1563569,leisure_library_cheonan.csv
leisure,cultural_area,library,직산도서관,충청남도 천안시 서북구 직산읍 삼은4길 12,,36.87887862,127.1501874,leisure_library_cheonan.csv
leisure,cultural_area,library,원성2동작은도서관,충청남도 천안시 동남구 원거리8길 43,,36.80016444,127.1581554,leisure_library_cheonan.csv
leisure,cultural_area,library,중앙동작은도서관,충청남도 천안시 동남구 영성로 69-1,,36.80454611,127.149649,leisure_library_cheonan.csv
leisure,cultural_area,library,일봉동작은도서관,충청남도 천안시 동남구 차돌고개4길 18,,36.79912421,127.1353607,leisure_library_cheonan.csv
leisure,cultural_area,library,성남면작은도서관,충청남도 천안시 동남구 성남면 신사대화로 115,,36.7433553,127.233142,leisure_library_cheonan.csv
leisure,cultural_area,library,풍세면작은도서관,충청남도 천안시 동남구 풍세면 상정1길 3,,36.72182167,127.1187681,leisure_library_cheonan.csv
leisure,cultural_area,library,광덕작은도서관,충청남도 천안시 동남구 광덕면 신흥리3길 76,,36.69497428,127.1105853,leisure_library_cheonan.csv
leisure,cultural_area,library,신안동작은도서관,충청남도 천안시 동남구 신부3길 16-6,,36.81746009,127.1601768,leisure_library_cheonan.csv
leisure,cultural_area,library,천안축구센터작은도서관,충청남도 천안시 서북구 축구센터로 150,,36.82144008,127.1457655,leisure_library_cheonan.csv
leisure,cultural_area,library,성정1동작은도서관,충청남도 천안시 서북구 선영8길 7,,36.8150359,127.1428691,leisure_library_cheonan.csv
leisure,cultural_area,library,목천느티나무작은도서관,충청남도 천안시 동남구 목천읍 서리2길 31,,36.78791236,127.2357226,leisure_library_cheonan.csv
leisure,cultural_area,library,북면바로내작은도서관,충청남도 천안시 동남구 북면 위례성로 724-3,,36.8273821,127.2736819,leisure_library_cheonan.csv
leisure,cultural_area,library,차암동작은도서관,"충청남도 천안시 서북구 2공단5로 36, 2층",,36.8547301604,127.1203497527,leisure_library_cheonan.csv
leisure,cultural_area,live_hall,충청남도교육청학생교육문화원소공연장,"충청남도 천안시 동남구 옛농고1길 41 (원성동, 충청남도학생교육문화원)",충청남도 천안시 동남구 원성동 191-3,36.80956409388538,127.15695996197944,leisure_live_hall_cheonan.xlsx
leisure,cultural_area,live_hall,재단법인 천안문화재단 성환문화회관 대공연장,충청남도 천안시 서북구 성환읍 성진로 15,충청남도 천안시 서북구 성환읍 성월리 79,36.91270138993406,127.13685624149103,leisure_live_hall_cheonan.xlsx
leisure,cultural_area,live_hall,충청남도교육청학생교육문화원대공연장,"충청남도 천안시 동남구 옛농고1길 41 (원성동, 충청남도학생교육문화원)",충청남도 천안시 동남구 원성동 191-3,36.80956409388538,127.15695996197944,leisure_live_hall_cheonan.xlsx
leisure,cultural_area,live_hall,봉서홀,충청남도 천안시 서북구 번영로 156 (불당동),충청남도 천안시 서북구 불당동 234-1,36.814878797187276,127.11405395740955,leisure_live_hall_cheonan.xlsx
leisure,cultural_area,live_hall,천안시신부문화회관(소강당),"충청남도 천안시 동남구 신부2길 12 (신부동,시민회관길 120)",충청남도 천안시 동남구 신부동 471-1 시민회관길 120,36.81755647474378,127.15921640030915,leisure_live_hall_cheonan.xlsx
leisure,cultural_area,live_hall,천안박물관공연장,충청남도 천안시 동남구 천안대로 429-13 (삼룡동),충청남도 천안시 동남구 삼룡동 261-10,36.78702269921219,127.16286571144556,leisure_live_hall_cheonan.xlsx
leisure,cultural_area,live_hall,천안예술의전당(대공연장),충청남도 천안시 동남구 성남면 종합휴양지로 185,충청남도 천안시 동남구 성남면 용원리 710,36.75609797563539,127.22616129014862,leisure_live_hall_cheonan.xlsx
leisure,cultural_area,live_hall,충남음악창작소 Live Hall,"충청남도 천안시 동남구 은행길 15, 천안시 도시창조 두드림센터 지하2층 (문화동)",충청남도 천안시 동남구 문화동 135-1 천안시 도시창조 두드림센터,36.80807668568184,127.14947776529046,leisure_live_hall_cheonan.xlsx
leisure,cultural_area,live_hall,제이비소극장,"충청남도 천안시 동남구 각원사길 114-8, 1층 (안서동)",충청남도 천안시 동남구 안서동 273 안서고시텔목욕탕,36.82907397042216,127.18443216434994,leisure_live_hall_cheonan.xlsx
leisure,cultural_area,live_hall,천안어린이꿈누리터 꿈누리대공연장,충청남도 천안시 동남구 옛시청길 39 (문화동),충청남도 천안시 동남구 문화동 112-1 동남구 행정복합타운,36.80686139543186,127.15103539315113,leisure_live_hall_cheonan.xlsx
leisure,cultural_area,live_hall,아트센터 소극장,"충청남도 천안시 동남구 대흥로 328, 성황빌딩 지하1층 (성황동)",충청남도 천안시 동남구 성황동 10-8 성황빌딩,36.81681475992836,127.15108037599892,leisure_live_hall_cheonan.xlsx
leisure,cultural_area,live_hall,아우내아트홀,"충청남도 천안시 서북구 검은들3길 52, 드림프라자 1003호 (불당동)",충청남도 천안시 서북구 불당동 730 드림프라자,36.810041775965495,127.10931804671037,leisure_live_hall_cheonan.xlsx
leisure,cultural_area,live_hall,레이브,충청남도 천안시 서북구 원두정7길 12 (두정동),충청남도 천안시 서북구 두정동 885,36.83192067637596,127.13524495602927,leisure_live_hall_cheonan.xlsx
leisure,cultural_area,museum,우정박물관,충청남도 천안시 동남구 양지말길 11-14,,36.8139658652,127.1885617847,leisure_museum_cheonan.csv
leisure,cultural_area,museum,천안박물관,충청남도 천안시 동남구 천안삼거리길 27,,36.78669474,127.1633299,leisure_museum_cheonan.csv
leisure,cultural_area,museum,천안흥타령관,충청남도 천안시 동남구 천안대로 412,,36.78478709,127.165631,leisure_museum_cheonan.csv
leisure,cultural_area,museum,유관순열사기념관,충청남도 천안시 동남구 유관순길 38,,36.7600902,127.3083675,leisure_museum_cheonan.csv
leisure,cultural_area,museum,이동녕기념관,충청남도 천안시 동남구 목천읍 동리4길 38,,36.7907152,127.2392868,leisure_museum_cheonan.csv
leisure,cultural_area,museum,독립기념관,충청남도 천안시 동남구 목천읍 독립기념관로 1,,36.781872,127.2303981,leisure_museum_cheonan.csv
leisure,cultural_area,museum,복권박물관,충청남도 천안시 동남구 문암로 283,,36.8487251,127.201708,leisure_museum_cheonan.csv
leisure,cultural_area,museum,도계민화박물관,충청남도 천안시 동남구 정골1길 73-9,,36.7927962,127.1722236,leisure_museum_cheonan.csv
leisure,cultural_area,museum,백석대학교 기독교박물관,충청남도 천안시 동남구 백석대학로 1-1,,36.84044266,127.1845931,leisure_museum_cheonan.csv
leisure,cultural_area,museum,천안시립미술관,충청남도 천안시 동남구 성남면 종합휴양지로 185,,36.7561303,127.2248886,leisure_museum_cheonan.csv
leisure,cultural_area,museum,리각미술관,충청남도 천안시 동남구 태조산길 245,,36.82015665,127.186286,leisure_museum_cheonan.csv
leisure,cultural_area,museum,백석대학교 기독교박물관,"충청남도 천안시 동남구 백석대학로 1, 창조관 13층",,36.83883721,127.1825206,leisure_museum_cheonan.csv
leisure,park,어린이공원,용곡공원(용곡4),,충청남도 천안시 동남구 용곡동 597,36.78741709,127.1355518,leisure_park_cheonan.csv
leisure,park,어린이공원,눈들공원(용곡1),,충청남도 천안시 동남구 용곡동 601,36.79261113,127.1392161,leisure_park_cheonan.csv
leisure,park,소공원,원성소공원,,충청남도 천안시 동남구 원성동 214-3,36.81341463,127.159059,leisure_park_cheonan.csv
leisure,park,어린이공원,원성공원(원성2),,충청남도 천안시 동남구 원성동 482-6,36.80788022,127.1636754,leisure_park_cheonan.csv
leisure,park,어린이공원,꽃재공원(원성4),,충청남도 천안시 동남구 원성동 573-1,36.80085077,127.1616121,leisure_park_cheonan.csv
leisure,park,어린이공원,화령공원(원성3),,충청남도 천안시 동남구 원성동 631,36.80298234,127.1620753,leisure_park_cheonan.csv
leisure,park,어린이공원,청당2공원,,충청남도 천안시 동남구 청당동 120-8,36.77805306,127.153995,leisure_park_cheonan.csv
leisure,park,어린이공원,청당1공원,,충청남도 천안시 동남구 청당동 142-9,36.78023537,127.1554992,leisure_park_cheonan.csv
leisure,park,어린이공원,청당4공원,,충청남도 천안시 동남구 청당동 437,36.78001608,127.1424508,leisure_park_cheonan.csv
leisure,park,근린공원,청당1공원,,충청남도 천안시 동남구 청당동 474,36.78659949,127.1535373,leisure_park_cheonan.csv
leisure,park,근린공원,청당2공원,,충청남도 천안시 동남구 청당동 546,36.7833326,127.1578937,leisure_park_cheonan.csv
leisure,park,근린공원,청당3공원,,충청남도 천안시 동남구 청당동 602,36.78902577,127.157086,leisure_park_cheonan.csv
leisure,park,근린공원,청당4공원,,충청남도 천안시 동남구 청당동 608,36.79017695,127.1599074,leisure_park_cheonan.csv
leisure,park,어린이공원,청당골공원(청당5),,충청남도 천안시 동남구 청당동 651,36.7854313,127.1600478,leisure_park_cheonan.csv
leisure,park,어린이공원,청당6공원,,충청남도 천안시 동남구 청당동 776,36.7833179,127.1606646,leisure_park_cheonan.csv
leisure,park,어린이공원,뒷들공원(청당7),,충청남도 천안시 동남구 청당동 870,36.78240981,127.1622429,leisure_park_cheonan.csv
leisure,park,어린이공원,구성2공원,,충청남도 천안시 동남구 청수동 264,36.7898576,127.155911,leisure_park_cheonan.csv
leisure,park,근린공원,청수2공원,,충청남도 천안시 동남구 청수동 270,36.78771751,127.1495476,leisure_park_cheonan.csv
leisure,park,어린이공원,청수1공원,,충청남도 천안시 동남구 청수동 330,36.78844866,127.1534604,leisure_park_cheonan.csv
leisure,park,근린공원,2호공원,,충청남도 천안시 동남구 풍세면 보성리 731,36.72473183,127.1027875,leisure_park_cheonan.csv
leisure,park,소공원,솔모랭이공원(6호),,충청남도 천안시 동남구 풍세면 용정리 989,36.73332384,127.1005473,leisure_park_cheonan.csv
leisure,park,근린공원,태조산공원,,충청남도 천안시 동남구 유량동 산1-1,36.82207666,127.1889559,leisure_park_cheonan.csv
leisure,park,어린이공원,행복공원,,충청남도 천안시 서북구 두정동 1205,36.83617615,127.1402341,leisure_park_cheonan.csv
leisure,park,어린이공원,부대2공원,,충청남도 천안시 서북구 두정동 1560,36.8374277,127.1447366,leisure_park_cheonan.csv
leisure,park,어린이공원,산새공원(부대1),,충청남도 천안시 서북구 두정동 1696,36.83718258,127.1493473,leisure_park_cheonan.csv
leisure,park,어린이공원,정담은공원(두정1),,충청남도 천안시 서북구 두정동 2038,36.83315568,127.1496841,leisure_park_cheonan.csv
leisure,park,어린이공원,두정8공원,,충청남도 천안시 서북구 두정동 2046,36.83127472,127.1499307,leisure_park_cheonan.csv
leisure,park,근린공원,두정공원,,"충청남도 천안시 서북구 두정동 397-1, 396-1",36.83481083,127.1541727,leisure_park_cheonan.csv
leisure,park,어린이공원,말우물공원(백석4),,충청남도 천안시 서북구 두정동 615,36.82630777,127.1286182,leisure_park_cheonan.csv
leisure,park,어린이공원,두정오성공원(두정6),,충청남도 천안시 서북구 두정동 681,36.83263767,127.1303627,leisure_park_cheonan.csv
leisure,park,어린이공원,원두정먹거리공원(두정5),,충청남도 천안시 서북구 두정동869,36.83177162,127.1364262,leisure_park_cheonan.csv
leisure,park,근린공원,북부제1공원,,충청남도 천안시 서북구 두정동 985,36.83459674,127.1346155,leisure_park_cheonan.csv
leisure,park,어린이공원,새가라공원,,충청남도 천안시 서북구 백석동 1012,36.8310767,127.1215017,leisure_park_cheonan.csv
leisure,park,소공원,나비공원,,충청남도 천안시 서북구 백석동 1001,36.82756886,127.1230131,leisure_park_cheonan.csv
leisure,park,어린이공원,백석56호공원,,충청남도 천안시 서북구 두정동 771,36.83121644,127.1314071,leisure_park_cheonan.csv
leisure,park,어린이공원,백석55호공원,,충청남도 천안시 서북구 두정동 833,36.83064073,127.1362931,leisure_park_cheonan.csv
leisure,park,어린이공원,백석54호공원,,충청남도 천안시 서북구 백석동 895,36.82268029,127.1213657,leisure_park_cheonan.csv
leisure,park,근린공원,백석2공원,,충청남도 천안시 서북구 백석동 899,36.82159432,127.1258294,leisure_park_cheonan.csv
leisure,park,어린이공원,백석51호공원,,충청남도 천안시 서북구 백석동 911,36.82032106,127.1197166,leisure_park_cheonan.csv
leisure,park,어린이공원,백석53호공원,,충청남도 천안시 서북구 백석동 916,36.82265357,127.1192719,leisure_park_cheonan.csv
leisure,park,어린이공원,백석1공원,,충청남도 천안시 서북구 백석동931,36.82786179,127.1163585,leisure_park_cheonan.csv
leisure,park,어린이공원,백석9공원,,충청남도 천안시 서북구 백석동 948,36.83110628,127.1251004,leisure_park_cheonan.csv
leisure,park,어린이공원,환서공원,,충청남도 천안시 서북구 백석동 999,36.8285051,127.1213211,leisure_park_cheonan.csv
leisure,park,어린이공원,송골공원,,충청남도 천안시 서북구 백석동 1168,36.82615712,127.1212098,leisure_park_cheonan.csv
leisure,park,근린공원,불당3공원,,충청남도 천안시 서북구 불당동 1279,36.79778441,127.0978903,leisure_park_cheonan.csv
leisure,park,근린공원,불당4공원,,충청남도 천안시 서북구 불당동 1282,36.7938883,127.0980431,leisure_park_cheonan.csv
leisure,park,근린공원,불당6공원,,"충청남도 천안시 서북구 불당동 1451, 1458",36.79883227,127.1025983,leisure_park_cheonan.csv
leisure,park,근린공원,3호공원,,충청남도 천안시 동남구 풍세면 보성리 818,36.72544763,127.0960662,leisure_park_cheonan.csv
leisure,park,근린공원,4호공원,,충청남도 천안시 동남구 풍세면 보성리 822,36.72039278,127.1056328,leisure_park_cheonan.csv
leisure,park,소공원,돈마루공원(7호),,충청남도 천안시 동남구 풍세면 용정리 1017,36.73072005,127.097051,leisure_park_cheonan.csv
leisure,park,소공원,용두공원(5호),,충청남도 천안시 동남구 풍세면 용정리 1040,36.72944017,127.1046241,leisure_park_cheonan.csv
leisure,park,근린공원,1호공원,,충청남도 천안시 동남구 풍세면 용정리 970,36.73437632,127.1052847,leisure_park_cheonan.csv
leisure,park,근린공원,불당2공원,,충청남도 천안시 서북구 불당동 743,36.81061544,127.1130795,leisure_park_cheonan.csv
leisure,park,근린공원,쌍불공원,,"충청남도 천안시 서북구 불당동 761, 815",36.80675949,127.1152104,leisure_park_cheonan.csv
leisure,park,근린공원,천변공원,,"충청남도 천안시 서북구 불당동 909, 871 일원",36.80500227,127.1085552,leisure_park_cheonan.csv
leisure,park,어린이공원,불당공원(불당1),,충청남도 천안시 서북구 불당동1409,36.79909367,127.106862,leisure_park_cheonan.csv
leisure,park,어린이공원,신월공원(신월1),,충청남도 천안시 서북구 성거읍 신월리 3-25,36.87873923,127.1596645,leisure_park_cheonan.csv
leisure,park,근린공원,천흥공원,,충청남도 천안시 서북구 성거읍 천흥리 316-2,36.88334666,127.2106851,leisure_park_cheonan.csv
leisure,park,어린이공원,개목10길공원(성정15),,충청남도 천안시 서북구 성정동 1030,36.8177524,127.1343417,leisure_park_cheonan.csv
leisure,park,어린이공원,양지길시장공원(성정10),,충청남도 천안시 서북구 성정동 737-4,36.81304386,127.1375533,leisure_park_cheonan.csv
leisure,park,어린이공원,양지10길공원(성정11),,충청남도 천안시 서북구 성정동 746-6,36.81033756,127.1395581,leisure_park_cheonan.csv
leisure,park,어린이공원,숲정이공원(두정7),,충청남도 천안시 서북구 성정동 1137,36.82964343,127.1344315,leisure_park_cheonan.csv
leisure,park,어린이공원,고우니공원(성정18),,충청남도 천안시 서북구 성정동 1180,36.82737689,127.1355899,leisure_park_cheonan.csv
leisure,park,어린이공원,선영9길공원(성정16),,충청남도 천안시 서북구 성정동 124-22,36.8145536,127.145861,leisure_park_cheonan.csv
leisure,park,근린공원,청사공원,,충청남도 천안시 서북구 성정동 1285,36.82939874,127.1395244,leisure_park_cheonan.csv
leisure,park,어린이공원,서부공원(성정2),,충청남도 천안시 서북구 성정동 626-3,36.8249311,127.1400675,leisure_park_cheonan.csv
leisure,park,어린이공원,인쇄창공원(성정1),,충청남도 천안시 서북구 성정동 637,36.82469886,127.146845,leisure_park_cheonan.csv
leisure,park,어린이공원,푸르내공원(성정3),,충청남도 천안시 서북구 성정동 646-2,36.82326054,127.1383488,leisure_park_cheonan.csv
leisure,park,어린이공원,목련공원(성정4),,충청남도 천안시 서북구 성정동 657-3,36.82220565,127.1407705,leisure_park_cheonan.csv
leisure,park,어린이공원,꽃구름공원(성정5),,충청남도 천안시 서북구 성정동 673-6,36.82053462,127.1377404,leisure_park_cheonan.csv
leisure,park,어린이공원,구름공원(성정6),,충청남도 천안시 서북구 성정동 691,36.81951717,127.1440834,leisure_park_cheonan.csv
leisure,park,어린이공원,성정8길공원(성정7),,충청남도 천안시 서북구 성정동 694-8,36.81834723,127.1414165,leisure_park_cheonan.csv
leisure,park,어린이공원,성정3길공원(성정8),,충청남도 천안시 서북구 성정동 707-4,36.8175629,127.1371068,leisure_park_cheonan.csv
leisure,park,어린이공원,성정12길공원(성정9),,충청남도 천안시 서북구 성정동 715-21,36.81490756,127.141009,leisure_park_cheonan.csv
leisure,park,어린이공원,도원공원(성정13),,충청남도 천안시 서북구 성정동 844,36.82121552,127.1347063,leisure_park_cheonan.csv
leisure,park,어린이공원,안식의공원(성정14),,충청남도 천안시 서북구 성정동 955,36.81975764,127.1325045,leisure_park_cheonan.csv
leisure,park,어린이공원,매주1공원,,충청남도 천안시 서북구 성환읍 매주리 241-5,36.90286119,127.1319511,leisure_park_cheonan.csv
leisure,park,근린공원,성환4공원,,충청남도 천안시 서북구 성환읍 성월리 93-28,36.91233067,127.1344771,leisure_park_cheonan.csv
leisure,park,어린이공원,으뜸공원(쌍용6),,충청남도 천안시 서북구 쌍용동 1133,36.80261738,127.1283264,leisure_park_cheonan.csv
leisure,park,어린이공원,사랑공원(쌍용3),,충청남도 천안시 서북구 쌍용동 1188,36.80166126,127.129647,leisure_park_cheonan.csv
leisure,park,어린이공원,장미공원(쌍용7),,충청남도 천안시 서북구 쌍용동 1234,36.80064921,127.1270596,leisure_park_cheonan.csv
leisure,park,어린이공원,무궁화공원(쌍용4),,충청남도 천안시 서북구 쌍용동 388-18,36.79535988,127.1308284,leisure_park_cheonan.csv
leisure,park,어린이공원,개나리공원(봉명4),,충청남도 천안시 서북구 쌍용동 847,36.80853465,127.129991,leisure_park_cheonan.csv
leisure,park,어린이공원,비둘기공원(쌍용5),,충청남도 천안시 서북구 쌍용동 890,36.80690075,127.1304068,leisure_park_cheonan.csv
leisure,park,어린이공원,칸나공원(쌍용2),,충청남도 천안시 서북구 쌍용동 992,36.80461835,127.1313067,leisure_park_cheonan.csv
leisure,park,어린이공원,솔내음공원(쌍용8),,충청남도 천안시 서북구 쌍용동 1280,36.80293991,127.123755,leisure_park_cheonan.csv
leisure,park,어린이공원,노을공원(쌍용9),,충청남도 천안시 서북구 쌍용동 1291,36.80168839,127.1244925,leisure_park_cheonan.csv
leisure,park,어린이공원,쌍용13공원,,충청남도 천안시 서북구 쌍용동 1408,36.80021882,127.1199722,leisure_park_cheonan.csv
leisure,park,어린이공원,쌍용14공원,,충청남도 천안시 서북구 쌍용동 1523,36.79834861,127.1194762,leisure_park_cheonan.csv
leisure,park,근린공원,방아다리공원(쌍용4),,충청남도 천안시 서북구 쌍용동 1563,36.79288169,127.118357,leisure_park_cheonan.csv
leisure,park,어린이공원,쌍용18공원,,충청남도 천안시 서북구 쌍용동 1589,36.79183976,127.1150204,leisure_park_cheonan.csv
leisure,park,어린이공원,쌍용16공원,,충청남도 천안시 서북구 쌍용동 1617,36.7921683,127.1181583,leisure_park_cheonan.csv
leisure,park,어린이공원,쌍용15공원,,충청남도 천안시 서북구 쌍용동 1867,36.78915016,127.1157155,leisure_park_cheonan.csv
leisure,park,어린이공원,초록공원(쌍용25),,충청남도 천안시 서북구 쌍용동 1916,36.80445287,127.1210322,leisure_park_cheonan.csv
leisure,park,어린이공원,단풍공원(쌍용26),,충청남도 천안시 서북구 쌍용동 1919,36.80636249,127.1182784,leisure_park_cheonan.csv
leisure,park,근린공원,유통단지공원,,충청남도 천안시 서북구 백석동 1071,36.83597896,127.1216692,leisure_park_cheonan.csv
leisure,park,어린이공원,늘푸른공원(쌍용12),,충청남도 천안시 서북구 쌍용동 1926,36.80414803,127.1196108,leisure_park_cheonan.csv
leisure,park,어린이공원,쌍용17공원,,충청남도 천안시 서북구 쌍용동 2046-4,36.78972074,127.1237436,leisure_park_cheonan.csv
leisure,park,어린이공원,쌍용20공원,,충청남도 천안시 서북구 쌍용동 619,36.79550938,127.1240826,leisure_park_cheonan.csv
leisure,park,어린이공원,쌍용19공원,,충청남도 천안시 서북구 쌍용동 656,36.79802859,127.1222635,leisure_park_cheonan.csv
leisure,park,근린공원,쌍용공원,,충청남도 천안시 서북구 쌍용동 산85,36.81053313,127.1305003,leisure_park_cheonan.csv
leisure,park,어린이공원,쌍용10공원,,충청남도 천안시 서북구 쌍용동2095,36.78655184,127.1168556,leisure_park_cheonan.csv
leisure,park,어린이공원,노리공원(쌍용29),,충청남도 천안시 서북구 쌍용동2101,36.81023993,127.1212463,leisure_park_cheonan.csv
leisure,park,어린이공원,휴공원(쌍용28),,충청남도 천안시 서북구 쌍용동2102,36.80773081,127.1182827,leisure_park_cheonan.csv
leisure,park,근린공원,제5호 근린공원,,충청남도 천안시 서북구 직산읍 모시리 274,36.86707309,127.1231424,leisure_park_cheonan.csv
leisure,park,근린공원,제1호 근린공원,,"충청남도 천안시 서북구 직산읍 모시리 292,294, 차암동 402-4, 402-5",36.86104443,127.118435,leisure_park_cheonan.csv
leisure,park,근린공원,제2호 근린공원,,"충청남도 천안시 서북구 직산읍 모시리 305, 318",36.86152881,127.1213239,leisure_park_cheonan.csv
leisure,park,근린공원,테크노파크공원,,충청남도 천안시 서북구 직산읍 삼은리 507,36.88805834,127.159965,leisure_park_cheonan.csv
leisure,park,근린공원,제3호 근린공원,,충청남도 천안시 서북구 직산읍 신갈리 232,36.86692239,127.1138805,leisure_park_cheonan.csv
leisure,park,근린공원,제4호 근린공원,,충청남도 천안시 서북구 직산읍 신갈리 244,36.86311483,127.1144627,leisure_park_cheonan.csv
leisure,park,소공원,산동공원,,충청남도 천안시 서북구 차암동 439,36.84255343,127.1040256,leisure_park_cheonan.csv
leisure,park,어린이공원,차암밤개울공원(밤개울),,충청남도 천안시 서북구 차암동 495,36.83979934,127.1017479,leisure_park_cheonan.csv
leisure,park,근린공원,신방문화공원,,충청남도 천안시 동남구 신방동 1521,36.77441534,127.1307313,leisure_park_cheonan.csv
leisure,park,근린공원,삼은공원,,충청남도 천안시 서북구 직산읍 삼은리 510,36.88805834,127.159965,leisure_park_cheonan.csv
leisure,park,근린공원,차암공원,,충청남도 천안시 서북구 차암동 547,36.84369393,127.1069876,leisure_park_cheonan.csv
leisure,park,역사공원,아우내기념공원,,충청남도 천안시 동남구 병천면 병천리 289-12,36.75963221,127.2963822,leisure_park_cheonan.csv
leisure,park,체육공원,천안축구센터(성정공원),,충청남도 천안시 서북구 성정동 354,36.82143955,127.1457671,leisure_park_cheonan.csv
leisure,park,수변공원,한들공원,,충청남도 천안시 서북구 백석동 1166,36.82630064,127.1203901,leisure_park_cheonan.csv
leisure,park,어린이공원,장수공원(성정12),,충청남도 천안시 서북구 성정동 436-10,36.82466212,127.1352857,leisure_park_cheonan.csv
leisure,park,어린이공원,희망공원(쌍용11),,충청남도 천안시 서북구 쌍용동 1924,36.80175945,127.1184506,leisure_park_cheonan.csv
leisure,park,어린이공원,일봉공원(다가2),,충청남도 천안시 동남구 다가동 377-1,36.79957837,127.1358968,leisure_park_cheonan.csv
leisure,park,어린이공원,다가공원(다가1),,충청남도 천안시 동남구 다가동 391-1,36.79987952,127.1412769,leisure_park_cheonan.csv
leisure,park,어린이공원,다가말공원(다가3),,충청남도 천안시 동남구 다가동 409-9,36.79805389,127.1382049,leisure_park_cheonan.csv
leisure,park,어린이공원,천안천공원,,충청남도 천안시 동남구 다가동 462-45,36.79557786,127.1503113,leisure_park_cheonan.csv
leisure,park,어린이공원,봉명공원(봉명1),,충청남도 천안시 동남구 봉명동 209-3,36.80631114,127.1348289,leisure_park_cheonan.csv
leisure,park,어린이공원,개목공원(봉명2),,충청남도 천안시 동남구 봉명동 255,36.81630853,127.1321837,leisure_park_cheonan.csv
leisure,park,어린이공원,솔모루공원(봉명5),,충청남도 천안시 동남구 봉명동 426,36.81338306,127.1327823,leisure_park_cheonan.csv
leisure,park,어린이공원,봉서공원(봉명3),,충청남도 천안시 동남구 봉명동 492,36.81188172,127.1314459,leisure_park_cheonan.csv
leisure,park,근린공원,남산공원,,충청남도 천안시 동남구 사직동 284-39,36.79990886,127.1492892,leisure_park_cheonan.csv
leisure,park,근린공원,삼거리공원,,충청남도 천안시 동남구 삼룡동 291-4,36.7842348,127.1677013,leisure_park_cheonan.csv
leisure,park,근린공원,생활권공원,,충청남도 천안시 동남구 성남면 대화리 313,36.74246074,127.2550095,leisure_park_cheonan.csv
leisure,park,소공원,생활권공원,,충청남도 천안시 동남구 성남면 대화리 315-3,36.73967848,127.2598375,leisure_park_cheonan.csv
leisure,park,근린공원,생활권공원,,충청남도 천안시 동남구 성남면 대화리 376,36.73608467,127.2584033,leisure_park_cheonan.csv
leisure,park,근린공원,천안온천중앙공원,,충청남도 천안시 동남구 성남면 용원리 668,36.75775287,127.226103,leisure_park_cheonan.csv
leisure,park,소공원,생활권공원,,충청남도 천안시 동남구 수신면 신풍리 575,36.738997,127.265699,leisure_park_cheonan.csv
leisure,park,어린이공원,소리공원,,충청남도 천안시 동남구 신방동 1073,36.77733308,127.1303595,leisure_park_cheonan.csv
leisure,park,어린이공원,산마루공원,,충청남도 천안시 동남구 신방동 1392,36.77260848,127.1287885,leisure_park_cheonan.csv
leisure,park,어린이공원,무지개공원,,충청남도 천안시 동남구 신방동 1600,36.77615328,127.1366574,leisure_park_cheonan.csv
leisure,park,근린공원,중앙공원,,충청남도 천안시 동남구 신방동 1894,36.77188155,127.1311692,leisure_park_cheonan.csv
leisure,park,어린이공원,꽃내음공원,,충청남도 천안시 동남구 신방동 1925,36.77099675,127.130926,leisure_park_cheonan.csv
leisure,park,어린이공원,신방2공원,,충청남도 천안시 동남구 신방동 896,36.79303234,127.1317174,leisure_park_cheonan.csv
leisure,park,어린이공원,신방3공원,,충청남도 천안시 동남구 신방동  898,36.79156533,127.1295179,leisure_park_cheonan.csv
leisure,park,어린이공원,용곡2공원,,충청남도 천안시 동남구 신방동 906,36.79006316,127.1311197,leisure_park_cheonan.csv
leisure,park,어린이공원,용곡3공원,,충청남도 천안시 동남구 신방동 912,36.78808682,127.1307424,leisure_park_cheonan.csv
leisure,park,어린이공원,신방1공원,,충청남도 천안시 동남구 신방동  919,36.78689368,127.1264314,leisure_park_cheonan.csv
leisure,park,근린공원,건강공원,,충청남도 천안시 동남구 신방동 945,36.77849432,127.1329266,leisure_park_cheonan.csv
leisure,park,어린이공원,해오름공원,,충청남도 천안시 동남구 신방동 1766,36.77393902,127.1370182,leisure_park_cheonan.csv
leisure,park,근린공원,천호지공원,,충청남도 천안시 동남구 신부동 228,36.83282894,127.1673226,leisure_park_cheonan.csv
leisure,park,문화공원,신부문화공원,,충청남도 천안시 동남구 신부동 460-4,36.81811752,127.1561499,leisure_park_cheonan.csv
leisure,park,어린이공원,신부1공원,,충청남도 천안시 동남구 신부동 497-1,36.8199695,127.1622323,leisure_park_cheonan.csv
leisure,park,어린이공원,신부6공원,,충청남도 천안시 동남구 신부동  542,36.82367368,127.1553114,leisure_park_cheonan.csv
leisure,park,어린이공원,신부8공원,,충청남도 천안시 동남구 신부동 671,36.82273168,127.1601651,leisure_park_cheonan.csv
leisure,park,어린이공원,편지공원(신부7),,충청남도 천안시 동남구 신부동 749,36.82183871,127.1573718,leisure_park_cheonan.csv
leisure,park,근린공원,신부공원,,"충청남도 천안시 동남구 신부동 811, 815, 673",36.82002434,127.1596481,leisure_park_cheonan.csv
leisure,park,어린이공원,성정9공원(신부9),,"충청남도 천안시 동남구 신부동 888,889",36.82241649,127.1501549,leisure_park_cheonan.csv
leisure,park,어린이공원,차돌공원(쌍용1),,충청남도 천안시 동남구 쌍용동 551-4,36.80315305,127.1330378,leisure_park_cheonan.csv
leisure,park,어린이공원,상암공원(안서4),,"충청남도 천안시 동남구 안서동206-21,207-4",36.82906533,127.1872497,leisure_park_cheonan.csv
leisure,park,어린이공원,용소공원(용곡6),,충청남도 천안시 동남구 용곡동 581,36.79126094,127.1359727,leisure_park_cheonan.csv
leisure,park,어린이공원,미르공원(용곡8),,충청남도 천안시 동남구 용곡동 585,36.78192336,127.1395056,leisure_park_cheonan.csv
leisure,park,어린이공원,용곡9공원,,충청남도 천안시 동남구 용곡동 586,36.78168821,127.1368979,leisure_park_cheonan.csv
leisure,park,어린이공원,하늘소리공원,,충청남도 천안시 서북구 불당동 1752,36.81039905,127.1026269,leisure_park_cheonan.csv
leisure,park,근린공원,수피아공원,,"충청남도 천안시 서북구 불당동 1506, 1800",36.82145798,127.1013969,leisure_park_cheonan.csv
leisure,park,근린공원,아름드리공원,,"충청남도 천안시 서북구 불당동 1512,1547,1612",36.81807892,127.1037003,leisure_park_cheonan.csv
leisure,park,근린공원,능수버들공원,,"충청남도 천안시 서북구 불당동 1484,1490,1493,1499",36.8197019,127.1102883,leisure_park_cheonan.csv
leisure,park,근린공원,하늘맞이공원,,충청남도 천안시 서북구 불당동 1851,36.80493403,127.1040358,leisure_park_cheonan.csv
leisure,park,근린공원,물총새공원,,"충청남도 천안시 서북구 불당동 1641,1642,1643,1855",36.81067673,127.1076169,leisure_park_cheonan.csv
leisure,park,어린이공원,안서3공원,,충청남도 천안시 동남구 안서동 212-2,36.82840832,127.1861935,leisure_park_cheonan.csv
leisure,park,근린공원,성성1지구 근린공원,,충청남도 천안시 서북구 성성동 829,36.84114572,127.1229798,leisure_park_cheonan.csv
leisure,park,근린공원,성성3지구 근린공원,,충청남도 천안시 서북구 성성동 711,36.84091033,127.1306767,leisure_park_cheonan.csv
leisure,park,근린공원,백석공원,,"충청남도 천안시 서북구 백석동 747,748,749,751,751-7(일부)",36.83303341,127.1090661,leisure_park_cheonan.csv
leisure,park,소공원,두정10공원,,충청남도 천안시 서북구 두정동 2057,36.82681344,127.1507137,leisure_park_cheonan.csv
leisure,park,어린이공원,성성4지구 어린이공원,,충청남도 천안시 서북구 성성동 791,36.84053144,127.1368524,leisure_park_cheonan.csv
leisure,park,소공원,문성소공원,,충청남도 천안시 동남구 원성동 244-8,36.80968397,127.1542359,leisure_park_cheonan.csv
leisure,park,어린이공원,원성5어린이공원,,충청남도 천안시 동남구 문화동  183,36.811701,127.156501,leisure_park_cheonan.csv
leisure,park,근린공원,노태공원,,충청남도 천안시 서북구 백석동  1218,36.835801,127.126201,leisure_park_cheonan.csv
leisure,park,어린이공원,신부2공원,,충청남도 천안시 동남구 신부동 987,36.81562674,127.1612675,leisure_park_cheonan.csv
leisure,park,어린이공원,잠자리공원,,충청남도 천안시 부대동 1035,36.848501,127.149301,leisure_park_cheonan.csv
leisure,park,어린이공원,무당벌레공원,,충청남도 천안시 부대동 1067,36.842801,127.1490101,leisure_park_cheonan.csv
leisure,park,어린이공원,성성2지구 어린이공원,,충청남도 천안시 성성동 976,36.842301,127.1241001,leisure_park_cheonan.csv
leisure,park,어린이공원,두정4공원,,충청남도 천안시 성정동 1569,36.827701,127.147201,leisure_park_cheonan.csv
leisure,park,어린이공원,월봉공원,,충청남도 천안시 쌍용동 1551,36.796801,127.114301,leisure_park_cheonan.csv
leisure,park,어린이공원,신월2공원,,충청남도 천안시 성거읍 신월리  406-36,36.869101,127.151501,leisure_park_cheonan.csv
leisure,park,역사공원,마틴공원,,충청남도 천안시 삼룡동 250-5,36.790401,127.163201,leisure_park_cheonan.csv
leisure,park,소공원,숲향기공원,,충청남도 천안시 서북구 부대동 1051,36.845201,127.152501,leisure_park_cheonan.csv
leisure,park,소공원,신부11공원,,충청남도 천안시 동남구 신부동 989,36.81760965,127.163627,leisure_park_cheonan.csv
leisure,park,소공원,안서2공원,,충청남도 천안시 동남구 안서동 228-6,36.83036574,127.1791711,leisure_park_cheonan.csv
leisure,park,소공원,청수소공원,,충청남도 천안시 동남구 구성동 533,36.79566029,127.1564783,leisure_park_cheonan.csv
leisure,park,소공원,성거1호소공원,,충청남도 천안시 서북구 성거읍 오목리 235,36.893301,127.206801,leisure_park_cheonan.csv
leisure,park,소공원,성거2호소공원,,충청남도 천안시 서북구 성거읍 오목리 254,36.892401,127.210701,leisure_park_cheonan.csv
leisure,cultural_area,sportandresort,천안종합운동장,"천안시 서북구 번영로 208(백석동, 종합운동장)",,,,leisure_sportsandresort_cheonan.csv
leisure,cultural_area,sportandresort,한들문화센터,"천안시 서북구 음봉로 861-50(백석동, 한들문화센터)",,,,leisure_sportsandresort_cheonan.csv
leisure,cultural_area,sportandresort,천안축구센터,천안시 서북구 축구센터로 150,,,,leisure_sportsandresort_cheonan.csv
leisure,cultural_area,sportandresort,천안시실내배드민턴장,천안시 동남구 천안대로 357(청당동 실내배드민턴장),,,,leisure_sportsandresort_cheonan.csv
leisure,cultural_area,sportandresort,천안생활체육야구장,천안시 동남구 천안대로 320,,,,leisure_sportsandresort_cheonan.csv
leisure,cultural_area,sportandresort,천안북부스포츠센터,천안시 서북구 성환읍 성환1로 45,,,,leisure_sportsandresort_cheonan.csv
leisure,cultural_area,sportandresort,시민체육공원,천안시 서북구 불당동 192-3번지,,,,leisure_sportsandresort_cheonan.csv
leisure,cultural_area,sportandresort,유관순파크골프장,천안시 서북구 음봉로 861-53,,,,leisure_sportsandresort_cheonan.csv
leisure,cultural_area,sportandresort,풍서천파크골프장,천안시 동남구 풍세면 풍서리 676-107,,,,leisure_sportsandresort_cheonan.csv
leisure,cultural_area,sportandresort,태조산산림레포츠단지,천안시 동남구 태조산길 261(유량동 6),,,,leisure_sportsandresort_cheonan.csv
leisure,cultural_area,sportandresort,시민체육공원,천안시 서북구 불당동 192-3번지,,,,leisure_sportsandresort_cheonan.csv
leisure,cultural_area,sportandresort,도솔공원,천안시 동남구 천안대로 844(신부동),,,,leisure_sportsandresort_cheonan.csv
leisure,cultural_area,theater,CGV천안펜타포트,"충청남도 천안시 서북구 공원로 196, 6층 (불당동)",충청남도 천안시 서북구 불당동 1289,,,leisure_theater_cheonan.csv
leisure,cultural_area,theater,CGV천안터미널,충청남도 천안시 동남구 만남로 43 (신부동),충청남도 천안시 동남구 신부동 354-1,,,leisure_theater_cheonan.csv
leisure,cultural_area,theater,CGV천안,"충청남도 천안시 동남구 명동길 47 (대흥동,오렌지씨네스타 5층)",충청남도 천안시 동남구 대흥동 102-10 오렌지씨네스타 5층,,,leisure_theater_cheonan.csv
leisure,cultural_area,theater,인디플러스 천안,"충청남도 천안시 동남구 중앙로 111 (문화동, 영상미디어센터)",충청남도 천안시 동남구 문화동 101-2,,,leisure_theater_cheonan.csv
leisure,cultural_area,theater,천안인생극장,"충청남도 천안시 동남구 버들로 41, 지하1층 (문화동, 파리빌딩)",충청남도 천안시 동남구 문화동 99-1,,,leisure_theater_cheonan.csv
leisure,cultural_area,theater,주식회사 트리스타 메가박스 천안,"충청남도 천안시 서북구 1공단1길 52, 4층 (두정동, 센트하임프라자)",충청남도 천안시 서북구 두정동 68-1 센트하임 4층,,,leisure_theater_cheonan.csv
leisure,cultural_area,theater,천안자동차극장,충청남도 천안시 동남구 성남면 5산단로 331-17,충청남도 천안시 동남구 성남면 화성리 188-6,,,leisure_theater_cheonan.csv
leisure,cultural_area,theater,롯데시네마 천안불당,"충청남도 천안시 서북구 불당21로 67-8, 7층 (불당동)",충청남도 천안시 서북구 불당동 1537-2,,,leisure_theater_cheonan.csv
leisure,cultural_area,theater,CGV 천안시청 1관,"충청남도 천안시 서북구 번영로 201, 3-4층 (불당동)",충청남도 천안시 서북구 불당동 1485,,,leisure_theater_cheonan.csv
leisure,cultural_area,theater,롯데시네마 천안청당,"충청남도 천안시 동남구 청수11로 35, 7~8층 (청당동)",충청남도 천안시 동남구 청당동 547,,,leisure_theater_cheonan.csv
leisure,cultural_area,theater,씨네큐 천안 불당,"충청남도 천안시 서북구 불당33길 28, 지앤지홀딩스타워 5~8층 (불당동)",충청남도 천안시 서북구 불당동 1616 지앤지홀딩스타워 5~8층,,,leisure_theater_cheonan.csv
