GRID_CD,x_min,y_min,x_max,y_max,center_x,center_y,grid_m,selection,center_adm_cd,center_adm_nm,center_lon,center_lat,pop_2024_grid,pop_2026_est_int,households_2026_est_int,population_source_grid_count,facility_commerce__commercial_area__total,facility_commerce__commercial_area__market,facility_commerce__commercial_area__shoppingmall,facility_commerce__convstore__total,facility_commerce__convstore__편의점,facility_education__school_older__total,facility_education__school_older__고등학교,facility_education__school_older__중학교,facility_education__school_younger__total,facility_education__school_younger__유치원,facility_education__school_younger__초등학교,facility_education__school_younger__특수학교,facility_leisure__cultural_area__total,facility_leisure__cultural_area__cultural_facility,facility_leisure__cultural_area__library,facility_leisure__cultural_area__live_hall,facility_leisure__cultural_area__museum,facility_leisure__cultural_area__sportandresort,facility_leisure__cultural_area__theater,facility_leisure__park__total,facility_leisure__park__근린공원,facility_leisure__park__문화공원,facility_leisure__park__소공원,facility_leisure__park__수변공원,facility_leisure__park__어린이공원,facility_leisure__park__역사공원,facility_leisure__park__체육공원,facility_life__agency__total,facility_life__agency__시청구청,facility_life__agency__행정복지센터,facility_life__welfare_facilities_for_elderly__total,facility_life__welfare_facilities_for_elderly__노인복지시설,facility_medical__hospital__total,facility_medical__hospital__병원,facility_medical__hospital__보건소,facility_medical__hospital__보건지소,facility_medical__hospital__보건진료소,facility_medical__hospital__상급종합,facility_medical__hospital__요양병원,facility_medical__hospital__의원,facility_medical__hospital__정신병원,facility_medical__hospital__종합병원,facility_medical__hospital__치과병원,facility_medical__hospital__치과의원,facility_medical__hospital__한방병원,facility_medical__hospital__한의원,facility_medical__pharmacy__total,facility_medical__pharmacy__약국
G500_00001,213500.0,447000.0,214000.0,447500.0,213750.0,447250.0,500,center_in_cheonan,34011320,광덕면,127.15371962430773,36.62357025741958,0.0,0,0,16,0,0,0,0,0,0,0,0,0,0,0,0,0,0,0,0,0,0,0,0,0,0,0,0,0,0,0,0,0,0,0,0,0,0,0,0,0,0,0,0,0,0,0,0,0,0,0,0
G500_00002,213500.0,447500.0,214000.0,448000.0,213750.0,447750.0,500,center_in_cheonan,34011320,광덕면,127.15372857180843,36.62807593730892,0.0,0,0,25,0,0,0,0,0,0,0,0,0,0,0,0,0,0,0,0,0,0,0,0,0,0,0,0,0,0,0,0,0,0,0,0,0,0,0,0,0,0,0,0,0,0,0,0,0,0,0,0
G500_00003,213000.0,448000.0,213500.0,448500.0,213250.0,448250.0,500,center_in_cheonan,34011320,광덕면,127.14814708322591,36.63258869636482,0.0,0,0,24,0,0,0,0,0,0,0,0,0,0,0,0,0,0,0,0,0,0,0,0,0,0,0,0,0,0,0,0,0,0,0,0,0,0,0,0,0,0,0,0,0,0,0,0,0,0,0,0
G500_00004,213500.0,448000.0,214000.0,448500.0,213750.0,448250.0,500,center_in_cheonan,34011320,광덕면,127.15373752129746,36.63258161378114,0.0,0,0,25,0,0,0,0,0,0,0,0,0,0,0,0,0,0,0,0,0,0,0,0,0,0,0,0,0,0,0,0,0,0,0,0,0,0,0,0,0,0,0,0,0,0,0,0,0,0,0,0
G500_00005,212500.0,448500.0,213000.0,449000.0,212750.0,448750.0,500,center_in_cheonan,34011320,광덕면,127.14256494370665,36.63710119195736,0.0,0,0,16,0,0,0,0,0,0,0,0,0,0,0,0,0,0,0,0,0,0,0,0,0,0,0,0,0,0,0,0,0,0,0,0,0,0,0,0,0,0,0,0,0,0,0,0,0,0,0,0
G500_00006,213000.0,448500.0,213500.0,449000.0,213250.0,448750.0,500,center_in_cheonan,34011320,광덕면,127.14815570919943,36.63709437057585,10.0,8,4,25,0,0,0,0,0,0,0,0,0,0,0,0,0,0,0,0,0,0,0,0,0,0,0,0,0,0,0,0,0,0,0,0,0,0,0,0,0,0,0,0,0,0,0,0,0,0,0,0
G500_00007,213500.0,448500.0,214000.0,449000.0,213750.0,448750.0,500,center_in_cheonan,34011320,광덕면,127.15374647277528,36.63708728683606,10.0,8,4,25,0,0,0,0,0,0,0,0,0,0,0,0,0,0,0,0,0,0,0,0,0,0,0,0,0,0,0,0,0,0,0,0,0,0,0,0,0,0,0,0,0,0,0,0,0,0,0,0
G500_00008,207000.0,449000.0,207500.0,449500.0,207250.0,449250.0,500,center_in_cheonan,34011320,광덕면,127.0810711383983,36.64166459276405,0.0,0,0,10,0,0,0,0,0,0,0,0,0,0,0,0,0,0,0,0,0,0,0,0,0,0,0,0,0,0,0,0,0,0,0,0,0,0,0,0,0,0,0,0,0,0,0,0,0,0,0,0
G500_00009,212500.0,449000.0,213000.0,449500.0,212750.0,449250.0,500,center_in_cheonan,34011320,광덕면,127.14257324601995,36.64160686386452,8.0,6,4,21,0,0,0,0,0,0,0,0,0,0,0,0,0,0,0,0,0,0,0,0,0,0,0,0,0,0,0,0,0,0,0,0,0,0,0,0,0,0,0,0,0,0,0,0,0,0,0,0
G500_00010,213000.0,449000.0,213500.0,449500.0,213250.0,449250.0,500,center_in_cheonan,34011320,광덕면,127.14816433708987,36.6416000413696,0.0,0,0,25,0,0,0,0,0,0,0,0,0,0,0,0,0,0,0,0,0,0,0,0,0,0,0,0,0,0,0,0,0,0,0,0,0,0,0,0,0,0,0,0,0,0,0,0,0,0,0,0
G500_00011,213500.0,449000.0,214000.0,449500.0,213750.0,449250.0,500,center_in_cheonan,34011320,광덕면,127.15375542624238,36.64159295647357,0.0,0,0,19,0,0,0,0,0,0,0,0,0,0,0,0,0,0,0,0,0,0,0,0,0,0,0,0,0,0,0,0,0,0,0,0,0,0,0,0,0,0,0,0,0,0,0,0,0,0,0,0
G500_00012,205000.0,449500.0,205500.0,450000.0,205250.0,449750.0,500,center_in_cheonan,34011320,광덕면,127.05871011846327,36.6461833930461,0.0,0,0,12,0,0,0,0,0,0,0,0,0,0,0,0,0,0,0,0,0,0,0,0,0,0,0,0,0,0,0,0,0,0,0,0,0,0,0,0,0,0,0,0,0,0,0,0,0,0,0,0
G500_00013,205500.0,449500.0,206000.0,450000.0,205750.0,449750.0,500,center_in_cheonan,34011320,광덕면,127.0643015552653,36.646180506123955,0.0,0,0,13,0,0,0,0,0,0,0,0,0,0,0,0,0,0,0,0,0,0,0,0,0,0,0,0,0,0,0,0,0,0,0,0,0,0,0,0,0,0,0,0,0,0,0,0,0,0,0,0
G500_00014,206000.0,449500.0,206500.0,450000.0,206250.0,449750.0,500,center_in_cheonan,34011320,광덕면,127.06989299123506,36.64617735675483,0.0,0,0,19,0,0,0,0,0,0,0,0,0,0,0,0,0,0,0,0,0,0,0,0,0,0,0,0,0,0,0,0,0,0,0,0,0,0,0,0,0,0,0,0,0,0,0,0,0,0,0,0
G500_00015,206500.0,449500.0,207000.0,450000.0,206750.0,449750.0,500,center_in_cheonan,34011320,광덕면,127.07548442630022,36.646173944938866,0.0,0,0,25,0,0,0,0,0,0,0,0,0,0,0,0,0,0,0,0,0,0,0,0,0,0,0,0,0,0,0,0,0,0,0,0,0,0,0,0,0,0,0,0,0,0,0,0,0,0,0,0
G500_00016,207000.0,449500.0,207500.0,450000.0,207250.0,449750.0,500,center_in_cheonan,34011320,광덕면,127.08107586038834,36.64617027067619,0.0,0,0,25,0,0,0,0,0,0,0,0,0,0,0,0,0,0,0,0,0,0,0,0,0,0,0,0,0,0,0,0,0,0,0,0,0,0,0,0,0,0,0,0,0,0,0,0,0,0,0,0
G500_00017,207500.0,449500.0,208000.0,450000.0,207750.0,449750.0,500,center_in_cheonan,34011320,광덕면,127.08666729342713,36.64616633396694,0.0,0,0,25,0,0,0,0,0,0,0,0,0,0,0,0,0,0,0,0,0,0,0,0,0,0,0,0,0,0,0,0,0,0,0,0,0,0,0,0,0,0,0,0,0,0,0,0,0,0,0,0
G500_00018,211500.0,449500.0,212000.0,450000.0,211750.0,449750.0,500,center_in_cheonan,34011320,광덕면,127.1313987112757,36.64612539223837,0.0,0,0,13,0,0,0,0,0,0,0,0,0,0,0,0,0,0,0,0,0,0,0,0,0,0,0,0,0,0,0,0,0,0,0,0,0,0,0,0,0,0,0,0,0,0,0,0,0,0,0,0
G500_00019,212000.0,449500.0,212500.0,450000.0,212250.0,449750.0,500,center_in_cheonan,34011320,광덕면,127.13699013161353,36.64611909351859,0.0,0,0,23,0,0,0,0,0,0,0,0,0,0,0,0,0,0,0,0,0,0,0,0,0,0,0,0,0,0,0,0,0,0,0,0,0,0,0,0,0,0,0,0,0,0,0,0,0,0,0,0
G500_00020,212500.0,449500.0,213000.0,450000.0,212750.0,449750.0,500,center_in_cheonan,34011320,광덕면,127.14258155017828,36.646112532354344,0.0,0,0,25,0,0,0,0,0,0,0,0,0,0,0,0,0,0,0,0,0,0,0,0,0,0,0,0,0,0,0,0,0,0,0,0,0,0,0,0,0,0,0,0,0,0,0,0,0,0,0,0
G500_00021,213000.0,449500.0,213500.0,450000.0,213250.0,449750.0,500,center_in_cheonan,34011320,광덕면,127.14817296689763,36.646105708745885,0.0,0,0,25,0,0,0,0,0,0,0,0,0,0,0,0,0,0,0,0,0,0,0,0,0,0,0,0,0,0,0,0,0,0,0,0,0,0,0,0,0,0,0,0,0,0,0,0,0,0,0,0
G500_00022,201500.0,450000.0,202000.0,450500.0,201750.0,450250.0,500,center_in_cheonan,34011320,광덕면,127.01957118367088,36.65070193171351,0.0,0,0,12,0,0,0,0,0,0,0,0,0,0,0,0,0,0,0,0,0,0,0,0,0,0,0,0,0,0,0,0,0,0,0,0,0,0,0,0,0,0,0,0,0,0,0,0,0,0,0,0
G500_00023,205000.0,450000.0,205500.0,450500.0,205250.0,450250.0,500,center_in_cheonan,34011320,광덕면,127.05871353859817,36.650689069683494,5.0,4,2,24,0,0,0,0,0,0,0,0,0,0,0,0,0,0,0,0,0,0,0,0,0,0,0,0,0,0,0,0,0,0,0,0,0,0,0,0,0,0,0,0,0,0,0,0,0,0,0,0
G500_00024,205500.0,450000.0,206000.0,450500.0,205750.0,450250.0,500,center_in_cheonan,34011320,광덕면,127.06430530112664,36.65068618229019,0.0,0,0,25,0,0,0,0,0,0,0,0,0,0,0,0,0,0,0,0,0,0,0,0,0,0,0,0,0,0,0,0,0,0,0,0,0,0,0,0,0,0,0,0,0,0,0,0,0,0,0,0
G500_00025,206000.0,450000.0,206500.0,450500.0,206250.0,450250.0,500,center_in_cheonan,34011320,광덕면,127.06989706282266,36.650683032407066,0.0,0,0,25,0,0,0,0,0,0,0,0,0,0,0,0,0,0,0,0,0,0,0,0,0,0,0,0,0,0,0,0,0,0,0,0,0,0,0,0,0,0,0,0,0,0,0,0,0,0,0,0
G500_00026,206500.0,450000.0,207000.0,450500.0,206750.0,450250.0,500,center_in_cheonan,34011320,광덕면,127.07548882361382,36.65067962003425,0.0,0,0,25,0,0,0,0,0,0,0,0,0,0,0,0,0,0,0,0,0,0,0,0,0,0,0,0,0,0,0,0,0,0,0,0,0,0,0,0,0,0,0,0,0,0,0,0,0,0,0,0
G500_00027,207000.0,450000.0,207500.0,450500.0,207250.0,450250.0,500,center_in_cheonan,34011320,광덕면,127.08108058342778,36.6506759451719,5.0,4,2,25,0,0,0,0,0,0,0,0,0,0,0,0,0,0,0,0,0,0,0,0,0,0,0,0,0,0,0,0,0,0,0,0,0,0,0,0,0,0,0,0,0,0,0,0,0,0,0,0
G500_00028,207500.0,450000.0,208000.0,450500.0,207750.0,450250.0,500,center_in_cheonan,34011320,광덕면,127.08667234219212,36.65067200782015,28.0,22,12,25,0,0,0,0,0,0,0,0,0,0,0,0,0,0,0,0,0,0,0,0,0,0,0,0,0,0,0,0,0,0,0,0,0,0,0,0,0,0,0,0,0,0,0,0,0,0,0,0
G500_00029,208000.0,450000.0,208500.0,450500.0,208250.0,450250.0,500,center_in_cheonan,34011320,광덕면,127.09226409983447,36.65066780797918,0.0,0,0,15,0,0,0,0,0,0,0,0,0,0,0,0,0,0,0,0,0,0,0,0,0,0,0,0,0,0,0,0,0,0,0,0,0,0,0,0,0,0,0,0,0,0,0,0,0,0,0,0
G500_00030,211500.0,450000.0,212000.0,450500.0,211750.0,450250.0,500,center_in_cheonan,34011320,광덕면,127.13140636583456,36.65063105940955,5.0,4,2,25,0,0,0,0,0,0,0,0,0,0,0,0,0,0,0,0,0,0,0,0,0,0,0,0,0,0,0,0,0,0,0,0,0,0,0,0,0,0,0,0,0,0,0,0,0,0,0,0
G500_00031,212000.0,450000.0,212500.0,450500.0,212250.0,450250.0,500,center_in_cheonan,34011320,광덕면,127.13699811189504,36.65062475966177,5.0,4,2,25,0,0,0,0,0,0,0,0,0,0,0,0,0,0,0,0,0,0,0,0,0,0,0,0,0,0,0,0,0,0,0,0,0,0,0,0,0,0,0,0,0,0,0,0,0,0,0,0
G500_00032,212500.0,450000.0,213000.0,450500.0,212750.0,450250.0,500,center_in_cheonan,34011320,광덕면,127.14258985618206,36.65061819742668,0.0,0,0,25,0,0,0,0,0,0,0,0,0,0,0,0,0,0,0,0,0,0,0,0,0,0,0,0,0,0,0,0,0,0,0,0,0,0,0,0,0,0,0,0,0,0,0,0,0,0,0,0
G500_00033,213000.0,450000.0,213500.0,450500.0,213250.0,450250.0,500,center_in_cheonan,34011320,광덕면,127.14818159862322,36.650611372704546,0.0,0,0,25,0,0,0,0,0,0,0,0,0,0,0,0,0,0,0,0,0,0,0,0,0,0,0,0,0,0,0,0,0,0,0,0,0,0,0,0,0,0,0,0,0,0,0,0,0,0,0,0
G500_00034,213500.0,450000.0,214000.0,450500.0,213750.0,450250.0,500,center_in_cheonan,34011320,광덕면,127.15377333914614,36.65060428549566,0.0,0,0,15,0,0,0,0,0,0,0,0,0,0,0,0,0,0,0,0,0,0,0,0,0,0,0,0,0,0,0,0,0,0,0,0,0,0,0,0,0,0,0,0,0,0,0,0,0,0,0,0
G500_00035,201000.0,450500.0,201500.0,451000.0,201250.0,450750.0,500,center_in_cheonan,34011320,광덕면,127.01398023158825,36.65520839463371,0.0,0,0,23,0,0,0,0,0,0,0,0,0,0,0,0,0,0,0,0,0,0,0,0,0,0,0,0,0,0,0,0,0,0,0,0,0,0,0,0,0,0,0,0,0,0,0,0,0,0,0,0
G500_00036,201500.0,450500.0,202000.0,451000.0,201750.0,450750.0,500,center_in_cheonan,34011320,광덕면,127.01957232397012,36.655207607033695,0.0,0,0,25,0,0,0,0,0,0,0,0,0,0,0,0,0,0,0,0,0,0,0,0,0,0,0,0,0,0,0,0,0,0,0,0,0,0,0,0,0,0,0,0,0,0,0,0,0,0,0,0
G500_00037,202500.0,450500.0,203000.0,451000.0,202750.0,450750.0,500,center_in_cheonan,34011320,광덕면,127.03075650790124,36.65520524423383,0.0,0,0,14,0,0,0,0,0,0,0,0,0,0,0,0,0,0,0,0,0,0,0,0,0,0,0,0,0,0,0,0,0,0,0,0,0,0,0,0,0,0,0,0,0,0,0,0,0,0,0,0
G500_00038,203500.0,450500.0,204000.0,451000.0,203750.0,450750.0,500,center_in_cheonan,34011320,광덕면,127.0419406902395,36.65520183130119,5.0,4,2,22,0,0,0,0,0,0,0,0,0,0,0,0,0,0,0,0,0,0,0,0,0,0,0,0,0,0,0,0,0,0,0,0,0,0,0,0,0,0,0,0,0,0,0,0,0,0,0,0
G500_00039,204000.0,450500.0,204500.0,451000.0,204250.0,450750.0,500,center_in_cheonan,34011320,광덕면,127.04753278063028,36.65519973103527,5.0,4,2,25,0,0,0,0,0,0,0,0,0,0,0,0,0,0,0,0,0,0,0,0,0,0,0,0,0,0,0,0,0,0,0,0,0,0,0,0,0,0,0,0,0,0,0,0,0,0,0,0
G500_00040,204500.0,450500.0,205000.0,451000.0,204750.0,450750.0,500,center_in_cheonan,34011320,광덕면,127.05312487040563,36.65519736823636,0.0,0,0,25,0,0,0,0,0,0,0,0,0,0,0,0,0,0,0,0,0,0,0,0,0,0,0,0,0,0,0,0,0,0,0,0,0,0,0,0,0,0,0,0,0,0,0,0,0,0,0,0
G500_00041,205000.0,450500.0,205500.0,451000.0,205250.0,450750.0,500,center_in_cheonan,34011320,광덕면,127.05871695949314,36.655194742904584,21.0,16,10,25,0,0,0,0,0,0,0,0,0,0,0,0,0,0,0,0,0,0,0,0,0,0,0,0,0,0,0,0,0,0,0,0,0,0,0,0,0,0,0,0,0,0,0,0,0,0,0,0
G500_00042,205500.0,450500.0,206000.0,451000.0,205750.0,450750.0,500,center_in_cheonan,34011320,광덕면,127.06430904782043,36.655191855040044,0.0,0,0,25,0,0,0,0,0,0,0,0,0,0,0,0,0,0,0,0,0,0,0,0,0,0,0,0,0,0,0,0,0,0,0,0,0,0,0,0,0,0,0,0,0,0,0,0,0,0,0,0
G500_00043,206000.0,450500.0,206500.0,451000.0,206250.0,450750.0,500,center_in_cheonan,34011320,광덕면,127.06990113531506,36.65518870464285,72.0,53,32,25,0,0,0,0,0,0,0,0,0,0,0,0,0,0,0,0,0,0,0,0,0,0,0,0,0,0,0,0,0,0,0,0,0,0,0,0,0,0,0,0,0,0,0,0,0,0,0,0
G500_00044,206500.0,450500.0,207000.0,451000.0,206750.0,450750.0,500,center_in_cheonan,34011320,광덕면,127.07549322190465,36.65518529171314,102.0,76,44,25,0,0,0,0,0,0,0,0,0,0,0,0,0,0,0,0,0,0,0,0,0,0,0,0,0,0,0,0,0,0,0,0,0,0,0,0,0,0,0,0,0,0,0,0,0,0,0,0
G500_00045,207000.0,450500.0,207500.0,451000.0,207250.0,450750.0,500,center_in_cheonan,34011320,광덕면,127.08108530751682,36.65518161625104,8.0,6,4,25,0,0,0,0,0,0,0,0,0,0,0,0,0,0,0,0,0,0,0,0,0,0,0,0,0,0,0,0,0,0,0,0,0,0,0,0,0,0,0,0,0,0,0,0,0,0,0,0
G500_00046,207500.0,450500.0,208000.0,451000.0,207750.0,450750.0,500,center_in_cheonan,34011320,광덕면,127.08667739207911,36.65517767825673,0.0,0,0,25,0,0,0,0,0,0,0,0,0,0,0,0,0,0,0,0,0,0,0,0,0,0,0,0,0,0,0,0,0,0,0,0,0,0,0,0,0,0,0,0,0,0,0,0,0,0,0,0
G500_00047,208000.0,450500.0,208500.0,451000.0,208250.0,450750.0,500,center_in_cheonan,34011320,광덕면,127.09226947551916,36.65517347773033,0.0,0,0,23,0,0,0,0,0,0,0,0,0,0,0,0,0,0,0,0,0,0,0,0,0,0,0,0,0,0,0,0,0,0,0,0,0,0,0,0,0,0,0,0,0,0,0,0,0,0,0,0
G500_00048,208500.0,450500.0,209000.0,451000.0,208750.0,450750.0,500,center_in_cheonan,34011320,광덕면,127.09786155776453,36.65516901467203,0.0,0,0,14,0,0,0,0,0,0,0,0,0,0,0,0,0,0,0,0,0,0,0,0,0,0,0,0,0,0,0,0,0,0,0,0,0,0,0,0,0,0,0,0,0,0,0,0,0,0,0,0
G500_00049,211000.0,450500.0,211500.0,451000.0,211250.0,450750.0,500,center_in_cheonan,34011320,광덕면,127.12582194853753,36.655142761408804,0.0,0,0,23,0,0,0,0,0,0,0,0,0,0,0,0,0,0,0,0,0,0,0,0,0,0,0,0,0,0,0,0,0,0,0,0,0,0,0,0,0,0,0,0,0,0,0,0,0,0,0,0
G500_00050,211500.0,450500.0,212000.0,451000.0,211750.0,450750.0,500,center_in_cheonan,34011320,광덕면,127.13141402209452,36.65513672316331,34.0,25,16,25,0,0,0,0,0,0,0,0,0,0,0,0,0,0,0,0,0,0,0,0,0,0,0,0,0,0,0,0,0,0,0,0,0,0,0,0,0,0,0,0,0,0,0,0,0,0,0,0
G500_00051,212000.0,450500.0,212500.0,451000.0,212250.0,450750.0,500,center_in_cheonan,34011320,광덕면,127.13700609395002,36.6551304223874,55.0,41,26,25,0,0,0,0,0,0,0,0,0,0,0,0,0,0,0,0,0,0,0,0,0,0,0,0,0,0,0,0,0,0,0,0,0,0,0,0,0,0,0,0,0,0,0,0,0,0,0,0
G500_00052,212500.0,450500.0,213000.0,451000.0,212750.0,450750.0,500,center_in_cheonan,34011320,광덕면,127.14259816403168,36.65512385908136,0.0,0,0,25,0,0,0,0,0,0,0,0,0,0,0,0,0,0,0,0,0,0,0,0,0,0,0,0,0,0,0,0,0,0,0,0,0,0,0,0,0,0,0,0,0,0,0,0,0,0,0,0
G500_00053,213000.0,450500.0,213500.0,451000.0,213250.0,450750.0,500,center_in_cheonan,34011320,광덕면,127.14819023226703,36.65511703324543,0.0,0,0,25,0,0,0,0,0,0,0,0,0,0,0,0,0,0,0,0,0,0,0,0,0,0,0,0,0,0,0,0,0,0,0,0,0,0,0,0,0,0,0,0,0,0,0,0,0,0,0,0
G500_00054,213500.0,450500.0,214000.0,451000.0,213750.0,450750.0,500,center_in_cheonan,34011320,광덕면,127.15378229858372,36.655109944879904,0.0,0,0,24,0,0,0,0,0,0,0,0,0,0,0,0,0,0,0,0,0,0,0,0,0,0,0,0,0,0,0,0,0,0,0,0,0,0,0,0,0,0,0,0,0,0,0,0,0,0,0,0
G500_00055,201000.0,451000.0,201500.0,451500.0,201250.0,451250.0,500,center_in_cheonan,34011320,광덕면,127.01398104626878,36.659714066666155,0.0,0,0,25,0,0,0,0,0,0,0,0,0,0,0,0,0,0,0,0,0,0,0,0,0,0,0,0,0,0,0,0,0,0,0,0,0,0,0,0,0,0,0,0,0,0,0,0,0,0,0,0
G500_00056,201500.0,451000.0,202000.0,451500.0,201750.0,451250.0,500,center_in_cheonan,34011320,광덕면,127.01957346452281,36.65971327893761,0.0,0,0,25,0,0,0,0,0,0,0,0,0,0,0,0,0,0,0,0,0,0,0,0,0,0,0,0,0,0,0,0,0,0,0,0,0,0,0,0,0,0,0,0,0,0,0,0,0,0,0,0
G500_00057,202000.0,451000.0,202500.0,451500.0,202250.0,451250.0,500,center_in_cheonan,34011320,광덕면,127.0251658825234,36.65971222863293,0.0,0,0,25,0,0,0,0,0,0,0,0,0,0,0,0,0,0,0,0,0,0,0,0,0,0,0,0,0,0,0,0,0,0,0,0,0,0,0,0,0,0,0,0,0,0,0,0,0,0,0,0
G500_00058,202500.0,451000.0,203000.0,451500.0,202750.0,451250.0,500,center_in_cheonan,34011320,광덕면,127.03075830019806,36.65971091575215,0.0,0,0,25,0,0,0,0,0,0,0,0,0,0,0,0,0,0,0,0,0,0,0,0,0,0,0,0,0,0,0,0,0,0,0,0,0,0,0,0,0,0,0,0,0,0,0,0,0,0,0,0
G500_00059,203000.0,451000.0,203500.0,451500.0,203250.0,451250.0,500,center_in_cheonan,34011320,광덕면,127.03635071747442,36.65970934029534,0.0,0,0,25,0,0,0,0,0,0,0,0,0,0,0,0,0,0,0,0,0,0,0,0,0,0,0,0,0,0,0,0,0,0,0,0,0,0,0,0,0,0,0,0,0,0,0,0,0,0,0,0
G500_00060,203500.0,451000.0,204000.0,451500.0,203750.0,451250.0,500,center_in_cheonan,34011320,광덕면,127.04194313428005,36.65970750226255,10.0,8,4,25,0,0,0,0,0,0,0,0,0,0,0,0,0,0,0,0,0,0,0,0,0,0,0,0,0,0,0,0,0,0,0,0,0,0,0,0,0,0,0,0,0,0,0,0,0,0,0,0
G500_00061,204000.0,451000.0,204500.0,451500.0,204250.0,451250.0,500,center_in_cheonan,34011320,광덕면,127.04753555054252,36.65970540165387,31.0,24,14,25,0,0,0,0,0,0,0,0,0,0,0,0,0,0,0,0,0,0,0,0,0,0,0,0,0,0,0,0,0,0,0,0,0,0,0,0,0,0,0,0,0,0,0,0,0,0,0,0
G500_00062,204500.0,451000.0,205000.0,451500.0,204750.0,451250.0,500,center_in_cheonan,34011320,광덕면,127.05312796618945,36.65970303846938,0.0,0,0,25,0,0,0,0,0,0,0,0,0,0,0,0,0,0,0,0,0,0,0,0,0,0,0,0,0,0,0,0,0,0,0,0,0,0,0,0,0,0,0,0,0,0,0,0,0,0,0,0
G500_00063,205000.0,451000.0,205500.0,451500.0,205250.0,451250.0,500,center_in_cheonan,34011320,광덕면,127.05872038114835,36.659700412709164,0.0,0,0,25,0,0,0,0,0,0,0,0,0,0,0,0,0,0,0,0,0,0,0,0,0,0,0,0,0,0,0,0,0,0,0,0,0,0,0,0,0,0,0,0,0,0,0,0,0,0,0,0
G500_00064,205500.0,451000.0,206000.0,451500.0,205750.0,451250.0,500,center_in_cheonan,34011320,광덕면,127.06431279534686,36.65969752437334,0.0,0,0,25,0,0,0,0,0,0,0,0,0,0,0,0,0,0,0,0,0,0,0,0,0,0,0,0,0,0,0,0,0,0,0,0,0,0,0,0,0,0,0,0,0,0,0,0,0,0,0,0
G500_00065,206000.0,451000.0,206500.0,451500.0,206250.0,451250.0,500,center_in_cheonan,34011320,광덕면,127.06990520871251,36.65969437346203,0.0,0,0,25,0,0,0,0,0,0,0,0,0,0,0,0,0,0,0,0,0,0,0,0,0,0,0,0,0,0,0,0,0,0,0,0,0,0,0,0,0,0,0,0,0,0,0,0,0,0,0,0
G500_00066,206500.0,451000.0,207000.0,451500.0,206750.0,451250.0,500,center_in_cheonan,34011320,광덕면,127.07549762117296,36.65969095997535,112.0,84,49,25,0,0,0,0,0,0,0,0,0,0,0,0,0,0,0,0,0,0,0,0,0,0,0,0,0,0,0,0,0,0,0,0,0,0,0,0,0,0,0,0,0,0,0,0,0,0,0,0
G500_00067,207000.0,451000.0,207500.0,451500.0,207250.0,451250.0,500,center_in_cheonan,34011320,광덕면,127.0810900326557,36.659687283913456,8.0,6,4,25,0,0,0,0,0,0,0,0,0,0,0,0,0,0,0,0,0,0,0,0,0,0,0,0,0,0,0,0,0,0,0,0,0,0,0,0,0,0,0,0,0,0,0,0,0,0,0,0
G500_00068,207500.0,451000.0,208000.0,451500.0,207750.0,451250.0,500,center_in_cheonan,34011320,광덕면,127.08668244308836,36.659683345276484,5.0,4,2,25,0,0,0,0,0,0,0,0,0,0,0,0,0,0,0,0,0,0,0,0,0,0,0,0,0,0,0,0,0,0,0,0,0,0,0,0,0,0,0,0,0,0,0,0,0,0,0,0
G500_00069,208000.0,451000.0,208500.0,451500.0,208250.0,451250.0,500,center_in_cheonan,34011320,광덕면,127.09227485239849,36.65967914406459,0.0,0,0,25,0,0,0,0,0,0,0,0,0,0,0,0,0,0,0,0,0,0,0,0,0,0,0,0,0,0,0,0,0,0,0,0,0,0,0,0,0,0,0,0,0,0,0,0,0,0,0,0
G500_00070,208500.0,451000.0,209000.0,451500.0,208750.0,451250.0,500,center_in_cheonan,34011320,광덕면,127.09786726051371,36.65967468027796,10.0,8,4,25,0,0,0,0,0,0,0,0,0,0,0,0,0,0,0,0,0,0,0,0,0,0,0,0,0,0,0,0,0,0,0,0,0,0,0,0,0,0,0,0,0,0,0,0,0,0,0,0
G500_00071,209000.0,451000.0,209500.0,451500.0,209250.0,451250.0,500,center_in_cheonan,34011320,광덕면,127.10345966736156,36.65966995391677,5.0,4,2,24,0,0,0,0,0,0,0,0,0,0,0,0,0,0,0,0,0,0,0,0,0,0,0,0,0,0,0,0,0,0,0,0,0,0,0,0,0,0,0,0,0,0,0,0,0,0,0,0
G500_00072,209500.0,451000.0,210000.0,451500.0,209750.0,451250.0,500,center_in_cheonan,34011320,광덕면,127.10905207286966,36.659664964981204,13.0,10,6,17,0,0,0,0,0,0,0,0,0,0,0,0,0,0,0,0,0,0,0,0,0,0,0,0,0,0,0,0,0,0,0,0,0,0,0,0,0,0,0,0,0,0,0,0,0,0,0,0
G500_00073,210000.0,451000.0,210500.0,451500.0,210250.0,451250.0,500,center_in_cheonan,34011320,광덕면,127.11464447696555,36.659659713471484,15.0,12,6,25,0,0,0,0,0,0,0,0,0,0,0,0,0,0,0,0,0,0,0,0,0,0,0,0,0,0,0,0,0,0,0,0,0,0,0,0,0,0,0,0,0,0,0,0,0,0,0,0
G500_00074,210500.0,451000.0,211000.0,451500.0,210750.0,451250.0,500,center_in_cheonan,34011320,광덕면,127.12023687957685,36.6596541993878,0.0,0,0,25,0,0,0,0,0,0,0,0,0,0,0,0,0,0,0,0,0,0,0,0,0,0,0,0,0,0,0,0,0,0,0,0,0,0,0,0,0,0,0,0,0,0,0,0,0,0,0,0
G500_00075,211000.0,451000.0,211500.0,451500.0,211250.0,451250.0,500,center_in_cheonan,34011320,광덕면,127.12582928063112,36.6596484227304,18.0,14,8,25,0,0,0,0,0,0,0,0,0,0,0,0,0,0,0,0,0,0,0,0,0,0,0,0,0,0,0,0,0,0,0,0,0,0,0,0,0,0,0,0,0,0,0,0,0,0,0,0
G500_00076,211500.0,451000.0,212000.0,451500.0,211750.0,451250.0,500,center_in_cheonan,34011320,광덕면,127.13142168005595,36.6596423834995,5.0,4,2,25,0,0,0,0,0,0,0,0,0,0,0,0,0,0,0,0,0,0,0,0,0,0,0,0,0,0,0,0,0,0,0,0,0,0,0,0,0,0,0,0,0,0,0,0,0,0,0,0
G500_00077,212000.0,451000.0,212500.0,451500.0,212250.0,451250.0,500,center_in_cheonan,34011320,광덕면,127.13701407777889,36.65963608169536,60.0,44,28,25,0,0,0,0,0,0,0,0,0,0,0,0,0,0,0,0,0,0,0,0,0,0,0,0,0,0,0,0,0,0,0,0,0,0,0,0,0,0,0,0,0,0,0,0,0,0,0,0
G500_00078,212500.0,451000.0,213000.0,451500.0,212750.0,451250.0,500,center_in_cheonan,34011320,광덕면,127.14260647372757,36.65962951731823,15.0,12,6,25,0,0,0,0,0,0,0,0,0,0,0,0,0,0,0,0,0,0,0,0,0,0,0,0,0,0,0,0,0,0,0,0,0,0,0,0,0,0,0,0,0,0,0,0,0,0,0,0
G500_00079,213000.0,451000.0,213500.0,451500.0,213250.0,451250.0,500,center_in_cheonan,34011320,광덕면,127.14819886782954,36.65962269036837,0.0,0,0,25,0,0,0,0,0,0,0,0,0,0,0,0,0,0,0,0,0,0,0,0,0,0,0,0,0,0,0,0,0,0,0,0,0,0,0,0,0,0,0,0,0,0,0,0,0,0,0,0
G500_00080,213500.0,451000.0,214000.0,451500.0,213750.0,451250.0,500,center_in_cheonan,34011320,광덕면,127.15379126001238,36.65961560084608,0.0,0,0,25,0,0,0,0,0,0,0,0,0,0,0,0,0,0,0,0,0,0,0,0,0,0,0,0,0,0,0,0,0,0,0,0,0,0,0,0,0,0,0,0,0,0,0,0,0,0,0,0
G500_00081,201000.0,451500.0,201500.0,452000.0,201250.0,451750.0,500,center_in_cheonan,34011320,광덕면,127.01398186113038,36.66421973528223,0.0,0,0,14,0,0,0,0,0,0,0,0,0,0,0,0,0,0,0,0,0,0,0,0,0,0,0,0,0,0,0,0,0,0,0,0,0,0,0,0,0,0,0,0,0,0,0,0,0,0,0,0
G500_00082,201500.0,451500.0,202000.0,452000.0,201750.0,451750.0,500,center_in_cheonan,34011320,광덕면,127.01957460532897,36.66421894742514,0.0,0,0,25,0,0,0,0,0,0,0,0,0,0,0,0,0,0,0,0,0,0,0,0,0,0,0,0,0,0,0,0,0,0,0,0,0,0,0,0,0,0,0,0,0,0,0,0,0,0,0,0
G500_00083,202000.0,451500.0,202500.0,452000.0,202250.0,451750.0,500,center_in_cheonan,34011320,광덕면,127.02516734927407,36.66421789694906,0.0,0,0,25,0,0,0,1,1,0,0,0,0,0,0,0,0,0,0,0,0,0,0,0,0,0,0,0,0,0,0,0,0,0,0,0,0,0,0,0,0,0,0,0,0,0,0,0,0,0,0,0
G500_00084,202500.0,451500.0,203000.0,452000.0,202750.0,451750.0,500,center_in_cheonan,34011320,광덕면,127.03076009289317,36.66421658385405,0.0,0,0,25,0,0,0,0,0,0,0,0,0,0,0,0,0,0,0,0,0,0,0,0,0,0,0,0,0,0,0,0,0,0,0,0,0,0,0,0,0,0,0,0,0,0,0,0,0,0,0,0
G500_00085,203000.0,451500.0,203500.0,452000.0,203250.0,451750.0,500,center_in_cheonan,34011320,광덕면,127.03635283611389,36.66421500814015,0.0,0,0,25,0,0,0,0,0,0,0,0,0,0,0,0,0,0,0,0,0,0,0,0,0,0,0,0,0,0,0,0,0,0,0,0,0,0,0,0,0,0,0,0,0,0,0,0,0,0,0,0
G500_00086,203500.0,451500.0,204000.0,452000.0,203750.0,451750.0,500,center_in_cheonan,34011320,광덕면,127.04194557886377,36.66421316980742,13.0,10,6,25,0,0,0,0,0,0,0,0,0,0,0,0,0,0,0,0,0,0,0,0,0,0,0,0,0,0,0,0,0,0,0,0,0,0,0,0,0,0,0,0,0,0,0,0,0,0,0,0
G500_00087,204000.0,451500.0,204500.0,452000.0,204250.0,451750.0,500,center_in_cheonan,34011320,광덕면,127.04753832107035,36.664211068855955,41.0,31,18,25,0,0,0,0,0,0,0,0,0,0,0,0,0,0,0,0,0,0,0,0,0,0,0,0,0,0,0,0,0,0,0,0,0,0,0,0,0,0,0,0,0,0,0,0,0,0,0,0
G500_00088,204500.0,451500.0,205000.0,452000.0,204750.0,451750.0,500,center_in_cheonan,34011320,광덕면,127.05313106266125,36.664208705285816,0.0,0,0,24,0,0,0,0,0,0,0,0,0,0,0,0,0,0,0,0,0,0,0,0,0,0,0,0,0,0,0,0,0,0,0,0,0,0,0,0,0,0,0,0,0,0,0,0,0,0,0,0
G500_00089,205000.0,451500.0,205500.0,452000.0,205250.0,451750.0,500,center_in_cheonan,34011320,광덕면,127.05872380356398,36.66420607909713,10.0,8,4,25,0,0,0,0,0,0,0,0,0,0,0,0,0,0,0,0,0,0,0,0,0,0,0,0,0,0,0,0,0,0,0,0,0,0,0,0,0,0,0,0,0,0,0,0,0,0,0,0
G500_00090,205500.0,451500.0,206000.0,452000.0,205750.0,451750.0,500,center_in_cheonan,34011320,광덕면,127.06431654370613,36.664203190289975,0.0,0,0,25,0,0,0,0,0,0,0,0,0,0,0,0,0,0,0,0,0,0,0,0,0,0,0,0,0,0,0,0,0,0,0,0,0,0,0,0,0,0,0,0,0,0,0,0,0,0,0,0
G500_00091,206000.0,451500.0,206500.0,452000.0,206250.0,451750.0,500,center_in_cheonan,34011320,광덕면,127.06990928301525,36.66420003886447,0.0,0,0,25,0,0,0,0,0,0,0,0,0,0,0,0,0,0,0,0,0,0,0,0,0,0,0,0,0,0,0,0,0,0,0,0,0,0,0,0,0,0,0,0,0,0,0,0,0,0,0,0
G500_00092,206500.0,451500.0,207000.0,452000.0,206750.0,451750.0,500,center_in_cheonan,34011320,광덕면,127.07550202141891,36.66419662482076,5.0,4,2,25,0,0,0,0,0,0,0,0,0,0,0,0,0,0,0,0,0,0,0,0,0,0,0,0,0,0,0,0,0,0,0,0,0,0,0,0,0,0,0,0,0,0,0,0,0,0,0,0
G500_00093,207000.0,451500.0,207500.0,452000.0,207250.0,451750.0,500,center_in_cheonan,34011320,광덕면,127.08109475884466,36.66419294815899,0.0,0,0,25,0,0,0,0,0,0,0,0,0,0,0,0,0,0,0,0,0,0,0,0,0,0,0,0,0,0,0,0,0,0,0,0,0,0,0,0,0,0,0,0,0,0,0,0,0,0,0,0
G500_00094,207500.0,451500.0,208000.0,452000.0,207750.0,451750.0,500,center_in_cheonan,34011320,광덕면,127.0866874952201,36.66418900887929,0.0,0,0,25,0,0,0,0,0,0,0,0,0,0,0,0,0,0,0,0,0,0,0,0,0,0,0,0,0,0,0,0,0,0,0,0,0,0,0,0,0,0,0,0,0,0,0,0,0,0,0,0
G500_00095,208000.0,451500.0,208500.0,452000.0,208250.0,451750.0,500,center_in_cheonan,34011320,광덕면,127.09228023047275,36.66418480698182,0.0,0,0,25,0,0,0,0,0,0,0,0,0,0,0,0,0,0,0,0,0,0,0,0,0,0,0,0,0,0,0,0,0,0,0,0,0,0,0,0,0,0,0,0,0,0,0,0,0,0,0,0
G500_00096,208500.0,451500.0,209000.0,452000.0,208750.0,451750.0,500,center_in_cheonan,34011320,광덕면,127.09787296453023,36.664180342466786,0.0,0,0,25,0,0,0,0,0,0,0,0,0,0,0,0,0,0,0,0,0,0,0,0,0,0,0,0,0,0,0,0,0,0,0,0,0,0,0,0,0,0,0,0,0,0,0,0,0,0,0,0
G500_00097,209000.0,451500.0,209500.0,452000.0,209250.0,451750.0,500,center_in_cheonan,34011320,광덕면,127.10346569732005,36.66417561533431,5.0,4,2,25,0,0,0,0,0,0,0,0,0,0,0,0,0,0,0,0,0,0,0,0,0,0,0,0,0,0,0,0,0,0,0,0,0,0,0,0,0,0,0,0,0,0,0,0,0,0,0,0
G500_00098,209500.0,451500.0,210000.0,452000.0,209750.0,451750.0,500,center_in_cheonan,34011320,광덕면,127.10905842876979,36.664170625584624,13.0,10,6,25,0,0,0,0,0,0,0,0,0,0,0,0,0,0,0,0,0,0,0,0,0,0,0,0,0,0,0,0,0,0,0,0,0,0,0,0,0,0,0,0,0,0,0,0,0,0,0,0
G500_00099,210000.0,451500.0,210500.0,452000.0,210250.0,451750.0,500,center_in_cheonan,34011320,광덕면,127.114651158807,36.66416537321794,5.0,4,2,25,0,0,0,0,0,0,0,0,0,0,0,0,0,0,0,0,0,0,0,0,0,0,0,0,0,0,0,0,0,0,0,0,0,0,0,0,0,0,0,0,0,0,0,0,0,0,0,0
G500_00100,210500.0,451500.0,211000.0,452000.0,210750.0,451750.0,500,center_in_cheonan,34011320,광덕면,127.12024388735927,36.66415985823444,5.0,4,2,25,0,0,0,0,0,0,0,0,0,0,0,0,0,0,0,0,0,0,0,0,0,0,0,0,0,0,0,0,0,0,0,0,0,0,0,0,0,0,0,0,0,0,0,0,0,0,0,0
G500_00101,211000.0,451500.0,211500.0,452000.0,211250.0,451750.0,500,center_in_cheonan,34011320,광덕면,127.12583661435417,36.664154080634376,5.0,4,2,25,0,0,0,0,0,0,0,0,0,0,0,0,0,0,0,0,0,0,0,0,0,0,0,0,0,0,0,0,0,0,0,0,0,0,0,0,0,0,0,0,0,0,0,0,0,0,0,0
G500_00102,211500.0,451500.0,212000.0,452000.0,211750.0,451750.0,500,center_in_cheonan,34011320,광덕면,127.13142933971922,36.66414804041797,0.0,0,0,25,0,0,0,0,0,0,0,0,0,0,0,0,0,0,0,0,0,0,0,0,0,0,0,0,0,0,0,0,0,0,0,0,0,0,0,0,0,0,0,0,0,0,0,0,0,0,0,0
G500_00103,212000.0,451500.0,212500.0,452000.0,212250.0,451750.0,500,center_in_cheonan,34011320,광덕면,127.13702206338205,36.664141737585474,0.0,0,0,25,0,0,0,0,0,0,0,0,0,0,0,0,0,0,0,0,0,0,0,0,0,0,0,0,0,0,0,0,0,0,0,0,0,0,0,0,0,0,0,0,0,0,0,0,0,0,0,0
G500_00104,212500.0,451500.0,213000.0,452000.0,212750.0,451750.0,500,center_in_cheonan,34011320,광덕면,127.14261478527015,36.66413517213714,5.0,4,2,25,0,0,0,0,0,0,0,0,0,0,0,0,0,0,0,0,0,0,0,0,0,0,0,0,0,0,0,0,0,0,0,0,0,0,0,0,0,0,0,0,0,0,0,0,0,0,0,0
G500_00105,213000.0,451500.0,213500.0,452000.0,213250.0,451750.0,500,center_in_cheonan,34011320,광덕면,127.14820750531115,36.664128344073234,0.0,0,0,25,0,0,0,0,0,0,0,0,0,0,0,0,0,0,0,0,0,0,0,0,0,0,0,0,0,0,0,0,0,0,0,0,0,0,0,0,0,0,0,0,0,0,0,0,0,0,0,0
G500_00106,213500.0,451500.0,214000.0,452000.0,213750.0,451750.0,500,center_in_cheonan,34011320,광덕면,127.15380022343258,36.664121253394036,0.0,0,0,22,0,0,0,0,0,0,0,0,0,0,0,0,0,0,0,0,0,0,0,0,0,0,0,0,0,0,0,0,0,0,0,0,0,0,0,0,0,0,0,0,0,0,0,0,0,0,0,0
G500_00107,201500.0,452000.0,202000.0,452500.0,201750.0,452250.0,500,center_in_cheonan,34011320,광덕면,127.01957574638867,36.668724612496106,0.0,0,0,25,0,0,0,0,0,0,0,0,0,0,0,0,0,0,0,0,0,0,0,0,0,0,0,0,0,0,0,0,0,0,0,0,0,0,0,0,0,0,0,0,0,0,0,0,0,0,0,0
G500_00108,202000.0,452000.0,202500.0,452500.0,202250.0,452250.0,500,center_in_cheonan,34011320,광덕면,127.0251688163507,36.66872356184862,44.0,34,20,25,0,0,0,0,0,0,0,0,0,0,0,0,0,0,0,0,0,0,0,0,0,0,0,0,0,0,0,0,0,0,0,0,0,0,0,0,0,0,0,0,0,0,0,0,0,0,0,0
G500_00109,202500.0,452000.0,203000.0,452500.0,202750.0,452250.0,500,center_in_cheonan,34011320,광덕면,127.0307618859867,36.66872224853933,0.0,0,0,25,0,0,0,0,0,0,0,0,0,0,0,0,0,0,0,0,0,0,0,0,0,0,0,0,0,0,0,0,0,0,0,0,0,0,0,0,0,0,0,0,0,0,0,0,0,0,0,0
G500_00110,203000.0,452000.0,203500.0,452500.0,203250.0,452250.0,500,center_in_cheonan,34011320,광덕면,127.0363549552242,36.66872067256831,0.0,0,0,25,0,0,0,0,0,0,0,0,0,0,0,0,0,0,0,0,0,0,0,0,0,0,0,0,0,0,0,0,0,0,0,0,0,0,0,0,0,0,0,0,0,0,0,0,0,0,0,0
G500_00111,203500.0,452000.0,204000.0,452500.0,203750.0,452250.0,500,center_in_cheonan,34011320,광덕면,127.04194802399076,36.66871883393562,5.0,4,2,25,0,0,0,0,0,0,0,0,0,0,0,0,0,0,0,0,0,0,0,0,0,0,0,0,0,0,0,0,0,0,0,0,0,0,0,0,0,0,0,0,0,0,0,0,0,0,0,0
G500_00112,204000.0,452000.0,204500.0,452500.0,204250.0,452250.0,500,center_in_cheonan,34011320,광덕면,127.0475410922139,36.66871673264132,44.0,32,20,25,0,0,0,0,0,0,0,0,0,0,0,0,0,0,0,0,0,0,0,0,0,0,0,0,0,0,0,0,0,0,0,0,0,0,0,0,0,0,0,0,0,0,0,0,0,0,0,0
G500_00113,204500.0,452000.0,205000.0,452500.0,204750.0,452250.0,500,center_in_cheonan,34011320,광덕면,127.0531341598212,36.66871436868551,33.0,25,14,25,0,0,0,0,0,0,0,0,0,0,0,0,0,0,0,0,0,0,0,0,0,0,0,0,0,0,0,0,0,0,0,0,0,0,0,0,0,0,0,0,0,0,0,0,0,0,0,0
G500_00114,205000.0,452000.0,205500.0,452500.0,205250.0,452250.0,500,center_in_cheonan,34011320,광덕면,127.05872722674017,36.66871174206828,5.0,4,2,25,0,0,0,0,0,0,0,0,0,0,0,0,0,0,0,0,0,0,0,0,0,0,0,0,0,0,0,0,0,0,0,0,0,0,0,0,0,0,0,0,0,0,0,0,0,0,0,0
G500_00115,205500.0,452000.0,206000.0,452500.0,205750.0,452250.0,500,center_in_cheonan,34011320,광덕면,127.06432029289842,36.66870885278974,0.0,0,0,25,0,0,0,0,0,0,0,0,0,0,0,0,0,0,0,0,0,0,0,0,0,0,0,0,0,0,0,0,0,0,0,0,0,0,0,0,0,0,0,0,0,0,0,0,0,0,0,0
G500_00116,206000.0,452000.0,206500.0,452500.0,206250.0,452250.0,500,center_in_cheonan,34011320,광덕면,127.06991335822343,36.668705700850005,13.0,10,6,25,0,0,0,0,0,0,0,0,0,0,0,0,0,0,0,0,0,0,0,0,0,0,0,0,0,0,0,0,0,0,0,0,0,0,0,0,0,0,0,0,0,0,0,0,0,0,0,0
G500_00117,206500.0,452000.0,207000.0,452500.0,206750.0,452250.0,500,center_in_cheonan,34011320,광덕면,127.07550642264276,36.66870228624921,0.0,0,0,25,0,0,0,0,0,0,0,0,0,0,0,0,0,0,0,0,0,0,0,0,0,0,0,0,0,0,0,0,0,0,0,0,0,0,0,0,0,0,0,0,0,0,0,0,0,0,0,0
G500_00118,207000.0,452000.0,207500.0,452500.0,207250.0,452250.0,500,center_in_cheonan,34011320,광덕면,127.08109948608397,36.668698608987484,0.0,0,0,25,0,0,0,0,0,0,0,0,0,0,0,0,0,0,0,0,0,0,0,0,0,0,0,0,0,0,0,0,0,0,0,0,0,0,0,0,0,0,0,0,0,0,0,0,0,0,0,0
G500_00119,207500.0,452000.0,208000.0,452500.0,207750.0,452250.0,500,center_in_cheonan,34011320,광덕면,127.08669254847463,36.668694669064976,5.0,4,2,25,0,0,0,0,0,0,0,0,0,0,0,0,0,0,0,0,0,0,0,0,0,0,0,0,0,0,0,0,0,0,0,0,0,0,0,0,0,0,0,0,0,0,0,0,0,0,0,0
G500_00120,208000.0,452000.0,208500.0,452500.0,208250.0,452250.0,500,center_in_cheonan,34011320,광덕면,127.09228560974223,36.66869046648187,0.0,0,0,25,0,0,0,0,0,0,0,0,0,0,0,0,0,0,0,0,0,0,0,0,0,0,0,0,0,0,0,0,0,0,0,0,0,0,0,0,0,0,0,0,0,0,0,0,0,0,0,0
G500_00121,208500.0,452000.0,209000.0,452500.0,208750.0,452250.0,500,center_in_cheonan,34011320,광덕면,127.09787866981438,36.668686001238314,0.0,0,0,25,0,0,0,0,0,0,0,0,0,0,0,0,0,0,0,0,0,0,0,0,0,0,0,0,0,0,0,0,0,0,0,0,0,0,0,0,0,0,0,0,0,0,0,0,0,0,0,0
G500_00122,209000.0,452000.0,209500.0,452500.0,209250.0,452250.0,500,center_in_cheonan,34011320,광덕면,127.10347172861859,36.668681273334485,0.0,0,0,25,0,0,0,0,0,0,0,0,0,0,0,0,0,0,0,0,0,0,0,0,0,0,0,0,0,0,0,0,0,0,0,0,0,0,0,0,0,0,0,0,0,0,0,0,0,0,0,0
G500_00123,209500.0,452000.0,210000.0,452500.0,209750.0,452250.0,500,center_in_cheonan,34011320,광덕면,127.1090647860824,36.6686762827706,0.0,0,0,25,0,0,0,0,0,0,0,0,0,0,0,0,0,0,0,0,0,0,0,0,0,0,0,0,0,0,0,0,0,0,0,0,0,0,0,0,0,0,0,0,0,0,0,0,0,0,0,0
G500_00124,210000.0,452000.0,210500.0,452500.0,210250.0,452250.0,500,center_in_cheonan,34011320,광덕면,127.11465784213337,36.66867102954684,0.0,0,0,25,0,0,0,0,0,0,0,0,0,0,0,0,0,0,0,0,0,0,0,0,0,0,0,0,0,0,0,0,0,0,0,0,0,0,0,0,0,0,0,0,0,0,0,0,0,0,0,0
G500_00125,210500.0,452000.0,211000.0,452500.0,210750.0,452250.0,500,center_in_cheonan,34011320,광덕면,127.12025089669908,36.66866551366343,0.0,0,0,25,0,0,0,0,0,0,0,0,0,0,0,0,0,0,0,0,0,0,0,0,0,0,0,0,0,0,0,0,0,0,0,0,0,0,0,0,0,0,0,0,0,0,0,0,0,0,0,0
G500_00126,211000.0,452000.0,211500.0,452500.0,211250.0,452250.0,500,center_in_cheonan,34011320,광덕면,127.12584394970702,36.66865973512059,0.0,0,0,25,0,0,0,0,0,0,0,0,0,0,0,0,0,0,0,0,0,0,0,0,0,0,0,0,0,0,0,0,0,0,0,0,0,0,0,0,0,0,0,0,0,0,0,0,0,0,0,0
G500_00127,211500.0,452000.0,212000.0,452500.0,211750.0,452250.0,500,center_in_cheonan,34011320,광덕면,127.13143700108479,36.668653693918564,0.0,0,0,25,0,0,0,0,0,0,0,0,0,0,0,0,0,0,0,0,0,0,0,0,0,0,0,0,0,0,0,0,0,0,0,0,0,0,0,0,0,0,0,0,0,0,0,0,0,0,0,0
G500_00128,212000.0,452000.0,212500.0,452500.0,212250.0,452250.0,500,center_in_cheonan,34011320,광덕면,127.13703005075989,36.66864739005759,106.0,80,47,25,0,0,0,0,0,0,0,0,0,0,0,0,0,0,0,0,0,0,0,0,0,0,0,0,0,0,0,0,0,0,2,2,0,0,0,0,0,0,0,0,0,0,0,0,0,0,0,0
G500_00129,212500.0,452000.0,213000.0,452500.0,212750.0,452250.0,500,center_in_cheonan,34011320,광덕면,127.14262309865988,36.66864082353792,0.0,0,0,25,0,0,0,0,0,0,0,0,0,0,0,0,0,0,0,0,0,0,0,0,0,0,0,0,0,0,0,0,0,0,0,0,0,0,0,0,0,0,0,0,0,0,0,0,0,0,0,0
G500_00130,213000.0,452000.0,213500.0,452500.0,213250.0,452250.0,500,center_in_cheonan,34011320,광덕면,127.14821614471234,36.668633994359844,0.0,0,0,25,0,0,0,0,0,0,0,0,0,0,0,0,0,0,0,0,0,0,0,0,0,0,0,0,0,0,0,0,0,0,0,0,0,0,0,0,0,0,0,0,0,0,0,0,0,0,0,0
G500_00131,213500.0,452000.0,214000.0,452500.0,213750.0,452250.0,500,center_in_cheonan,34011320,광덕면,127.1538091888448,36.668626902523606,0.0,0,0,24,0,0,0,0,0,0,0,0,0,0,0,0,0,0,0,0,0,0,0,0,0,0,0,0,0,0,0,0,0,0,0,0,0,0,0,0,0,0,0,0,0,0,0,0,0,0,0,0
G500_00132,201500.0,452500.0,202000.0,453000.0,201750.0,452750.0,500,center_in_cheonan,34011320,광덕면,127.01957688770193,36.67323027415037,0.0,0,0,21,0,0,0,0,0,0,0,0,0,0,0,0,0,0,0,0,0,0,0,0,0,0,0,0,0,0,0,0,0,0,0,0,0,0,0,0,0,0,0,0,0,0,0,0,0,0,0,0
G500_00133,202000.0,452500.0,202500.0,453000.0,202250.0,452750.0,500,center_in_cheonan,34011320,광덕면,127.02517028375338,36.673229223331454,5.0,4,2,25,0,0,0,0,0,0,0,0,0,0,0,0,0,0,0,0,0,0,0,0,0,0,0,0,0,0,0,0,0,0,0,0,0,0,0,0,0,0,0,0,0,0,0,0,0,0,0,0
G500_00134,202500.0,452500.0,203000.0,453000.0,202750.0,452750.0,500,center_in_cheonan,34011320,광덕면,127.03076367947871,36.67322790980788,38.0,30,16,25,0,0,0,0,0,0,0,0,0,0,0,0,0,0,0,0,0,0,0,0,0,0,0,0,0,0,0,0,0,0,0,0,0,0,0,0,0,0,0,0,0,0,0,0,0,0,0,0
G500_00135,203000.0,452500.0,203500.0,453000.0,203250.0,452750.0,500,center_in_cheonan,34011320,광덕면,127.03635707480545,36.673226333579706,28.0,21,12,25,0,0,0,0,0,0,0,0,0,0,0,0,0,0,0,0,0,0,0,0,0,0,0,0,0,0,0,0,0,0,0,0,0,0,0,0,0,0,0,0,0,0,0,0,0,0,0,0
G500_00136,203500.0,452500.0,204000.0,453000.0,203750.0,452750.0,500,center_in_cheonan,34011320,광덕면,127.04195046966115,36.673224494646995,49.0,38,22,25,0,0,0,1,1,0,0,0,0,0,0,0,0,0,0,0,0,0,0,0,0,0,0,0,0,0,0,0,0,0,0,0,0,0,0,0,0,0,0,0,0,0,0,0,0,0,0,0
G500_00137,204000.0,452500.0,204500.0,453000.0,204250.0,452750.0,500,center_in_cheonan,34011320,광덕면,127.04754386397329,36.67322239300983,92.0,68,40,25,0,0,0,0,0,0,0,0,0,0,0,0,0,0,0,0,0,0,0,0,0,0,0,0,0,0,0,0,0,0,0,0,0,0,0,0,0,0,0,0,0,0,0,0,0,0,0,0
G500_00138,204500.0,452500.0,205000.0,453000.0,204750.0,452750.0,500,center_in_cheonan,34011320,광덕면,127.05313725766945,36.6732200286683,68.0,51,32,25,0,0,0,0,0,0,0,0,0,0,0,0,0,0,0,0,0,0,0,0,0,0,0,0,0,0,0,0,0,0,0,0,0,0,0,0,0,0,0,0,0,0,0,0,0,0,0,0
G500_00139,205000.0,452500.0,205500.0,453000.0,205250.0,452750.0,500,center_in_cheonan,34011320,광덕면,127.05873065067713,36.673217401622495,5.0,4,2,25,0,0,0,0,0,0,0,0,0,0,0,0,0,0,0,0,0,0,0,0,0,0,0,0,0,0,0,0,0,0,0,0,0,0,0,0,0,0,0,0,0,0,0,0,0,0,0,0
G500_00140,205500.0,452500.0,206000.0,453000.0,205750.0,452750.0,500,center_in_cheonan,34011320,광덕면,127.06432404292391,36.67321451187251,0.0,0,0,25,0,0,0,0,0,0,0,0,0,0,0,0,0,0,0,0,0,0,0,0,0,0,0,0,0,0,0,0,0,0,0,0,0,0,0,0,0,0,0,0,0,0,0,0,0,0,0,0
G500_00141,206000.0,452500.0,206500.0,453000.0,206250.0,452750.0,500,center_in_cheonan,34011320,광덕면,127.06991743433727,36.673211359418474,10.0,8,4,25,0,0,0,1,1,0,0,0,0,0,0,0,0,0,0,0,0,0,0,0,0,0,0,0,0,0,0,0,0,0,0,0,0,0,0,0,0,0,0,0,0,0,0,0,0,0,0,0
G500_00142,206500.0,452500.0,207000.0,453000.0,206750.0,452750.0,500,center_in_cheonan,34011320,광덕면,127.07551082484474,36.67320794426052,15.0,12,6,25,0,0,0,0,0,0,0,0,0,0,0,0,0,0,0,0,0,0,0,0,0,0,0,0,0,0,0,0,0,0,0,0,0,0,0,0,0,0,0,0,0,0,0,0,0,0,0,0
G500_00143,207000.0,452500.0,207500.0,453000.0,207250.0,452750.0,500,center_in_cheonan,34011320,광덕면,127.08110421437387,36.673204266398784,5.0,4,2,25,0,0,0,0,0,0,0,0,0,0,0,0,0,0,0,0,0,0,0,0,0,0,0,0,0,0,0,0,0,0,0,0,0,0,0,0,0,0,0,0,0,0,0,0,0,0,0,0
G500_00144,207500.0,452500.0,208000.0,453000.0,207750.0,452750.0,500,center_in_cheonan,34011320,광덕면,127.08669760285218,36.673200325833406,0.0,0,0,25,0,0,0,0,0,0,0,0,0,0,0,0,0,0,0,0,0,0,0,0,0,0,0,0,0,0,0,0,0,0,0,0,0,0,0,0,0,0,0,0,0,0,0,0,0,0,0,0
G500_00145,208000.0,452500.0,208500.0,453000.0,208250.0,452750.0,500,center_in_cheonan,34011320,광덕면,127.0922909902072,36.673196122564555,5.0,4,2,25,0,0,0,0,0,0,0,0,0,0,0,0,0,0,0,0,0,0,0,0,0,0,0,0,0,0,0,0,0,0,0,0,0,0,0,0,0,0,0,0,0,0,0,0,0,0,0,0
G500_00146,208500.0,452500.0,209000.0,453000.0,208750.0,452750.0,500,center_in_cheonan,34011320,광덕면,127.09788437636647,36.67319165659241,0.0,0,0,25,0,0,0,0,0,0,0,0,0,0,0,0,0,0,0,0,0,0,0,0,0,0,0,0,0,0,0,0,0,0,0,0,0,0,0,0,0,0,0,0,0,0,0,0,0,0,0,0
G500_00147,209000.0,452500.0,209500.0,453000.0,209250.0,452750.0,500,center_in_cheonan,34011320,광덕면,127.10347776125754,36.67318692791714,0.0,0,0,25,0,0,0,0,0,0,0,0,0,0,0,0,0,0,0,0,0,0,0,0,0,0,0,0,0,0,0,0,0,0,0,0,0,0,0,0,0,0,0,0,0,0,0,0,0,0,0,0
G500_00148,209500.0,452500.0,210000.0,453000.0,209750.0,452750.0,500,center_in_cheonan,34011320,광덕면,127.10907114480788,36.67318193653894,0.0,0,0,25,0,0,0,0,0,0,0,0,0,0,0,0,0,0,0,0,0,0,0,0,0,0,0,0,0,0,0,0,0,0,0,0,0,0,0,0,0,0,0,0,0,0,0,0,0,0,0,0
G500_00149,210000.0,452500.0,210500.0,453000.0,210250.0,452750.0,500,center_in_cheonan,34011320,광덕면,127.11466452694506,36.67317668245802,0.0,0,0,25,0,0,0,0,0,0,0,0,0,0,0,0,0,0,0,0,0,0,0,0,0,0,0,0,0,0,0,0,0,0,0,0,0,0,0,0,0,0,0,0,0,0,0,0,0,0,0,0
G500_00150,210500.0,452500.0,211000.0,453000.0,210750.0,452750.0,500,center_in_cheonan,34011320,광덕면,127.12025790759662,36.673171165674596,0.0,0,0,25,0,0,0,0,0,0,0,0,0,0,0,0,0,0,0,0,0,0,0,0,0,0,0,0,0,0,0,0,0,0,0,0,0,0,0,0,0,0,0,0,0,0,0,0,0,0,0,0
G500_00151,211000.0,452500.0,211500.0,453000.0,211250.0,452750.0,500,center_in_cheonan,34011320,광덕면,127.12585128669006,36.67316538618888,0.0,0,0,25,0,0,0,0,0,0,0,0,0,0,0,0,0,0,0,0,0,0,0,0,0,0,0,0,0,0,0,0,0,0,0,0,0,0,0,0,0,0,0,0,0,0,0,0,0,0,0,0
G500_00152,211500.0,452500.0,212000.0,453000.0,211750.0,452750.0,500,center_in_cheonan,34011320,광덕면,127.13144466415297,36.673159344001114,0.0,0,0,25,0,0,0,0,0,0,0,0,0,0,0,0,0,0,0,0,0,0,0,0,0,0,0,0,0,0,0,0,0,0,0,0,0,0,0,0,0,0,0,0,0,0,0,0,0,0,0,0
G500_00153,212000.0,452500.0,212500.0,453000.0,212250.0,452750.0,500,center_in_cheonan,34011320,광덕면,127.13703803991282,36.67315303911155,5.0,4,2,25,0,0,0,0,0,0,0,0,0,0,0,0,0,0,0,0,0,0,0,0,0,0,0,0,0,0,0,0,0,0,0,0,0,0,0,0,0,0,0,0,0,0,0,0,0,0,0,0
G500_00154,212500.0,452500.0,213000.0,453000.0,212750.0,452750.0,500,center_in_cheonan,34011320,광덕면,127.14263141389716,36.67314647152043,44.0,33,20,25,0,0,0,0,0,0,0,0,0,0,0,0,0,0,0,0,0,0,0,0,0,0,0,0,0,0,0,0,0,0,0,0,0,0,0,0,0,0,0,0,0,0,0,0,0,0,0,0
G500_00155,213000.0,452500.0,213500.0,453000.0,213250.0,452750.0,500,center_in_cheonan,34011320,광덕면,127.14822478603354,36.67313964122803,55.0,42,24,25,0,0,0,0,0,0,0,0,0,0,0,0,0,0,0,0,0,0,0,0,0,0,0,0,0,0,0,0,0,0,0,0,0,0,0,0,0,0,0,0,0,0,0,0,0,0,0,0
G500_00156,213500.0,452500.0,214000.0,453000.0,213750.0,452750.0,500,center_in_cheonan,34011320,광덕면,127.15381815624944,36.67313254823463,5.0,4,2,25,0,0,0,0,0,0,0,0,0,0,0,0,0,0,0,0,0,0,0,0,0,0,0,0,0,0,0,0,0,0,0,0,0,0,0,0,0,0,0,0,0,0,0,0,0,0,0,0
G500_00157,202000.0,453000.0,202500.0,453500.0,202250.0,453250.0,500,center_in_cheonan,34011320,광덕면,127.02517175148218,36.67773488139739,0.0,0,0,25,0,0,0,0,0,0,0,0,0,0,0,0,0,0,0,0,0,0,0,0,0,0,0,0,0,0,0,0,0,0,0,0,0,0,0,0,0,0,0,0,0,0,0,0,0,0,0,0
G500_00158,202500.0,453000.0,203000.0,453500.0,202750.0,453250.0,500,center_in_cheonan,34011320,광덕면,127.03076547336931,36.677733567659494,23.0,18,10,25,0,0,0,0,0,0,0,0,0,0,0,0,0,0,0,0,0,0,0,0,0,0,0,0,0,0,0,0,0,0,0,0,0,0,0,0,0,0,0,0,0,0,0,0,0,0,0,0
G500_00159,203000.0,453000.0,203500.0,453500.0,203250.0,453250.0,500,center_in_cheonan,34011320,광덕면,127.03635919485777,36.67773199117415,15.0,12,6,25,0,0,0,0,0,0,0,0,0,0,0,0,0,0,0,0,0,0,0,0,0,0,0,0,0,0,0,0,0,0,0,0,0,0,0,0,0,0,0,0,0,0,0,0,0,0,0,0
G500_00160,203500.0,453000.0,204000.0,453500.0,203750.0,453250.0,500,center_in_cheonan,34011320,광덕면,127.04195291587504,36.6777301519414,0.0,0,0,25,0,0,0,0,0,0,0,0,0,0,0,0,0,0,0,0,0,0,0,0,0,0,0,0,0,0,0,0,0,0,0,0,0,0,0,0,0,0,0,0,0,0,0,0,0,0,0,0
G500_00161,204000.0,453000.0,204500.0,453500.0,204250.0,453250.0,500,center_in_cheonan,34011320,광덕면,127.04754663634868,36.67772804996133,0.0,0,0,25,0,0,0,0,0,0,0,0,0,0,0,0,0,0,0,0,0,0,0,0,0,0,0,0,0,0,0,0,0,0,0,0,0,0,0,0,0,0,0,0,0,0,0,0,0,0,0,0
G500_00162,204500.0,453000.0,205000.0,453500.0,204750.0,453250.0,500,center_in_cheonan,34011320,광덕면,127.05314035620619,36.67772568523402,13.0,10,6,24,0,0,0,0,0,0,0,0,0,0,0,0,0,0,0,0,0,0,0,0,0,0,0,0,0,0,0,0,0,0,0,0,0,0,0,0,0,0,0,0,0,0,0,0,0,0,0,0
G500_00163,205000.0,453000.0,205500.0,453500.0,205250.0,453250.0,500,center_in_cheonan,34011320,광덕면,127.05873407537507,36.67772305775958,80.0,61,36,25,0,0,0,0,0,0,0,0,0,0,0,0,0,0,0,0,0,0,0,0,0,0,0,0,0,0,0,0,0,0,0,0,0,0,0,0,0,0,0,0,0,0,0,0,0,0,0,0
G500_00164,205500.0,453000.0,206000.0,453500.0,205750.0,453250.0,500,center_in_cheonan,34011320,광덕면,127.06432779378281,36.677720167538105,10.0,8,4,25,0,0,0,0,0,0,0,0,0,0,0,0,0,0,0,0,0,0,0,0,0,0,0,0,0,0,0,0,0,0,0,0,0,0,0,0,0,0,0,0,0,0,0,0,0,0,0,0
G500_00165,206000.0,453000.0,206500.0,453500.0,206250.0,453250.0,500,center_in_cheonan,34011320,광덕면,127.069921511357,36.67771701456971,5.0,4,2,25,0,0,0,0,0,0,0,0,0,0,0,0,0,0,0,0,0,0,0,0,0,0,0,0,0,0,0,0,0,0,0,0,0,0,0,0,0,0,0,0,0,0,0,0,0,0,0,0
G500_00166,206500.0,453000.0,207000.0,453500.0,206750.0,453250.0,500,center_in_cheonan,34011320,광덕면,127.07551522802507,36.67771359885453,41.0,31,18,25,0,0,0,0,0,0,0,0,0,0,0,0,0,0,0,0,0,0,0,0,0,0,0,0,0,0,0,0,0,0,0,0,0,0,0,0,0,0,0,0,0,0,0,0,0,0,0,0
G500_00167,207000.0,453000.0,207500.0,453500.0,207250.0,453250.0,500,center_in_cheonan,34011320,광덕면,127.08110894371455,36.677709920392715,20.0,16,8,25,0,0,0,0,0,0,0,0,0,0,0,0,0,0,0,0,0,0,0,0,0,0,0,0,0,0,0,0,0,0,0,0,0,0,0,0,0,0,0,0,0,0,0,0,0,0,0,0
G500_00168,207500.0,453000.0,208000.0,453500.0,207750.0,453250.0,500,center_in_cheonan,34011320,광덕면,127.086702658353,36.67770597918439,0.0,0,0,25,0,0,0,0,0,0,0,0,0,0,0,0,0,0,0,0,0,0,0,0,0,0,0,0,0,0,0,0,0,0,0,0,0,0,0,0,0,0,0,0,0,0,0,0,0,0,0,0
G500_00169,208000.0,453000.0,208500.0,453500.0,208250.0,453250.0,500,center_in_cheonan,34011320,광덕면,127.09229637186792,36.67770177522973,0.0,0,0,25,0,0,0,0,0,0,0,0,0,0,0,0,0,0,0,0,0,0,0,0,0,0,0,0,0,0,0,0,0,0,0,0,0,0,0,0,0,0,0,0,0,0,0,0,0,0,0,0
G500_00170,208500.0,453000.0,209000.0,453500.0,208750.0,453250.0,500,center_in_cheonan,34011320,광덕면,127.0978900841868,36.67769730852891,0.0,0,0,25,0,0,0,0,0,0,0,0,0,0,0,0,0,0,0,0,0,0,0,0,0,0,0,0,0,0,0,0,0,0,0,0,0,0,0,0,0,0,0,0,0,0,0,0,0,0,0,0
G500_00171,209000.0,453000.0,209500.0,453500.0,209250.0,453250.0,500,center_in_cheonan,34011320,광덕면,127.10348379523715,36.67769257908211,0.0,0,0,25,0,0,0,0,0,0,0,0,0,0,0,0,0,0,0,0,0,0,0,0,0,0,0,0,0,0,0,0,0,0,0,0,0,0,0,0,0,0,0,0,0,0,0,0,0,0,0,0
G500_00172,209500.0,453000.0,210000.0,453500.0,209750.0,453250.0,500,center_in_cheonan,34011320,광덕면,127.10907750494651,36.67768758688952,0.0,0,0,25,0,0,0,0,0,0,0,0,0,0,0,0,0,0,0,0,0,0,0,0,0,0,0,0,0,0,0,0,0,0,0,0,0,0,0,0,0,0,0,0,0,0,0,0,0,0,0,0
G500_00173,210000.0,453000.0,210500.0,453500.0,210250.0,453250.0,500,center_in_cheonan,34011320,광덕면,127.11467121324237,36.67768233195134,18.0,13,8,25,0,0,0,0,0,0,0,0,0,0,0,0,0,0,0,0,0,0,0,0,0,0,0,0,0,0,0,0,0,0,0,0,0,0,0,0,0,0,0,0,0,0,0,0,0,0,0,0
G500_00174,210500.0,453000.0,211000.0,453500.0,210750.0,453250.0,500,center_in_cheonan,34011320,광덕면,127.12026492005226,36.67767681426778,0.0,0,0,25,0,0,0,0,0,0,0,0,0,0,0,0,0,0,0,0,0,0,0,0,0,0,0,0,0,0,0,0,0,0,0,0,0,0,0,0,0,0,0,0,0,0,0,0,0,0,0,0
G500_00175,211000.0,453000.0,211500.0,453500.0,211250.0,453250.0,500,center_in_cheonan,34011320,광덕면,127.1258586253037,36.677671033839076,0.0,0,0,25,0,0,0,0,0,0,0,0,0,0,0,0,0,0,0,0,0,0,0,0,0,0,0,0,0,0,0,0,0,0,0,0,0,0,0,0,0,0,0,0,0,0,0,0,0,0,0,0
G500_00176,211500.0,453000.0,212000.0,453500.0,211750.0,453250.0,500,center_in_cheonan,34011320,광덕면,127.13145232892421,36.67766499066546,0.0,0,0,25,0,0,0,0,0,0,0,0,0,0,0,0,0,0,0,0,0,0,0,0,0,0,0,0,0,0,0,0,0,0,0,0,0,0,0,0,0,0,0,0,0,0,0,0,0,0,0,0
G500_00177,212000.0,453000.0,212500.0,453500.0,212250.0,453250.0,500,center_in_cheonan,34011320,광덕면,127.13704603084126,36.677658684747186,5.0,4,2,25,0,0,0,0,0,0,0,0,0,0,0,0,0,0,0,0,0,0,0,0,0,0,0,0,0,0,0,0,0,0,0,0,0,0,0,0,0,0,0,0,0,0,0,0,0,0,0,0
G500_00178,212500.0,453000.0,213000.0,453500.0,212750.0,453250.0,500,center_in_cheonan,34011320,광덕면,127.14263973098241,36.677652116084495,0.0,0,0,25,0,0,0,0,0,0,0,0,0,0,0,0,0,0,0,0,0,0,0,0,0,0,0,0,0,0,0,0,0,0,0,0,0,0,0,0,0,0,0,0,0,0,0,0,0,0,0,0
G500_00179,213000.0,453000.0,213500.0,453500.0,213250.0,453250.0,500,center_in_cheonan,34011320,광덕면,127.14823342927515,36.67764528467766,0.0,0,0,25,0,0,0,0,0,0,0,0,0,0,0,0,0,0,0,0,0,0,0,0,0,0,0,0,0,0,0,0,0,0,0,0,0,0,0,0,0,0,0,0,0,0,0,0,0,0,0,0
G500_00180,213500.0,453000.0,214000.0,453500.0,213750.0,453250.0,500,center_in_cheonan,34011320,광덕면,127.15382712564703,36.67763819052697,0.0,0,0,25,0,0,0,0,0,0,0,0,0,0,0,0,0,0,0,0,0,0,0,0,0,0,0,0,0,0,0,0,0,0,0,0,0,0,0,0,0,0,0,0,0,0,0,0,0,0,0,0
G500_00181,214000.0,453000.0,214500.0,453500.0,214250.0,453250.0,500,center_in_cheonan,34011320,광덕면,127.15942082002552,36.677630833632705,0.0,0,0,25,0,0,0,0,0,0,0,0,0,0,0,0,0,0,0,0,0,0,0,0,0,0,0,0,0,0,0,0,0,0,0,0,0,0,0,0,0,0,0,0,0,0,0,0,0,0,0,0
G500_00182,202000.0,453500.0,202500.0,454000.0,202250.0,453750.0,500,center_in_cheonan,34011320,광덕면,127.02517321953717,36.68224053604627,0.0,0,0,17,0,0,0,0,0,0,0,0,0,0,0,0,0,0,0,0,0,0,0,0,0,0,0,0,0,0,0,0,0,0,0,0,0,0,0,0,0,0,0,0,0,0,0,0,0,0,0,0
G500_00183,202500.0,453500.0,203000.0,454000.0,202750.0,453750.0,500,center_in_cheonan,34011320,광덕면,127.0307672676586,36.68223922209404,8.0,6,4,25,0,0,0,0,0,0,0,0,0,0,0,0,0,0,0,0,0,0,0,0,0,0,0,0,0,0,0,0,0,0,0,0,0,0,0,0,0,0,0,0,0,0,0,0,0,0,0,0
G500_00184,203000.0,453500.0,203500.0,454000.0,203250.0,453750.0,500,center_in_cheonan,34011320,광덕면,127.03636131538123,36.682237645351485,5.0,4,2,25,0,0,0,0,0,0,0,0,0,0,0,0,0,0,0,0,0,0,0,0,0,0,0,0,0,0,0,0,0,0,0,0,0,0,0,0,0,0,0,0,0,0,0,0,0,0,0,0
G500_00185,203500.0,453500.0,204000.0,454000.0,203750.0,453750.0,500,center_in_cheonan,34011320,광덕면,127.04195536263262,36.68223580581866,0.0,0,0,25,0,0,0,0,0,0,0,0,0,0,0,0,0,0,0,0,0,0,0,0,0,0,0,0,0,0,0,0,0,0,0,0,0,0,0,0,0,0,0,0,0,0,0,0,0,0,0,0
G500_00186,204000.0,453500.0,204500.0,454000.0,204250.0,453750.0,500,center_in_cheonan,34011320,광덕면,127.04754940934022,36.68223370349565,0.0,0,0,25,0,0,0,0,0,0,0,0,0,0,0,0,0,0,0,0,0,0,0,0,0,0,0,0,0,0,0,0,0,0,0,0,0,0,0,0,0,0,0,0,0,0,0,0,0,0,0,0
G500_00187,204500.0,453500.0,205000.0,454000.0,204750.0,453750.0,500,center_in_cheonan,34011320,광덕면,127.05314345543154,36.682231338382536,15.0,12,6,25,0,0,0,0,0,0,0,0,0,0,0,0,0,0,0,0,0,0,0,0,0,0,0,0,0,0,0,0,0,0,0,0,0,0,0,0,0,0,0,0,0,0,0,0,0,0,0,0
G500_00188,205000.0,453500.0,205500.0,454000.0,205250.0,453750.0,500,center_in_cheonan,34011320,광덕면,127.05873750083408,36.6822287104794,18.0,14,8,25,0,0,0,0,0,0,0,0,0,0,0,0,0,0,0,0,0,0,0,0,0,0,0,0,0,0,0,0,0,0,0,0,0,0,0,0,0,0,0,0,0,0,0,0,0,0,0,0
G500_00189,205500.0,453500.0,206000.0,454000.0,205750.0,453750.0,500,center_in_cheonan,34011320,광덕면,127.06433154547531,36.68222581978638,41.0,32,18,25,0,0,0,0,0,0,0,0,0,0,0,0,0,0,0,0,0,0,0,0,0,0,0,0,0,0,0,0,0,0,0,0,0,0,0,0,0,0,0,0,0,0,0,0,0,0,0,0
G500_00190,206000.0,453500.0,206500.0,454000.0,206250.0,453750.0,500,center_in_cheonan,34011320,광덕면,127.06992558928279,36.682222666303566,20.0,16,8,25,0,0,0,0,0,0,0,0,0,0,0,0,0,0,0,0,0,0,0,0,0,0,0,0,0,0,0,0,0,0,0,0,0,0,0,0,0,0,0,0,0,0,0,0,0,0,0,0
G500_00191,206500.0,453500.0,207000.0,454000.0,206750.0,453750.0,500,center_in_cheonan,34011320,광덕면,127.07551963218394,36.6822192500311,75.0,57,34,25,0,0,0,0,0,0,0,0,0,0,0,0,0,0,0,0,0,0,0,0,0,0,0,0,0,0,0,0,0,0,0,0,0,0,0,0,0,0,0,0,0,0,0,0,0,0,0,0
G500_00192,207000.0,453500.0,207500.0,454000.0,207250.0,453750.0,500,center_in_cheonan,34011320,광덕면,127.08111367410633,36.682215570969134,15.0,12,6,25,0,0,0,0,0,0,0,0,0,0,0,0,0,0,0,0,0,0,0,0,0,0,0,0,0,0,0,0,0,0,0,0,0,0,0,0,0,0,0,0,0,0,0,0,0,0,0,0
G500_00193,207500.0,453500.0,208000.0,454000.0,207750.0,453750.0,500,center_in_cheonan,34011320,광덕면,127.08670771497738,36.68221162911779,13.0,10,6,25,0,0,0,0,0,0,0,0,0,0,0,0,0,0,0,0,0,0,0,0,0,0,0,0,0,0,0,0,0,0,0,0,0,0,0,0,0,0,0,0,0,0,0,0,0,0,0,0
G500_00194,208000.0,453500.0,208500.0,454000.0,208250.0,453750.0,500,center_in_cheonan,34011320,광덕면,127.09230175472466,36.682207424477255,0.0,0,0,25,0,0,0,0,0,0,0,0,0,0,0,0,0,0,0,0,0,0,0,0,0,0,0,0,0,0,0,0,0,0,0,0,0,0,0,0,0,0,0,0,0,0,0,0,0,0,0,0
G500_00195,208500.0,453500.0,209000.0,454000.0,208750.0,453750.0,500,center_in_cheonan,34011320,광덕면,127.09789579327564,36.68220295704767,0.0,0,0,25,0,0,0,0,0,0,0,0,0,0,0,0,0,0,0,0,0,0,0,0,0,0,0,0,0,0,0,0,0,0,0,0,0,0,0,0,0,0,0,0,0,0,0,0,0,0,0,0
G500_00196,209000.0,453500.0,209500.0,454000.0,209250.0,453750.0,500,center_in_cheonan,34011320,광덕면,127.10348983055779,36.68219822682924,0.0,0,0,25,0,0,0,0,0,0,0,0,0,0,0,0,0,0,0,0,0,0,0,0,0,0,0,0,0,0,0,0,0,0,0,0,0,0,0,0,0,0,0,0,0,0,0,0,0,0,0,0
G500_00197,209500.0,453500.0,210000.0,454000.0,209750.0,453750.0,500,center_in_cheonan,34011320,광덕면,127.10908386649864,36.682193233822154,20.0,16,8,25,0,0,0,0,0,0,0,0,0,0,0,0,0,0,0,0,0,0,0,0,0,0,0,0,0,0,0,0,0,0,0,0,0,0,0,0,0,0,0,0,0,0,0,0,0,0,0,0
G500_00198,210000.0,453500.0,210500.0,454000.0,210250.0,453750.0,500,center_in_cheonan,34011320,광덕면,127.11467790102567,36.68218797802661,50.0,38,24,25,0,0,0,0,0,0,0,0,0,0,0,0,0,0,0,0,0,0,0,0,0,0,0,0,0,0,0,0,0,0,0,0,0,0,0,0,0,0,0,0,0,0,0,0,0,0,0,0
G500_00199,210500.0,453500.0,211000.0,454000.0,210750.0,453750.0,500,center_in_cheonan,34011320,광덕면,127.12027193406638,36.682182459442835,18.0,14,8,25,0,0,0,0,0,0,0,0,0,0,0,0,0,0,0,0,0,0,0,0,0,0,0,0,0,0,0,0,0,0,0,0,0,0,0,0,0,0,0,0,0,0,0,0,0,0,0,0
G500_00200,211000.0,453500.0,211500.0,454000.0,211250.0,453750.0,500,center_in_cheonan,34011320,광덕면,127.12586596554827,36.68217667807104,0.0,0,0,25,0,0,0,0,0,0,0,0,0,0,0,0,0,0,0,0,0,0,0,0,0,0,0,0,0,0,0,0,0,0,0,0,0,0,0,0,0,0,0,0,0,0,0,0,0,0,0,0
G500_00201,211500.0,453500.0,212000.0,454000.0,211750.0,453750.0,500,center_in_cheonan,34011320,광덕면,127.13145999539886,36.68217063391146,0.0,0,0,25,0,0,0,0,0,0,0,0,0,0,0,0,0,0,0,0,0,0,0,0,0,0,0,0,0,0,0,0,0,0,0,0,0,0,0,0,0,0,0,0,0,0,0,0,0,0,0,0
G500_00202,212000.0,453500.0,212500.0,454000.0,212250.0,453750.0,500,center_in_cheonan,34011320,광덕면,127.13705402354563,36.682164326964354,0.0,0,0,25,0,0,0,0,0,0,0,0,0,0,0,0,0,0,0,0,0,0,0,0,0,0,0,0,0,0,0,0,0,0,0,0,0,0,0,0,0,0,0,0,0,0,0,0,0,0,0,0
G500_00203,212500.0,453500.0,213000.0,454000.0,212750.0,453750.0,500,center_in_cheonan,34011320,광덕면,127.14264804991605,36.682157757229966,0.0,0,0,25,0,0,0,0,0,0,0,0,0,0,0,0,0,0,0,0,0,0,0,0,0,0,0,0,0,0,0,0,0,0,0,0,0,0,0,0,0,0,0,0,0,0,0,0,0,0,0,0
G500_00204,213000.0,453500.0,213500.0,454000.0,213250.0,453750.0,500,center_in_cheonan,34011320,광덕면,127.14824207443768,36.68215092470857,10.0,8,4,25,0,0,0,0,0,0,0,0,0,0,0,0,0,0,0,0,0,0,0,0,0,0,0,0,0,0,0,0,0,0,0,0,0,0,0,0,0,0,0,0,0,0,0,0,0,0,0,0
G500_00205,213500.0,453500.0,214000.0,454000.0,213750.0,453750.0,500,center_in_cheonan,34011320,광덕면,127.15383609703797,36.68214382940044,67.0,50,30,25,0,0,0,0,0,0,0,0,0,0,0,0,0,0,0,0,0,0,0,0,0,0,0,0,0,0,0,0,0,0,0,0,0,0,0,0,0,0,0,0,0,0,0,0,0,0,0,0
G500_00206,214000.0,453500.0,214500.0,454000.0,214250.0,453750.0,500,center_in_cheonan,34011320,광덕면,127.1594301176444,36.682136471305874,64.0,48,28,25,0,0,0,0,0,0,0,0,0,0,0,0,0,0,0,0,0,0,0,0,0,0,0,0,0,0,0,0,0,0,0,0,0,0,0,0,0,0,0,0,0,0,0,0,0,0,0,0
G500_00207,202500.0,454000.0,203000.0,454500.0,202750.0,454250.0,500,center_in_cheonan,34011320,광덕면,127.03076906234664,36.68674487311135,0.0,0,0,24,0,0,0,0,0,0,0,0,0,0,0,0,0,0,0,0,0,0,0,0,0,0,0,0,0,0,0,0,0,0,0,0,0,0,0,0,0,0,0,0,0,0,0,0,0,0,0,0
G500_00208,203000.0,454000.0,203500.0,454500.0,203250.0,454250.0,500,center_in_cheonan,34011320,광덕면,127.036363436376,36.68674329611155,0.0,0,0,25,0,0,0,0,0,0,0,0,0,0,0,0,0,0,0,0,0,0,0,0,0,0,0,0,0,0,0,0,0,0,0,0,0,0,0,0,0,0,0,0,0,0,0,0,0,0,0,0
G500_00209,203500.0,454000.0,204000.0,454500.0,203750.0,454250.0,500,center_in_cheonan,34011320,광덕면,127.04195780993396,36.68674145627862,0.0,0,0,25,0,0,0,0,0,0,0,0,0,0,0,0,0,0,0,0,0,0,0,0,0,0,0,0,0,0,0,0,0,0,0,0,0,0,0,0,0,0,0,0,0,0,0,0,0,0,0,0
G500_00210,204000.0,454000.0,204500.0,454500.0,204250.0,454250.0,500,center_in_cheonan,34011320,광덕면,127.04755218294802,36.68673935361262,0.0,0,0,25,0,0,0,0,0,0,0,0,0,0,0,0,0,0,0,0,0,0,0,0,0,0,0,0,0,0,0,0,0,0,0,0,0,0,0,0,0,0,0,0,0,0,0,0,0,0,0,0
G500_00211,204500.0,454000.0,205000.0,454500.0,204750.0,454250.0,500,center_in_cheonan,34011320,광덕면,127.05314655534566,36.686736988113644,0.0,0,0,25,0,0,0,0,0,0,0,0,0,0,0,0,0,0,0,0,0,0,0,0,0,0,0,0,0,0,0,0,0,0,0,0,0,0,0,0,0,0,0,0,0,0,0,0,0,0,0,0
G500_00212,205000.0,454000.0,205500.0,454500.0,205250.0,454250.0,500,center_in_cheonan,34011320,광덕면,127.05874092705437,36.686734359781795,13.0,10,6,25,0,0,0,0,0,0,0,0,0,0,0,0,0,0,0,0,0,0,0,0,0,0,0,0,0,0,0,0,0,0,0,0,0,0,0,0,0,0,0,0,0,0,0,0,0,0,0,0
G500_00213,205500.0,454000.0,206000.0,454500.0,205750.0,454250.0,500,center_in_cheonan,34011320,광덕면,127.06433529800161,36.68673146861717,55.0,42,26,25,0,0,0,0,0,0,0,0,0,0,0,0,0,0,0,0,0,0,0,0,0,0,0,0,0,0,0,0,0,0,0,0,0,0,0,0,0,0,0,0,0,0,0,0,0,0,0,0
G500_00214,206000.0,454000.0,206500.0,454500.0,206250.0,454250.0,500,center_in_cheonan,34011320,광덕면,127.06992966811488,36.68672831461987,16.0,12,8,25,0,0,0,0,0,0,0,0,0,0,0,0,0,0,0,0,0,0,0,0,0,0,0,0,0,0,0,0,0,0,0,0,0,0,0,0,0,0,0,0,0,0,0,0,0,0,0,0
G500_00215,206500.0,454000.0,207000.0,454500.0,206750.0,454250.0,500,center_in_cheonan,34011320,광덕면,127.07552403732164,36.68672489779006,54.0,42,24,25,0,0,0,0,0,0,0,0,2,1,1,0,0,0,0,0,0,0,0,0,0,0,0,0,0,0,0,0,0,0,0,0,1,0,0,0,1,0,0,0,0,0,0,0,0,0,0,0
G500_00216,207000.0,454000.0,207500.0,454500.0,207250.0,454250.0,500,center_in_cheonan,34011320,광덕면,127.08111840554938,36.686721218127865,26.0,20,12,25,0,0,0,0,0,0,0,0,0,0,0,0,0,0,0,0,0,0,0,0,0,0,0,0,0,0,0,0,0,0,0,0,0,0,0,0,0,0,0,0,0,0,0,0,0,0,0,0
G500_00217,207500.0,454000.0,208000.0,454500.0,207750.0,454250.0,500,center_in_cheonan,34011320,광덕면,127.08671277272556,36.68671727563343,70.0,53,32,25,0,0,0,0,0,0,0,0,0,0,0,0,0,0,0,0,0,0,0,0,0,0,0,0,0,0,0,0,0,0,0,0,0,0,0,0,0,0,0,0,0,0,0,0,0,0,0,0
G500_00218,208000.0,454000.0,208500.0,454500.0,208250.0,454250.0,500,center_in_cheonan,34011320,광덕면,127.09230713877773,36.686713070306915,0.0,0,0,25,0,0,0,0,0,0,0,0,0,0,0,0,0,0,0,0,0,0,0,0,0,0,0,0,0,0,0,0,0,0,0,0,0,0,0,0,0,0,0,0,0,0,0,0,0,0,0,0
G500_00219,208500.0,454000.0,209000.0,454500.0,208750.0,454250.0,500,center_in_cheonan,34011320,광덕면,127.09790150363328,36.6867086021485,10.0,8,4,25,0,0,0,0,0,0,0,0,0,0,0,0,0,0,0,0,0,0,0,0,0,0,0,0,0,0,0,0,0,0,0,0,0,0,0,0,0,0,0,0,0,0,0,0,0,0,0,0
G500_00220,209000.0,454000.0,209500.0,454500.0,209250.0,454250.0,500,center_in_cheonan,34011320,광덕면,127.10349586721972,36.68670387115836,16.0,12,8,25,0,0,0,0,0,0,0,0,0,0,0,0,0,0,0,0,0,0,0,0,0,0,0,0,0,0,0,0,0,0,0,0,0,0,0,0,0,0,0,0,0,0,0,0,0,0,0,0
G500_00221,209500.0,454000.0,210000.0,454500.0,209750.0,454250.0,500,center_in_cheonan,34011320,광덕면,127.10909022946457,36.68669887733669,0.0,0,0,25,0,0,0,0,0,0,0,0,0,0,0,0,0,0,0,0,0,0,0,0,0,0,0,0,0,0,0,0,0,0,0,0,0,0,0,0,0,0,0,0,0,0,0,0,0,0,0,0
G500_00222,210000.0,454000.0,210500.0,454500.0,210250.0,454250.0,500,center_in_cheonan,34011320,광덕면,127.11468459029528,36.68669362068369,13.0,10,6,25,0,0,0,0,0,0,0,0,0,0,0,0,0,0,0,0,0,0,0,0,0,0,0,0,0,0,0,0,0,0,0,0,0,0,0,0,0,0,0,0,0,0,0,0,0,0,0,0
G500_00223,210500.0,454000.0,211000.0,454500.0,210750.0,454250.0,500,center_in_cheonan,34011320,광덕면,127.12027894963931,36.68668810119958,8.0,6,4,25,0,0,0,0,0,0,0,0,0,0,0,0,0,0,0,0,0,0,0,0,0,0,0,0,0,0,0,0,0,0,0,0,0,0,0,0,0,0,0,0,0,0,0,0,0,0,0,0
G500_00224,211000.0,454000.0,211500.0,454500.0,211250.0,454250.0,500,center_in_cheonan,34011320,광덕면,127.12587330742417,36.68668231888458,70.0,52,30,25,0,0,0,0,0,0,0,0,0,0,0,0,0,0,0,0,0,0,0,0,0,0,0,0,0,0,0,0,0,0,0,0,0,0,0,0,0,0,0,0,0,0,0,0,0,0,0,0
G500_00225,211500.0,454000.0,212000.0,454500.0,211750.0,454250.0,500,center_in_cheonan,34011320,광덕면,127.13146766357734,36.686676273738925,5.0,4,2,25,0,0,0,0,0,0,0,0,0,0,0,0,0,0,0,0,0,0,0,0,0,0,0,0,0,0,0,0,0,0,0,0,0,0,0,0,0,0,0,0,0,0,0,0,0,0,0,0
G500_00226,212000.0,454000.0,212500.0,454500.0,212250.0,454250.0,500,center_in_cheonan,34011320,광덕면,127.1370620180263,36.68666996576287,44.0,33,20,25,0,0,0,0,0,0,0,0,0,0,0,0,0,0,0,0,0,0,0,0,0,0,0,0,0,0,0,0,0,0,0,0,0,0,0,0,0,0,0,0,0,0,0,0,0,0,0,0
G500_00227,212500.0,454000.0,213000.0,454500.0,212750.0,454250.0,500,center_in_cheonan,34011320,광덕면,127.14265637069853,36.68666339495666,0.0,0,0,25,0,0,0,0,0,0,0,0,0,0,0,0,0,0,0,0,0,0,0,0,0,0,0,0,0,0,0,0,0,0,0,0,0,0,0,0,0,0,0,0,0,0,0,0,0,0,0,0
G500_00228,213000.0,454000.0,213500.0,454500.0,213250.0,454250.0,500,center_in_cheonan,34011320,광덕면,127.1482507215215,36.68665656132058,10.0,8,4,25,0,0,0,0,0,0,0,0,0,0,0,0,0,0,0,0,0,0,0,0,0,0,0,0,0,0,0,0,0,0,0,0,0,0,0,0,0,0,0,0,0,0,0,0,0,0,0,0
G500_00229,213500.0,454000.0,214000.0,454500.0,213750.0,454250.0,500,center_in_cheonan,34011320,광덕면,127.15384507042272,36.68664946485489,69.0,51,30,25,0,0,0,0,0,0,0,0,1,0,1,0,0,0,0,0,0,0,0,0,0,0,0,0,0,0,0,0,0,0,0,0,0,0,0,0,0,0,0,0,0,0,0,0,0,0,0,0
G500_00230,214000.0,454000.0,214500.0,454500.0,214250.0,454250.0,500,center_in_cheonan,34011320,광덕면,127.15943941732964,36.68664210555988,90.0,66,40,21,0,0,0,0,0,0,0,0,0,0,0,0,0,0,0,0,0,0,0,0,0,0,0,0,0,0,0,0,0,0,0,0,1,0,0,0,1,0,0,0,0,0,0,0,0,0,0,0
G500_00231,203000.0,454500.0,203500.0,455000.0,203250.0,454750.0,500,center_in_cheonan,34011320,광덕면,127.03636555784213,36.69124894345422,0.0,0,0,14,0,0,0,0,0,0,0,0,0,0,0,0,0,0,0,0,0,0,0,0,0,0,0,0,0,0,0,0,0,0,0,0,0,0,0,0,0,0,0,0,0,0,0,0,0,0,0,0
G500_00232,203500.0,454500.0,204000.0,455000.0,203750.0,454750.0,500,center_in_cheonan,34011320,광덕면,127.0419602577792,36.69124710332114,0.0,0,0,25,0,0,0,0,0,0,0,0,0,0,0,0,0,0,0,0,0,0,0,0,0,0,0,0,0,0,0,0,0,0,0,0,0,0,0,0,0,0,0,0,0,0,0,0,0,0,0,0
G500_00233,204000.0,454500.0,204500.0,455000.0,204250.0,454750.0,500,center_in_cheonan,34011320,광덕면,127.04755495717227,36.69124500031211,0.0,0,0,25,0,0,0,0,0,0,0,0,0,0,0,0,0,0,0,0,0,0,0,0,0,0,0,0,0,0,0,0,0,0,0,0,0,0,0,0,0,0,0,0,0,0,0,0,0,0,0,0
G500_00234,204500.0,454500.0,205000.0,455000.0,204750.0,454750.0,500,center_in_cheonan,34011320,광덕면,127.05314965594876,36.69124263442723,36.0,28,16,24,0,0,0,0,0,0,0,0,0,0,0,0,0,0,0,0,0,0,0,0,0,0,0,0,0,0,0,0,0,0,0,0,0,0,0,0,0,0,0,0,0,0,0,0,0,0,0,0
G500_00235,205000.0,454500.0,205500.0,455000.0,205250.0,454750.0,500,center_in_cheonan,34011320,광덕면,127.05874435403615,36.6912400056666,23.0,17,10,25,0,0,0,0,0,0,0,0,0,0,0,0,0,0,0,0,0,0,0,0,0,0,0,0,0,0,0,0,0,0,0,0,0,0,0,0,0,0,0,0,0,0,0,0,0,0,0,0
G500_00236,205500.0,454500.0,206000.0,455000.0,205750.0,454750.0,500,center_in_cheonan,34011320,광덕면,127.0643390513619,36.691237114030315,0.0,0,0,25,0,0,0,0,0,0,0,0,0,0,0,0,0,0,0,0,0,0,0,0,0,0,0,0,0,0,0,0,0,0,0,0,0,0,0,0,0,0,0,0,0,0,0,0,0,0,0,0
G500_00237,206000.0,454500.0,206500.0,455000.0,206250.0,454750.0,500,center_in_cheonan,34011320,광덕면,127.06993374785348,36.6912339595185,8.0,6,4,25,0,0,0,0,0,0,0,0,0,0,0,0,0,0,0,0,0,0,0,0,0,0,0,0,0,0,0,0,0,0,0,0,0,0,0,0,0,0,0,0,0,0,0,0,0,0,0,0
G500_00238,206500.0,454500.0,207000.0,455000.0,206750.0,454750.0,500,center_in_cheonan,34011320,광덕면,127.07552844343836,36.69123054213128,58.0,44,28,25,0,0,0,0,0,0,0,0,0,0,0,0,0,0,0,0,0,0,0,0,0,0,0,0,0,0,0,0,0,0,0,0,0,0,0,0,0,0,0,0,0,0,0,0,0,0,0,0
G500_00239,207000.0,454500.0,207500.0,455000.0,207250.0,454750.0,500,center_in_cheonan,34011320,광덕면,127.08112313804398,36.691226861868785,0.0,0,0,25,0,0,0,0,0,0,0,0,0,0,0,0,0,0,0,0,0,0,0,0,0,0,0,0,0,0,0,0,0,0,0,0,0,0,0,0,0,0,0,0,0,0,0,0,0,0,0,0
G500_00240,207500.0,454500.0,208000.0,455000.0,207750.0,454750.0,500,center_in_cheonan,34011320,광덕면,127.08671783159782,36.691222918731185,18.0,13,8,25,0,0,0,0,0,0,0,0,0,0,0,0,0,0,0,0,0,0,0,0,0,0,0,0,0,0,0,0,0,0,0,0,0,0,0,0,0,0,0,0,0,0,0,0,0,0,0,0
G500_00241,208000.0,454500.0,208500.0,455000.0,208250.0,454750.0,500,center_in_cheonan,34011320,광덕면,127.09231252402734,36.691218712718616,5.0,4,2,25,0,0,0,0,0,0,0,0,0,0,0,0,0,0,0,0,0,0,0,0,0,0,0,0,0,0,0,0,0,0,0,0,0,0,0,0,0,0,0,0,0,0,0,0,0,0,0,0
G500_00242,208500.0,454500.0,209000.0,455000.0,208750.0,454750.0,500,center_in_cheonan,34011320,광덕면,127.09790721526002,36.691214243831276,28.0,22,12,25,0,0,0,0,0,0,0,0,0,0,0,0,0,0,0,0,0,0,0,0,0,0,0,0,0,0,0,0,0,0,0,0,0,0,0,0,0,0,0,0,0,0,0,0,0,0,0,0
G500_00243,209000.0,454500.0,209500.0,455000.0,209250.0,454750.0,500,center_in_cheonan,34011320,광덕면,127.1035019052233,36.69120951206934,0.0,0,0,25,0,0,0,0,0,0,0,0,0,0,0,0,0,0,0,0,0,0,0,0,0,0,0,0,0,0,0,0,0,0,0,0,0,0,0,0,0,0,0,0,0,0,0,0,0,0,0,0
G500_00244,209500.0,454500.0,210000.0,455000.0,209750.0,454750.0,500,center_in_cheonan,34011320,광덕면,127.10909659384464,36.69120451743299,49.0,37,22,25,0,0,0,0,0,0,0,0,0,0,0,0,0,0,0,0,0,0,0,0,0,0,0,0,0,0,0,0,0,0,0,0,0,0,0,0,0,0,0,0,0,0,0,0,0,0,0,0
G500_00245,210000.0,454500.0,210500.0,455000.0,210250.0,454750.0,500,center_in_cheonan,34011320,광덕면,127.11469128105152,36.691199259922435,5.0,4,2,25,0,0,0,0,0,0,0,0,0,0,0,0,0,0,0,0,0,0,0,0,0,0,0,0,0,0,0,0,0,0,0,0,0,0,0,0,0,0,0,0,0,0,0,0,0,0,0,0
G500_00246,210500.0,454500.0,211000.0,455000.0,210750.0,454750.0,500,center_in_cheonan,34011320,광덕면,127.12028596677142,36.69119373953789,0.0,0,0,25,0,0,0,0,0,0,0,0,0,0,0,0,0,0,0,0,0,0,0,0,0,0,0,0,0,0,0,0,0,0,0,0,0,0,0,0,0,0,0,0,0,0,0,0,0,0,0,0
G500_00247,211000.0,454500.0,211500.0,455000.0,211250.0,454750.0,500,center_in_cheonan,34011320,광덕면,127.12588065093176,36.69118795627958,118.0,89,51,25,0,0,0,0,0,0,0,0,0,0,0,0,0,0,0,0,0,0,0,0,0,0,0,0,0,0,0,0,0,0,0,0,0,0,0,0,0,0,0,0,0,0,0,0,0,0,0,0
G500_00248,211500.0,454500.0,212000.0,455000.0,211750.0,454750.0,500,center_in_cheonan,34011320,광덕면,127.13147533346005,36.69118191014774,77.0,58,34,25,0,0,0,0,0,0,0,0,0,0,0,0,0,0,0,0,0,0,0,0,0,0,0,0,0,0,0,0,0,0,0,0,0,0,0,0,0,0,0,0,0,0,0,0,0,0,0,0
G500_00249,212000.0,454500.0,212500.0,455000.0,212250.0,454750.0,500,center_in_cheonan,34011320,광덕면,127.13707001428372,36.69117560114261,36.0,27,16,25,0,0,0,0,0,0,0,0,0,0,0,0,0,0,0,0,0,0,0,0,0,0,0,0,0,0,0,0,0,0,0,0,0,0,0,0,0,0,0,0,0,0,0,0,0,0,0,0
G500_00250,214000.0,454500.0,214500.0,455000.0,214250.0,454750.0,500,center_in_cheonan,34011320,광덕면,127.15944871908167,36.69114773639459,158.0,117,69,20,0,0,0,0,0,0,0,0,0,0,0,0,0,0,0,0,0,0,0,0,0,0,0,0,0,0,0,0,0,0,0,0,0,0,0,0,0,0,0,0,0,0,0,0,0,0,0,0
G500_00251,225000.0,454500.0,225500.0,455000.0,225250.0,454750.0,500,center_in_cheonan,34011350,수신면,127.28253087976084,36.69091929954884,0.0,0,0,10,0,0,0,0,0,0,0,0,0,0,0,0,0,0,0,0,0,0,0,0,0,0,0,0,0,0,0,0,0,0,0,0,0,0,0,0,0,0,0,0,0,0,0,0,0,0,0,0
G500_00252,204000.0,455000.0,204500.0,455500.0,204250.0,455250.0,500,center_in_cheonan,34011320,광덕면,127.04755773201305,36.69575064359396,0.0,0,0,24,0,0,0,0,0,0,0,0,0,0,0,0,0,0,0,0,0,0,0,0,0,0,0,0,0,0,0,0,0,0,0,0,0,0,0,0,0,0,0,0,0,0,0,0,0,0,0,0
G500_00253,204500.0,455000.0,205000.0,455500.0,204750.0,455250.0,500,center_in_cheonan,34011320,광덕면,127.05315275724094,36.69574827732315,18.0,14,8,25,0,0,0,0,0,0,0,0,0,0,0,0,0,0,0,0,0,0,0,0,0,0,0,0,0,0,0,0,0,0,0,0,0,0,0,0,0,0,0,0,0,0,0,0,0,0,0,0
G500_00254,205000.0,455000.0,205500.0,455500.0,205250.0,455250.0,500,center_in_cheonan,34011320,광덕면,127.05874778177954,36.69574564813368,8.0,6,4,25,0,0,0,0,0,0,0,0,0,0,0,0,0,0,0,0,0,0,0,0,0,0,0,0,0,0,0,0,0,0,0,0,0,0,0,0,0,0,0,0,0,0,0,0,0,0,0,0
G500_00255,205500.0,455000.0,206000.0,455500.0,205750.0,455250.0,500,center_in_cheonan,34011320,광덕면,127.06434280555634,36.69574275602568,5.0,4,2,25,0,0,0,0,0,0,0,0,0,0,0,0,0,0,0,0,0,0,0,0,0,0,0,0,0,0,0,0,0,0,0,0,0,0,0,0,0,0,0,0,0,0,0,0,0,0,0,0
G500_00256,206000.0,455000.0,206500.0,455500.0,206250.0,455250.0,500,center_in_cheonan,34011320,광덕면,127.06993782849878,36.69573960099927,15.0,12,6,25,0,0,0,0,0,0,0,0,0,0,0,0,0,0,0,0,0,0,0,0,0,0,0,0,0,0,0,0,0,0,0,0,0,0,0,0,0,0,0,0,0,0,0,0,0,0,0,0
G500_00257,206500.0,455000.0,207000.0,455500.0,206750.0,455250.0,500,center_in_cheonan,34011320,광덕면,127.07553285053432,36.695736183054564,5.0,4,2,25,0,0,0,0,0,0,0,0,0,0,0,0,0,0,0,0,0,0,0,0,0,0,0,0,0,0,0,0,0,0,0,0,0,0,0,0,0,0,0,0,0,0,0,0,0,0,0,0
G500_00258,207000.0,455000.0,207500.0,455500.0,207250.0,455250.0,500,center_in_cheonan,34011320,광덕면,127.08112787159037,36.695732502191724,0.0,0,0,25,0,0,0,0,0,0,0,0,0,0,0,0,0,0,0,0,0,0,0,0,0,0,0,0,0,0,0,0,0,0,0,0,0,0,0,0,0,0,0,0,0,0,0,0,0,0,0,0
G500_00259,207500.0,455000.0,208000.0,455500.0,207750.0,455250.0,500,center_in_cheonan,34011320,광덕면,127.08672289159438,36.69572855841088,85.0,64,36,25,0,0,0,0,0,0,0,0,0,0,0,0,0,0,0,0,0,0,0,0,0,0,0,0,0,0,0,0,0,0,0,0,0,0,0,0,0,0,0,0,0,0,0,0,0,0,0,0
G500_00260,208000.0,455000.0,208500.0,455500.0,208250.0,455250.0,500,center_in_cheonan,34011320,광덕면,127.09231791047384,36.69572435171218,10.0,8,4,25,0,0,0,1,1,0,0,0,0,0,0,0,0,0,0,0,0,0,0,0,0,0,0,0,0,0,0,0,0,0,0,0,0,0,0,0,0,0,0,0,0,0,0,0,0,0,0,0
G500_00261,208500.0,455000.0,209000.0,455500.0,208750.0,455250.0,500,center_in_cheonan,34011320,광덕면,127.09791292815615,36.695719882095844,81.0,60,33,25,0,0,0,0,0,0,0,0,0,0,0,0,0,0,0,0,0,0,0,0,0,0,0,0,0,0,0,0,0,0,0,0,0,0,0,0,0,0,0,0,0,0,0,0,0,0,0,0
G500_00262,209000.0,455000.0,209500.0,455500.0,209250.0,455250.0,500,center_in_cheonan,34011320,광덕면,127.10350794456878,36.69571514956201,86.0,63,36,25,0,0,0,0,0,0,0,0,0,0,0,0,0,0,0,0,0,0,0,0,0,0,0,0,0,0,0,0,0,0,0,0,0,0,0,0,0,0,0,0,0,0,0,0,0,0,0,0
G500_00263,209500.0,455000.0,210000.0,455500.0,209750.0,455250.0,500,center_in_cheonan,34011320,광덕면,127.10910295963916,36.69571015411088,130.0,97,56,25,0,0,0,0,0,0,0,0,0,0,0,0,1,0,1,0,0,0,0,0,0,0,0,0,0,0,0,0,0,0,0,0,0,0,0,0,0,0,0,0,0,0,0,0,0,0,0,0
G500_00264,210000.0,455000.0,210500.0,455500.0,210250.0,455250.0,500,center_in_cheonan,34011320,광덕면,127.11469797329477,36.69570489574267,26.0,19,11,25,0,0,0,0,0,0,0,0,0,0,0,0,0,0,0,0,0,0,0,0,0,0,0,0,0,0,0,0,0,0,0,0,0,0,0,0,0,0,0,0,0,0,0,0,0,0,0,0
G500_00265,210500.0,455000.0,211000.0,455500.0,210750.0,455250.0,500,center_in_cheonan,34011320,광덕면,127.12029298546305,36.69569937445759,0.0,0,0,25,0,0,0,0,0,0,0,0,0,0,0,0,0,0,0,0,0,0,0,0,0,0,0,0,0,0,0,0,0,0,0,0,0,0,0,0,0,0,0,0,0,0,0,0,0,0,0,0
G500_00266,211000.0,455000.0,211500.0,455500.0,211250.0,455250.0,500,center_in_cheonan,34011320,광덕면,127.12588799607144,36.695693590255864,59.0,45,24,25,0,0,0,0,0,0,0,0,0,0,0,0,0,0,0,0,0,0,0,0,0,0,0,0,0,0,0,0,0,0,0,0,0,0,0,0,0,0,0,0,0,0,0,0,0,0,0,0
G500_00267,211500.0,455000.0,212000.0,455500.0,211750.0,455250.0,500,center_in_cheonan,34011320,광덕면,127.13148300504736,36.69568754313772,8.0,6,3,25,0,0,0,0,0,0,0,0,0,0,0,0,0,0,0,0,0,0,0,0,0,0,0,0,0,0,0,0,0,0,0,0,0,0,0,0,0,0,0,0,0,0,0,0,0,0,0,0
G500_00268,212000.0,455000.0,212500.0,455500.0,212250.0,455250.0,500,center_in_cheonan,34011320,광덕면,127.1370780123183,36.69568123310341,0.0,0,0,25,0,0,0,0,0,0,0,0,0,0,0,0,0,0,0,0,0,0,0,0,0,0,0,0,0,0,0,0,0,0,0,0,0,0,0,0,0,0,0,0,0,0,0,0,0,0,0,0
G500_00269,222500.0,455000.0,223000.0,455500.0,222750.0,455250.0,500,center_in_cheonan,34011340,성남면,127.25457264266538,36.695487989299195,0.0,0,0,17,0,0,0,0,0,0,0,0,0,0,0,0,0,0,0,0,0,0,0,0,0,0,0,0,0,0,0,0,0,0,0,0,0,0,0,0,0,0,0,0,0,0,0,0,0,0,0,0
G500_00270,223000.0,455000.0,223500.0,455500.0,223250.0,455250.0,500,center_in_cheonan,34011340,성남면,127.26016759407105,36.695475895193304,0.0,0,0,25,0,0,0,0,0,0,0,0,0,0,0,0,0,0,0,0,0,0,0,0,0,0,0,0,0,0,0,0,0,0,0,0,0,0,0,0,0,0,0,0,0,0,0,0,0,0,0,0
G500_00271,223500.0,455000.0,224000.0,455500.0,223750.0,455250.0,500,center_in_cheonan,34011340,성남면,127.26576254210306,36.69546353817988,0.0,0,0,25,0,0,0,0,0,0,0,0,0,0,0,0,0,0,0,0,0,0,0,0,0,0,0,0,0,0,0,0,0,0,0,0,0,0,0,0,0,0,0,0,0,0,0,0,0,0,0,0
G500_00272,224000.0,455000.0,224500.0,455500.0,224250.0,455250.0,500,center_in_cheonan,34011350,수신면,127.27135748668886,36.69545091825942,0.0,0,0,16,0,0,0,0,0,0,0,0,0,0,0,0,0,0,0,0,0,0,0,0,0,0,0,0,0,0,0,0,0,0,0,0,0,0,0,0,0,0,0,0,0,0,0,0,0,0,0,0
G500_00273,224500.0,455000.0,225000.0,455500.0,224750.0,455250.0,500,center_in_cheonan,34011350,수신면,127.27695242775593,36.69543803543244,0.0,0,0,22,0,0,0,0,0,0,0,0,0,0,0,0,0,0,0,0,0,0,0,0,0,0,0,0,0,0,0,0,0,0,0,0,0,0,0,0,0,0,0,0,0,0,0,0,0,0,0,0
G500_00274,225000.0,455000.0,225500.0,455500.0,225250.0,455250.0,500,center_in_cheonan,34011350,수신면,127.28254736523174,36.69542488969945,0.0,0,0,25,0,0,0,0,0,0,0,0,0,0,0,0,0,0,0,0,0,0,0,0,0,0,0,0,0,0,0,0,0,0,0,0,0,0,0,0,0,0,0,0,0,0,0,0,0,0,0,0
G500_00275,225500.0,455000.0,226000.0,455500.0,225750.0,455250.0,500,center_in_cheonan,34011350,수신면,127.2881422990437,36.69541148106102,0.0,0,0,19,0,0,0,0,0,0,0,0,0,0,0,0,0,0,0,0,0,0,0,0,0,0,0,0,0,0,0,0,0,0,0,0,0,0,0,0,0,0,0,0,0,0,0,0,0,0,0,0
G500_00276,204000.0,455500.0,204500.0,456000.0,204250.0,455750.0,500,center_in_cheonan,34011320,광덕면,127.04756050747056,36.70025628345801,0.0,0,0,11,0,0,0,0,0,0,0,0,0,0,0,0,0,0,0,0,0,0,0,0,0,0,0,0,0,0,0,0,0,0,0,0,0,0,0,0,0,0,0,0,0,0,0,0,0,0,0,0
G500_00277,204500.0,455500.0,205000.0,456000.0,204750.0,455750.0,500,center_in_cheonan,34011320,광덕면,127.05315585922236,36.700253916801195,0.0,0,0,25,0,0,0,0,0,0,0,0,0,0,0,0,0,0,0,0,0,0,0,0,0,0,0,0,0,0,0,0,0,0,0,0,0,0,0,0,0,0,0,0,0,0,0,0,0,0,0,0
G500_00278,205000.0,455500.0,205500.0,456000.0,205250.0,455750.0,500,center_in_cheonan,34011320,광덕면,127.05875121028477,36.70025128718286,0.0,0,0,25,0,0,0,0,0,0,0,0,0,0,0,0,0,0,0,0,0,0,0,0,0,0,0,0,0,0,0,0,0,0,0,0,0,0,0,0,0,0,0,0,0,0,0,0,0,0,0,0
G500_00279,205500.0,455500.0,206000.0,456000.0,205750.0,455750.0,500,center_in_cheonan,34011320,광덕면,127.06434656058518,36.70024839460309,36.0,28,14,25,0,0,0,0,0,0,0,0,0,0,0,0,0,0,0,0,0,0,0,0,0,0,0,0,0,0,0,0,0,0,0,0,0,0,0,0,0,0,0,0,0,0,0,0,0,0,0,0
G500_00280,206000.0,455500.0,206500.0,456000.0,206250.0,455750.0,500,center_in_cheonan,34011320,광덕면,127.06994191005103,36.70024523906203,23.0,18,9,25,0,0,0,0,0,0,0,0,0,0,0,0,0,0,0,0,0,0,0,0,0,0,0,0,0,0,0,0,0,0,1,1,0,0,0,0,0,0,0,0,0,0,0,0,0,0,0,0
G500_00281,206500.0,455500.0,207000.0,456000.0,206750.0,455750.0,500,center_in_cheonan,34011320,광덕면,127.07553725860973,36.70024182055978,15.0,12,6,25,0,0,0,0,0,0,0,0,0,0,0,0,0,0,0,0,0,0,0,0,0,0,0,0,0,0,0,0,0,0,0,0,0,0,0,0,0,0,0,0,0,0,0,0,0,0,0,0
G500_00282,207000.0,455500.0,207500.0,456000.0,207250.0,455750.0,500,center_in_cheonan,34011320,광덕면,127.08113260618877,36.700238139096506,13.0,10,5,25,0,0,0,0,0,0,0,0,0,0,0,0,0,0,0,0,0,0,0,0,0,0,0,0,0,0,0,0,0,0,0,0,0,0,0,0,0,0,0,0,0,0,0,0,0,0,0,0
G500_00283,207500.0,455500.0,208000.0,456000.0,207750.0,455750.0,500,center_in_cheonan,34011320,광덕면,127.08672795271553,36.70023419467235,64.0,48,27,25,0,0,0,0,0,0,0,0,0,0,0,0,0,0,0,0,0,0,0,0,0,0,0,0,0,0,0,0,0,0,0,0,0,0,0,0,0,0,0,0,0,0,0,0,0,0,0,0
G500_00284,208000.0,455500.0,208500.0,456000.0,208250.0,455750.0,500,center_in_cheonan,34011320,광덕면,127.09232329811745,36.70022998728746,10.0,8,4,25,0,0,0,0,0,0,0,0,0,0,0,0,0,0,0,0,0,0,0,0,0,0,0,0,0,0,0,0,0,0,0,0,0,0,0,0,0,0,0,0,0,0,0,0,0,0,0,0
G500_00285,208500.0,455500.0,209000.0,456000.0,208750.0,455750.0,500,center_in_cheonan,34011320,광덕면,127.09791864232197,36.70022551694202,54.0,41,22,25,0,0,0,0,0,0,0,0,0,0,0,0,0,0,0,0,0,0,0,0,0,0,0,0,0,0,0,0,0,0,0,0,0,0,0,0,0,0,0,0,0,0,0,0,0,0,0,0
G500_00286,209000.0,455500.0,209500.0,456000.0,209250.0,455750.0,500,center_in_cheonan,34011320,광덕면,127.10351398525651,36.7002207836362,20.0,16,8,25,0,0,0,0,0,0,0,0,0,0,0,0,0,0,0,0,0,0,0,0,0,0,0,0,0,0,0,0,0,0,0,0,0,0,0,0,0,0,0,0,0,0,0,0,0,0,0,0
G500_00287,209500.0,455500.0,210000.0,456000.0,209750.0,455750.0,500,center_in_cheonan,34011320,광덕면,127.1091093268485,36.70021578737022,153.0,114,65,25,0,0,0,0,0,0,0,0,2,1,1,0,0,0,0,0,0,0,0,0,0,0,0,0,0,0,0,0,0,0,0,0,1,0,0,1,0,0,0,0,0,0,0,0,0,0,0,0
G500_00288,210000.0,455500.0,210500.0,456000.0,210250.0,455750.0,500,center_in_cheonan,34011320,광덕면,127.11470466702538,36.700210528144254,205.0,151,88,25,0,0,0,0,0,0,0,0,0,0,0,0,0,0,0,0,0,0,0,0,0,0,0,0,0,0,0,0,0,0,0,0,0,0,0,0,0,0,0,0,0,0,0,0,0,0,0,0
G500_00289,210500.0,455500.0,211000.0,456000.0,210750.0,455750.0,500,center_in_cheonan,34011320,광덕면,127.12030000571458,36.70020500595853,0.0,0,0,25,0,0,0,0,0,0,0,0,0,0,0,0,0,0,0,0,0,0,0,0,0,0,0,0,0,0,0,0,0,0,0,0,0,0,0,0,0,0,0,0,0,0,0,0,0,0,0,0
G500_00290,211000.0,455500.0,211500.0,456000.0,211250.0,455750.0,500,center_in_cheonan,34011320,광덕면,127.12589534284352,36.70019922081327,21.0,16,8,25,0,0,0,0,0,0,0,0,0,0,0,0,0,0,0,0,0,0,0,0,0,0,0,0,0,0,0,0,0,0,0,0,0,0,0,0,0,0,0,0,0,0,0,0,0,0,0,0
G500_00291,211500.0,455500.0,212000.0,456000.0,211750.0,455750.0,500,center_in_cheonan,34011320,광덕면,127.13149067833966,36.700193172708715,0.0,0,0,25,0,0,0,0,0,0,0,0,0,0,0,0,0,0,0,0,0,0,0,0,0,0,0,0,0,0,0,0,0,0,0,0,0,0,0,0,0,0,0,0,0,0,0,0,0,0,0,0
G500_00292,212000.0,455500.0,212500.0,456000.0,212250.0,455750.0,500,center_in_cheonan,34011320,광덕면,127.1370860121304,36.70018686164511,0.0,0,0,19,0,0,0,0,0,0,0,0,0,0,0,0,0,0,0,0,0,0,0,0,0,0,0,0,0,0,0,0,0,0,0,0,0,0,0,0,0,0,0,0,0,0,0,0,0,0,0,0
G500_00293,222000.0,455500.0,222500.0,456000.0,222250.0,455750.0,500,center_in_cheonan,34011340,성남면,127.24899221805879,36.70000541944651,0.0,0,0,25,0,0,0,0,0,0,0,0,0,0,0,0,0,0,0,0,0,0,0,0,0,0,0,0,0,0,0,0,0,0,0,0,0,0,0,0,0,0,0,0,0,0,0,0,0,0,0,0
G500_00294,222500.0,455500.0,223000.0,456000.0,222750.0,455750.0,500,center_in_cheonan,34011340,성남면,127.25458749927327,36.69999358631875,5.0,4,2,25,0,0,0,0,0,0,0,0,0,0,0,0,0,0,0,0,0,0,0,0,0,0,0,0,0,0,0,0,0,0,0,0,0,0,0,0,0,0,0,0,0,0,0,0,0,0,0,0
G500_00295,223000.0,455500.0,223500.0,456000.0,223250.0,455750.0,500,center_in_cheonan,34011340,성남면,127.26018277718588,36.69998149024006,64.0,46,23,25,0,0,0,0,0,0,0,0,0,0,0,0,0,0,0,0,0,0,0,0,0,0,0,0,0,0,0,0,0,0,0,0,0,0,0,0,0,0,0,0,0,0,0,0,0,0,0,0
G500_00296,223500.0,455500.0,224000.0,456000.0,223750.0,455750.0,500,center_in_cheonan,34011340,성남면,127.26577805172406,36.69996913121094,10.0,8,4,24,0,0,0,0,0,0,0,0,0,0,0,0,0,0,0,0,0,0,0,0,0,0,0,0,0,0,0,0,0,0,0,0,0,0,0,0,0,0,0,0,0,0,0,0,0,0,0,0
G500_00297,224000.0,455500.0,224500.0,456000.0,224250.0,455750.0,500,center_in_cheonan,34011350,수신면,127.27137332281524,36.699956509231924,36.0,22,13,25,0,0,0,0,0,0,0,0,0,0,0,0,0,0,0,0,0,0,0,0,0,0,0,0,0,0,0,0,0,0,0,0,0,0,0,0,0,0,0,0,0,0,0,0,0,0,0,0
G500_00298,224500.0,455500.0,225000.0,456000.0,224750.0,455750.0,500,center_in_cheonan,34011350,수신면,127.27696859038689,36.69994362430348,18.0,11,7,25,0,0,0,0,0,0,0,0,0,0,0,0,0,0,0,0,0,0,0,0,0,0,0,0,0,0,0,0,0,0,0,0,0,0,0,0,0,0,0,0,0,0,0,0,0,0,0,0
G500_00299,225000.0,455500.0,225500.0,456000.0,225250.0,455750.0,500,center_in_cheonan,34011350,수신면,127.28256385436643,36.699930476426175,0.0,0,0,25,0,0,0,0,0,0,0,0,0,0,0,0,0,0,0,0,0,0,0,0,0,0,0,0,0,0,0,0,0,0,0,0,0,0,0,0,0,0,0,0,0,0,0,0,0,0,0,0
G500_00300,225500.0,455500.0,226000.0,456000.0,225750.0,455750.0,500,center_in_cheonan,34011350,수신면,127.2881591146813,36.69991706560051,0.0,0,0,25,0,0,0,0,0,0,0,0,0,0,0,0,0,0,0,0,0,0,0,0,0,0,0,0,0,0,0,0,0,0,0,0,0,0,0,0,0,0,0,0,0,0,0,0,0,0,0,0
G500_00301,226000.0,455500.0,226500.0,456000.0,226250.0,455750.0,500,center_in_cheonan,34011350,수신면,127.29375437125893,36.69990339182705,0.0,0,0,25,0,0,0,0,0,0,0,0,0,0,0,0,0,0,0,0,0,0,0,0,0,0,0,0,0,0,0,0,0,0,0,0,0,0,0,0,0,0,0,0,0,0,0,0,0,0,0,0
G500_00302,226500.0,455500.0,227000.0,456000.0,226750.0,455750.0,500,center_in_cheonan,34011350,수신면,127.29934962402675,36.69988945510636,0.0,0,0,14,0,0,0,0,0,0,0,0,0,0,0,0,0,0,0,0,0,0,0,0,0,0,0,0,0,0,0,0,0,0,0,0,0,0,0,0,0,0,0,0,0,0,0,0,0,0,0,0
G500_00303,204500.0,456000.0,205000.0,456500.0,204750.0,456250.0,500,center_in_cheonan,34011320,광덕면,127.05315896189322,36.70475955286124,0.0,0,0,13,0,0,0,0,0,0,0,0,0,0,0,0,0,0,0,0,0,0,0,0,0,0,0,0,0,0,0,0,0,0,0,0,0,0,0,0,0,0,0,0,0,0,0,0,0,0,0,0
G500_00304,205000.0,456000.0,205500.0,456500.0,205250.0,456250.0,500,center_in_cheonan,34011320,광덕면,127.05875463955196,36.70475692281398,0.0,0,0,24,0,0,0,0,0,0,0,0,0,0,0,0,0,0,0,0,0,0,0,0,0,0,0,0,0,0,0,0,0,0,0,0,0,0,0,0,0,0,0,0,0,0,0,0,0,0,0,0
G500_00305,205500.0,456000.0,206000.0,456500.0,205750.0,456250.0,500,center_in_cheonan,34011320,광덕면,127.06435031644854,36.7047540297624,0.0,0,0,25,0,0,0,0,0,0,0,0,0,0,0,0,0,0,0,0,0,0,0,0,0,0,0,0,0,0,0,0,0,0,0,0,0,0,0,0,0,0,0,0,0,0,0,0,0,0,0,0
G500_00306,206000.0,456000.0,206500.0,456500.0,206250.0,456250.0,500,center_in_cheonan,34011320,광덕면,127.06994599251038,36.704750873706615,44.0,33,18,25,0,0,0,0,0,0,0,0,0,0,0,0,0,0,0,0,0,0,0,0,0,0,0,0,0,0,0,0,0,0,0,0,0,0,0,0,0,0,0,0,0,0,0,0,0,0,0,0
G500_00307,206500.0,456000.0,207000.0,456500.0,206750.0,456250.0,500,center_in_cheonan,34011320,광덕면,127.07554166766488,36.704747454646764,29.0,22,11,25,0,0,0,0,0,0,0,0,0,0,0,0,0,0,0,0,0,0,0,0,0,0,0,0,0,0,0,0,0,0,0,0,0,0,0,0,0,0,0,0,0,0,0,0,0,0,0,0
G500_00308,207000.0,456000.0,207500.0,456500.0,207250.0,456250.0,500,center_in_cheonan,34011320,광덕면,127.08113734183942,36.70474377258299,0.0,0,0,25,0,0,0,0,0,0,0,0,0,0,0,0,0,0,0,0,0,0,0,0,0,0,0,0,0,0,0,0,0,0,0,0,0,0,0,0,0,0,0,0,0,0,0,0,0,0,0,0
G500_00309,207500.0,456000.0,208000.0,456500.0,207750.0,456250.0,500,center_in_cheonan,34011320,광덕면,127.0867330149615,36.704739827515446,5.0,4,2,25,0,0,0,0,0,0,0,0,0,0,0,0,0,0,0,0,0,0,0,0,0,0,0,0,0,0,0,0,0,0,0,0,0,0,0,0,0,0,0,0,0,0,0,0,0,0,0,0
G500_00310,208000.0,456000.0,208500.0,456500.0,208250.0,456250.0,500,center_in_cheonan,34011320,광덕면,127.09232868695847,36.704735619444264,5.0,4,2,25,0,0,0,0,0,0,0,0,0,0,0,0,0,0,0,0,0,0,0,0,0,0,0,0,0,0,0,0,0,0,0,0,0,0,0,0,0,0,0,0,0,0,0,0,0,0,0,0
G500_00311,208500.0,456000.0,209000.0,456500.0,208750.0,456250.0,500,center_in_cheonan,34011320,광덕면,127.09792435775776,36.70473114836965,18.0,13,8,25,0,0,0,0,0,0,0,0,0,0,0,0,0,0,0,0,0,0,0,0,0,0,0,0,0,0,0,0,0,0,0,0,0,0,0,0,0,0,0,0,0,0,0,0,0,0,0,0
G500_00312,209000.0,456000.0,209500.0,456500.0,209250.0,456250.0,500,center_in_cheonan,34011320,광덕면,127.10352002728678,36.70472641429178,54.0,40,23,25,0,0,0,0,0,0,0,0,0,0,0,0,0,0,0,0,0,0,0,0,0,0,0,0,0,0,0,0,0,0,0,0,0,0,0,0,0,0,0,0,0,0,0,0,0,0,0,0
G500_00313,209500.0,456000.0,210000.0,456500.0,209750.0,456250.0,500,center_in_cheonan,34011320,광덕면,127.10911569547292,36.70472141721083,88.0,67,35,25,0,0,0,2,2,0,0,0,0,0,0,0,0,0,0,0,0,0,0,0,0,0,0,0,0,0,0,0,0,0,0,0,0,0,0,0,0,0,0,0,0,0,0,0,0,0,0,0
G500_00314,210000.0,456000.0,210500.0,456500.0,210250.0,456250.0,500,center_in_cheonan,34011320,광덕면,127.11471136224367,36.70471615712701,21.0,16,8,25,0,0,0,0,0,0,0,0,0,0,0,0,0,0,0,0,0,0,0,0,0,0,0,0,0,0,0,1,0,1,0,0,0,0,0,0,0,0,0,0,0,0,0,0,0,0,0,0
G500_00315,210500.0,456000.0,211000.0,456500.0,210750.0,456250.0,500,center_in_cheonan,34011320,광덕면,127.12030702752635,36.704710634040545,10.0,7,4,25,0,0,0,0,0,0,0,0,0,0,0,0,0,0,0,0,0,0,0,0,0,0,0,0,0,0,0,0,0,0,0,0,0,0,0,0,0,0,0,0,0,0,0,0,0,0,0,0
G500_00316,211000.0,456000.0,211500.0,456500.0,211250.0,456250.0,500,center_in_cheonan,34011320,광덕면,127.12590269124846,36.704704847951646,5.0,3,2,25,0,0,0,0,0,0,0,0,0,0,0,0,0,0,0,0,0,0,0,0,0,0,0,0,0,0,0,0,0,0,0,0,0,0,0,0,0,0,0,0,0,0,0,0,0,0,0,0
G500_00317,211500.0,456000.0,212000.0,456500.0,211750.0,456250.0,500,center_in_cheonan,34011320,광덕면,127.13149835333734,36.70469879886056,0.0,0,0,23,0,0,0,0,0,0,0,0,0,0,0,0,0,0,0,0,0,0,0,0,0,0,0,0,0,0,0,0,0,0,0,0,0,0,0,0,0,0,0,0,0,0,0,0,0,0,0,0
G500_00318,221000.0,456000.0,221500.0,456500.0,221250.0,456250.0,500,center_in_cheonan,34011340,성남면,127.23781552618124,36.7045338961058,0.0,0,0,12,0,0,0,0,0,0,0,0,0,0,0,0,0,0,0,0,0,0,0,0,0,0,0,0,0,0,0,0,0,0,0,0,0,0,0,0,0,0,0,0,0,0,0,0,0,0,0,0
G500_00319,221500.0,456000.0,222000.0,456500.0,221750.0,456250.0,500,center_in_cheonan,34011340,성남면,127.24341114036345,36.70452258703695,0.0,0,0,25,0,0,0,0,0,0,0,0,0,0,0,0,0,0,0,0,0,0,0,0,0,0,0,0,0,0,0,0,0,0,0,0,0,0,0,0,0,0,0,0,0,0,0,0,0,0,0,0
G500_00320,222000.0,456000.0,222500.0,456500.0,222250.0,456250.0,500,center_in_cheonan,34011340,성남면,127.24900675138825,36.704511014973335,0.0,0,0,25,0,0,0,0,0,0,0,0,0,0,0,0,0,0,0,0,0,0,0,0,0,0,0,0,0,0,0,0,0,0,0,0,0,0,0,0,0,0,0,0,0,0,0,0,0,0,0,0
G500_00321,222500.0,456000.0,223000.0,456500.0,222750.0,456250.0,500,center_in_cheonan,34011340,성남면,127.25460235918297,36.70449917991542,5.0,4,2,25,0,0,0,0,0,0,0,0,0,0,0,0,0,0,0,0,0,0,0,0,0,0,0,0,0,0,0,0,0,0,0,0,0,0,0,0,0,0,0,0,0,0,0,0,0,0,0,0
G500_00322,223000.0,456000.0,223500.0,456500.0,223250.0,456250.0,500,center_in_cheonan,34011340,성남면,127.26019796367511,36.704487081863704,31.0,22,12,25,0,0,0,0,0,0,0,0,0,0,0,0,0,0,0,0,0,0,0,0,0,0,0,0,0,0,0,0,0,0,0,0,0,0,0,0,0,0,0,0,0,0,0,0,0,0,0,0
G500_00323,223500.0,456000.0,224000.0,456500.0,223750.0,456250.0,500,center_in_cheonan,34011350,수신면,127.26579356479203,36.70447472081869,5.0,3,2,25,0,0,0,0,0,0,0,0,0,0,0,0,0,0,0,0,0,0,0,0,0,0,0,0,0,0,0,0,0,0,0,0,0,0,0,0,0,0,0,0,0,0,0,0,0,0,0,0
G500_00324,224000.0,456000.0,224500.0,456500.0,224250.0,456250.0,500,center_in_cheonan,34011350,수신면,127.27138916246118,36.704462096780844,57.0,34,21,25,0,0,0,0,0,0,0,0,0,0,0,0,0,0,0,0,0,0,0,0,0,0,0,0,0,0,0,0,0,0,0,0,0,0,0,0,0,0,0,0,0,0,0,0,0,0,0,0
G500_00325,224500.0,456000.0,225000.0,456500.0,224750.0,456250.0,500,center_in_cheonan,34011350,수신면,127.27698475660996,36.70444920975072,64.0,39,24,25,0,0,0,0,0,0,0,0,0,0,0,0,0,0,0,0,0,0,0,0,0,0,0,0,0,0,0,0,0,0,0,0,0,0,0,0,0,0,0,0,0,0,0,0,0,0,0,0
G500_00326,225000.0,456000.0,225500.0,456500.0,225250.0,456250.0,500,center_in_cheonan,34011350,수신면,127.28258034716583,36.70443605972881,5.0,3,2,25,0,0,0,0,0,0,0,0,0,0,0,0,0,0,0,0,0,0,0,0,0,0,0,0,0,0,0,0,0,0,0,0,0,0,0,0,0,0,0,0,0,0,0,0,0,0,0,0
G500_00327,225500.0,456000.0,226000.0,456500.0,225750.0,456250.0,500,center_in_cheonan,34011350,수신면,127.28817593405617,36.704422646715685,8.0,5,3,25,0,0,0,0,0,0,0,0,0,0,0,0,0,0,0,0,0,0,0,0,0,0,0,0,0,0,0,0,0,0,0,0,0,0,0,0,0,0,0,0,0,0,0,0,0,0,0,0
G500_00328,226000.0,456000.0,226500.0,456500.0,226250.0,456250.0,500,center_in_cheonan,34011350,수신면,127.29377151720838,36.70440897071186,0.0,0,0,25,0,0,0,0,0,0,0,0,0,0,0,0,0,0,0,0,0,0,0,0,0,0,0,0,0,0,0,0,0,0,0,0,0,0,0,0,0,0,0,0,0,0,0,0,0,0,0,0
G500_00329,226500.0,456000.0,227000.0,456500.0,226750.0,456250.0,500,center_in_cheonan,34011350,수신면,127.29936709654997,36.704395031717915,20.0,12,8,25,0,0,0,0,0,0,0,0,0,0,0,0,0,0,0,0,0,0,0,0,0,0,0,0,0,0,0,0,0,0,0,0,0,0,0,0,0,0,0,0,0,0,0,0,0,0,0,0
G500_00330,227000.0,456000.0,227500.0,456500.0,227250.0,456250.0,500,center_in_cheonan,34011350,수신면,127.30496267200827,36.704380829734404,0.0,0,0,21,0,0,0,0,0,0,0,0,0,0,0,0,0,0,0,0,0,0,0,0,0,0,0,0,0,0,0,0,0,0,0,0,0,0,0,0,0,0,0,0,0,0,0,0,0,0,0,0
G500_00331,206500.0,456500.0,207000.0,457000.0,206750.0,456750.0,500,center_in_cheonan,34011320,광덕면,127.07554607769991,36.70925308531535,0.0,0,0,15,0,0,0,0,0,0,0,0,0,0,0,0,0,0,0,0,0,0,0,0,0,0,0,0,0,0,0,0,0,0,0,0,0,0,0,0,0,0,0,0,0,0,0,0,0,0,0,0
G500_00332,207000.0,456500.0,207500.0,457000.0,207250.0,456750.0,500,center_in_cheonan,34011320,광덕면,127.08114207854263,36.70924940265102,0.0,0,0,24,0,0,0,0,0,0,0,0,0,0,0,0,0,0,0,0,0,0,0,0,0,0,0,0,0,0,0,0,0,0,0,0,0,0,0,0,0,0,0,0,0,0,0,0,0,0,0,0
G500_00333,207500.0,456500.0,208000.0,457000.0,207750.0,456750.0,500,center_in_cheonan,34011320,광덕면,127.08673807833257,36.709245456939996,5.0,3,2,25,0,0,0,0,0,0,0,0,0,0,0,0,0,0,0,0,0,0,0,0,0,0,0,0,0,0,0,0,0,0,0,0,0,0,0,0,0,0,0,0,0,0,0,0,0,0,0,0
G500_00334,208000.0,456500.0,208500.0,457000.0,208250.0,456750.0,500,center_in_cheonan,34011320,광덕면,127.09233407699716,36.709241248182465,44.0,30,17,25,0,0,0,0,0,0,0,0,0,0,0,0,0,0,0,0,0,0,0,0,0,0,0,0,0,0,0,0,0,0,0,0,0,0,0,0,0,0,0,0,0,0,0,0,0,0,0,0
G500_00335,208500.0,456500.0,209000.0,457000.0,208750.0,456750.0,500,center_in_cheonan,34011320,광덕면,127.09793007446382,36.70923677637858,13.0,9,5,25,0,0,0,0,0,0,0,0,0,0,0,0,0,0,0,0,0,0,0,0,0,0,0,0,0,0,0,0,0,0,0,0,0,0,0,0,0,0,0,0,0,0,0,0,0,0,0,0
G500_00336,209000.0,456500.0,209500.0,457000.0,209250.0,456750.0,500,center_in_cheonan,34011320,광덕면,127.1035260706599,36.709232041528566,31.0,22,13,25,0,0,0,0,0,0,0,0,0,0,0,0,0,0,0,0,0,0,0,0,0,0,0,0,0,0,0,0,0,0,0,0,0,0,0,0,0,0,0,0,0,0,0,0,0,0,0,0
G500_00337,209500.0,456500.0,210000.0,457000.0,209750.0,456750.0,500,center_in_cheonan,34011320,광덕면,127.1091220655128,36.709227043632566,28.0,18,11,25,0,0,0,0,0,0,0,0,0,0,0,0,0,0,0,0,0,0,0,0,0,0,0,0,0,0,0,0,0,0,0,0,0,0,0,0,0,0,0,0,0,0,0,0,0,0,0,0
G500_00338,210000.0,456500.0,210500.0,457000.0,210250.0,456750.0,500,center_in_cheonan,34011320,광덕면,127.11471805894996,36.70922178269079,147.0,102,63,25,0,0,0,0,0,0,0,0,0,0,0,0,0,0,0,0,0,0,0,0,0,0,0,0,0,0,0,0,0,0,0,0,0,0,0,0,0,0,0,0,0,0,0,0,0,0,0,0
G500_00339,210500.0,456500.0,211000.0,457000.0,210750.0,456750.0,500,center_in_cheonan,34011320,광덕면,127.12031405089874,36.70921625870347,15.0,9,6,25,0,0,0,0,0,0,0,0,0,0,0,0,0,0,0,0,0,0,0,0,0,0,0,0,0,0,0,0,0,0,0,0,0,0,0,0,0,0,0,0,0,0,0,0,0,0,0,0
G500_00340,211000.0,456500.0,211500.0,457000.0,211250.0,456750.0,500,center_in_cheonan,34011320,광덕면,127.12591004128657,36.709210471670836,21.0,15,8,25,0,0,0,0,0,0,0,0,0,0,0,0,0,0,0,0,0,0,0,0,0,0,0,0,0,0,0,0,0,0,0,0,0,0,0,0,0,0,0,0,0,0,0,0,0,0,0,0
G500_00341,220500.0,456500.0,221000.0,457000.0,220750.0,456750.0,500,center_in_cheonan,34011340,성남면,127.23223346551065,36.70905053981712,0.0,0,0,17,0,0,0,0,0,0,0,0,0,0,0,0,0,0,0,0,0,0,0,0,0,0,0,0,0,0,0,0,0,0,0,0,0,0,0,0,0,0,0,0,0,0,0,0,0,0,0,0
G500_00342,221000.0,456500.0,221500.0,457000.0,221250.0,456750.0,500,center_in_cheonan,34011340,성남면,127.23782940943276,36.7090394919418,0.0,0,0,25,0,0,0,0,0,0,0,0,0,0,0,0,0,0,0,0,0,0,0,0,0,0,0,0,0,0,0,0,0,0,0,0,0,0,0,0,0,0,0,0,0,0,0,0,0,0,0,0
G500_00343,221500.0,456500.0,222000.0,457000.0,221750.0,456750.0,500,center_in_cheonan,34011340,성남면,127.24342535026932,36.70902818102839,5.0,4,2,25,0,0,0,0,0,0,0,0,0,0,0,0,0,0,0,0,0,0,0,0,0,0,0,0,0,0,0,0,0,0,0,0,0,0,0,0,0,0,0,0,0,0,0,0,0,0,0,0
G500_00344,222000.0,456500.0,222500.0,457000.0,222250.0,456750.0,500,center_in_cheonan,34011340,성남면,127.24902128794773,36.7090166070773,42.0,28,15,25,0,0,0,0,0,0,0,0,0,0,0,0,0,0,0,0,0,0,0,0,0,0,0,0,0,0,0,0,0,0,0,0,0,0,0,0,0,0,0,0,0,0,0,0,0,0,0,0
G500_00345,222500.0,456500.0,223000.0,457000.0,222750.0,456750.0,500,center_in_cheonan,34011340,성남면,127.25461722239531,36.709004770089045,0.0,0,0,25,0,0,0,0,0,0,0,0,0,0,0,0,0,0,0,0,0,0,0,0,0,0,0,0,0,0,0,0,0,0,0,0,0,0,0,0,0,0,0,0,0,0,0,0,0,0,0,0
G500_00346,223000.0,456500.0,223500.0,457000.0,223250.0,456750.0,500,center_in_cheonan,34011340,성남면,127.26021315353955,36.70899267006408,5.0,4,2,25,0,0,0,0,0,0,0,0,0,0,0,0,0,0,0,0,0,0,0,0,0,0,0,0,0,0,0,0,0,0,0,0,0,0,0,0,0,0,0,0,0,0,0,0,0,0,0,0
G500_00347,223500.0,456500.0,224000.0,457000.0,223750.0,456750.0,500,center_in_cheonan,34011350,수신면,127.2658090813078,36.70898030700291,0.0,0,0,25,0,0,0,0,0,0,0,0,0,0,0,0,0,0,0,0,0,0,0,0,0,0,0,0,0,0,0,0,0,0,0,0,0,0,0,0,0,0,0,0,0,0,0,0,0,0,0,0
G500_00348,224000.0,456500.0,224500.0,457000.0,224250.0,456750.0,500,center_in_cheonan,34011350,수신면,127.27140500562747,36.70896768090603,15.0,9,6,25,0,0,0,0,0,0,0,0,0,0,0,0,0,0,0,0,0,0,0,0,0,0,0,0,0,0,0,0,0,0,0,0,0,0,0,0,0,0,0,0,0,0,0,0,0,0,0,0
G500_00349,224500.0,456500.0,225000.0,457000.0,224750.0,456750.0,500,center_in_cheonan,34011350,수신면,127.27700092642598,36.70895479177396,99.0,61,37,25,0,0,0,0,0,0,0,0,0,0,0,0,0,0,0,0,0,0,0,0,0,0,0,0,0,0,0,0,0,0,0,0,0,0,0,0,0,0,0,0,0,0,0,0,0,0,0,0
G500_00350,225000.0,456500.0,225500.0,457000.0,225250.0,456750.0,500,center_in_cheonan,34011350,수신면,127.28259684363074,36.70894163960723,86.0,52,33,25,0,0,0,0,0,0,0,0,0,0,0,0,0,0,0,0,0,0,0,0,0,0,0,0,0,0,0,0,0,0,0,0,0,0,0,0,0,0,0,0,0,0,0,0,0,0,0,0
G500_00351,225500.0,456500.0,226000.0,457000.0,225750.0,456750.0,500,center_in_cheonan,34011350,수신면,127.2881927571691,36.70892822440637,36.0,22,13,25,0,0,0,0,0,0,0,0,0,0,0,0,0,0,0,0,0,0,0,0,0,0,0,0,0,0,0,0,0,0,0,0,0,0,0,0,0,0,0,0,0,0,0,0,0,0,0,0
G500_00352,226000.0,456500.0,226500.0,457000.0,226250.0,456750.0,500,center_in_cheonan,34011350,수신면,127.29378866696854,36.70891454617193,0.0,0,0,25,0,0,0,0,0,0,0,0,0,0,0,0,0,0,0,0,0,0,0,0,0,0,0,0,0,0,0,0,0,0,0,0,0,0,0,0,0,0,0,0,0,0,0,0,0,0,0,0
G500_00353,226500.0,456500.0,227000.0,457000.0,226750.0,456750.0,500,center_in_cheonan,34011350,수신면,127.29938457295641,36.70890060490447,36.0,22,14,25,0,0,0,0,0,0,0,0,0,0,0,0,0,0,0,0,0,0,0,0,0,0,0,0,0,0,0,0,0,0,0,0,0,0,0,0,0,0,0,0,0,0,0,0,0,0,0,0
G500_00354,227000.0,456500.0,227500.0,457000.0,227250.0,456750.0,500,center_in_cheonan,34011350,수신면,127.30498047506013,36.70888640060457,0.0,0,0,23,0,0,0,0,0,0,0,0,0,0,0,0,0,0,0,0,0,0,0,0,0,0,0,0,0,0,0,0,0,0,0,0,0,0,0,0,0,0,0,0,0,0,0,0,0,0,0,0
G500_00355,207000.0,457000.0,207500.0,457500.0,207250.0,457250.0,500,center_in_cheonan,34011320,광덕면,127.08114681629856,36.71375502930042,0.0,0,0,19,0,0,0,0,0,0,0,0,0,0,0,0,0,0,0,0,0,0,0,0,0,0,0,0,0,0,0,0,0,0,0,0,0,0,0,0,0,0,0,0,0,0,0,0,0,0,0,0
G500_00356,207500.0,457000.0,208000.0,457500.0,207750.0,457250.0,500,center_in_cheonan,34011320,광덕면,127.086743142829,36.713751082945876,13.0,9,5,25,0,0,0,0,0,0,0,0,0,0,0,0,0,0,0,0,0,0,0,0,0,0,0,0,0,0,0,0,0,0,0,0,0,0,0,0,0,0,0,0,0,0,0,0,0,0,0,0
G500_00357,208000.0,457000.0,208500.0,457500.0,208250.0,457250.0,500,center_in_cheonan,34011320,광덕면,127.09233946823383,36.713746873501904,10.0,6,4,25,0,0,0,0,0,0,0,0,0,0,0,0,0,0,0,0,0,0,0,0,0,0,0,0,0,0,0,0,0,0,0,0,0,0,0,0,0,0,0,0,0,0,0,0,0,0,0,0
G500_00358,208500.0,457000.0,209000.0,457500.0,208750.0,457250.0,500,center_in_cheonan,34011320,광덕면,127.09793579244042,36.713742400968684,5.0,3,2,25,0,0,0,0,0,0,0,0,0,0,0,0,0,0,0,0,0,0,0,0,0,0,0,0,0,0,0,0,0,0,0,0,0,0,0,0,0,0,0,0,0,0,0,0,0,0,0,0
G500_00359,209000.0,457000.0,209500.0,457500.0,209250.0,457250.0,500,center_in_cheonan,34011320,광덕면,127.10353211537618,36.7137376653464,26.0,18,10,25,0,0,0,0,0,0,0,0,0,0,0,0,0,0,0,0,0,0,0,0,0,0,0,0,0,0,0,0,0,0,0,0,0,0,0,0,0,0,0,0,0,0,0,0,0,0,0,0
G500_00360,209500.0,457000.0,210000.0,457500.0,209750.0,457250.0,500,center_in_cheonan,34011320,광덕면,127.10912843696846,36.71373266663526,21.0,15,8,25,0,0,0,0,0,0,0,0,0,0,0,0,0,0,0,0,0,0,0,0,0,0,0,0,0,0,0,0,0,0,0,0,0,0,0,0,0,0,0,0,0,0,0,0,0,0,0,0
G500_00361,210000.0,457000.0,210500.0,457500.0,210250.0,457250.0,500,center_in_cheonan,34011310,풍세면,127.11472475714464,36.713727404835446,152.0,131,74,25,0,0,0,0,0,1,0,1,0,0,0,0,0,0,0,0,0,0,0,0,0,0,0,0,0,0,0,0,0,0,0,0,0,0,0,0,0,0,0,0,0,0,0,0,0,0,0,0
G500_00362,210500.0,457000.0,211000.0,457500.0,210750.0,457250.0,500,center_in_cheonan,34011320,광덕면,127.12032107583211,36.71372187994717,13.0,9,5,25,0,0,0,0,0,0,0,0,0,0,0,0,0,0,0,0,0,0,0,0,0,0,0,0,0,0,0,0,0,0,0,0,0,0,0,0,0,0,0,0,0,0,0,0,0,0,0,0
G500_00363,211000.0,457000.0,211500.0,457500.0,211250.0,457250.0,500,center_in_cheonan,34011310,풍세면,127.12591739295826,36.71371609197068,0.0,0,0,25,0,0,0,0,0,0,0,0,0,0,0,0,0,0,0,0,0,0,0,0,0,0,0,0,0,0,0,0,0,0,0,0,0,0,0,0,0,0,0,0,0,0,0,0,0,0,0,0
G500_00364,211500.0,457000.0,212000.0,457500.0,211750.0,457250.0,500,center_in_cheonan,34011310,풍세면,127.13151370845047,36.71371004090619,46.0,46,25,24,0,0,0,0,0,0,0,0,0,0,0,0,0,0,0,0,0,0,0,0,0,0,0,0,0,0,0,0,0,0,0,0,0,0,0,0,0,0,0,0,0,0,0,0,0,0,0,0
G500_00365,220000.0,457000.0,220500.0,457500.0,220250.0,457250.0,500,center_in_cheonan,34011340,성남면,127.22665075145666,36.713566920628175,0.0,0,0,24,0,0,0,0,0,0,0,0,0,0,0,0,0,0,0,0,0,0,0,0,0,0,0,0,0,0,0,0,0,0,0,0,0,0,0,0,0,0,0,0,0,0,0,0,0,0,0,0
G500_00366,220500.0,457000.0,221000.0,457500.0,220750.0,457250.0,500,center_in_cheonan,34011340,성남면,127.23224702512013,36.71355613403246,5.0,4,2,25,0,0,0,0,0,0,0,0,0,0,0,0,0,0,0,0,0,0,0,0,0,0,0,0,0,0,0,0,0,0,0,0,0,0,0,0,0,0,0,0,0,0,0,0,0,0,0,0
G500_00367,221000.0,457000.0,221500.0,457500.0,221250.0,457250.0,500,center_in_cheonan,34011340,성남면,127.2378432957699,36.713545084355275,20.0,16,8,25,0,0,0,0,0,0,0,0,0,0,0,0,0,0,0,0,0,0,0,0,0,0,0,0,0,0,0,0,0,0,0,0,0,0,0,0,0,0,0,0,0,0,0,0,0,0,0,0
G500_00368,221500.0,457000.0,222000.0,457500.0,221750.0,457250.0,500,center_in_cheonan,34011340,성남면,127.2434395633334,36.71353377159706,0.0,0,0,25,0,0,0,0,0,0,0,0,0,0,0,0,0,0,0,0,0,0,0,0,0,0,0,0,0,0,0,0,0,0,0,0,0,0,0,0,0,0,0,0,0,0,0,0,0,0,0,0
G500_00369,222000.0,457000.0,222500.0,457500.0,222250.0,457250.0,500,center_in_cheonan,34011340,성남면,127.24903582773798,36.71352219575831,25.0,20,10,25,0,0,0,0,0,0,0,0,0,0,0,0,0,0,0,0,0,0,0,0,0,0,0,0,0,0,0,0,0,0,0,0,0,0,0,0,0,0,0,0,0,0,0,0,0,0,0,0
G500_00370,222500.0,457000.0,223000.0,457500.0,222750.0,457250.0,500,center_in_cheonan,34011340,성남면,127.25463208891102,36.71351035683947,0.0,0,0,25,0,0,0,0,0,0,0,0,0,0,0,0,0,0,0,0,0,0,0,0,0,0,0,0,0,0,0,0,0,0,0,0,0,0,0,0,0,0,0,0,0,0,0,0,0,0,0,0
G500_00371,223000.0,457000.0,223500.0,457500.0,223250.0,457250.0,500,center_in_cheonan,34011340,성남면,127.26022834677995,36.71349825484102,33.0,25,12,25,0,0,0,0,0,0,0,0,0,0,0,0,0,0,0,0,0,0,0,0,0,0,0,0,0,0,0,0,0,0,0,0,0,0,0,0,0,0,0,0,0,0,0,0,0,0,0,0
G500_00372,223500.0,457000.0,224000.0,457500.0,223750.0,457250.0,500,center_in_cheonan,34011350,수신면,127.26582460127213,36.713485889763476,5.0,3,2,24,0,0,0,0,0,0,0,0,0,0,0,0,0,0,0,0,0,0,0,0,0,0,0,0,0,0,0,0,0,0,0,0,0,0,0,0,0,0,0,0,0,0,0,0,0,0,0,0
G500_00373,224000.0,457000.0,224500.0,457500.0,224250.0,457250.0,500,center_in_cheonan,34011350,수신면,127.27142085231493,36.71347326160733,18.0,11,7,25,0,0,0,0,0,0,0,0,0,0,0,0,0,0,0,0,0,0,0,0,0,0,0,0,0,0,0,0,0,0,0,0,0,0,0,0,0,0,0,0,0,0,0,0,0,0,0,0
G500_00374,224500.0,457000.0,225000.0,457500.0,224750.0,457250.0,500,center_in_cheonan,34011350,수신면,127.27701709983576,36.71346037037308,15.0,9,6,25,0,0,0,0,0,0,0,0,0,0,0,0,0,0,0,0,0,0,0,0,0,0,0,0,0,0,0,0,0,0,0,0,0,0,0,0,0,0,0,0,0,0,0,0,0,0,0,0
G500_00375,225000.0,457000.0,225500.0,457500.0,225250.0,457250.0,500,center_in_cheonan,34011350,수신면,127.28261334376201,36.71344721606127,34.0,21,12,25,0,0,0,0,0,0,0,0,0,0,0,0,0,0,0,0,0,0,0,0,0,0,0,0,0,0,0,0,0,0,0,0,0,0,0,0,0,0,0,0,0,0,0,0,0,0,0,0
G500_00376,225500.0,457000.0,226000.0,457500.0,225750.0,457250.0,500,center_in_cheonan,34011350,수신면,127.28820958402102,36.71343379867243,8.0,5,3,25,0,0,0,0,0,0,0,0,0,0,0,0,0,0,0,0,0,0,0,0,0,0,0,0,0,0,0,0,0,0,0,0,0,0,0,0,0,0,0,0,0,0,0,0,0,0,0,0
G500_00377,226000.0,457000.0,226500.0,457500.0,226250.0,457250.0,500,center_in_cheonan,34011350,수신면,127.29380582054024,36.713420118207125,5.0,3,2,25,0,0,0,0,0,0,0,0,0,0,0,0,0,0,0,0,0,0,0,0,0,0,0,0,0,0,0,0,0,0,0,0,0,0,0,0,0,0,0,0,0,0,0,0,0,0,0,0
G500_00378,226500.0,457000.0,227000.0,457500.0,226750.0,457250.0,500,center_in_cheonan,34011350,수신면,127.29940205324701,36.71340617466588,25.0,15,10,25,0,0,0,0,0,0,0,0,0,0,0,0,0,0,0,0,0,0,0,0,0,0,0,0,0,0,0,0,0,0,0,0,0,0,0,0,0,0,0,0,0,0,0,0,0,0,0,0
G500_00379,227000.0,457000.0,227500.0,457500.0,227250.0,457250.0,500,center_in_cheonan,34011350,수신면,127.30499828206875,36.71339196804929,5.0,3,2,25,0,0,0,0,0,0,0,0,0,0,0,0,0,0,0,0,0,0,0,0,0,0,0,0,0,0,0,0,0,0,0,0,0,0,0,0,0,0,0,0,0,0,0,0,0,0,0,0
G500_00380,207000.0,457500.0,207500.0,458000.0,207250.0,457750.0,500,center_in_cheonan,34011320,광덕면,127.08115155510748,36.718260652531065,0.0,0,0,16,0,0,0,0,0,0,0,0,0,0,0,0,0,0,0,0,0,0,0,0,0,0,0,0,0,0,0,0,0,0,0,0,0,0,0,0,0,0,0,0,0,0,0,0,0,0,0,0
G500_00381,207500.0,457500.0,208000.0,458000.0,207750.0,457750.0,500,center_in_cheonan,34011320,광덕면,127.08674820845103,36.7182567055329,5.0,3,2,25,0,0,0,0,0,0,0,0,0,0,0,0,0,0,0,0,0,0,0,0,0,0,0,0,0,0,0,0,0,0,0,0,0,0,0,0,0,0,0,0,0,0,0,0,0,0,0,0
G500_00382,208000.0,457500.0,208500.0,458000.0,208250.0,457750.0,500,center_in_cheonan,34011320,광덕면,127.09234486066872,36.71825249540241,0.0,0,0,25,0,0,0,0,0,0,0,0,0,0,0,0,0,0,0,0,0,0,0,0,0,0,0,0,0,0,0,0,0,0,0,0,0,0,0,0,0,0,0,0,0,0,0,0,0,0,0,0
G500_00383,208500.0,457500.0,209000.0,458000.0,208750.0,457750.0,500,center_in_cheonan,34011320,광덕면,127.0979415116879,36.71824802213977,0.0,0,0,25,0,0,0,0,0,0,0,0,0,0,0,0,0,0,0,0,0,0,0,0,0,0,0,0,0,0,0,0,0,0,0,0,0,0,0,0,0,0,0,0,0,0,0,0,0,0,0,0
G500_00384,209000.0,457500.0,209500.0,458000.0,209250.0,457750.0,500,center_in_cheonan,34011310,풍세면,127.10353816143592,36.71824328574515,0.0,0,0,25,0,0,0,0,0,0,0,0,0,0,0,0,0,0,0,0,0,0,0,1,1,0,0,0,0,0,0,0,0,0,0,0,0,0,0,0,0,0,0,0,0,0,0,0,0,0,0,0
G500_00385,209500.0,457500.0,210000.0,458000.0,209750.0,457750.0,500,center_in_cheonan,34011310,풍세면,127.1091348098402,36.71823828621877,0.0,0,0,25,0,0,0,0,0,0,0,0,0,0,0,0,0,0,0,0,0,0,0,0,0,0,0,0,0,0,0,0,0,0,0,0,0,0,0,0,0,0,0,0,0,0,0,0,0,0,0,0
G500_00386,210000.0,457500.0,210500.0,458000.0,210250.0,457750.0,500,center_in_cheonan,34011310,풍세면,127.11473145682804,36.7182330235608,129.0,129,70,25,0,0,0,0,0,0,0,0,0,0,0,0,0,0,0,0,0,0,0,0,0,0,0,0,0,0,0,0,0,0,1,1,0,0,0,0,0,0,0,0,0,0,0,0,0,0,0,0
G500_00387,210500.0,457500.0,211000.0,458000.0,210750.0,457750.0,500,center_in_cheonan,34011310,풍세면,127.12032810232682,36.71822749777148,116.0,116,61,25,0,0,0,0,0,0,0,0,0,0,0,0,0,0,0,0,0,0,0,0,0,0,0,0,0,0,0,0,0,0,0,0,0,0,0,0,0,0,0,0,0,0,0,0,0,0,0,0
G500_00388,211000.0,457500.0,211500.0,458000.0,211250.0,457750.0,500,center_in_cheonan,34011310,풍세면,127.12592474626392,36.71822170885103,5.0,5,3,25,0,0,0,0,0,0,0,0,0,0,0,0,0,0,0,0,0,0,0,0,0,0,0,0,0,0,0,0,0,0,0,0,0,0,0,0,0,0,0,0,0,0,0,0,0,0,0,0
G500_00389,211500.0,457500.0,212000.0,458000.0,211750.0,457750.0,500,center_in_cheonan,34011310,풍세면,127.13152138856668,36.71821565679967,39.0,39,21,25,0,0,0,0,0,0,0,0,0,0,0,0,0,0,0,0,0,0,0,0,0,0,0,0,0,0,0,0,0,0,0,0,0,0,0,0,0,0,0,0,0,0,0,0,0,0,0,0
G500_00390,212000.0,457500.0,212500.0,458000.0,212250.0,457750.0,500,center_in_cheonan,34011310,풍세면,127.1371180291625,36.71820934161767,25.0,25,15,25,0,0,0,0,0,0,0,0,0,0,0,0,0,0,0,0,0,0,0,0,0,0,0,0,0,0,0,0,0,0,0,0,0,0,0,0,0,0,0,0,0,0,0,0,0,0,0,0
G500_00391,212500.0,457500.0,213000.0,458000.0,212750.0,457750.0,500,center_in_cheonan,34011310,풍세면,127.14271466797872,36.71820276330528,16.0,16,8,19,0,0,0,0,0,0,0,0,0,0,0,0,0,0,0,0,0,0,0,0,0,0,0,0,0,0,0,0,0,0,0,0,0,0,0,0,0,0,0,0,0,0,0,0,0,0,0,0
G500_00392,219000.0,457500.0,219500.0,458000.0,219250.0,457750.0,500,center_in_cheonan,34011340,성남면,127.2154707775975,36.71809330051513,5.0,4,2,17,0,0,0,0,0,0,0,0,0,0,0,0,0,0,0,0,0,0,0,0,0,0,0,0,0,0,0,0,0,0,0,0,0,0,0,0,0,0,0,0,0,0,0,0,0,0,0,0
G500_00393,219500.0,457500.0,220000.0,458000.0,219750.0,457750.0,500,center_in_cheonan,34011340,성남면,127.22106738387274,36.718083038410285,0.0,0,0,25,0,0,0,0,0,0,0,0,0,0,0,0,0,0,0,0,0,0,0,0,0,0,0,0,0,0,0,0,0,0,0,0,0,0,0,0,0,0,0,0,0,0,0,0,0,0,0,0
G500_00394,220000.0,457500.0,220500.0,458000.0,220250.0,457750.0,500,center_in_cheonan,34011340,성남면,127.22666398727888,36.718072513180196,0.0,0,0,25,0,0,0,0,0,0,0,0,0,0,0,0,0,0,0,0,0,0,0,0,0,0,0,0,0,0,0,0,0,0,0,0,0,0,0,0,0,0,0,0,0,0,0,0,0,0,0,0
G500_00395,220500.0,457500.0,221000.0,458000.0,220750.0,457750.0,500,center_in_cheonan,34011340,성남면,127.2322605877433,36.7180617248253,18.0,13,7,25,0,0,0,0,0,0,0,0,0,0,0,0,0,0,0,0,0,0,0,0,0,0,0,0,0,0,0,0,0,0,0,0,0,0,0,0,0,0,0,0,0,0,0,0,0,0,0,0
G500_00396,221000.0,457500.0,221500.0,458000.0,221250.0,457750.0,500,center_in_cheonan,34011340,성남면,127.23785718519332,36.71805067334603,37.0,24,14,25,0,0,0,0,0,0,0,0,0,0,0,0,0,0,0,0,0,0,0,0,0,0,0,0,0,0,0,0,0,0,0,0,0,0,0,0,0,0,0,0,0,0,0,0,0,0,0,0
G500_00397,221500.0,457500.0,222000.0,458000.0,221750.0,457750.0,500,center_in_cheonan,34011340,성남면,127.24345377955636,36.718039358742836,67.0,46,25,25,0,0,0,0,0,0,0,0,0,0,0,0,0,0,0,0,0,0,0,0,0,0,0,0,0,0,0,0,0,0,0,0,0,0,0,0,0,0,0,0,0,0,0,0,0,0,0,0
G500_00398,222000.0,457500.0,222500.0,458000.0,222250.0,457750.0,500,center_in_cheonan,34011340,성남면,127.24905037075976,36.718027781016175,5.0,4,2,25,0,0,0,0,0,0,0,0,0,0,0,0,0,0,0,0,0,0,0,0,0,0,0,0,0,0,0,0,0,0,0,0,0,0,0,0,0,0,0,0,0,0,0,0,0,0,0,0
G500_00399,222500.0,457500.0,223000.0,458000.0,222750.0,457750.0,500,center_in_cheonan,34011340,성남면,127.25464695873087,36.718015940166545,119.0,82,42,25,0,0,0,0,0,0,0,0,0,0,0,0,0,0,0,0,0,0,0,0,0,0,0,0,0,0,0,0,0,0,0,0,1,0,0,0,1,0,0,0,0,0,0,0,0,0,0,0
G500_00400,223000.0,457500.0,223500.0,458000.0,223250.0,457750.0,500,center_in_cheonan,34011340,성남면,127.26024354339712,36.718003836194384,118.0,72,42,25,0,0,0,0,0,0,0,0,0,0,0,0,0,0,0,0,0,0,0,0,0,0,0,0,0,0,0,0,0,0,0,0,0,0,0,0,0,0,0,0,0,0,0,0,0,0,0,0
G500_00401,223500.0,457500.0,224000.0,458000.0,223750.0,457750.0,500,center_in_cheonan,34011350,수신면,127.26584012468582,36.71799146910023,5.0,3,2,25,0,0,0,0,0,0,0,0,0,0,0,0,0,0,0,0,0,0,0,0,0,0,0,0,0,0,0,0,0,0,0,0,0,0,0,0,0,0,0,0,0,0,0,0,0,0,0,0
G500_00402,224000.0,457500.0,224500.0,458000.0,224250.0,457750.0,500,center_in_cheonan,34011350,수신면,127.27143670252438,36.717978838884555,0.0,0,0,25,0,0,0,0,0,0,0,0,0,0,0,0,0,0,0,0,0,0,0,0,0,0,0,0,0,0,0,0,0,0,0,0,0,0,0,0,0,0,0,0,0,0,0,0,0,0,0,0
G500_00403,224500.0,457500.0,225000.0,458000.0,224750.0,457750.0,500,center_in_cheonan,34011350,수신면,127.27703327684013,36.717965945547896,46.0,28,17,25,0,0,0,0,0,0,0,0,0,0,0,0,0,0,0,0,0,0,0,0,0,0,0,0,0,0,0,0,0,0,0,0,0,0,0,0,0,0,0,0,0,0,0,0,0,0,0,0
G500_00404,225000.0,457500.0,225500.0,458000.0,225250.0,457750.0,500,center_in_cheonan,34011350,수신면,127.28262984756046,36.71795278909076,34.0,21,12,25,0,0,0,0,0,0,0,0,0,0,0,0,0,0,0,0,0,0,0,0,0,0,0,0,0,0,0,0,0,0,0,0,0,0,0,0,0,0,0,0,0,0,0,0,0,0,0,0
G500_00405,225500.0,457500.0,226000.0,458000.0,225750.0,457750.0,500,center_in_cheonan,34011350,수신면,127.28822641461277,36.717939369513715,49.0,30,17,25,0,0,0,0,0,0,0,0,0,0,0,0,0,0,0,0,0,0,0,0,0,0,0,0,0,0,0,0,0,0,0,0,1,0,0,0,1,0,0,0,0,0,0,0,0,0,0,0
G500_00406,226000.0,457500.0,226500.0,458000.0,226250.0,457750.0,500,center_in_cheonan,34011350,수신면,127.29382297792435,36.71792568681725,28.0,17,10,25,0,0,0,0,0,0,0,0,0,0,0,0,0,0,0,0,0,0,0,0,0,0,0,0,0,0,0,0,0,0,0,0,0,0,0,0,0,0,0,0,0,0,0,0,0,0,0,0
G500_00407,226500.0,457500.0,227000.0,458000.0,226750.0,457750.0,500,center_in_cheonan,34011350,수신면,127.29941953742266,36.717911741001984,8.0,5,3,25,0,0,0,0,0,0,0,0,0,0,0,0,0,0,0,0,0,0,0,0,0,0,0,0,0,0,0,0,0,0,0,0,0,0,0,0,0,0,0,0,0,0,0,0,0,0,0,0
G500_00408,227000.0,457500.0,227500.0,458000.0,227250.0,457750.0,500,center_in_cheonan,34011350,수신면,127.30501609303505,36.71789753206846,23.0,14,9,25,0,0,0,0,0,0,0,0,0,0,0,0,0,0,0,0,0,0,0,0,0,0,0,0,0,0,0,0,0,0,0,0,0,0,0,0,0,0,0,0,0,0,0,0,0,0,0,0
G500_00409,207500.0,458000.0,208000.0,458500.0,207750.0,458250.0,500,center_in_cheonan,34011310,풍세면,127.08675327519894,36.72276232470094,0.0,0,0,22,0,0,0,0,0,0,0,0,0,0,0,0,0,0,0,0,0,0,0,0,0,0,0,0,0,0,0,0,0,0,0,0,0,0,0,0,0,0,0,0,0,0,0,0,0,0,0,0
G500_00410,208000.0,458000.0,208500.0,458500.0,208250.0,458250.0,500,center_in_cheonan,34011310,풍세면,127.09235025430213,36.722758113883835,0.0,0,0,25,0,0,0,0,0,0,0,0,0,0,0,0,0,0,0,0,0,0,0,0,0,0,0,0,0,0,0,0,0,0,0,0,0,0,0,0,0,0,0,0,0,0,0,0,0,0,0,0
G500_00411,208500.0,458000.0,209000.0,458500.0,208750.0,458250.0,500,center_in_cheonan,34011310,풍세면,127.09794723220652,36.722753639891685,5.0,5,3,25,0,0,0,0,0,0,0,0,0,0,0,0,0,0,0,0,0,0,0,0,0,0,0,0,0,0,0,0,0,0,0,0,0,0,0,0,0,0,0,0,0,0,0,0,0,0,0,0
G500_00412,209000.0,458000.0,209500.0,458500.0,209250.0,458250.0,500,center_in_cheonan,34011310,풍세면,127.10354420883947,36.72274890272465,1287.0,1296,668,25,0,0,0,1,1,0,0,0,0,0,0,0,0,0,0,0,0,0,0,1,1,0,0,0,0,0,0,0,0,0,0,0,0,0,0,0,0,0,0,0,0,0,0,0,0,0,1,1
G500_00413,209500.0,458000.0,210000.0,458500.0,209750.0,458250.0,500,center_in_cheonan,34011310,풍세면,127.10914118412833,36.72274390238294,1503.0,1515,780,25,0,0,0,0,0,0,0,0,0,0,0,0,0,0,0,0,0,0,0,0,0,0,0,0,0,0,0,0,0,0,0,0,0,0,0,0,0,0,0,0,0,0,0,0,0,0,0,0
G500_00414,210000.0,458000.0,210500.0,458500.0,210250.0,458250.0,500,center_in_cheonan,34011310,풍세면,127.11473815800048,36.72273863886672,197.0,198,102,25,0,0,0,0,0,0,0,0,0,0,0,0,0,0,0,0,0,0,0,0,0,0,0,0,0,0,0,0,0,0,0,0,0,0,0,0,0,0,0,0,0,0,0,0,0,0,0,0
G500_00415,210500.0,458000.0,211000.0,458500.0,210750.0,458250.0,500,center_in_cheonan,34011310,풍세면,127.12033513038321,36.72273311217625,274.0,276,141,25,0,0,0,1,1,0,0,0,0,0,0,0,2,0,1,0,0,1,0,0,0,0,0,0,0,0,0,1,0,1,0,0,2,0,0,1,0,0,0,1,0,0,0,0,0,0,1,1
G500_00416,211000.0,458000.0,211500.0,458500.0,211250.0,458250.0,500,center_in_cheonan,34011310,풍세면,127.12593210120387,36.72272732231173,5.0,5,3,25,0,0,0,0,0,0,0,0,0,0,0,0,0,0,0,0,0,0,0,0,0,0,0,0,0,0,0,0,0,0,0,0,0,0,0,0,0,0,0,0,0,0,0,0,0,0,0,0
G500_00417,211500.0,458000.0,212000.0,458500.0,211750.0,458250.0,500,center_in_cheonan,34011310,풍세면,127.13152907038987,36.722721269273386,25.0,25,15,25,0,0,0,0,0,0,0,0,0,0,0,0,0,0,0,0,0,0,0,0,0,0,0,0,0,0,0,0,0,0,0,0,0,0,0,0,0,0,0,0,0,0,0,0,0,0,0,0
G500_00418,212000.0,458000.0,212500.0,458500.0,212250.0,458250.0,500,center_in_cheonan,34011310,풍세면,127.13712603786848,36.72271495306149,18.0,18,10,25,0,0,0,0,0,0,0,0,0,0,0,0,0,0,0,0,0,0,0,0,0,0,0,0,0,0,0,0,0,0,0,0,0,0,0,0,0,0,0,0,0,0,0,0,0,0,0,0
G500_00419,212500.0,458000.0,213000.0,458500.0,212750.0,458250.0,500,center_in_cheonan,34011310,풍세면,127.14272300356711,36.722708373676284,8.0,8,4,25,0,0,0,0,0,0,0,0,0,0,0,0,0,0,0,0,0,0,0,0,0,0,0,0,0,0,0,0,0,0,0,0,0,0,0,0,0,0,0,0,0,0,0,0,0,0,0,0
G500_00420,218000.0,458000.0,218500.0,458500.0,218250.0,458250.0,500,center_in_cheonan,34011340,성남면,127.20428948799325,36.72261863108541,0.0,0,0,11,0,0,0,0,0,0,0,0,0,0,0,0,0,0,0,0,0,0,0,0,0,0,0,0,0,0,0,0,0,0,0,0,0,0,0,0,0,0,0,0,0,0,0,0,0,0,0,0
G500_00421,218500.0,458000.0,219000.0,458500.0,218750.0,458250.0,500,center_in_cheonan,34011340,성남면,127.20988642666501,36.72260889364456,13.0,9,5,25,0,0,0,0,0,0,0,0,0,0,0,0,0,0,0,0,0,0,0,0,0,0,0,0,0,0,0,0,0,0,0,0,0,0,0,0,0,0,0,0,0,0,0,0,0,0,0,0
G500_00422,219000.0,458000.0,219500.0,458500.0,219250.0,458250.0,500,center_in_cheonan,34011340,성남면,127.21548336261229,36.72259889303473,50.0,35,19,25,0,0,0,0,0,0,0,0,0,0,0,0,0,0,0,0,0,0,0,0,0,0,0,0,0,0,0,0,0,0,0,0,0,0,0,0,0,0,0,0,0,0,0,0,0,0,0,0
G500_00423,219500.0,458000.0,220000.0,458500.0,219750.0,458250.0,500,center_in_cheonan,34011340,성남면,127.22108029576245,36.72258862925632,13.0,9,5,25,0,0,0,0,0,0,0,0,0,0,0,0,0,0,0,0,0,0,0,0,0,0,0,0,0,0,0,0,0,0,0,0,0,0,0,0,0,0,0,0,0,0,0,0,0,0,0,0
G500_00424,220000.0,458000.0,220500.0,458500.0,220250.0,458250.0,500,center_in_cheonan,34011340,성남면,127.22667722604285,36.72257810230977,18.0,13,6,25,0,0,0,0,0,0,0,0,0,0,0,0,0,0,0,0,0,0,0,0,0,0,0,0,0,0,0,0,0,0,0,0,0,0,0,0,0,0,0,0,0,0,0,0,0,0,0,0
G500_00425,220500.0,458000.0,221000.0,458500.0,220750.0,458250.0,500,center_in_cheonan,34011340,성남면,127.23227415338083,36.72256731219549,58.0,39,22,25,0,0,0,0,0,0,0,0,0,0,0,0,0,0,0,0,0,0,0,0,0,0,0,0,0,0,0,0,0,0,0,0,0,0,0,0,0,0,0,0,0,0,0,0,0,0,0,0
G500_00426,221000.0,458000.0,221500.0,458500.0,221250.0,458250.0,500,center_in_cheonan,34011340,성남면,127.23787107770376,36.72255625891393,18.0,13,6,25,0,0,0,0,0,0,0,0,0,0,0,0,0,0,0,0,0,0,0,0,0,0,0,0,0,0,0,0,0,0,0,0,0,0,0,0,0,0,0,0,0,0,0,0,0,0,0,0
G500_00427,221500.0,458000.0,222000.0,458500.0,221750.0,458250.0,500,center_in_cheonan,34011340,성남면,127.24346799893897,36.722544942465525,46.0,32,16,25,0,0,0,0,0,0,0,0,0,0,0,0,0,0,0,0,0,0,0,0,0,0,0,0,0,0,0,0,0,0,0,0,0,0,0,0,0,0,0,0,0,0,0,0,0,0,0,0
G500_00428,222000.0,458000.0,222500.0,458500.0,222250.0,458250.0,500,center_in_cheonan,34011340,성남면,127.2490649170138,36.72253336285076,20.0,16,8,25,0,0,0,0,0,0,0,0,0,0,0,0,0,0,0,0,0,0,0,0,0,0,0,0,0,0,0,0,0,0,0,0,0,0,0,0,0,0,0,0,0,0,0,0,0,0,0,0
G500_00429,222500.0,458000.0,223000.0,458500.0,222750.0,458250.0,500,center_in_cheonan,34011340,성남면,127.25466183185564,36.722521520070096,46.0,32,17,25,0,0,0,0,0,0,0,0,0,0,0,0,0,0,0,0,0,0,0,0,0,0,0,0,0,0,0,0,0,0,0,0,0,0,0,0,0,0,0,0,0,0,0,0,0,0,0,0
G500_00430,223000.0,458000.0,223500.0,458500.0,223250.0,458250.0,500,center_in_cheonan,34011340,성남면,127.2602587433918,36.72250941412402,31.0,22,12,25,0,0,0,0,0,0,0,0,0,0,0,0,0,0,0,0,0,0,0,0,0,0,0,0,0,0,0,0,0,0,0,0,0,0,0,0,0,0,0,0,0,0,0,0,0,0,0,0
G500_00431,223500.0,458000.0,224000.0,458500.0,223750.0,458250.0,500,center_in_cheonan,34011350,수신면,127.26585565154967,36.72249704501301,36.0,22,13,24,0,0,0,0,0,0,0,0,0,0,0,0,0,0,0,0,0,0,0,0,0,0,0,0,0,0,0,0,0,0,0,0,0,0,0,0,0,0,0,0,0,0,0,0,0,0,0,0
G500_00432,224000.0,458000.0,224500.0,458500.0,224250.0,458250.0,500,center_in_cheonan,34011350,수신면,127.27145255625659,36.72248441273759,49.0,30,18,25,0,0,0,0,0,0,0,0,0,0,0,0,0,0,0,0,0,0,0,0,0,0,0,0,0,0,0,0,0,0,0,0,0,0,0,0,0,0,0,0,0,0,0,0,0,0,0,0
G500_00433,224500.0,458000.0,225000.0,458500.0,224750.0,458250.0,500,center_in_cheonan,34011350,수신면,127.27704945743993,36.72247151729827,59.0,36,20,25,0,0,0,0,0,0,0,0,0,0,0,0,0,0,0,0,0,0,0,0,0,0,0,0,0,0,0,0,0,0,0,0,0,0,0,0,0,0,0,0,0,0,0,0,0,0,0,0
G500_00434,225000.0,458000.0,225500.0,458500.0,225250.0,458250.0,500,center_in_cheonan,34011350,수신면,127.28264635502697,36.72245835869556,23.0,14,9,25,0,0,0,0,0,0,0,0,0,0,0,0,0,0,0,0,0,0,0,0,0,0,0,0,0,0,0,0,0,0,0,0,0,0,0,0,0,0,0,0,0,0,0,0,0,0,0,0
G500_00435,225500.0,458000.0,226000.0,458500.0,225750.0,458250.0,500,center_in_cheonan,34011350,수신면,127.28824324894516,36.72244493693003,168.0,102,60,25,0,0,0,0,0,0,0,0,0,0,0,0,0,0,0,0,0,0,0,0,0,0,0,0,0,0,0,0,0,0,0,0,0,0,0,0,0,0,0,0,0,0,0,0,0,0,0,0
G500_00436,226000.0,458000.0,226500.0,458500.0,226250.0,458250.0,500,center_in_cheonan,34011350,수신면,127.2938401391218,36.722431252002195,23.0,14,8,25,0,0,0,0,0,0,0,0,0,0,0,0,0,0,0,0,0,0,0,0,0,0,0,0,0,0,0,0,0,0,0,0,0,0,0,0,0,0,0,0,0,0,0,0,0,0,0,0
G500_00437,226500.0,458000.0,227000.0,458500.0,226750.0,458250.0,500,center_in_cheonan,34011350,수신면,127.29943702548424,36.72241730391262,18.0,11,6,25,0,0,0,0,0,0,0,0,0,0,0,0,0,0,0,0,0,0,0,0,0,0,0,0,0,0,0,0,0,0,0,0,0,0,0,0,0,0,0,0,0,0,0,0,0,0,0,0
G500_00438,227000.0,458000.0,227500.0,458500.0,227250.0,458250.0,500,center_in_cheonan,34011350,수신면,127.30503390795987,36.72240309266189,46.0,28,17,25,0,0,0,0,0,0,0,0,0,0,0,0,0,0,0,0,0,0,0,0,0,0,0,0,0,0,0,0,0,0,0,0,0,0,0,0,0,0,0,0,0,0,0,0,0,0,0,0
G500_00439,207500.0,458500.0,208000.0,459000.0,207750.0,458750.0,500,center_in_cheonan,34011310,풍세면,127.08675834307299,36.727267940449806,0.0,0,0,25,0,0,0,0,0,0,0,0,0,0,0,0,0,0,0,0,0,0,0,0,0,0,0,0,0,0,0,0,0,0,0,0,0,0,0,0,0,0,0,0,0,0,0,0,0,0,0,0
G500_00440,208000.0,458500.0,208500.0,459000.0,208250.0,458750.0,500,center_in_cheonan,34011310,풍세면,127.09235564913429,36.72726372894604,8.0,8,4,24,0,0,0,0,0,0,0,0,0,0,0,0,0,0,0,0,0,0,0,0,0,0,0,0,0,0,0,0,0,0,0,0,0,0,0,0,0,0,0,0,0,0,0,0,0,0,0,0
G500_00441,208500.0,458500.0,209000.0,459000.0,208750.0,458750.0,500,center_in_cheonan,34011310,풍세면,127.09795295399657,36.72725925422429,5.0,5,3,25,0,0,0,0,0,0,0,0,0,0,0,0,0,0,0,0,0,0,0,1,1,0,0,0,0,0,0,0,0,0,0,0,0,0,0,0,0,0,0,0,0,0,0,0,0,0,0,0
G500_00442,209000.0,458500.0,209500.0,459000.0,209250.0,458750.0,500,center_in_cheonan,34011310,풍세면,127.10355025758709,36.727254516284745,219.0,221,115,25,0,0,0,8,8,0,0,0,0,0,0,0,0,0,0,0,0,0,0,1,0,0,1,0,0,0,0,0,0,0,0,0,2,0,0,0,0,0,0,0,0,0,0,1,0,1,1,1
G500_00443,209500.0,458500.0,210000.0,459000.0,209750.0,458750.0,500,center_in_cheonan,34011310,풍세면,127.10914755983323,36.72724951512759,2946.0,2967,1528,24,0,0,0,1,1,0,0,0,0,0,0,0,0,0,0,0,0,0,0,0,0,0,0,0,0,0,0,0,0,0,0,0,0,0,0,0,0,0,0,0,0,0,0,0,0,0,0,0
G500_00444,210000.0,458500.0,210500.0,459000.0,210250.0,458750.0,500,center_in_cheonan,34011310,풍세면,127.11474486066231,36.72724425075303,65.0,65,34,25,0,0,0,0,0,0,0,0,0,0,0,0,0,0,0,0,0,0,0,0,0,0,0,0,0,0,0,0,0,0,0,0,0,0,0,0,0,0,0,0,0,0,0,0,0,0,0,0
G500_00445,210500.0,458500.0,211000.0,459000.0,210750.0,458750.0,500,center_in_cheonan,34011310,풍세면,127.12034216000163,36.7272387231613,107.0,108,58,25,0,0,0,1,1,0,0,0,2,1,1,0,0,0,0,0,0,0,0,0,0,0,0,0,0,0,0,0,0,0,0,0,0,0,0,0,0,0,0,0,0,0,0,0,0,0,0,0
G500_00446,211000.0,458500.0,211500.0,459000.0,211250.0,458750.0,500,center_in_cheonan,34011310,풍세면,127.12593945777854,36.727232932352585,10.0,10,6,24,0,0,0,0,0,0,0,0,0,0,0,0,0,0,0,0,0,0,0,0,0,0,0,0,0,0,0,0,0,0,0,0,0,0,0,0,0,0,0,0,0,0,0,0,0,0,0,0
G500_00447,211500.0,458500.0,212000.0,459000.0,211750.0,458750.0,500,center_in_cheonan,34011310,풍세면,127.13153675392039,36.727226878327166,5.0,5,3,25,0,0,0,0,0,0,0,0,0,0,0,0,0,0,0,0,0,0,0,0,0,0,0,0,0,0,0,0,0,0,0,0,0,0,0,0,0,0,0,0,0,0,0,0,0,0,0,0
G500_00448,212000.0,458500.0,212500.0,459000.0,212250.0,458750.0,500,center_in_cheonan,34011310,풍세면,127.13713404835448,36.727220561085254,26.0,26,14,25,0,0,0,0,0,0,0,0,0,0,0,0,0,0,0,0,0,0,0,0,0,0,0,0,0,0,0,0,0,0,0,0,0,0,0,0,0,0,0,0,0,0,0,0,0,0,0,0
G500_00449,212500.0,458500.0,213000.0,459000.0,212750.0,458750.0,500,center_in_cheonan,34011310,풍세면,127.14273134100817,36.72721398062713,82.0,82,44,25,0,0,0,0,0,0,0,0,0,0,0,0,0,0,0,0,0,0,0,0,0,0,0,0,0,0,0,0,0,0,0,0,0,0,0,0,0,0,0,0,0,0,0,0,0,0,0,0
G500_00450,213000.0,458500.0,213500.0,459000.0,213250.0,458750.0,500,center_in_cheonan,34011310,풍세면,127.14832863180875,36.72720713695304,30.0,30,18,24,0,0,0,0,0,0,0,0,0,0,0,0,0,0,0,0,0,0,0,0,0,0,0,0,0,0,0,0,0,0,0,0,0,0,0,0,0,0,0,0,0,0,0,0,0,0,0,0
G500_00451,218000.0,458500.0,218500.0,459000.0,218250.0,458750.0,500,center_in_cheonan,34011340,성남면,127.20430142190813,36.72712422340157,0.0,0,0,23,0,0,0,0,0,0,0,0,0,0,0,0,0,0,0,0,0,0,0,0,0,0,0,0,0,0,0,0,0,0,0,0,0,0,0,0,0,0,0,0,0,0,0,0,0,0,0,0
G500_00452,218500.0,458500.0,219000.0,459000.0,218750.0,458750.0,500,center_in_cheonan,34011340,성남면,127.2098986875287,36.72711448437277,49.0,33,19,25,0,0,0,0,0,0,0,0,0,0,0,0,0,0,0,0,0,0,0,0,0,0,0,0,0,0,0,0,0,0,0,0,0,0,0,0,0,0,0,0,0,0,0,0,0,0,0,0
G500_00453,219000.0,458500.0,219500.0,459000.0,219250.0,458750.0,500,center_in_cheonan,34011340,성남면,127.21549595042418,36.727104482132106,40.0,28,16,25,0,0,0,0,0,0,0,0,0,0,0,0,0,0,0,0,0,0,0,0,0,0,0,0,0,0,0,0,0,0,0,0,0,0,0,0,0,0,0,0,0,0,0,0,0,0,0,0
G500_00454,219500.0,458500.0,220000.0,459000.0,219750.0,458750.0,500,center_in_cheonan,34011340,성남면,127.22109321052193,36.727094216679944,35.0,24,13,25,0,0,0,0,0,0,0,0,0,0,0,0,0,0,0,0,0,0,0,0,0,0,0,0,0,0,0,0,0,0,0,0,0,0,0,0,0,0,0,0,0,0,0,0,0,0,0,0
G500_00455,220000.0,458500.0,220500.0,459000.0,220250.0,458750.0,500,center_in_cheonan,34011340,성남면,127.22669046774924,36.72708368801673,46.0,32,17,25,0,0,0,0,0,0,0,0,0,0,0,0,0,0,0,0,0,0,0,0,0,0,0,0,0,0,0,0,0,0,0,0,0,0,0,0,0,0,0,0,0,0,0,0,0,0,0,0
G500_00456,220500.0,458500.0,221000.0,459000.0,220750.0,458750.0,500,center_in_cheonan,34011340,성남면,127.23228772203345,36.727072896142865,63.0,42,22,25,0,0,0,0,0,0,0,0,0,0,0,0,0,0,0,0,0,0,0,0,0,0,0,0,0,0,0,0,0,0,0,0,0,0,0,0,0,0,0,0,0,0,0,0,0,0,0,0
G500_00457,221000.0,458500.0,221500.0,459000.0,221250.0,458750.0,500,center_in_cheonan,34011340,성남면,127.2378849733019,36.7270618410588,0.0,0,0,25,0,0,0,0,0,0,0,0,0,0,0,0,0,0,0,0,0,0,0,0,0,0,0,0,0,0,0,0,0,0,0,0,0,0,0,0,0,0,0,0,0,0,0,0,0,0,0,0
G500_00458,221500.0,458500.0,222000.0,459000.0,221750.0,458750.0,500,center_in_cheonan,34011340,성남면,127.24348222148193,36.72705052276499,5.0,3,2,25,0,0,0,0,0,0,0,0,0,0,0,0,0,0,0,0,0,0,0,0,0,0,0,0,0,0,0,0,0,0,0,0,0,0,0,0,0,0,0,0,0,0,0,0,0,0,0,0
G500_00459,222000.0,458500.0,222500.0,459000.0,222250.0,458750.0,500,center_in_cheonan,34011340,성남면,127.24907946650086,36.727038941261895,96.0,64,33,25,0,0,0,0,0,0,0,0,2,1,1,0,0,0,0,0,0,0,0,0,0,0,0,0,0,0,0,0,0,0,0,0,0,0,0,0,0,0,0,0,0,0,0,0,0,0,0,0
G500_00460,222500.0,458500.0,223000.0,459000.0,222750.0,458750.0,500,center_in_cheonan,34011340,성남면,127.25467670828603,36.72702709654999,33.0,24,13,25,0,0,0,0,0,0,0,0,0,0,0,0,0,0,0,0,0,0,0,0,0,0,0,0,0,0,0,0,0,0,0,0,0,0,0,0,0,0,0,0,0,0,0,0,0,0,0,0
G500_00461,223000.0,458500.0,223500.0,459000.0,223250.0,458750.0,500,center_in_cheonan,34011340,성남면,127.2602739467648,36.72701498862974,42.0,26,16,25,0,0,0,0,0,0,0,0,0,0,0,0,0,0,0,0,0,0,0,0,0,0,0,0,0,0,0,0,0,0,0,0,0,0,0,0,0,0,0,0,0,0,0,0,0,0,0,0
G500_00462,223500.0,458500.0,224000.0,459000.0,223750.0,458750.0,500,center_in_cheonan,34011350,수신면,127.26587118186448,36.72700261750166,90.0,55,32,25,0,0,0,0,0,0,0,0,0,0,0,0,0,0,0,0,0,0,0,0,0,0,0,0,0,0,0,0,0,0,0,0,0,0,0,0,0,0,0,0,0,0,0,0,0,0,0,0
G500_00463,224000.0,458500.0,224500.0,459000.0,224250.0,458750.0,500,center_in_cheonan,34011350,수신면,127.27146841351241,36.726989983166256,38.0,23,14,25,0,0,0,0,0,0,0,0,0,0,0,0,0,0,0,0,0,0,0,0,0,0,0,0,0,0,0,0,0,0,0,0,0,0,0,0,0,0,0,0,0,0,0,0,0,0,0,0
G500_00464,224500.0,458500.0,225000.0,459000.0,224750.0,458750.0,500,center_in_cheonan,34011350,수신면,127.27706564163596,36.72697708562403,13.0,8,5,25,0,0,0,1,1,0,0,0,0,0,0,0,0,0,0,0,0,0,0,0,0,0,0,0,0,0,0,0,0,0,0,0,0,0,0,0,0,0,0,0,0,0,0,0,0,0,0,0
G500_00465,225000.0,458500.0,225500.0,459000.0,225250.0,458750.0,500,center_in_cheonan,34011350,수신면,127.2826628661624,36.72696392487551,28.0,17,11,25,0,0,0,0,0,0,0,0,0,0,0,0,0,0,0,0,0,0,0,0,0,0,0,0,0,0,0,1,0,1,0,0,0,0,0,0,0,0,0,0,0,0,0,0,0,0,0,0
G500_00466,225500.0,458500.0,226000.0,459000.0,225750.0,458750.0,500,center_in_cheonan,34011350,수신면,127.2882600870191,36.72695050092124,0.0,0,0,25,0,0,0,0,0,0,0,0,0,0,0,0,0,0,0,0,0,0,0,0,0,0,0,0,0,0,0,0,0,0,0,0,0,0,0,0,0,0,0,0,0,0,0,0,0,0,0,0
G500_00467,226000.0,458500.0,226500.0,459000.0,226250.0,458750.0,500,center_in_cheonan,34011350,수신면,127.29385730413343,36.72693681376176,0.0,0,0,25,0,0,0,0,0,0,0,0,0,0,0,0,0,0,0,0,0,0,0,0,0,0,0,0,0,0,0,0,0,0,0,0,0,0,0,0,0,0,0,0,0,0,0,0,0,0,0,0
G500_00468,226500.0,458500.0,227000.0,459000.0,226750.0,458750.0,500,center_in_cheonan,34011350,수신면,127.29945451743266,36.72692286339763,5.0,3,2,25,0,0,0,0,0,0,0,0,0,0,0,0,0,0,0,0,0,0,0,0,0,0,0,0,0,0,0,0,0,0,0,0,0,0,0,0,0,0,0,0,0,0,0,0,0,0,0,0
G500_00469,227000.0,458500.0,227500.0,459000.0,227250.0,458750.0,500,center_in_cheonan,34011350,수신면,127.30505172684418,36.72690864982943,24.0,15,9,25,0,0,0,0,0,0,0,0,0,0,0,0,0,0,0,0,0,0,0,0,0,0,0,0,0,0,0,0,0,0,0,0,0,0,0,0,0,0,0,0,0,0,0,0,0,0,0,0
G500_00470,227500.0,458500.0,228000.0,459000.0,227750.0,458750.0,500,center_in_cheonan,34011360,병천면,127.31064893229532,36.72689417305772,0.0,0,0,25,0,0,0,0,0,0,0,0,0,0,0,0,0,0,0,0,0,0,0,0,0,0,0,0,0,0,0,0,0,0,0,0,0,0,0,0,0,0,0,0,0,0,0,0,0,0,0,0
G500_00471,228000.0,458500.0,228500.0,459000.0,228250.0,458750.0,500,center_in_cheonan,34011360,병천면,127.3162461337134,36.726879433083106,13.0,11,7,24,0,0,0,0,0,0,0,0,0,0,0,0,0,0,0,0,0,0,0,0,0,0,0,0,0,0,0,0,0,0,0,0,0,0,0,0,0,0,0,0,0,0,0,0,0,0,0,0
G500_00472,207000.0,459000.0,207500.0,459500.0,207250.0,459250.0,500,center_in_cheonan,34011310,풍세면,127.08116577785464,36.731777501708805,0.0,0,0,16,0,0,0,0,0,0,0,0,0,0,0,0,0,0,0,0,0,0,0,0,0,0,0,0,0,0,0,0,0,0,0,0,0,0,0,0,0,0,0,0,0,0,0,0,0,0,0,0
G500_00473,207500.0,459000.0,208000.0,459500.0,207750.0,459250.0,500,center_in_cheonan,34011310,풍세면,127.08676341207341,36.73177355277936,0.0,0,0,25,0,0,0,0,0,0,0,0,0,0,0,0,0,0,0,0,0,0,0,0,0,0,0,0,0,0,0,0,0,0,0,0,0,0,0,0,0,0,0,0,0,0,0,0,0,0,0,0
G500_00474,208000.0,459000.0,208500.0,459500.0,208250.0,459250.0,500,center_in_cheonan,34011310,풍세면,127.09236104516556,36.73176934058883,124.0,126,65,25,0,0,0,0,0,0,0,0,0,0,0,0,0,0,0,0,0,0,0,0,0,0,0,0,0,0,0,0,0,0,0,0,0,0,0,0,0,0,0,0,0,0,0,0,0,0,0,0
G500_00475,208500.0,459000.0,209000.0,459500.0,208750.0,459250.0,500,center_in_cheonan,34011310,풍세면,127.09795867705836,36.731764865137414,93.0,94,48,25,0,0,0,2,2,0,0,0,0,0,0,0,0,0,0,0,0,0,0,2,0,0,2,0,0,0,0,0,0,0,0,0,0,0,0,0,0,0,0,0,0,0,0,0,0,0,0,0
G500_00476,209000.0,459000.0,209500.0,459500.0,209250.0,459250.0,500,center_in_cheonan,34011310,풍세면,127.10355630767913,36.731760126425264,135.0,137,71,25,0,0,0,0,0,0,0,0,0,0,0,0,0,0,0,0,0,0,0,0,0,0,0,0,0,0,0,0,0,0,0,0,0,0,0,0,0,0,0,0,0,0,0,0,0,0,0,0
G500_00477,209500.0,459000.0,210000.0,459500.0,209750.0,459250.0,500,center_in_cheonan,34011310,풍세면,127.1091539369552,36.73175512445259,13.0,13,7,25,0,0,0,0,0,0,0,0,0,0,0,0,0,0,0,0,0,0,0,0,0,0,0,0,0,0,0,0,0,0,0,0,0,0,0,0,0,0,0,0,0,0,0,0,0,0,0,0
G500_00478,210000.0,459000.0,210500.0,459500.0,210250.0,459250.0,500,center_in_cheonan,34011310,풍세면,127.11475156481389,36.7317498592196,84.0,84,46,25,0,0,0,0,0,0,0,0,0,0,0,0,0,0,0,0,0,0,0,0,0,0,0,0,0,0,0,0,0,0,0,0,0,0,0,0,0,0,0,0,0,0,0,0,0,0,0,0
G500_00479,210500.0,459000.0,211000.0,459500.0,210750.0,459250.0,500,center_in_cheonan,34011310,풍세면,127.12034919118247,36.731744330726485,33.0,33,19,25,0,0,0,0,0,0,0,0,0,0,0,0,0,0,0,0,0,0,0,0,0,0,0,0,0,0,0,0,0,0,0,0,0,0,0,0,0,0,0,0,0,0,0,0,0,0,0,0
G500_00480,211000.0,459000.0,211500.0,459500.0,211250.0,459250.0,500,center_in_cheonan,34011310,풍세면,127.12594681598829,36.731738538973495,0.0,0,0,25,0,0,0,0,0,0,0,0,0,0,0,0,0,0,0,0,0,0,0,0,0,0,0,0,0,0,0,0,0,0,0,0,0,0,0,0,0,0,0,0,0,0,0,0,0,0,0,0
G500_00481,211500.0,459000.0,212000.0,459500.0,211750.0,459250.0,500,center_in_cheonan,34011310,풍세면,127.13154443915866,36.731732483960855,5.0,5,3,25,0,0,0,0,0,0,0,0,0,0,0,0,0,0,0,0,0,0,0,0,0,0,0,0,0,0,0,0,0,0,0,0,0,0,0,0,0,0,0,0,0,0,0,0,0,0,0,0
G500_00482,212000.0,459000.0,212500.0,459500.0,212250.0,459250.0,500,center_in_cheonan,34011310,풍세면,127.13714206062089,36.731726165688826,34.0,34,18,25,0,0,0,0,0,0,0,0,0,0,0,0,0,0,0,0,0,0,0,0,0,0,0,0,0,0,0,0,0,0,0,0,0,0,0,0,0,0,0,0,0,0,0,0,0,0,0,0
G500_00483,212500.0,459000.0,213000.0,459500.0,212750.0,459250.0,500,center_in_cheonan,34011310,풍세면,127.1427396803023,36.73171958415764,65.0,65,34,24,0,0,0,0,0,0,0,0,0,0,0,0,0,0,0,0,0,0,0,0,0,0,0,0,0,0,0,0,0,0,0,0,0,0,0,0,0,0,0,0,0,0,0,0,0,0,0,0
G500_00484,213000.0,459000.0,213500.0,459500.0,213250.0,459250.0,500,center_in_cheonan,34011310,풍세면,127.1483372981302,36.73171273936759,0.0,0,0,25,0,0,0,0,0,0,0,0,0,0,0,0,0,0,0,0,0,0,0,0,0,0,0,0,0,0,0,0,0,0,0,0,0,0,0,0,0,0,0,0,0,0,0,0,0,0,0,0
G500_00485,213500.0,459000.0,214000.0,459500.0,213750.0,459250.0,500,center_in_cheonan,34011310,풍세면,127.1539349140319,36.73170563131893,5.0,5,3,24,0,0,0,0,0,0,0,0,0,0,0,0,0,0,0,0,0,0,0,0,0,0,0,0,0,0,0,0,0,0,0,0,0,0,0,0,0,0,0,0,0,0,0,0,0,0,0,0
G500_00486,215500.0,459000.0,216000.0,459500.0,215750.0,459250.0,500,center_in_cheonan,34011110,목천읍,127.17632535692304,36.73167456654434,8.0,7,4,25,0,0,0,0,0,0,0,0,0,0,0,0,0,0,0,0,0,0,0,0,0,0,0,0,0,0,0,0,0,0,0,0,0,0,0,0,0,0,0,0,0,0,0,0,0,0,0,0
G500_00487,216000.0,459000.0,216500.0,459500.0,216250.0,459250.0,500,center_in_cheonan,34011110,목천읍,127.18192296210349,36.73166614220728,0.0,0,0,24,0,0,0,0,0,0,0,0,0,0,0,0,0,0,0,0,0,0,0,0,0,0,0,0,0,0,0,0,0,0,0,0,0,0,0,0,0,0,0,0,0,0,0,0,0,0,0,0
G500_00488,216500.0,459000.0,217000.0,459500.0,216750.0,459250.0,500,center_in_cheonan,34011110,목천읍,127.18752056492164,36.731657454613526,0.0,0,0,24,0,0,0,0,0,0,0,0,0,0,0,0,0,0,0,0,0,0,0,0,0,0,0,0,0,0,0,0,0,0,0,0,0,0,0,0,0,0,0,0,0,0,0,0,0,0,0,0
G500_00489,217000.0,459000.0,217500.0,459500.0,217250.0,459250.0,500,center_in_cheonan,34011110,목천읍,127.1931181653048,36.73164850376343,0.0,0,0,25,0,0,0,0,0,0,0,0,0,0,0,0,0,0,0,0,0,0,0,0,0,0,0,0,0,0,0,0,0,0,0,0,0,0,0,0,0,0,0,0,0,0,0,0,0,0,0,0
G500_00490,217500.0,459000.0,218000.0,459500.0,217750.0,459250.0,500,center_in_cheonan,34011110,목천읍,127.19871576318029,36.73163928965735,0.0,0,0,25,0,0,0,0,0,0,0,0,0,0,0,0,0,0,0,0,0,0,0,0,0,0,0,0,0,0,0,0,0,0,0,0,0,0,0,0,0,0,0,0,0,0,0,0,0,0,0,0
G500_00491,218000.0,459000.0,218500.0,459500.0,218250.0,459250.0,500,center_in_cheonan,34011340,성남면,127.20431335847542,36.731629812295694,5.0,3,2,24,0,0,0,0,0,0,0,0,0,0,0,0,0,0,0,0,0,0,0,0,0,0,0,0,0,0,0,0,0,0,0,0,0,0,0,0,0,0,0,0,0,0,0,0,0,0,0,0
G500_00492,218500.0,459000.0,219000.0,459500.0,218750.0,459250.0,500,center_in_cheonan,34011340,성남면,127.20991095111751,36.73162007167881,18.0,11,7,25,0,0,0,0,0,0,0,0,0,0,0,0,0,0,0,0,0,0,0,0,0,0,0,0,0,0,0,0,0,0,0,0,0,0,0,0,0,0,0,0,0,0,0,0,0,0,0,0
G500_00493,219000.0,459000.0,219500.0,459500.0,219250.0,459250.0,500,center_in_cheonan,34011340,성남면,127.21550854103387,36.73161006780712,21.0,13,8,25,0,0,0,0,0,0,0,0,0,0,0,0,0,0,0,0,0,0,0,0,0,0,0,0,0,0,0,0,0,0,0,0,0,0,0,0,0,0,0,0,0,0,0,0,0,0,0,0
G500_00494,219500.0,459000.0,220000.0,459500.0,219750.0,459250.0,500,center_in_cheonan,34011340,성남면,127.22110612815182,36.73159980068101,26.0,17,9,25,0,0,0,0,0,0,0,0,0,0,0,0,0,0,0,0,0,0,0,0,0,0,0,0,0,0,0,0,0,0,0,0,0,0,0,0,0,0,0,0,0,0,0,0,0,0,0,0
G500_00495,220000.0,459000.0,220500.0,459500.0,220250.0,459250.0,500,center_in_cheonan,34011340,성남면,127.22670371239869,36.731589270300915,26.0,16,10,25,0,0,0,0,0,0,0,0,0,0,0,0,0,0,0,0,0,0,0,0,0,0,0,0,0,0,0,0,0,0,0,0,0,0,0,0,0,0,0,0,0,0,0,0,0,0,0,0
G500_00496,220500.0,459000.0,221000.0,459500.0,220750.0,459250.0,500,center_in_cheonan,34011340,성남면,127.2323012937018,36.731578476667266,65.0,42,23,25,0,0,0,0,0,0,0,0,0,0,0,0,0,0,0,0,0,0,0,0,0,0,0,0,0,0,0,0,0,0,0,0,0,0,0,0,0,0,0,0,0,0,0,0,0,0,0,0
G500_00497,221000.0,459000.0,221500.0,459500.0,221250.0,459250.0,500,center_in_cheonan,34011340,성남면,127.23789887198846,36.73156741978049,64.0,41,23,25,0,0,0,0,0,0,0,0,0,0,0,0,0,0,0,0,0,0,0,0,0,0,0,0,0,0,0,0,0,0,0,0,0,0,0,0,0,0,0,0,0,0,0,0,0,0,0,0
G500_00498,221500.0,459000.0,222000.0,459500.0,221750.0,459250.0,500,center_in_cheonan,34011340,성남면,127.24349644718596,36.73155609964106,5.0,3,2,25,0,0,0,0,0,0,0,0,0,0,0,0,0,0,0,0,0,0,0,0,0,0,0,0,0,0,0,0,0,0,0,0,0,0,0,0,0,0,0,0,0,0,0,0,0,0,0,0
G500_00499,222000.0,459000.0,222500.0,459500.0,222250.0,459250.0,500,center_in_cheonan,34011340,성남면,127.24909401922167,36.731544516249414,21.0,13,8,25,0,0,0,0,0,0,0,0,0,0,0,0,0,0,0,0,0,0,0,0,0,0,0,0,0,0,0,0,0,0,0,0,0,0,0,0,0,0,0,0,0,0,0,0,0,0,0,0
G500_00500,222500.0,459000.0,223000.0,459500.0,222750.0,459250.0,500,center_in_cheonan,34011340,성남면,127.25469158802288,36.73153266960604,10.0,6,4,25,0,0,0,0,0,0,0,0,0,0,0,0,0,0,0,0,0,0,0,0,0,0,0,0,0,0,0,0,0,0,0,0,0,0,0,0,0,0,0,0,0,0,0,0,0,0,0,0
G500_00501,223000.0,459000.0,223500.0,459500.0,223250.0,459250.0,500,center_in_cheonan,34011340,성남면,127.2602891535169,36.731520559711406,10.0,6,4,25,0,0,0,0,0,1,0,1,0,0,0,0,0,0,0,0,0,0,0,0,0,0,0,0,0,0,0,0,0,0,0,0,0,0,0,0,0,0,0,0,0,0,0,0,0,0,0,0
G500_00502,223500.0,459000.0,224000.0,459500.0,223750.0,459250.0,500,center_in_cheonan,34011350,수신면,127.26588671563105,36.73150818656602,23.0,14,8,25,0,0,0,0,0,0,0,0,0,0,0,0,0,0,0,0,0,0,0,0,0,0,0,0,0,0,0,0,0,0,0,0,0,0,0,0,0,0,0,0,0,0,0,0,0,0,0,0
G500_00503,224000.0,459000.0,224500.0,459500.0,224250.0,459250.0,500,center_in_cheonan,34011350,수신면,127.27148427429265,36.73149555017039,59.0,36,21,25,0,0,0,0,0,0,0,0,0,0,0,0,0,0,0,0,0,0,0,0,0,0,0,0,0,0,0,0,0,0,0,0,0,0,0,0,0,0,0,0,0,0,0,0,0,0,0,0
G500_00504,224500.0,459000.0,225000.0,459500.0,224750.0,459250.0,500,center_in_cheonan,34011350,수신면,127.27708182942905,36.731482650525024,169.0,102,62,25,0,0,0,1,1,0,0,0,0,0,0,0,0,0,0,0,0,0,0,0,0,0,0,0,0,0,0,0,0,0,0,0,0,0,0,0,0,0,0,0,0,0,0,0,0,0,0,0
G500_00505,225000.0,459000.0,225500.0,459500.0,225250.0,459250.0,500,center_in_cheonan,34011350,수신면,127.28267938096755,36.731469487630434,282.0,171,101,25,0,0,0,4,4,0,0,0,2,1,1,0,0,0,0,0,0,0,0,0,0,0,0,0,0,0,0,0,0,0,0,0,1,0,0,1,0,0,0,0,0,0,0,0,0,0,0,0
G500_00506,225500.0,459000.0,226000.0,459500.0,225750.0,459250.0,500,center_in_cheonan,34011350,수신면,127.28827692883544,36.73145606148719,88.0,53,30,25,0,0,0,0,0,0,0,0,0,0,0,0,0,0,0,0,0,0,0,0,0,0,0,0,0,0,0,0,0,0,0,0,0,0,0,0,0,0,0,0,0,0,0,0,0,0,0,0
G500_00507,226000.0,459000.0,226500.0,459500.0,226250.0,459250.0,500,center_in_cheonan,34011350,수신면,127.2938744729601,36.731442372095806,0.0,0,0,25,0,0,0,0,0,0,0,0,0,0,0,0,0,0,0,0,0,0,0,0,0,0,0,0,0,0,0,0,0,0,0,0,0,0,0,0,0,0,0,0,0,0,0,0,0,0,0,0
G500_00508,226500.0,459000.0,227000.0,459500.0,226750.0,459250.0,500,center_in_cheonan,34011350,수신면,127.29947201326881,36.731428419456854,52.0,32,18,25,0,0,0,0,0,0,0,0,0,0,0,0,0,0,0,0,0,0,0,0,0,0,0,0,0,0,0,0,0,0,0,0,0,0,0,0,0,0,0,0,0,0,0,0,0,0,0,0
G500_00509,227000.0,459000.0,227500.0,459500.0,227250.0,459250.0,500,center_in_cheonan,34011350,수신면,127.3050695496889,36.731414203570914,31.0,19,12,25,0,0,0,0,0,0,0,0,0,0,0,0,0,0,0,0,0,0,0,0,0,0,0,0,0,0,0,0,0,0,0,0,0,0,0,0,0,0,0,0,0,0,0,0,0,0,0,0
G500_00510,227500.0,459000.0,228000.0,459500.0,227750.0,459250.0,500,center_in_cheonan,34011350,수신면,127.31066708214769,36.731399724438546,18.0,11,6,25,0,0,0,0,0,0,0,0,0,0,0,0,0,0,0,0,0,0,0,0,0,0,0,0,0,0,0,0,0,0,0,0,0,0,0,0,0,0,0,0,0,0,0,0,0,0,0,0
G500_00511,228000.0,459000.0,228500.0,459500.0,228250.0,459250.0,500,center_in_cheonan,34011360,병천면,127.31626461057249,36.73138498206036,0.0,0,0,25,0,0,0,0,0,0,0,0,0,0,0,0,0,0,0,0,0,0,0,0,0,0,0,0,0,0,0,0,0,0,0,0,0,0,0,0,0,0,0,0,0,0,0,0,0,0,0,0
G500_00512,228500.0,459000.0,229000.0,459500.0,228750.0,459250.0,500,center_in_cheonan,34011360,병천면,127.32186213489064,36.731369976436945,0.0,0,0,20,0,0,0,0,0,0,0,0,0,0,0,0,0,0,0,0,0,0,0,0,0,0,0,0,0,0,0,0,0,0,0,0,0,0,0,0,0,0,0,0,0,0,0,0,0,0,0,0
G500_00513,229500.0,459000.0,230000.0,459500.0,229750.0,459250.0,500,center_in_cheonan,34011360,병천면,127.33305717091626,36.73133917545688,0.0,0,0,8,0,0,0,0,0,0,0,0,0,0,0,0,0,0,0,0,0,0,0,0,0,0,0,0,0,0,0,0,0,0,0,0,0,0,0,0,0,0,0,0,0,0,0,0,0,0,0,0
G500_00514,230000.0,459000.0,230500.0,459500.0,230250.0,459250.0,500,center_in_cheonan,34011360,병천면,127.33865468247838,36.73132338010149,0.0,0,0,18,0,0,0,0,0,0,0,0,0,0,0,0,0,0,0,0,0,0,0,0,0,0,0,0,0,0,0,0,0,0,0,0,0,0,0,0,0,0,0,0,0,0,0,0,0,0,0,0
G500_00515,207500.0,459500.0,208000.0,460000.0,207750.0,459750.0,500,center_in_cheonan,34011310,풍세면,127.08676848220051,36.73627916168944,34.0,34,18,25,0,0,0,0,0,0,0,0,0,0,0,0,0,0,0,0,0,0,0,0,0,0,0,0,0,0,0,0,0,0,0,0,0,0,0,0,0,0,0,0,0,0,0,0,0,0,0,0
G500_00516,208000.0,459500.0,208500.0,460000.0,208250.0,459750.0,500,center_in_cheonan,34011310,풍세면,127.09236644239616,36.73627494881209,23.0,23,13,25,0,0,0,0,0,0,0,0,0,0,0,0,0,0,0,0,0,0,0,0,0,0,0,0,0,0,0,0,0,0,0,0,0,0,0,0,0,0,0,0,0,0,0,0,0,0,0,0
G500_00517,208500.0,459500.0,209000.0,460000.0,208750.0,459750.0,500,center_in_cheonan,34011310,풍세면,127.09796440139216,36.73627047263089,29.0,29,15,25,0,0,0,0,0,0,0,0,0,0,0,0,0,0,0,0,0,0,0,0,0,0,0,0,0,0,0,0,0,0,0,0,0,0,0,0,0,0,0,0,0,0,0,0,0,0,0,0
G500_00518,209000.0,459500.0,209500.0,460000.0,209250.0,459750.0,500,center_in_cheonan,34011310,풍세면,127.10356235911587,36.736265733146055,5.0,5,3,25,0,0,0,0,0,0,0,0,0,0,0,0,0,0,0,0,0,0,0,1,1,0,0,0,0,0,0,0,0,0,0,0,0,0,0,0,0,0,0,0,0,0,0,0,0,0,0,0
G500_00519,209500.0,459500.0,210000.0,460000.0,209750.0,459750.0,500,center_in_cheonan,34011310,풍세면,127.10916031549455,36.73626073035776,77.0,77,41,25,0,0,0,0,0,0,0,0,0,0,0,0,0,0,0,0,0,0,0,0,0,0,0,0,0,0,0,0,0,0,0,0,0,0,0,0,0,0,0,0,0,0,0,0,0,0,0,0
G500_00520,210000.0,459500.0,210500.0,460000.0,210250.0,459750.0,500,center_in_cheonan,34011310,풍세면,127.11475827045554,36.73625546426622,58.0,58,32,25,0,0,0,0,0,0,0,0,0,0,0,0,0,0,0,0,0,0,0,0,0,0,0,0,0,0,0,0,0,0,0,0,0,0,0,0,0,0,0,0,0,0,0,0,0,0,0,0
G500_00521,210500.0,459500.0,211000.0,460000.0,210750.0,459750.0,500,center_in_cheonan,34011310,풍세면,127.12035622392608,36.73624993487165,179.0,180,93,25,0,0,0,0,0,0,0,0,0,0,0,0,0,0,0,0,0,0,0,0,0,0,0,0,0,0,0,0,0,0,0,0,0,0,0,0,0,0,0,0,0,0,0,0,0,0,0,0
G500_00522,211000.0,459500.0,211500.0,460000.0,211250.0,459750.0,500,center_in_cheonan,34011310,풍세면,127.12595417583348,36.736244142174264,5.0,5,3,25,0,0,0,0,0,0,0,0,0,0,0,0,0,0,0,0,0,0,0,0,0,0,0,0,0,0,0,0,0,0,0,0,0,0,0,0,0,0,0,0,0,0,0,0,0,0,0,0
G500_00523,211500.0,459500.0,212000.0,460000.0,211750.0,459750.0,500,center_in_cheonan,34011310,풍세면,127.13155212610508,36.7362380861743,8.0,8,4,25,0,0,0,0,0,0,0,0,0,0,0,0,0,0,0,0,0,0,0,0,0,0,0,0,0,0,0,0,0,0,0,0,0,0,0,0,0,0,0,0,0,0,0,0,0,0,0,0
G500_00524,212000.0,459500.0,212500.0,460000.0,212250.0,459750.0,500,center_in_cheonan,34011310,풍세면,127.13715007466813,36.73623176687202,41.0,41,22,25,0,0,0,0,0,0,0,0,0,0,0,0,0,0,0,0,0,0,0,0,0,0,0,0,0,0,0,0,0,0,0,0,0,0,0,0,0,0,0,0,0,0,0,0,0,0,0,0
G500_00525,212500.0,459500.0,213000.0,460000.0,212750.0,459750.0,500,center_in_cheonan,34011310,풍세면,127.14274802144995,36.73622518426766,5.0,5,3,25,0,0,0,0,0,0,0,0,0,0,0,0,0,0,0,0,0,0,0,0,0,0,0,0,0,0,0,0,0,0,0,0,0,0,0,0,0,0,0,0,0,0,0,0,0,0,0,0
G500_00526,213000.0,459500.0,213500.0,460000.0,213250.0,459750.0,500,center_in_cheonan,34011310,풍세면,127.14834596637783,36.7362183383615,62.0,62,33,25,0,0,0,0,0,0,0,0,0,0,0,0,0,0,0,0,0,0,0,0,0,0,0,0,0,0,0,0,0,0,0,0,1,0,0,0,1,0,0,0,0,0,0,0,0,0,0,0
G500_00527,213500.0,459500.0,214000.0,460000.0,213750.0,459750.0,500,center_in_cheonan,34011310,풍세면,127.15394390937908,36.736211229153824,31.0,31,17,25,0,0,0,1,1,0,0,0,2,1,1,0,0,0,0,0,0,0,0,0,0,0,0,0,0,0,0,0,0,0,1,1,0,0,0,0,0,0,0,0,0,0,0,0,0,0,0,0
G500_00528,214000.0,459500.0,214500.0,460000.0,214250.0,459750.0,500,center_in_cheonan,34011310,풍세면,127.15954185038098,36.73620385664491,5.0,5,3,25,0,0,0,0,0,0,0,0,0,0,0,0,0,0,0,0,0,0,0,0,0,0,0,0,0,0,0,0,0,0,0,0,0,0,0,0,0,0,0,0,0,0,0,0,0,0,0,0
G500_00529,214500.0,459500.0,215000.0,460000.0,214750.0,459750.0,500,center_in_cheonan,34011110,목천읍,127.16513978931081,36.736196220835076,10.0,10,6,25,0,0,0,0,0,0,0,0,0,0,0,0,0,0,0,0,0,0,0,0,0,0,0,0,0,0,0,0,0,0,0,0,0,0,0,0,0,0,0,0,0,0,0,0,0,0,0,0
G500_00530,215000.0,459500.0,215500.0,460000.0,215250.0,459750.0,500,center_in_cheonan,34011110,목천읍,127.17073772609595,36.73618832172461,106.0,98,52,25,0,0,0,0,0,0,0,0,0,0,0,0,0,0,0,0,0,0,0,0,0,0,0,0,0,0,0,0,0,0,0,0,0,0,0,0,0,0,0,0,0,0,0,0,0,0,0,0
G500_00531,215500.0,459500.0,216000.0,460000.0,215750.0,459750.0,500,center_in_cheonan,34011110,목천읍,127.17633566066361,36.73618015931387,28.0,27,16,25,0,0,0,0,0,0,0,0,0,0,0,0,0,0,0,0,0,0,0,0,0,0,0,0,0,0,0,0,0,0,0,0,0,0,0,0,0,0,0,0,0,0,0,0,0,0,0,0
G500_00532,216000.0,459500.0,216500.0,460000.0,216250.0,459750.0,500,center_in_cheonan,34011110,목천읍,127.18193359294112,36.73617173360315,15.0,15,9,25,0,0,0,0,0,0,0,0,0,0,0,0,0,0,0,0,0,0,0,0,0,0,0,0,0,0,0,0,0,0,0,0,0,0,0,0,0,0,0,0,0,0,0,0,0,0,0,0
G500_00533,216500.0,459500.0,217000.0,460000.0,216750.0,459750.0,500,center_in_cheonan,34011110,목천읍,127.18753152285582,36.73616304459279,10.0,10,6,25,0,0,0,0,0,0,0,0,0,0,0,0,0,0,0,0,0,0,0,0,0,0,0,0,0,0,0,0,0,0,0,0,0,0,0,0,0,0,0,0,0,0,0,0,0,0,0,0
G500_00534,217000.0,459500.0,217500.0,460000.0,217250.0,459750.0,500,center_in_cheonan,34011110,목천읍,127.19312945033495,36.73615409228319,5.0,5,3,25,0,0,0,0,0,0,0,0,0,0,0,0,0,0,0,0,0,0,0,0,0,0,0,0,0,0,0,0,0,0,0,0,0,0,0,0,0,0,0,0,0,0,0,0,0,0,0,0
G500_00535,217500.0,459500.0,218000.0,460000.0,217750.0,459750.0,500,center_in_cheonan,34011340,성남면,127.19872737530581,36.73614487667468,0.0,0,0,25,0,0,0,0,0,0,0,0,0,0,0,0,0,0,0,0,0,0,0,0,0,0,0,0,0,0,0,0,0,0,0,0,0,0,0,0,0,0,0,0,0,0,0,0,0,0,0,0
G500_00536,218000.0,459500.0,218500.0,460000.0,218250.0,459750.0,500,center_in_cheonan,34011340,성남면,127.20432529769575,36.736135397767654,39.0,25,14,25,0,0,0,0,0,0,0,0,0,0,0,0,0,0,0,0,0,0,0,0,0,0,0,0,0,0,0,0,0,0,0,0,0,0,0,0,0,0,0,0,0,0,0,0,0,0,0,0
G500_00537,218500.0,459500.0,219000.0,460000.0,218750.0,459750.0,500,center_in_cheonan,34011340,성남면,127.209923217432,36.736125655562475,5.0,3,2,25,0,0,0,0,0,0,0,0,0,0,0,0,0,0,0,0,0,0,0,0,0,0,0,0,0,0,0,0,0,0,0,0,0,0,0,0,0,0,0,0,0,0,0,0,0,0,0,0
G500_00538,219000.0,459500.0,219500.0,460000.0,219250.0,459750.0,500,center_in_cheonan,34011340,성남면,127.21552113444194,36.73611565005957,0.0,0,0,24,0,0,0,1,1,0,0,0,0,0,0,0,0,0,0,0,0,0,0,0,0,0,0,0,0,0,0,0,0,0,0,0,0,0,0,0,0,0,0,0,0,0,0,0,0,0,0,0
G500_00539,219500.0,459500.0,220000.0,460000.0,219750.0,459750.0,500,center_in_cheonan,34011340,성남면,127.22111904865281,36.73610538125933,41.0,26,15,25,0,0,0,0,0,0,0,0,0,0,0,0,0,0,0,0,0,0,0,0,0,0,0,0,0,0,0,0,0,0,0,0,0,0,0,0,0,0,0,0,0,0,0,0,0,0,0,0
G500_00540,220000.0,459500.0,220500.0,460000.0,220250.0,459750.0,500,center_in_cheonan,34011340,성남면,127.22671695999195,36.73609484916217,26.0,17,9,25,0,0,0,0,0,0,0,0,0,0,0,0,0,0,0,0,0,0,0,0,0,0,0,0,0,0,0,0,0,0,0,0,0,0,0,0,0,0,0,0,0,0,0,0,0,0,0,0
G500_00541,220500.0,459500.0,221000.0,460000.0,220750.0,459750.0,500,center_in_cheonan,34011340,성남면,127.23231486838662,36.736084053768536,13.0,8,5,24,0,0,0,0,0,0,0,0,0,0,0,0,0,0,0,0,0,0,0,0,0,0,0,0,0,0,0,0,0,0,0,0,0,0,0,0,0,0,0,0,0,0,0,0,0,0,0,0
G500_00542,221000.0,459500.0,221500.0,460000.0,221250.0,459750.0,500,center_in_cheonan,34011340,성남면,127.23791277376417,36.73607299507885,29.0,19,10,25,0,0,0,0,0,0,0,0,0,0,0,0,0,0,0,0,0,0,0,0,0,0,0,0,0,0,0,0,0,0,0,0,0,0,0,0,0,0,0,0,0,0,0,0,0,0,0,0
G500_00543,221500.0,459500.0,222000.0,460000.0,221750.0,459750.0,500,center_in_cheonan,34011340,성남면,127.24351067605184,36.736061673093566,0.0,0,0,25,0,0,0,0,0,0,0,0,0,0,0,0,0,0,0,0,0,0,0,0,0,0,0,0,0,0,0,0,0,0,0,0,0,0,0,0,0,0,0,0,0,0,0,0,0,0,0,0
G500_00544,222000.0,459500.0,222500.0,460000.0,222250.0,459750.0,500,center_in_cheonan,34011340,성남면,127.24910857517699,36.73605008781316,45.0,28,17,24,0,0,0,0,0,0,0,0,0,0,0,0,0,0,0,0,0,0,0,0,0,0,0,0,0,0,0,0,0,0,0,0,0,0,0,0,0,0,0,0,0,0,0,0,0,0,0,0
G500_00545,222500.0,459500.0,223000.0,460000.0,222750.0,459750.0,500,center_in_cheonan,34011340,성남면,127.25470647106687,36.7360382392381,62.0,40,22,25,0,0,0,0,0,0,0,0,0,0,0,0,0,0,0,0,0,0,0,0,0,0,0,0,0,0,0,0,0,0,0,0,0,0,0,0,0,0,0,0,0,0,0,0,0,0,0,0
G500_00546,223000.0,459500.0,223500.0,460000.0,223250.0,459750.0,500,center_in_cheonan,34011340,성남면,127.26030436364883,36.73602612736886,0.0,0,0,23,0,0,0,0,0,0,0,0,0,0,0,0,0,0,0,0,0,0,0,1,1,0,0,0,0,0,0,0,0,0,0,0,0,0,0,0,0,0,0,0,0,0,0,0,0,0,0,0
G500_00547,223500.0,459500.0,224000.0,460000.0,223750.0,459750.0,500,center_in_cheonan,34011350,수신면,127.26590225285015,36.73601375220593,0.0,0,0,24,0,0,0,0,0,0,0,0,0,0,0,0,0,0,0,0,0,0,0,0,0,0,0,0,0,0,0,0,0,0,0,0,0,0,0,0,0,0,0,0,0,0,0,0,0,0,0,0
G500_00548,224000.0,459500.0,224500.0,460000.0,224250.0,459750.0,500,center_in_cheonan,34011350,수신면,127.27150013859811,36.736001113749836,8.0,4,3,25,0,0,0,0,0,0,0,0,0,0,0,0,0,0,0,0,0,0,0,0,0,0,0,0,0,0,0,0,0,0,0,0,0,0,0,0,0,0,0,0,0,0,0,0,0,0,0,0
G500_00549,224500.0,459500.0,225000.0,460000.0,224750.0,459750.0,500,center_in_cheonan,34011350,수신면,127.27709802082006,36.73598821200109,23.0,13,9,25,0,0,0,0,0,0,0,0,0,0,0,0,0,0,0,0,0,0,0,0,0,0,0,0,0,0,0,0,0,0,0,0,0,0,0,0,0,0,0,0,0,0,0,0,0,0,0,0
G500_00550,225000.0,459500.0,225500.0,460000.0,225250.0,459750.0,500,center_in_cheonan,34011350,수신면,127.28269589944327,36.73597504696019,19.0,11,7,25,0,0,0,0,0,0,0,0,0,0,0,0,0,0,0,0,0,0,0,0,0,0,0,0,0,0,0,0,0,0,0,0,0,0,0,0,0,0,0,0,0,0,0,0,0,0,0,0
G500_00551,225500.0,459500.0,226000.0,460000.0,225750.0,459750.0,500,center_in_cheonan,34011350,수신면,127.28829377439506,36.7359616186277,10.0,6,4,25,0,0,0,0,0,0,0,0,0,0,0,0,0,0,0,0,0,0,0,0,0,0,0,0,0,0,0,0,0,0,0,0,0,0,0,0,0,0,0,0,0,0,0,0,0,0,0,0
G500_00552,226000.0,459500.0,226500.0,460000.0,226250.0,459750.0,500,center_in_cheonan,34011350,수신면,127.29389164560271,36.73594792700416,64.0,38,23,25,0,0,0,0,0,0,0,0,0,0,0,0,0,0,0,0,0,0,0,0,0,0,0,0,0,0,0,0,0,0,0,0,0,0,0,0,0,0,0,0,0,0,0,0,0,0,0,0
G500_00553,226500.0,459500.0,227000.0,460000.0,226750.0,459750.0,500,center_in_cheonan,34011350,수신면,127.29948951299356,36.73593397209014,10.0,6,4,25,0,0,0,0,0,0,0,0,0,0,0,0,0,0,0,0,0,0,0,0,0,0,0,0,0,0,0,0,0,0,0,0,0,0,0,0,0,0,0,0,0,0,0,0,0,0,0,0
G500_00554,227000.0,459500.0,227500.0,460000.0,227250.0,459750.0,500,center_in_cheonan,34011350,수신면,127.30508737649488,36.735919753886186,0.0,0,0,25,0,0,0,0,0,0,0,0,0,0,0,0,0,0,0,0,0,0,0,0,0,0,0,0,0,0,0,0,0,0,0,0,0,0,0,0,0,0,0,0,0,0,0,0,0,0,0,0
G500_00555,227500.0,459500.0,228000.0,460000.0,227750.0,459750.0,500,center_in_cheonan,34011350,수신면,127.310685236034,36.73590527239289,0.0,0,0,25,0,0,0,0,0,0,0,0,0,0,0,0,0,0,0,0,0,0,0,0,0,0,0,0,0,0,0,0,0,0,0,0,0,0,0,0,0,0,0,0,0,0,0,0,0,0,0,0
G500_00556,228000.0,459500.0,228500.0,460000.0,228250.0,459750.0,500,center_in_cheonan,34011360,병천면,127.3162830915382,36.73589052761084,0.0,0,0,25,0,0,0,0,0,0,0,0,0,0,0,0,0,0,0,0,0,0,0,0,0,0,0,0,0,0,0,0,0,0,0,0,0,0,0,0,0,0,0,0,0,0,0,0,0,0,0,0
G500_00557,228500.0,459500.0,229000.0,460000.0,228750.0,459750.0,500,center_in_cheonan,34011360,병천면,127.32188094293483,36.735875519540656,41.0,33,22,25,0,0,0,0,0,0,0,0,0,0,0,0,0,0,0,0,0,0,0,0,0,0,0,0,0,0,0,0,0,0,0,0,0,0,0,0,0,0,0,0,0,0,0,0,0,0,0,0
G500_00558,229000.0,459500.0,229500.0,460000.0,229250.0,459750.0,500,center_in_cheonan,34011360,병천면,127.32747879015112,36.735860248182924,5.0,4,3,22,0,0,0,0,0,0,0,0,0,0,0,0,0,0,0,0,0,0,0,0,0,0,0,0,0,0,0,0,0,0,0,0,0,0,0,0,0,0,0,0,0,0,0,0,0,0,0,0
G500_00559,229500.0,459500.0,230000.0,460000.0,229750.0,459750.0,500,center_in_cheonan,34011360,병천면,127.33307663311444,36.73584471353828,20.0,16,12,25,0,0,0,0,0,0,0,0,0,0,0,0,0,0,0,0,0,0,0,0,0,0,0,0,0,0,0,0,0,0,0,0,0,0,0,0,0,0,0,0,0,0,0,0,0,0,0,0
G500_00560,230000.0,459500.0,230500.0,460000.0,230250.0,459750.0,500,center_in_cheonan,34011360,병천면,127.33867447175207,36.73582891560735,15.0,12,9,25,0,0,0,0,0,0,0,0,0,0,0,0,0,0,0,0,0,0,0,0,0,0,0,0,0,0,0,0,0,0,0,0,0,0,0,0,0,0,0,0,0,0,0,0,0,0,0,0
G500_00561,207500.0,460000.0,208000.0,460500.0,207750.0,460250.0,500,center_in_cheonan,34011310,풍세면,127.0867735534545,36.74078476717989,5.0,5,3,18,0,0,0,0,0,0,0,0,0,0,0,0,0,0,0,0,0,0,0,0,0,0,0,0,0,0,0,0,0,0,0,0,0,0,0,0,0,0,0,0,0,0,0,0,0,0,0,0
G500_00562,208000.0,460000.0,208500.0,460500.0,208250.0,460250.0,500,center_in_cheonan,34011310,풍세면,127.09237184082635,36.74078055361563,52.0,52,28,25,0,0,0,0,0,0,0,0,0,0,0,0,0,0,0,0,0,0,0,0,0,0,0,0,0,0,0,0,0,0,0,0,0,0,0,0,0,0,0,0,0,0,0,0,0,0,0,0
G500_00563,208500.0,460000.0,209000.0,460500.0,208750.0,460250.0,500,center_in_cheonan,34011310,풍세면,127.09797012699828,36.74077607670459,107.0,107,56,25,0,0,0,0,0,0,0,0,0,0,0,0,0,0,0,0,0,0,0,0,0,0,0,0,0,0,0,0,0,0,0,0,0,0,0,0,0,0,0,0,0,0,0,0,0,0,0,0
G500_00564,209000.0,460000.0,209500.0,460500.0,209250.0,460250.0,500,center_in_cheonan,34011310,풍세면,127.10356841189763,36.740771336446976,28.0,28,16,25,0,0,0,0,0,0,0,0,0,0,0,0,0,0,0,0,0,0,0,0,0,0,0,0,0,0,0,0,0,0,0,0,0,0,0,0,0,0,0,0,0,0,0,0,0,0,0,0
G500_00565,209500.0,460000.0,210000.0,460500.0,209750.0,460250.0,500,center_in_cheonan,34011310,풍세면,127.10916669545163,36.74076633284297,13.0,13,7,25,0,0,0,0,0,0,0,0,0,0,0,0,0,0,0,0,0,0,0,0,0,0,0,0,0,0,0,0,0,0,0,0,0,0,0,0,0,0,0,0,0,0,0,0,0,0,0,0
G500_00566,210000.0,460000.0,210500.0,460500.0,210250.0,460250.0,500,center_in_cheonan,34011310,풍세면,127.11476497758761,36.74076106589279,0.0,0,0,25,0,0,0,0,0,0,0,0,0,0,0,0,0,0,0,0,0,0,0,0,0,0,0,0,0,0,0,0,0,0,0,0,0,0,0,0,0,0,0,0,0,0,0,0,0,0,0,0
G500_00567,210500.0,460000.0,211000.0,460500.0,210750.0,460250.0,500,center_in_cheonan,34011310,풍세면,127.12036325823281,36.74075553559665,50.0,51,26,25,0,0,0,0,0,0,0,0,0,0,0,0,0,0,0,0,0,0,0,0,0,0,0,0,0,0,0,0,0,0,0,0,0,0,0,0,0,0,0,0,0,0,0,0,0,0,0,0
G500_00568,211000.0,460000.0,211500.0,460500.0,211250.0,460250.0,500,center_in_cheonan,34011310,풍세면,127.12596153731452,36.74074974195475,125.0,126,67,25,0,0,0,0,0,0,0,0,0,0,0,0,0,0,0,0,0,0,0,0,0,0,0,0,0,0,0,0,0,0,0,0,0,0,0,0,0,0,0,0,0,0,0,0,0,0,0,0
G500_00569,211500.0,460000.0,212000.0,460500.0,211750.0,460250.0,500,center_in_cheonan,34011310,풍세면,127.13155981476001,36.74074368496735,5.0,5,3,25,0,0,0,0,0,0,0,0,0,0,0,0,0,0,0,0,0,0,0,0,0,0,0,0,0,0,0,0,0,0,0,0,0,0,0,0,0,0,0,0,0,0,0,0,0,0,0,0
G500_00570,212000.0,460000.0,212500.0,460500.0,212250.0,460250.0,500,center_in_cheonan,34011310,풍세면,127.13715809049658,36.7407373646347,52.0,52,27,25,0,0,0,0,0,0,0,0,0,0,0,0,0,0,0,0,0,0,0,0,0,0,0,0,0,0,0,0,0,0,0,0,0,0,0,0,0,0,0,0,0,0,0,0,0,0,0,0
G500_00571,212500.0,460000.0,213000.0,460500.0,212750.0,460250.0,500,center_in_cheonan,34011310,풍세면,127.14275636445153,36.740730780957044,10.0,10,6,25,0,0,0,0,0,0,0,0,0,0,0,0,0,0,0,0,0,0,0,0,0,0,0,0,0,0,0,0,0,0,0,0,0,0,0,0,0,0,0,0,0,0,0,0,0,0,0,0
G500_00572,213000.0,460000.0,213500.0,460500.0,213250.0,460250.0,500,center_in_cheonan,34011310,풍세면,127.1483546365521,36.740723933934646,18.0,18,10,25,0,0,0,0,0,0,0,0,0,0,0,0,0,0,0,0,0,0,0,0,0,0,0,0,0,0,0,0,0,0,0,0,0,0,0,0,0,0,0,0,0,0,0,0,0,0,0,0
G500_00573,213500.0,460000.0,214000.0,460500.0,213750.0,460250.0,500,center_in_cheonan,34011310,풍세면,127.15395290672559,36.740716823567816,111.0,111,58,25,0,0,0,0,0,0,0,0,0,0,0,0,0,0,0,0,0,0,0,0,0,0,0,0,0,0,0,0,0,0,0,0,0,0,0,0,0,0,0,0,0,0,0,0,0,0,0,0
G500_00574,214000.0,460000.0,214500.0,460500.0,214250.0,460250.0,500,center_in_cheonan,34011310,풍세면,127.15955117489928,36.74070944985681,15.0,15,9,25,0,0,0,0,0,0,0,0,0,0,0,0,0,0,0,0,0,0,0,0,0,0,0,0,0,0,0,0,0,0,0,0,0,0,0,0,0,0,0,0,0,0,0,0,0,0,0,0
G500_00575,214500.0,460000.0,215000.0,460500.0,214750.0,460250.0,500,center_in_cheonan,34011310,풍세면,127.16514944100042,36.740701812801944,0.0,0,0,25,0,0,0,0,0,0,0,0,0,0,0,0,0,0,0,0,0,0,0,0,0,0,0,0,0,0,0,0,0,0,0,0,0,0,0,0,0,0,0,0,0,0,0,0,0,0,0,0
G500_00576,215000.0,460000.0,215500.0,460500.0,215250.0,460250.0,500,center_in_cheonan,34011110,목천읍,127.17074770495637,36.740693912403536,5.0,5,3,25,0,0,0,0,0,0,0,0,0,0,0,0,0,0,0,0,0,0,0,0,0,0,0,0,0,0,0,0,0,0,0,0,0,0,0,0,0,0,0,0,0,0,0,0,0,0,0,0
G500_00577,215500.0,460000.0,216000.0,460500.0,215750.0,460250.0,500,center_in_cheonan,34011110,목천읍,127.17634596669433,36.740685748661896,8.0,7,4,25,0,0,0,0,0,0,0,0,0,0,0,0,0,0,0,0,0,0,0,0,0,0,0,0,0,0,0,0,0,0,0,0,0,0,0,0,0,0,0,0,0,0,0,0,0,0,0,0
G500_00578,216000.0,460000.0,216500.0,460500.0,216250.0,460250.0,500,center_in_cheonan,34011110,목천읍,127.18194422614164,36.74067732157736,0.0,0,0,25,0,0,0,0,0,0,0,0,0,0,0,0,0,0,0,0,0,0,0,0,0,0,0,0,0,0,0,0,0,0,0,0,0,0,0,0,0,0,0,0,0,0,0,0,0,0,0,0
G500_00579,216500.0,460000.0,217000.0,460500.0,216750.0,460250.0,500,center_in_cheonan,34011110,목천읍,127.18754248322554,36.740668631150264,0.0,0,0,25,0,0,0,0,0,0,0,0,0,0,0,0,0,0,0,0,0,0,0,0,0,0,0,0,0,0,0,0,0,0,0,0,0,0,0,0,0,0,0,0,0,0,0,0,0,0,0,0
G500_00580,217000.0,460000.0,217500.0,460500.0,217250.0,460250.0,500,center_in_cheonan,34011110,목천읍,127.19314073787332,36.740659677380975,0.0,0,0,25,0,0,0,0,0,0,0,0,0,0,0,0,0,0,0,0,0,0,0,0,0,0,0,0,0,0,0,0,0,0,0,0,0,0,0,0,0,0,0,0,0,0,0,0,0,0,0,0
G500_00581,217500.0,460000.0,218000.0,460500.0,217750.0,460250.0,500,center_in_cheonan,34011340,성남면,127.1987389900123,36.74065046026986,26.0,17,9,25,0,0,0,0,0,0,0,0,0,0,0,0,0,0,0,0,0,0,0,0,0,0,0,0,0,0,0,0,0,0,0,0,0,0,0,0,0,0,0,0,0,0,0,0,0,0,0,0
G500_00582,218000.0,460000.0,218500.0,460500.0,218250.0,460250.0,500,center_in_cheonan,34011340,성남면,127.20433723956974,36.740640979817286,8.0,5,3,25,0,0,0,0,0,0,0,0,0,0,0,0,0,0,0,0,0,0,0,0,0,0,0,0,0,0,0,0,0,0,0,0,0,0,0,0,0,0,0,0,0,0,0,0,0,0,0,0
G500_00583,218500.0,460000.0,219000.0,460500.0,218750.0,460250.0,500,center_in_cheonan,34011340,성남면,127.20993548647289,36.74063123602365,36.0,24,13,25,0,0,0,0,0,0,0,0,0,0,0,0,0,0,0,0,0,0,0,0,0,0,0,0,0,0,0,0,0,0,0,0,0,0,0,0,0,0,0,0,0,0,0,0,0,0,0,0
G500_00584,219000.0,460000.0,219500.0,460500.0,219250.0,460250.0,500,center_in_cheonan,34011340,성남면,127.21553373064908,36.740621228889346,0.0,0,0,25,0,0,0,0,0,0,0,0,0,0,0,0,0,0,0,0,0,0,0,0,0,0,0,0,0,0,0,0,0,0,0,0,0,0,0,0,0,0,0,0,0,0,0,0,0,0,0,0
G500_00585,219500.0,460000.0,220000.0,460500.0,219750.0,460250.0,500,center_in_cheonan,34011340,성남면,127.22113197202557,36.74061095841476,397.0,261,144,25,0,0,0,1,1,0,0,0,0,0,0,0,0,0,0,0,0,0,0,0,0,0,0,0,0,0,0,0,0,0,2,2,0,0,0,0,0,0,0,0,0,0,0,0,0,0,0,0
G500_00586,220000.0,460000.0,220500.0,460500.0,220250.0,460250.0,500,center_in_cheonan,34011340,성남면,127.22673021052964,36.740600424600345,141.0,92,52,25,0,0,0,0,0,0,0,0,0,0,0,0,0,0,0,0,0,0,0,0,0,0,0,0,0,0,0,0,0,0,0,0,0,0,0,0,0,0,0,0,0,0,0,0,0,0,0,0
G500_00587,220500.0,460000.0,221000.0,460500.0,220750.0,460250.0,500,center_in_cheonan,34011340,성남면,127.23232844608859,36.74058962744651,54.0,35,19,25,0,0,0,0,0,0,0,0,0,0,0,0,0,0,0,0,0,0,0,0,0,0,0,0,0,0,0,0,0,0,0,0,0,0,0,0,0,0,0,0,0,0,0,0,0,0,0,0
G500_00588,221000.0,460000.0,221500.0,460500.0,221250.0,460250.0,500,center_in_cheonan,34011340,성남면,127.2379266786297,36.74057856695371,137.0,89,48,25,0,0,0,1,1,0,0,0,2,1,1,0,0,0,0,0,0,0,0,0,0,0,0,0,0,0,0,0,0,0,0,0,1,0,0,1,0,0,0,0,0,0,0,0,0,0,0,0
G500_00589,221500.0,460000.0,222000.0,460500.0,221750.0,460250.0,500,center_in_cheonan,34011340,성남면,127.24352490808026,36.74056724312237,53.0,34,19,25,0,0,0,0,0,0,0,0,0,0,0,0,0,0,0,0,0,0,0,0,0,0,0,0,0,0,0,0,0,0,0,0,0,0,0,0,0,0,0,0,0,0,0,0,0,0,0,0
G500_00590,222000.0,460000.0,222500.0,460500.0,222250.0,460250.0,500,center_in_cheonan,34011340,성남면,127.24912313436754,36.74055565595299,28.0,17,11,25,0,0,0,0,0,0,0,0,0,0,0,0,0,0,0,0,0,0,0,0,0,0,0,0,0,0,0,0,0,0,0,0,0,0,0,0,0,0,0,0,0,0,0,0,0,0,0,0
G500_00591,222500.0,460000.0,223000.0,460500.0,222750.0,460250.0,500,center_in_cheonan,34011340,성남면,127.25472135741882,36.740543805446016,24.0,15,9,25,0,0,0,0,0,0,0,0,0,0,0,0,0,0,0,0,0,0,0,1,1,0,0,0,0,0,0,0,0,0,0,0,0,0,0,0,0,0,0,0,0,0,0,0,0,0,0,0
G500_00592,223000.0,460000.0,223500.0,460500.0,223250.0,460250.0,500,center_in_cheonan,34011340,성남면,127.2603195771614,36.74053169160192,15.0,9,6,25,0,0,0,2,2,0,0,0,0,0,0,0,0,0,0,0,0,0,0,1,0,0,1,0,0,0,0,0,0,0,0,0,0,0,0,0,0,0,0,0,0,0,0,0,0,0,0,0
G500_00593,223500.0,460000.0,224000.0,460500.0,223750.0,460250.0,500,center_in_cheonan,34011350,수신면,127.26591779352258,36.740519314421235,191.0,114,69,25,0,0,0,2,2,0,0,0,0,0,0,0,0,0,0,0,0,0,0,1,0,0,1,0,0,0,0,0,0,0,0,0,0,0,0,0,0,0,0,0,0,0,0,0,0,0,0,0
G500_00594,224000.0,460000.0,224500.0,460500.0,224250.0,460250.0,500,center_in_cheonan,34011350,수신면,127.27151600642962,36.74050667390445,176.0,105,63,25,0,0,0,0,0,0,0,0,0,0,0,0,0,0,0,0,0,0,0,0,0,0,0,0,0,0,0,0,0,0,0,0,0,0,0,0,0,0,0,0,0,0,0,0,0,0,0,0
G500_00595,224500.0,460000.0,225000.0,460500.0,224750.0,460250.0,500,center_in_cheonan,34011350,수신면,127.2771142158098,36.740493770052055,0.0,0,0,24,0,0,0,0,0,0,0,0,0,0,0,0,0,0,0,0,0,0,0,0,0,0,0,0,0,0,0,0,0,0,0,0,0,0,0,0,0,0,0,0,0,0,0,0,0,0,0,0
G500_00596,225000.0,460000.0,225500.0,460500.0,225250.0,460250.0,500,center_in_cheonan,34011350,수신면,127.28271242159045,36.740480602864615,0.0,0,0,25,0,0,0,0,0,0,0,0,0,0,0,0,0,0,0,0,0,0,0,0,0,0,0,0,0,0,0,0,0,0,0,0,0,0,0,0,0,0,0,0,0,0,0,0,0,0,0,0
G500_00597,225500.0,460000.0,226000.0,460500.0,225750.0,460250.0,500,center_in_cheonan,34011350,수신면,127.28831062369879,36.74046717234263,67.0,40,24,25,0,0,0,2,2,0,0,0,0,0,0,0,0,0,0,0,0,0,0,0,0,0,0,0,0,0,0,0,0,0,0,0,0,0,0,0,0,0,0,0,0,0,0,0,0,0,0,0
G500_00598,226000.0,460000.0,226500.0,460500.0,226250.0,460250.0,500,center_in_cheonan,34011350,수신면,127.29390882206216,36.74045347848667,73.0,42,26,24,0,0,0,0,0,0,0,0,0,0,0,0,0,0,0,0,0,0,0,0,0,0,0,0,0,0,0,0,0,0,0,0,0,0,0,0,0,0,0,0,0,0,0,0,0,0,0,0
G500_00599,226500.0,460000.0,227000.0,460500.0,226750.0,460250.0,500,center_in_cheonan,34011350,수신면,127.29950701660785,36.74043952129731,20.0,12,8,25,0,0,0,0,0,0,0,0,0,0,0,0,0,0,0,0,0,0,0,0,0,0,0,0,0,0,0,0,0,0,0,0,0,0,0,0,0,0,0,0,0,0,0,0,0,0,0,0
G500_00600,227000.0,460000.0,227500.0,460500.0,227250.0,460250.0,500,center_in_cheonan,34011350,수신면,127.30510520726311,36.74042530077508,15.0,9,6,24,0,0,0,0,0,0,0,0,0,0,0,0,0,0,0,0,0,0,0,0,0,0,0,0,0,0,0,0,0,0,0,0,0,0,0,0,0,0,0,0,0,0,0,0,0,0,0,0
G500_00601,227500.0,460000.0,228000.0,460500.0,227750.0,460250.0,500,center_in_cheonan,34011360,병천면,127.31070339395524,36.74041081692059,0.0,0,0,25,0,0,0,0,0,0,0,0,0,0,0,0,0,0,0,0,0,0,0,0,0,0,0,0,0,0,0,0,0,0,0,0,0,0,0,0,0,0,0,0,0,0,0,0,0,0,0,0
G500_00602,228000.0,460000.0,228500.0,460500.0,228250.0,460250.0,500,center_in_cheonan,34011360,병천면,127.31630157661154,36.740396069734416,5.0,4,3,25,0,0,0,0,0,0,0,0,0,0,0,0,0,0,0,0,0,0,0,0,0,0,0,0,0,0,0,0,0,0,0,0,0,0,0,0,0,0,0,0,0,0,0,0,0,0,0,0
G500_00603,228500.0,460000.0,229000.0,460500.0,228750.0,460250.0,500,center_in_cheonan,34011360,병천면,127.3218997551593,36.74038105921717,23.0,19,13,24,0,0,0,0,0,0,0,0,0,0,0,0,0,0,0,0,0,0,0,0,0,0,0,0,0,0,0,0,0,0,0,0,0,0,0,0,0,0,0,0,0,0,0,0,0,0,0,0
G500_00604,229000.0,460000.0,229500.0,460500.0,229250.0,460250.0,500,center_in_cheonan,34011360,병천면,127.3274979295258,36.74036578536945,70.0,56,36,25,0,0,0,0,0,0,0,0,0,0,0,0,0,0,0,0,0,0,0,0,0,0,0,0,0,0,0,0,0,0,0,0,0,0,0,0,0,0,0,0,0,0,0,0,0,0,0,0
G500_00605,229500.0,460000.0,230000.0,460500.0,229750.0,460250.0,500,center_in_cheonan,34011360,병천면,127.33309609963833,36.7403502481919,10.0,8,6,25,0,0,0,0,0,0,0,0,0,0,0,0,0,0,0,0,0,0,0,0,0,0,0,0,0,0,0,0,0,0,0,0,0,0,0,0,0,0,0,0,0,0,0,0,0,0,0,0
G500_00606,208000.0,460500.0,208500.0,461000.0,208250.0,460750.0,500,center_in_cheonan,34011310,풍세면,127.09237724045641,36.74528615499931,10.0,10,4,25,0,0,0,0,0,0,0,0,0,0,0,0,0,0,0,0,0,0,0,0,0,0,0,0,0,0,0,0,0,0,0,0,0,0,0,0,0,0,0,0,0,0,0,0,0,0,0,0
G500_00607,208500.0,460500.0,209000.0,461000.0,208750.0,460750.0,500,center_in_cheonan,34011310,풍세면,127.09797585387702,36.74528167735834,78.0,78,38,25,0,0,0,0,0,0,0,0,0,0,0,0,0,0,0,0,0,0,0,0,0,0,0,0,0,0,0,0,0,0,0,0,0,0,0,0,0,0,0,0,0,0,0,0,0,0,0,0
G500_00608,209000.0,460500.0,209500.0,461000.0,209250.0,460750.0,500,center_in_cheonan,34011310,풍세면,127.10357446602471,36.745276936327855,59.0,59,28,25,0,0,0,0,0,0,0,0,2,1,1,0,0,0,0,0,0,0,0,0,0,0,0,0,0,0,0,0,0,0,0,0,1,0,0,0,1,0,0,0,0,0,0,0,0,0,0,0
G500_00609,209500.0,460500.0,210000.0,461000.0,209750.0,460750.0,500,center_in_cheonan,34011310,풍세면,127.10917307682678,36.745271931908064,28.0,28,12,25,0,0,0,0,0,0,0,0,0,0,0,0,0,0,0,0,0,0,0,0,0,0,0,0,0,0,0,0,0,0,0,0,0,0,0,0,0,0,0,0,0,0,0,0,0,0,0,0
G500_00610,210000.0,460500.0,210500.0,461000.0,210250.0,460750.0,500,center_in_cheonan,34011310,풍세면,127.11477168621045,36.745266664099134,0.0,0,0,25,0,0,0,0,0,0,0,0,0,0,0,0,0,0,0,0,0,0,0,0,0,0,0,0,0,0,0,0,0,0,0,0,0,0,0,0,0,0,0,0,0,0,0,0,0,0,0,0
G500_00611,210500.0,460500.0,211000.0,461000.0,210750.0,460750.0,500,center_in_cheonan,34011310,풍세면,127.12037029410304,36.74526113290131,8.0,8,4,25,0,0,0,0,0,0,0,0,0,0,0,0,0,0,0,0,0,0,0,0,0,0,0,0,0,0,0,0,0,0,0,0,0,0,0,0,0,0,0,0,0,0,0,0,0,0,0,0
G500_00612,211000.0,460500.0,211500.0,461000.0,211250.0,460750.0,500,center_in_cheonan,34011310,풍세면,127.12596890043174,36.7452553383148,60.0,60,31,25,0,0,0,0,0,0,0,0,0,0,0,0,0,0,0,0,0,0,0,0,0,0,0,0,0,0,0,0,0,0,0,0,0,0,0,0,0,0,0,0,0,0,0,0,0,0,0,0
G500_00613,211500.0,460500.0,212000.0,461000.0,211750.0,460750.0,500,center_in_cheonan,34011310,풍세면,127.13156750512388,36.745249280339856,5.0,5,2,25,0,0,0,0,0,0,0,0,0,0,0,0,0,0,0,0,0,0,0,0,0,0,0,0,0,0,0,0,0,0,0,0,0,0,0,0,0,0,0,0,0,0,0,0,0,0,0,0
G500_00614,212000.0,460500.0,212500.0,461000.0,212250.0,460750.0,500,center_in_cheonan,34011310,풍세면,127.13716610810671,36.74524295897672,75.0,75,37,25,0,0,0,0,0,0,0,0,0,0,0,0,0,0,0,0,0,0,0,0,0,0,0,0,0,0,0,0,0,0,0,0,0,0,0,0,0,0,0,0,0,0,0,0,0,0,0,0
G500_00615,212500.0,460500.0,213000.0,461000.0,212750.0,460750.0,500,center_in_cheonan,34011310,풍세면,127.14276470930747,36.74523637422564,10.0,10,4,25,0,0,0,0,0,0,0,0,0,0,0,0,0,0,0,0,0,0,0,0,0,0,0,0,0,0,0,0,0,0,0,0,0,0,0,0,0,0,0,0,0,0,0,0,0,0,0,0
G500_00616,213000.0,460500.0,213500.0,461000.0,213250.0,460750.0,500,center_in_cheonan,34011310,풍세면,127.14836330865346,36.74522952608688,5.0,5,2,25,0,0,0,0,0,0,0,0,0,0,0,0,0,0,0,0,0,0,0,0,0,0,0,0,0,0,0,0,0,0,0,0,0,0,0,0,0,0,0,0,0,0,0,0,0,0,0,0
G500_00617,213500.0,460500.0,214000.0,461000.0,213750.0,460750.0,500,center_in_cheonan,34011310,풍세면,127.15396190607191,36.74522241456075,0.0,0,0,25,0,0,0,0,0,0,0,0,0,0,0,0,0,0,0,0,0,0,0,0,0,0,0,0,0,0,0,0,0,0,0,0,0,0,0,0,0,0,0,0,0,0,0,0,0,0,0,0
G500_00618,214000.0,460500.0,214500.0,461000.0,214250.0,460750.0,500,center_in_cheonan,34011310,풍세면,127.15956050149009,36.745215039647526,75.0,76,39,25,0,0,0,0,0,0,0,0,0,0,0,0,0,0,0,0,0,0,0,0,0,0,0,0,0,0,0,0,0,0,1,1,0,0,0,0,0,0,0,0,0,0,0,0,0,0,0,0
G500_00619,214500.0,460500.0,215000.0,461000.0,214750.0,460750.0,500,center_in_cheonan,34011110,목천읍,127.16515909483527,36.745207401347486,10.0,10,6,25,0,0,0,0,0,0,0,0,0,0,0,0,0,0,0,0,0,0,0,0,0,0,0,0,0,0,0,0,0,0,0,0,0,0,0,0,0,0,0,0,0,0,0,0,0,0,0,0
G500_00620,215000.0,460500.0,215500.0,461000.0,215250.0,460750.0,500,center_in_cheonan,34011110,목천읍,127.17075768603475,36.74519949966096,28.0,27,16,25,0,0,0,0,0,0,0,0,0,0,0,0,0,0,0,0,0,0,0,0,0,0,0,0,0,0,0,0,0,0,0,0,0,0,0,0,0,0,0,0,0,0,0,0,0,0,0,0
G500_00621,215500.0,460500.0,216000.0,461000.0,215750.0,460750.0,500,center_in_cheonan,34011110,목천읍,127.17635627501573,36.745191334588284,118.0,108,59,25,0,0,0,0,0,0,0,0,0,0,0,0,0,0,0,0,0,0,0,0,0,0,0,0,0,0,0,0,0,0,0,0,0,0,0,0,0,0,0,0,0,0,0,0,0,0,0,0
G500_00622,216000.0,460500.0,216500.0,461000.0,216250.0,460750.0,500,center_in_cheonan,34011110,목천읍,127.1819548617055,36.74518290612977,135.0,125,68,25,0,0,0,0,0,0,0,0,1,0,1,0,0,0,0,0,0,0,0,0,0,0,0,0,0,0,0,0,0,0,0,0,0,0,0,0,0,0,0,0,0,0,0,0,0,0,0,0
G500_00623,216500.0,460500.0,217000.0,461000.0,216750.0,460750.0,500,center_in_cheonan,34011110,목천읍,127.18755344603136,36.74517421428578,5.0,5,3,25,0,0,0,0,0,0,0,0,0,0,0,0,0,0,0,0,0,0,0,0,0,0,0,0,0,0,0,0,0,0,0,0,0,0,0,0,0,0,0,0,0,0,0,0,0,0,0,0
G500_00624,217000.0,460500.0,217500.0,461000.0,217250.0,460750.0,500,center_in_cheonan,34011110,목천읍,127.19315202792056,36.74516525905665,16.0,14,8,25,0,0,0,0,0,0,0,0,0,0,0,0,0,0,0,0,0,0,0,0,0,0,0,0,0,0,0,0,0,0,0,0,0,0,0,0,0,0,0,0,0,0,0,0,0,0,0,0
G500_00625,217500.0,460500.0,218000.0,461000.0,217750.0,460750.0,500,center_in_cheonan,34011340,성남면,127.19875060730033,36.74515604044275,0.0,0,0,25,0,0,0,0,0,0,0,0,0,0,0,0,0,0,0,0,0,0,0,0,0,0,0,0,0,0,0,0,0,0,0,0,0,0,0,0,0,0,0,0,0,0,0,0,0,0,0,0
G500_00626,218000.0,460500.0,218500.0,461000.0,218250.0,460750.0,500,center_in_cheonan,34011340,성남면,127.20434918409795,36.74514655844445,0.0,0,0,25,0,0,0,0,0,0,0,0,0,0,0,0,0,0,0,0,0,0,0,0,0,0,0,0,0,0,0,0,0,0,0,0,0,0,0,0,0,0,0,0,0,0,0,0,0,0,0,0
G500_00627,218500.0,460500.0,219000.0,461000.0,218750.0,460750.0,500,center_in_cheonan,34011340,성남면,127.20994775824072,36.74513681306216,36.0,24,12,25,0,0,0,0,0,0,0,0,0,0,0,0,0,0,0,0,0,0,0,0,0,0,0,0,0,0,0,0,0,0,0,0,0,0,0,0,0,0,0,0,0,0,0,0,0,0,0,0
G500_00628,219000.0,460500.0,219500.0,461000.0,219250.0,460750.0,500,center_in_cheonan,34011340,성남면,127.2155463296559,36.74512680429625,50.0,32,18,25,0,0,0,0,0,0,0,0,0,0,0,0,0,0,0,0,0,0,0,0,0,0,0,0,0,0,0,0,0,0,0,0,0,0,0,0,0,0,0,0,0,0,0,0,0,0,0,0
G500_00629,219500.0,460500.0,220000.0,461000.0,219750.0,460750.0,500,center_in_cheonan,34011340,성남면,127.22114489827072,36.74511653214715,34.0,21,13,25,0,0,0,0,0,0,0,0,0,0,0,0,0,0,0,0,0,0,0,0,0,0,0,0,0,0,0,0,0,0,1,1,0,0,0,0,0,0,0,0,0,0,0,0,0,0,0,0
G500_00630,220000.0,460500.0,220500.0,461000.0,220250.0,460750.0,500,center_in_cheonan,34011340,성남면,127.22674346401247,36.74510599661528,13.0,8,5,25,0,0,0,0,0,0,0,0,0,0,0,0,0,0,0,0,0,0,0,0,0,0,0,0,0,0,0,0,0,0,0,0,0,0,0,0,0,0,0,0,0,0,0,0,0,0,0,0
G500_00631,220500.0,460500.0,221000.0,461000.0,220750.0,460750.0,500,center_in_cheonan,34011340,성남면,127.23234202680841,36.74509519770105,232.0,153,83,25,0,0,0,0,0,0,0,0,0,0,0,0,1,0,1,0,0,0,0,0,0,0,0,0,0,0,0,1,0,1,0,0,0,0,0,0,0,0,0,0,0,0,0,0,0,0,0,0
G500_00632,221000.0,460500.0,221500.0,461000.0,221250.0,460750.0,500,center_in_cheonan,34011340,성남면,127.23794058658581,36.745084135404916,72.0,48,25,25,0,0,0,0,0,0,0,0,0,0,0,0,0,0,0,0,0,0,0,0,0,0,0,0,0,0,0,0,0,0,0,0,0,0,0,0,0,0,0,0,0,0,0,0,0,0,0,0
G500_00633,221500.0,460500.0,222000.0,461000.0,221750.0,460750.0,500,center_in_cheonan,34011340,성남면,127.24353914327195,36.745072809727326,10.0,6,4,25,0,0,0,0,0,0,0,0,0,0,0,0,0,0,0,0,0,0,0,0,0,0,0,0,0,0,0,0,0,0,0,0,0,0,0,0,0,0,0,0,0,0,0,0,0,0,0,0
G500_00634,222000.0,460500.0,222500.0,461000.0,222250.0,460750.0,500,center_in_cheonan,34011340,성남면,127.24913769679408,36.74506122066874,39.0,25,14,25,0,0,0,0,0,0,0,0,0,0,0,0,0,0,0,0,0,0,0,0,0,0,0,0,0,0,0,0,0,0,0,0,0,0,0,0,0,0,0,0,0,0,0,0,0,0,0,0
G500_00635,222500.0,460500.0,223000.0,461000.0,222750.0,460750.0,500,center_in_cheonan,34011340,성남면,127.25473624707948,36.74504936822963,5.0,3,2,25,0,0,0,0,0,0,0,0,0,0,0,0,0,0,0,0,0,0,0,0,0,0,0,0,0,0,0,0,0,0,0,0,0,0,0,0,0,0,0,0,0,0,0,0,0,0,0,0
G500_00636,223000.0,460500.0,223500.0,461000.0,223250.0,460750.0,500,center_in_cheonan,34011340,성남면,127.26033479405542,36.74503725241048,0.0,0,0,25,0,0,0,0,0,0,0,0,0,0,0,0,0,0,0,0,0,0,0,0,0,0,0,0,0,0,0,0,0,0,0,0,0,0,0,0,0,0,0,0,0,0,0,0,0,0,0,0
G500_00637,223500.0,460500.0,224000.0,461000.0,223750.0,460750.0,500,center_in_cheonan,34011350,수신면,127.26593333764916,36.74502487321179,0.0,0,0,25,0,0,0,0,0,0,0,0,0,0,0,0,0,0,0,0,0,0,0,0,0,0,0,0,0,0,0,0,0,0,0,0,0,0,0,0,0,0,0,0,0,0,0,0,0,0,0,0
G500_00638,224000.0,460500.0,224500.0,461000.0,224250.0,460750.0,500,center_in_cheonan,34011350,수신면,127.27153187778795,36.74501223063405,38.0,22,14,25,0,0,0,0,0,0,0,0,0,0,0,0,0,0,0,0,0,0,0,0,0,0,0,0,0,0,0,0,0,0,0,0,0,0,0,0,0,0,0,0,0,0,0,0,0,0,0,0
G500_00639,224500.0,460500.0,225000.0,461000.0,224750.0,460750.0,500,center_in_cheonan,34011350,수신면,127.27713041439912,36.7449993246778,0.0,0,0,25,0,0,0,0,0,0,0,0,0,0,0,0,0,0,0,0,0,0,0,0,0,0,0,0,0,0,0,0,0,0,0,0,0,0,0,0,0,0,0,0,0,0,0,0,0,0,0,0
G500_00640,225000.0,460500.0,225500.0,461000.0,225250.0,460750.0,500,center_in_cheonan,34011350,수신면,127.28272894740988,36.74498615534354,0.0,0,0,25,0,0,0,0,0,0,0,0,0,0,0,0,0,0,0,0,0,0,0,0,0,0,0,0,0,0,0,0,0,0,0,0,0,0,0,0,0,0,0,0,0,0,0,0,0,0,0,0
G500_00641,225500.0,460500.0,226000.0,461000.0,225750.0,460750.0,500,center_in_cheonan,34011350,수신면,127.28832747674751,36.74497272263183,31.0,17,12,25,0,0,0,0,0,0,0,0,0,0,0,0,0,0,0,0,0,0,0,0,0,0,0,0,0,0,0,0,0,0,0,0,0,0,0,0,0,0,0,0,0,0,0,0,0,0,0,0
G500_00642,226000.0,460500.0,226500.0,461000.0,226250.0,460750.0,500,center_in_cheonan,34011350,수신면,127.2939260023393,36.74495902654321,5.0,3,2,25,0,0,0,0,0,0,0,0,0,0,0,0,0,0,0,0,0,0,0,0,0,0,0,0,0,0,0,0,0,0,0,0,0,0,0,0,0,0,0,0,0,0,0,0,0,0,0,0
G500_00643,226500.0,460500.0,227000.0,461000.0,226750.0,460750.0,500,center_in_cheonan,34011350,수신면,127.29952452411253,36.74494506707823,31.0,17,12,25,0,0,0,0,0,0,0,0,0,0,0,0,0,0,0,0,0,0,0,0,0,0,0,0,0,0,0,0,0,0,0,0,0,0,0,0,0,0,0,0,0,0,0,0,0,0,0,0
G500_00644,227000.0,460500.0,227500.0,461000.0,227250.0,460750.0,500,center_in_cheonan,34011350,수신면,127.30512304199443,36.74493084423746,18.0,10,7,25,0,0,0,0,0,0,0,0,0,0,0,0,0,0,0,0,0,0,0,0,0,0,0,0,0,0,0,0,0,0,0,0,0,0,0,0,0,0,0,0,0,0,0,0,0,0,0,0
G500_00645,227500.0,460500.0,228000.0,461000.0,227750.0,460750.0,500,center_in_cheonan,34011360,병천면,127.31072155591231,36.7449163580215,18.0,14,9,25,0,0,0,0,0,0,0,0,0,0,0,0,0,0,0,0,0,0,0,0,0,0,0,0,0,0,0,0,0,0,0,0,0,0,0,0,0,0,0,0,0,0,0,0,0,0,0,0
G500_00646,228000.0,460500.0,228500.0,461000.0,228250.0,460750.0,500,center_in_cheonan,34011360,병천면,127.3163200657934,36.74490160843092,36.0,29,19,25,0,0,0,0,0,0,0,0,0,0,0,0,0,0,0,0,0,0,0,0,0,0,0,0,0,0,0,0,0,0,0,0,0,0,0,0,0,0,0,0,0,0,0,0,0,0,0,0
G500_00647,228500.0,460500.0,229000.0,461000.0,228750.0,460750.0,500,center_in_cheonan,34011360,병천면,127.32191857156504,36.74488659546633,5.0,4,3,25,0,0,0,0,0,0,0,0,0,0,0,0,0,0,0,0,0,0,0,0,0,0,0,0,0,0,0,0,0,0,0,0,0,0,0,0,0,0,0,0,0,0,0,0,0,0,0,0
G500_00648,229000.0,460500.0,229500.0,461000.0,229250.0,460750.0,500,center_in_cheonan,34011360,병천면,127.32751707315444,36.74487131912834,0.0,0,0,25,0,0,0,0,0,0,0,0,0,0,0,0,0,0,0,0,0,0,0,0,0,0,0,0,0,0,0,0,0,0,0,0,0,0,0,0,0,0,0,0,0,0,0,0,0,0,0,0
G500_00649,229500.0,460500.0,230000.0,461000.0,229750.0,460750.0,500,center_in_cheonan,34011360,병천면,127.33311557048886,36.744855779417584,0.0,0,0,22,0,0,0,0,0,0,0,0,0,0,0,0,0,0,0,0,0,0,0,0,0,0,0,0,0,0,0,0,0,0,0,0,0,0,0,0,0,0,0,0,0,0,0,0,0,0,0,0
G500_00650,208500.0,461000.0,209000.0,461500.0,208750.0,461250.0,500,center_in_cheonan,34011310,풍세면,127.09798158202865,36.749787274591995,21.0,21,10,25,0,0,0,0,0,0,0,0,0,0,0,0,0,0,0,0,0,0,0,0,0,0,0,0,0,0,0,0,0,0,0,0,0,0,0,0,0,0,0,0,0,0,0,0,0,0,0,0
G500_00651,209000.0,461000.0,209500.0,461500.0,209250.0,461250.0,500,center_in_cheonan,34011310,풍세면,127.10358052149742,36.74978253278855,5.0,5,2,25,0,0,0,0,0,0,0,0,0,0,0,0,0,0,0,0,0,0,0,0,0,0,0,0,0,0,0,0,0,0,0,0,0,0,0,0,0,0,0,0,0,0,0,0,0,0,0,0
G500_00652,209500.0,461000.0,210000.0,461500.0,209750.0,461250.0,500,center_in_cheonan,34011310,풍세면,127.10917945962026,36.74977752755285,5.0,5,2,25,0,0,0,0,0,0,0,0,0,0,0,0,0,0,0,0,0,0,0,0,0,0,0,0,0,0,0,0,0,0,0,0,0,0,0,0,0,0,0,0,0,0,0,0,0,0,0,0
G500_00653,210000.0,461000.0,210500.0,461500.0,210250.0,461250.0,500,center_in_cheonan,34011310,풍세면,127.11477839632441,36.74977225888509,34.0,34,16,25,0,0,0,0,0,0,0,0,0,0,0,0,0,0,0,0,0,0,0,0,0,0,0,0,0,0,0,0,0,0,0,0,0,0,0,0,0,0,0,0,0,0,0,0,0,0,0,0
G500_00654,210500.0,461000.0,211000.0,461500.0,210750.0,461250.0,500,center_in_cheonan,34011310,풍세면,127.1203773315371,36.74976672678549,0.0,0,0,25,0,0,0,0,0,0,0,0,0,0,0,0,0,0,0,0,0,0,0,0,0,0,0,0,0,0,0,0,0,0,0,0,0,0,0,0,0,0,0,0,0,0,0,0,0,0,0,0
G500_00655,211000.0,461000.0,211500.0,461500.0,211250.0,461250.0,500,center_in_cheonan,34011310,풍세면,127.12597626518556,36.74976093125426,5.0,5,2,25,0,0,0,0,0,0,0,0,0,0,0,0,0,0,0,0,0,0,0,0,0,0,0,0,0,0,0,0,0,0,1,1,0,0,0,0,0,0,0,0,0,0,0,0,0,0,0,0
G500_00656,211500.0,461000.0,212000.0,461500.0,211750.0,461250.0,500,center_in_cheonan,34011310,풍세면,127.13157519719708,36.749754872291646,68.0,68,32,25,0,0,0,0,0,0,0,0,0,0,0,0,0,0,0,0,0,0,0,0,0,0,0,0,0,0,0,0,0,0,2,2,0,0,0,0,0,0,0,0,0,0,0,0,0,0,0,0
G500_00657,212000.0,461000.0,212500.0,461500.0,212250.0,461250.0,500,center_in_cheonan,34011310,풍세면,127.13717412749887,36.7497485498979,10.0,10,4,25,0,0,0,0,0,0,0,0,0,0,0,0,0,0,0,0,0,0,0,0,0,0,0,0,0,0,0,0,0,0,0,0,0,0,0,0,0,0,0,0,0,0,0,0,0,0,0,0
G500_00658,212500.0,461000.0,213000.0,461500.0,212750.0,461250.0,500,center_in_cheonan,34011310,풍세면,127.14277305601823,36.74974196407328,5.0,5,2,25,0,0,0,0,0,0,0,0,0,0,0,0,0,0,0,0,0,0,0,0,0,0,0,0,0,0,0,0,0,0,0,0,0,0,0,0,0,0,0,0,0,0,0,0,0,0,0,0
G500_00659,213000.0,461000.0,213500.0,461500.0,213250.0,461250.0,500,center_in_cheonan,34011310,풍세면,127.14837198268235,36.74973511481804,0.0,0,0,25,0,0,0,0,0,0,0,0,0,0,0,0,0,0,0,0,0,0,0,0,0,0,0,0,0,0,0,0,0,0,0,0,0,0,0,0,0,0,0,0,0,0,0,0,0,0,0,0
G500_00660,213500.0,461000.0,214000.0,461500.0,213750.0,461250.0,500,center_in_cheonan,34011310,풍세면,127.15397090741848,36.74972800213248,0.0,0,0,25,0,0,0,0,0,0,0,0,0,0,0,0,0,0,0,0,0,0,0,0,0,0,0,0,0,0,0,0,0,0,0,0,0,0,0,0,0,0,0,0,0,0,0,0,0,0,0,0
G500_00661,214000.0,461000.0,214500.0,461500.0,214250.0,461250.0,500,center_in_cheonan,34011310,풍세면,127.15956983015391,36.749720626016874,0.0,0,0,25,0,0,0,0,0,0,0,0,0,0,0,0,0,0,0,0,0,0,0,0,0,0,0,0,0,0,0,0,0,0,0,0,0,0,0,0,0,0,0,0,0,0,0,0,0,0,0,0
G500_00662,214500.0,461000.0,215000.0,461500.0,214750.0,461250.0,500,center_in_cheonan,34011110,목천읍,127.16516875081587,36.74971298647152,38.0,35,19,25,0,0,0,0,0,0,0,0,0,0,0,0,0,0,0,0,0,0,0,0,0,0,0,0,0,0,0,0,0,0,0,0,0,0,0,0,0,0,0,0,0,0,0,0,0,0,0,0
G500_00663,215000.0,461000.0,215500.0,461500.0,215250.0,461250.0,500,center_in_cheonan,34011110,목천읍,127.17076766933158,36.74970508349675,10.0,10,6,25,0,0,0,1,1,0,0,0,0,0,0,0,0,0,0,0,0,0,0,0,0,0,0,0,0,0,0,0,0,0,0,0,0,0,0,0,0,0,0,0,0,0,0,0,0,0,0,0
G500_00664,215500.0,461000.0,216000.0,461500.0,215750.0,461250.0,500,center_in_cheonan,34011110,목천읍,127.17636658562832,36.74969691709288,88.0,81,43,25,0,0,0,0,0,0,0,0,0,0,0,0,0,0,0,0,0,0,0,0,0,0,0,0,0,0,0,0,0,0,0,0,0,0,0,0,0,0,0,0,0,0,0,0,0,0,0,0
G500_00665,216000.0,461000.0,216500.0,461500.0,216250.0,461250.0,500,center_in_cheonan,34011110,목천읍,127.18196549963335,36.74968848726024,32.0,28,16,25,0,0,0,0,0,0,0,0,0,0,0,0,0,0,0,0,0,0,0,0,0,0,0,0,0,0,0,0,0,0,0,0,0,0,0,0,0,0,0,0,0,0,0,0,0,0,0,0
G500_00666,216500.0,461000.0,217000.0,461500.0,216750.0,461250.0,500,center_in_cheonan,34011110,목천읍,127.18756441127387,36.749679793999164,49.0,46,25,25,0,0,0,0,0,0,0,0,0,0,0,0,0,0,0,0,0,0,0,0,0,0,0,0,0,0,0,0,0,0,0,0,0,0,0,0,0,0,0,0,0,0,0,0,0,0,0,0
G500_00667,217000.0,461000.0,217500.0,461500.0,217250.0,461250.0,500,center_in_cheonan,34011110,목천읍,127.19316332047718,36.74967083731002,36.0,33,17,25,0,0,0,0,0,0,0,0,0,0,0,0,0,0,0,0,0,0,0,0,0,0,0,0,0,0,0,0,0,0,0,0,0,0,0,0,0,0,0,0,0,0,0,0,0,0,0,0
G500_00668,217500.0,461000.0,218000.0,461500.0,217750.0,461250.0,500,center_in_cheonan,34011110,목천읍,127.1987622271705,36.74966161719316,5.0,5,3,25,0,0,0,0,0,0,0,0,0,0,0,0,0,0,0,0,0,0,0,0,0,0,0,0,0,0,0,0,0,0,0,0,0,0,0,0,0,0,0,0,0,0,0,0,0,0,0,0
G500_00669,218000.0,461000.0,218500.0,461500.0,218250.0,461250.0,500,center_in_cheonan,34011340,성남면,127.20436113128108,36.74965213364897,5.0,3,2,25,0,0,0,0,0,0,0,0,0,0,0,0,0,0,0,0,0,0,0,0,0,0,0,0,0,0,0,0,0,0,0,0,0,0,0,0,0,0,0,0,0,0,0,0,0,0,0,0
G500_00670,218500.0,461000.0,219000.0,461500.0,218750.0,461250.0,500,center_in_cheonan,34011340,성남면,127.20996003273618,36.74964238667784,64.0,40,24,25,0,0,0,0,0,0,0,0,0,0,0,0,0,0,0,0,0,0,0,0,0,0,0,0,0,0,0,0,0,0,0,0,0,0,0,0,0,0,0,0,0,0,0,0,0,0,0,0
G500_00671,219000.0,461000.0,219500.0,461500.0,219250.0,461250.0,500,center_in_cheonan,34011340,성남면,127.21555893146306,36.74963237628017,97.0,62,36,25,0,0,0,0,0,0,0,0,0,0,0,0,0,0,0,0,0,0,0,0,0,0,0,0,0,0,0,0,0,0,0,0,0,0,0,0,0,0,0,0,0,0,0,0,0,0,0,0
G500_00672,219500.0,461000.0,220000.0,461500.0,219750.0,461250.0,500,center_in_cheonan,34011340,성남면,127.22115782738894,36.74962210245635,5.0,3,2,25,0,0,0,0,0,0,0,0,0,0,0,0,0,0,0,0,0,0,0,0,0,0,0,0,0,0,0,0,0,0,0,0,0,0,0,0,0,0,0,0,0,0,0,0,0,0,0,0
G500_00673,220000.0,461000.0,220500.0,461500.0,220250.0,461250.0,500,center_in_cheonan,34011340,성남면,127.22675672044107,36.74961156520681,10.0,6,4,25,0,0,0,0,0,0,0,0,0,0,0,0,0,0,0,0,0,0,0,0,0,0,0,0,0,0,0,0,0,0,0,0,0,0,0,0,0,0,0,0,0,0,0,0,0,0,0,0
G500_00674,220500.0,461000.0,221000.0,461500.0,220750.0,461250.0,500,center_in_cheonan,34011340,성남면,127.23235561054676,36.749600764532,10.0,6,4,25,0,0,0,0,0,0,0,0,0,0,0,0,0,0,0,0,0,0,0,0,0,0,0,0,0,0,0,0,0,0,0,0,0,0,0,0,0,0,0,0,0,0,0,0,0,0,0,0
G500_00675,221000.0,461000.0,221500.0,461500.0,221250.0,461250.0,500,center_in_cheonan,34011340,성남면,127.23795449763317,36.749589700432324,62.0,39,23,25,0,0,0,0,0,0,0,0,0,0,0,0,0,0,0,0,0,0,0,0,0,0,0,0,0,0,0,0,0,0,0,0,0,0,0,0,0,0,0,0,0,0,0,0,0,0,0,0
G500_00676,221500.0,461000.0,222000.0,461500.0,221750.0,461250.0,500,center_in_cheonan,34011340,성남면,127.24355338162763,36.74957837290825,52.0,34,18,25,0,0,0,0,0,0,0,0,0,0,0,0,0,0,0,0,0,0,0,0,0,0,0,0,0,0,0,0,0,0,0,0,0,0,0,0,0,0,0,0,0,0,0,0,0,0,0,0
G500_00677,222000.0,461000.0,222500.0,461500.0,222250.0,461250.0,500,center_in_cheonan,34011340,성남면,127.24915226245737,36.74956678196025,24.0,15,9,25,0,0,0,0,0,0,0,0,0,0,0,0,0,0,0,0,0,0,0,0,0,0,0,0,0,0,0,0,0,0,0,0,0,0,0,0,0,0,0,0,0,0,0,0,0,0,0,0
G500_00678,222500.0,461000.0,223000.0,461500.0,222750.0,461250.0,500,center_in_cheonan,34011340,성남면,127.25475114004959,36.7495549275888,72.0,46,27,25,0,0,0,0,0,0,0,0,0,0,0,0,0,0,0,0,0,0,0,0,0,0,0,0,0,0,0,0,0,0,0,0,0,0,0,0,0,0,0,0,0,0,0,0,0,0,0,0
G500_00679,223000.0,461000.0,223500.0,461500.0,223250.0,461250.0,500,center_in_cheonan,34011340,성남면,127.2603500143316,36.74954280979434,73.0,47,26,24,0,0,0,0,0,0,0,0,0,0,0,0,0,0,0,0,0,0,0,0,0,0,0,0,0,0,0,0,0,0,0,0,0,0,0,0,0,0,0,0,0,0,0,0,0,0,0,0
G500_00680,223500.0,461000.0,224000.0,461500.0,223750.0,461250.0,500,center_in_cheonan,34011350,수신면,127.26594888523063,36.749530428577415,36.0,22,13,25,0,0,0,1,1,0,0,0,0,0,0,0,0,0,0,0,0,0,0,0,0,0,0,0,0,0,0,0,0,0,0,0,0,0,0,0,0,0,0,0,0,0,0,0,0,0,0,0
G500_00681,224000.0,461000.0,224500.0,461500.0,224250.0,461250.0,500,center_in_cheonan,34011340,성남면,127.27154775267397,36.749517783938515,29.0,18,11,25,0,0,0,0,0,0,0,0,0,0,0,0,0,0,0,0,0,0,0,0,0,0,0,0,0,0,0,0,0,0,0,0,0,0,0,0,0,0,0,0,0,0,0,0,0,0,0,0
G500_00682,224500.0,461000.0,225000.0,461500.0,224750.0,461250.0,500,center_in_cheonan,34011350,수신면,127.27714661658881,36.74950487587814,0.0,0,0,25,0,0,0,0,0,0,0,0,0,0,0,0,0,0,0,0,0,0,0,0,0,0,0,0,0,0,0,0,0,0,0,0,0,0,0,0,0,0,0,0,0,0,0,0,0,0,0,0
G500_00683,225000.0,461000.0,225500.0,461500.0,225250.0,461250.0,500,center_in_cheonan,34011350,수신면,127.28274547690243,36.74949170439683,0.0,0,0,25,0,0,0,0,0,0,0,0,0,0,0,0,0,0,0,0,0,0,0,0,0,0,0,0,0,0,0,0,0,0,0,0,0,0,0,0,0,0,0,0,0,0,0,0,0,0,0,0
G500_00684,225500.0,461000.0,226000.0,461500.0,225750.0,461250.0,500,center_in_cheonan,34011350,수신면,127.28834433354208,36.74947826949513,44.0,25,16,25,0,0,0,0,0,0,0,0,0,0,0,0,0,0,0,0,0,0,0,0,0,0,0,0,0,0,0,0,0,0,0,0,0,0,0,0,0,0,0,0,0,0,0,0,0,0,0,0
G500_00685,226000.0,461000.0,226500.0,461500.0,226250.0,461250.0,500,center_in_cheonan,34011350,수신면,127.29394318643504,36.749464571173576,51.0,30,19,25,0,0,0,0,0,0,0,0,0,0,0,0,0,0,0,0,0,0,0,0,0,0,0,0,0,0,0,0,0,0,0,0,0,0,0,0,0,0,0,0,0,0,0,0,0,0,0,0
G500_00686,226500.0,461000.0,227000.0,461500.0,226750.0,461250.0,500,center_in_cheonan,34011350,수신면,127.29954203550852,36.74945060943273,21.0,11,8,25,0,0,0,0,0,0,0,0,0,0,0,0,0,0,0,0,0,0,0,0,0,0,0,0,0,0,0,0,0,0,0,0,0,0,0,0,0,0,0,0,0,0,0,0,0,0,0,0
G500_00687,227000.0,461000.0,227500.0,461500.0,227250.0,461250.0,500,center_in_cheonan,34011350,수신면,127.3051408806898,36.74943638427316,5.0,3,2,25,0,0,0,0,0,0,0,0,0,0,0,0,0,0,0,0,0,0,0,0,0,0,0,0,0,0,0,0,0,0,0,0,0,0,0,0,0,0,0,0,0,0,0,0,0,0,0,0
G500_00688,227500.0,461000.0,228000.0,461500.0,227750.0,461250.0,500,center_in_cheonan,34011360,병천면,127.31073972190616,36.749421895695455,20.0,16,12,25,0,0,0,0,0,0,0,0,0,0,0,0,0,0,0,0,0,0,0,0,0,0,0,0,0,0,0,0,0,0,0,0,0,0,0,0,0,0,0,0,0,0,0,0,0,0,0,0
G500_00689,228000.0,461000.0,228500.0,461500.0,228250.0,461250.0,500,center_in_cheonan,34011360,병천면,127.31633855908478,36.74940714370019,50.0,42,25,25,0,0,0,0,0,0,0,0,0,0,0,0,0,0,0,0,0,0,0,0,0,0,0,0,0,0,0,0,0,0,0,0,0,0,0,0,0,0,0,0,0,0,0,0,0,0,0,0
G500_00690,228500.0,461000.0,229000.0,461500.0,228750.0,461250.0,500,center_in_cheonan,34011360,병천면,127.321937392153,36.74939212828798,10.0,8,6,25,0,0,0,0,0,0,0,0,0,0,0,0,0,0,0,0,0,0,0,0,0,0,0,0,0,0,0,0,0,0,0,0,0,0,0,0,0,0,0,0,0,0,0,0,0,0,0,0
G500_00691,229000.0,461000.0,229500.0,461500.0,229250.0,461250.0,500,center_in_cheonan,34011360,병천면,127.32753622103802,36.749376849459445,5.0,4,3,25,0,0,0,0,0,0,0,0,0,0,0,0,0,0,0,0,0,0,0,0,0,0,0,0,0,0,0,0,0,0,0,0,0,0,0,0,0,0,0,0,0,0,0,0,0,0,0,0
G500_00692,229500.0,461000.0,230000.0,461500.0,229750.0,461250.0,500,center_in_cheonan,34011360,병천면,127.33313504566709,36.74936130721519,0.0,0,0,14,0,0,0,0,0,0,0,0,0,0,0,0,0,0,0,0,0,0,0,0,0,0,0,0,0,0,0,0,0,0,0,0,0,0,0,0,0,0,0,0,0,0,0,0,0,0,0,0
G500_00693,235500.0,461000.0,236000.0,461500.0,235750.0,461250.0,500,center_in_cheonan,34011370,동면,127.40032058277524,36.74915425410011,18.0,13,7,25,0,0,0,0,0,0,0,0,0,0,0,0,0,0,0,0,0,0,0,0,0,0,0,0,0,0,0,0,0,0,0,0,0,0,0,0,0,0,0,0,0,0,0,0,0,0,0,0
G500_00694,208500.0,461500.0,209000.0,462000.0,208750.0,461750.0,500,center_in_cheonan,34011310,풍세면,127.09798731145347,36.754292868405386,5.0,5,2,17,0,0,0,0,0,0,0,0,0,0,0,0,0,0,0,0,0,0,0,0,0,0,0,0,0,0,0,0,0,0,0,0,0,0,0,0,0,0,0,0,0,0,0,0,0,0,0,0
G500_00695,209000.0,461500.0,209500.0,462000.0,209250.0,461750.0,500,center_in_cheonan,34011310,풍세면,127.1035865783161,36.75428812582889,8.0,8,4,25,0,0,0,0,0,0,0,0,0,0,0,0,0,0,0,0,0,0,0,0,0,0,0,0,0,0,0,0,0,0,0,0,0,0,0,0,0,0,0,0,0,0,0,0,0,0,0,0
G500_00696,209500.0,461500.0,210000.0,462000.0,209750.0,461750.0,500,center_in_cheonan,34011310,풍세면,127.10918584383246,36.754283119777206,0.0,0,0,25,0,0,0,0,0,0,0,0,0,0,0,0,0,0,0,0,0,0,0,0,0,0,0,0,0,0,0,0,0,0,0,0,0,0,0,0,0,0,0,0,0,0,0,0,0,0,0,0
G500_00697,210000.0,461500.0,210500.0,462000.0,210250.0,461750.0,500,center_in_cheonan,34011310,풍세면,127.11478510792983,36.75427785025051,15.0,15,6,25,0,0,0,0,0,0,0,0,0,0,0,0,0,0,0,0,0,0,0,0,0,0,0,0,0,0,0,0,0,0,0,0,0,0,0,0,0,0,0,0,0,0,0,0,0,0,0,0
G500_00698,210500.0,461500.0,211000.0,462000.0,210750.0,461750.0,500,center_in_cheonan,34011310,풍세면,127.12038437053536,36.75427231724902,18.0,18,8,25,0,0,0,0,0,0,0,0,0,0,0,0,0,0,0,0,0,0,0,0,0,0,0,0,0,0,0,0,0,0,0,0,0,0,0,0,0,0,0,0,0,0,0,0,0,0,0,0
G500_00699,211000.0,461500.0,211500.0,462000.0,211250.0,461750.0,500,center_in_cheonan,34011310,풍세면,127.12598363157636,36.75426652077296,400.0,404,205,25,0,0,0,1,1,0,0,0,0,0,0,0,0,0,0,0,0,0,0,0,0,0,0,0,0,0,0,0,0,0,1,1,0,0,0,0,0,0,0,0,0,0,0,0,0,0,1,1
G500_00700,211500.0,461500.0,212000.0,462000.0,211750.0,461750.0,500,center_in_cheonan,34011310,풍세면,127.13158289097998,36.75426046082257,62.0,62,31,25,0,0,0,0,0,0,0,0,0,0,0,0,0,0,0,0,0,0,0,0,0,0,0,0,0,0,0,0,0,0,0,0,0,0,0,0,0,0,0,0,0,0,0,0,0,0,0,0
G500_00701,212000.0,461500.0,212500.0,462000.0,212250.0,461750.0,500,center_in_cheonan,34011310,풍세면,127.1371821486735,36.7542541373981,0.0,0,0,25,0,0,0,0,0,0,0,0,0,0,0,0,0,0,0,0,0,0,0,0,0,0,0,0,0,0,0,0,0,0,0,0,0,0,0,0,0,0,0,0,0,0,0,0,0,0,0,0
G500_00702,212500.0,461500.0,213000.0,462000.0,212750.0,461750.0,500,center_in_cheonan,34011580,청룡동,127.14278140458417,36.754247550499805,0.0,0,0,25,0,0,0,0,0,0,0,0,0,0,0,0,0,0,0,0,0,0,0,0,0,0,0,0,0,0,0,0,0,0,0,0,0,0,0,0,0,0,0,0,0,0,0,0,0,0,0,0
G500_00703,213000.0,461500.0,213500.0,462000.0,213250.0,461750.0,500,center_in_cheonan,34011580,청룡동,127.1483806586392,36.75424070012796,0.0,0,0,25,0,0,0,0,0,0,0,0,0,0,0,0,0,0,0,0,0,0,0,0,0,0,0,0,0,0,0,0,0,0,0,0,0,0,0,0,0,0,0,0,0,0,0,0,0,0,0,0
G500_00704,213500.0,461500.0,214000.0,462000.0,213750.0,461750.0,500,center_in_cheonan,34011310,풍세면,127.15397991076578,36.75423358628283,0.0,0,0,25,0,0,0,0,0,0,0,0,0,0,0,0,0,0,0,0,0,0,0,0,0,0,0,0,0,0,0,0,0,0,0,0,0,0,0,0,0,0,0,0,0,0,0,0,0,0,0,0
G500_00705,214000.0,461500.0,214500.0,462000.0,214250.0,461750.0,500,center_in_cheonan,34011310,풍세면,127.1595791608912,36.75422620896472,0.0,0,0,25,0,0,0,0,0,0,0,0,0,0,0,0,0,0,0,0,0,0,0,0,0,0,0,0,0,0,0,0,0,0,0,0,0,0,0,0,0,0,0,0,0,0,0,0,0,0,0,0
G500_00706,214500.0,461500.0,215000.0,462000.0,214750.0,461750.0,500,center_in_cheonan,34011110,목천읍,127.16517840894267,36.754218568173926,5.0,5,2,25,0,0,0,0,0,0,0,0,0,0,0,0,0,0,0,0,0,0,0,0,0,0,0,0,0,0,0,0,0,0,0,0,0,0,0,0,0,0,0,0,0,0,0,0,0,0,0,0
G500_00707,215000.0,461500.0,215500.0,462000.0,215250.0,461750.0,500,center_in_cheonan,34011110,목천읍,127.1707776548474,36.754210663910754,166.0,152,76,25,0,0,0,1,1,0,0,0,0,0,0,0,0,0,0,0,0,0,0,0,0,0,0,0,0,0,0,0,0,0,0,0,0,0,0,0,0,0,0,0,0,0,0,0,0,0,0,0
G500_00708,215500.0,461500.0,216000.0,462000.0,215750.0,461750.0,500,center_in_cheonan,34011110,목천읍,127.17637689853265,36.75420249617553,0.0,0,0,25,0,0,0,0,0,0,0,0,0,0,0,0,0,0,0,0,0,0,0,0,0,0,0,0,0,0,0,0,0,0,0,0,0,0,0,0,0,0,0,0,0,0,0,0,0,0,0,0
G500_00709,216000.0,461500.0,216500.0,462000.0,216250.0,461750.0,500,center_in_cheonan,34011110,목천읍,127.18197613992564,36.75419406496859,0.0,0,0,25,0,0,0,0,0,0,0,0,0,0,0,0,0,0,0,0,0,0,0,0,0,0,0,0,0,0,0,0,0,0,0,0,0,0,0,0,0,0,0,0,0,0,0,0,0,0,0,0
G500_00710,216500.0,461500.0,217000.0,462000.0,216750.0,461750.0,500,center_in_cheonan,34011110,목천읍,127.18757537895361,36.75418537029029,13.0,12,6,25,0,0,0,0,0,0,0,0,0,0,0,0,0,0,0,0,0,0,0,0,0,0,0,0,0,0,0,0,0,0,0,0,0,0,0,0,0,0,0,0,0,0,0,0,0,0,0,0
G500_00711,217000.0,461500.0,217500.0,462000.0,217250.0,461750.0,500,center_in_cheonan,34011110,목천읍,127.19317461554377,36.75417641214096,5.0,5,2,25,0,0,0,0,0,0,0,0,0,0,0,0,0,0,0,0,0,0,0,0,0,0,0,0,0,0,0,0,0,0,0,0,0,0,0,0,0,0,0,0,0,0,0,0,0,0,0,0
G500_00712,217500.0,461500.0,218000.0,462000.0,217750.0,461750.0,500,center_in_cheonan,34011340,성남면,127.1987738496234,36.75416719052097,31.0,20,11,25,0,0,0,0,0,0,0,0,0,0,0,0,0,0,0,0,0,0,0,0,0,0,0,0,0,0,0,0,0,0,0,0,0,0,0,0,0,0,0,0,0,0,0,0,0,0,0,0
G500_00713,218000.0,461500.0,218500.0,462000.0,218250.0,461750.0,500,center_in_cheonan,34011340,성남면,127.20437308111968,36.7541577054307,5.0,3,2,25,0,0,0,0,0,0,0,0,0,0,0,0,0,0,0,0,0,0,0,0,0,0,0,0,0,0,0,0,0,0,0,0,0,0,0,0,0,0,0,0,0,0,0,0,0,0,0,0
G500_00714,218500.0,461500.0,219000.0,462000.0,218750.0,461750.0,500,center_in_cheonan,34011340,성남면,127.20997230995988,36.75414795687056,31.0,20,11,25,0,0,0,0,0,0,0,0,0,0,0,0,0,0,0,0,0,0,0,0,0,0,0,0,0,0,0,0,0,0,0,0,0,0,0,0,0,0,0,0,0,0,0,0,0,0,0,0
G500_00715,219000.0,461500.0,219500.0,462000.0,219250.0,461750.0,500,center_in_cheonan,34011340,성남면,127.21557153607118,36.75413794484091,41.0,26,15,25,0,0,0,1,1,0,0,0,0,0,0,0,0,0,0,0,0,0,0,0,0,0,0,0,0,0,0,0,0,0,0,0,0,0,0,0,0,0,0,0,0,0,0,0,0,0,0,0
G500_00716,219500.0,461500.0,220000.0,462000.0,219750.0,461750.0,500,center_in_cheonan,34011340,성남면,127.22117075938088,36.75412766934219,61.0,39,22,25,0,0,0,0,0,0,0,0,0,0,0,0,0,0,0,0,0,0,0,0,0,0,0,0,0,0,0,0,0,0,0,0,0,0,0,0,0,0,0,0,0,0,0,0,0,0,0,0
G500_00717,220000.0,461500.0,220500.0,462000.0,220250.0,461750.0,500,center_in_cheonan,34011340,성남면,127.2267699798162,36.754117130374794,8.0,5,3,25,0,0,0,0,0,0,0,0,0,0,0,0,2,0,0,1,1,0,0,0,0,0,0,0,0,0,0,0,0,0,0,0,0,0,0,0,0,0,0,0,0,0,0,0,0,0,0,0
G500_00718,220500.0,461500.0,221000.0,462000.0,220750.0,461750.0,500,center_in_cheonan,34011340,성남면,127.23236919730434,36.75410632793918,0.0,0,0,25,0,0,0,0,0,0,0,0,0,0,0,0,0,0,0,0,0,0,0,0,0,0,0,0,0,0,0,0,0,0,0,0,0,0,0,0,0,0,0,0,0,0,0,0,0,0,0,0
G500_00719,221000.0,461500.0,221500.0,462000.0,221250.0,461750.0,500,center_in_cheonan,34011340,성남면,127.23796841177256,36.75409526203576,0.0,0,0,25,0,0,0,0,0,0,0,0,0,0,0,0,0,0,0,0,0,0,0,0,0,0,0,0,0,0,0,0,0,0,0,0,0,0,0,0,0,0,0,0,0,0,0,0,0,0,0,0
G500_00720,221500.0,461500.0,222000.0,462000.0,221750.0,461750.0,500,center_in_cheonan,34011340,성남면,127.24356762314804,36.75408393266499,122.0,81,44,25,0,0,0,0,0,0,0,0,0,0,0,0,0,0,0,0,0,0,0,0,0,0,0,0,0,0,0,0,0,0,0,0,0,0,0,0,0,0,0,0,0,0,0,0,0,0,0,0
G500_00721,222000.0,461500.0,222500.0,462000.0,222250.0,461750.0,500,center_in_cheonan,34011340,성남면,127.24916683135812,36.75407233982737,18.0,12,6,25,0,0,0,0,0,0,0,0,0,0,0,0,0,0,0,0,0,0,0,0,0,0,0,0,0,0,0,0,0,0,0,0,0,0,0,0,0,0,0,0,0,0,0,0,0,0,0,0
G500_00722,222500.0,461500.0,223000.0,462000.0,222750.0,461750.0,500,center_in_cheonan,34011340,성남면,127.25476603632994,36.75406048352331,8.0,5,3,25,0,0,0,0,0,0,0,0,0,0,0,0,0,0,0,0,0,0,0,0,0,0,0,0,0,0,0,0,0,0,0,0,0,0,0,0,0,0,0,0,0,0,0,0,0,0,0,0
G500_00723,223000.0,461500.0,223500.0,462000.0,223250.0,461750.0,500,center_in_cheonan,34011340,성남면,127.26036523799077,36.75404836375336,52.0,32,20,25,0,0,0,0,0,0,0,0,0,0,0,0,0,0,0,0,0,0,0,0,0,0,0,0,0,0,0,0,0,0,0,0,1,0,0,0,1,0,0,0,0,0,0,0,0,0,0,0
G500_00724,223500.0,461500.0,224000.0,462000.0,223750.0,461750.0,500,center_in_cheonan,34011340,성남면,127.26596443626788,36.75403598051796,31.0,21,13,25,0,0,0,0,0,0,0,0,0,0,0,0,0,0,0,0,0,0,0,0,0,0,0,0,0,0,0,0,0,0,0,0,0,0,0,0,0,0,0,0,0,0,0,0,0,0,0,0
G500_00725,224000.0,461500.0,224500.0,462000.0,224250.0,461750.0,500,center_in_cheonan,34011340,성남면,127.27156363108843,36.75402333381764,13.0,8,5,25,0,0,0,0,0,0,0,0,0,0,0,0,0,0,0,0,0,0,0,0,0,0,0,0,0,0,0,0,0,0,0,0,0,0,0,0,0,0,0,0,0,0,0,0,0,0,0,0
G500_00726,224500.0,461500.0,225000.0,462000.0,224750.0,461750.0,500,center_in_cheonan,34011340,성남면,127.27716282237971,36.75401042365292,0.0,0,0,25,0,0,0,0,0,0,0,0,0,0,0,0,0,0,0,0,0,0,0,0,0,0,0,0,0,0,0,0,0,0,0,0,0,0,0,0,0,0,0,0,0,0,0,0,0,0,0,0
G500_00727,225000.0,461500.0,225500.0,462000.0,225250.0,461750.0,500,center_in_cheonan,34011350,수신면,127.28276201006895,36.75399725002431,0.0,0,0,25,0,0,0,0,0,0,0,0,0,0,0,0,0,0,0,0,0,0,0,0,0,0,0,0,0,0,0,0,0,0,0,0,0,0,0,0,0,0,0,0,0,0,0,0,0,0,0,0
G500_00728,225500.0,461500.0,226000.0,462000.0,225750.0,461750.0,500,center_in_cheonan,34011350,수신면,127.28836119408338,36.75398381293236,8.0,4,3,25,0,0,0,0,0,0,0,0,0,0,0,0,0,0,0,0,0,0,0,0,0,0,0,0,0,0,0,0,0,0,0,0,0,0,0,0,0,0,0,0,0,0,0,0,0,0,0,0
G500_00729,226000.0,461500.0,226500.0,462000.0,226250.0,461750.0,500,center_in_cheonan,34011350,수신면,127.29396037435022,36.75397011237763,92.0,55,33,25,0,0,0,0,0,0,0,0,0,0,0,0,0,0,0,0,0,0,0,0,0,0,0,0,0,0,0,0,0,0,0,0,0,0,0,0,0,0,0,0,0,0,0,0,0,0,0,0
G500_00730,226500.0,461500.0,227000.0,462000.0,226750.0,461750.0,500,center_in_cheonan,34011350,수신면,127.29955955079674,36.75395614836065,5.0,3,2,25,0,0,0,0,0,0,0,0,0,0,0,0,0,0,0,0,0,0,0,0,0,0,0,0,0,0,0,0,0,0,0,0,0,0,0,0,0,0,0,0,0,0,0,0,0,0,0,0
G500_00731,227000.0,461500.0,227500.0,462000.0,227250.0,461750.0,500,center_in_cheonan,34011360,병천면,127.30515872335012,36.75394192088202,15.0,12,9,25,0,0,0,0,0,0,0,0,0,0,0,0,0,0,0,0,0,0,0,0,0,0,0,0,0,0,0,0,0,0,0,0,0,0,0,0,0,0,0,0,0,0,0,0,0,0,0,0
G500_00732,227500.0,461500.0,228000.0,462000.0,227750.0,461750.0,500,center_in_cheonan,34011360,병천면,127.3107578919377,36.75392742994229,5.0,4,3,25,0,0,0,0,0,0,0,0,0,0,0,0,0,0,0,0,0,0,0,0,0,0,0,0,0,0,0,0,0,0,0,0,0,0,0,0,0,0,0,0,0,0,0,0,0,0,0,0
G500_00733,228000.0,461500.0,228500.0,462000.0,228250.0,461750.0,500,center_in_cheonan,34011360,병천면,127.3163570564866,36.753912675542075,16.0,14,8,25,0,0,0,0,0,0,0,0,0,0,0,0,0,0,0,0,0,0,0,0,0,0,0,0,0,0,0,0,0,0,0,0,0,0,0,0,0,0,0,0,0,0,0,0,0,0,0,0
G500_00734,228500.0,461500.0,229000.0,462000.0,228750.0,461750.0,500,center_in_cheonan,34011360,병천면,127.32195621692412,36.75389765768197,23.0,18,12,25,0,0,0,0,0,0,0,0,0,0,0,0,0,0,0,0,0,0,0,0,0,0,0,0,0,0,0,0,0,0,0,0,0,0,0,0,0,0,0,0,0,0,0,0,0,0,0,0
G500_00735,229000.0,461500.0,229500.0,462000.0,229250.0,461750.0,500,center_in_cheonan,34011360,병천면,127.32755537317753,36.753882376362576,59.0,48,30,25,0,0,0,0,0,0,0,0,0,0,0,0,0,0,0,0,0,0,0,0,0,0,0,0,0,0,0,0,0,0,0,0,0,0,0,0,0,0,0,0,0,0,0,0,0,0,0,0
G500_00736,229500.0,461500.0,230000.0,462000.0,229750.0,461750.0,500,center_in_cheonan,34011360,병천면,127.333154525174,36.75386683158454,0.0,0,0,24,0,0,0,0,0,0,0,0,0,0,0,0,0,0,0,0,0,0,0,0,0,0,0,0,0,0,0,0,0,0,0,0,0,0,0,0,0,0,0,0,0,0,0,0,0,0,0,0
G500_00737,230000.0,461500.0,230500.0,462000.0,230250.0,461750.0,500,center_in_cheonan,34011370,동면,127.3387536728408,36.75385102334846,0.0,0,0,18,0,0,0,0,0,0,0,0,0,0,0,0,0,0,0,0,0,0,0,0,0,0,0,0,0,0,0,0,0,0,0,0,0,0,0,0,0,0,0,0,0,0,0,0,0,0,0,0
G500_00738,230500.0,461500.0,231000.0,462000.0,230750.0,461750.0,500,center_in_cheonan,34011370,동면,127.34435281610517,36.75383495165503,13.0,9,5,15,0,0,0,0,0,0,0,0,0,0,0,0,0,0,0,0,0,0,0,0,0,0,0,0,0,0,0,0,0,0,0,0,0,0,0,0,0,0,0,0,0,0,0,0,0,0,0,0
G500_00739,231000.0,461500.0,231500.0,462000.0,231250.0,461750.0,500,center_in_cheonan,34011370,동면,127.34995195489437,36.753818616504866,0.0,0,0,12,0,0,0,0,0,0,0,0,0,0,0,0,0,0,0,0,0,0,0,0,0,0,0,0,0,0,0,0,0,0,0,0,0,0,0,0,0,0,0,0,0,0,0,0,0,0,0,0
G500_00740,234500.0,461500.0,235000.0,462000.0,234750.0,461750.0,500,center_in_cheonan,34011370,동면,127.38914579500154,36.753696893722925,0.0,0,0,13,0,0,0,0,0,0,0,0,0,0,0,0,0,0,0,0,0,0,0,0,0,0,0,0,0,0,0,0,0,0,0,0,0,0,0,0,0,0,0,0,0,0,0,0,0,0,0,0
G500_00741,235000.0,461500.0,235500.0,462000.0,235250.0,461750.0,500,center_in_cheonan,34011370,동면,127.3947448953699,36.75367845094391,0.0,0,0,24,0,0,0,0,0,0,0,0,0,0,0,0,0,0,0,0,0,0,0,0,0,0,0,0,0,0,0,0,0,0,0,0,0,0,0,0,0,0,0,0,0,0,0,0,0,0,0,0
G500_00742,235500.0,461500.0,236000.0,462000.0,235750.0,461750.0,500,center_in_cheonan,34011370,동면,127.40034399060823,36.753659744714554,8.0,5,3,25,0,0,0,0,0,0,0,0,0,0,0,0,0,0,0,0,0,0,0,0,0,0,0,0,0,0,0,0,0,0,0,0,0,0,0,0,0,0,0,0,0,0,0,0,0,0,0,0
G500_00743,236000.0,461500.0,236500.0,462000.0,236250.0,461750.0,500,center_in_cheonan,34011370,동면,127.40594308064378,36.75364077503562,0.0,0,0,24,0,0,0,0,0,0,0,0,0,0,0,0,0,0,0,0,0,0,0,0,0,0,0,0,0,0,0,0,0,0,0,0,0,0,0,0,0,0,0,0,0,0,0,0,0,0,0,0
G500_00744,208500.0,462000.0,209000.0,462500.0,208750.0,462250.0,500,center_in_cheonan,34011310,풍세면,127.09799304215177,36.758798458798346,0.0,0,0,19,0,0,0,0,0,0,0,0,0,0,0,0,0,0,0,0,0,0,0,0,0,0,0,0,0,0,0,0,0,0,0,0,0,0,0,0,0,0,0,0,0,0,0,0,0,0,0,0
G500_00745,209000.0,462000.0,209500.0,462500.0,209250.0,462250.0,500,center_in_cheonan,34011310,풍세면,127.10359263648104,36.75879371544873,20.0,20,8,15,0,0,0,0,0,0,0,0,0,0,0,0,0,0,0,0,0,0,0,0,0,0,0,0,0,0,0,0,0,0,0,0,0,0,0,0,0,0,0,0,0,0,0,0,0,0,0,0
G500_00746,209500.0,462000.0,210000.0,462500.0,209750.0,462250.0,500,center_in_cheonan,34011310,풍세면,127.1091922294637,36.75878870858096,58.0,58,29,19,0,0,0,0,0,0,0,0,0,0,0,0,0,0,0,0,0,0,0,0,0,0,0,0,0,0,0,0,0,0,0,0,0,0,0,0,0,0,0,0,0,0,0,0,0,0,0,0
G500_00747,210000.0,462000.0,210500.0,462500.0,210250.0,462250.0,500,center_in_cheonan,34011310,풍세면,127.11479182102703,36.758783438195216,47.0,47,23,25,0,0,0,0,0,0,0,0,0,0,0,0,0,0,0,0,0,0,0,0,0,0,0,0,0,0,0,0,0,0,0,0,0,0,0,0,0,0,0,0,0,0,0,0,0,0,0,0
G500_00748,210500.0,462000.0,211000.0,462500.0,210750.0,462250.0,500,center_in_cheonan,34011310,풍세면,127.12039141109823,36.75877790429174,133.0,134,65,25,0,0,0,0,0,0,0,0,0,0,0,0,0,0,0,0,0,0,0,0,0,0,0,0,0,0,0,0,0,0,0,0,0,0,0,0,0,0,0,0,0,0,0,0,0,0,0,0
G500_00749,211000.0,462000.0,211500.0,462500.0,211250.0,462250.0,500,center_in_cheonan,34011310,풍세면,127.12599099960447,36.758772106870744,23.0,23,11,25,0,0,0,1,1,0,0,0,0,0,0,0,0,0,0,0,0,0,0,0,0,0,0,0,0,0,0,0,0,0,0,0,0,0,0,0,0,0,0,0,0,0,0,0,0,0,0,0
G500_00750,211500.0,462000.0,212000.0,462500.0,211750.0,462250.0,500,center_in_cheonan,34011310,풍세면,127.131590586473,36.75876604593246,5.0,5,2,25,0,0,0,0,0,0,0,0,0,0,0,0,0,0,0,0,0,0,0,0,0,0,0,0,0,0,0,0,0,0,0,0,0,0,0,0,0,0,0,0,0,0,0,0,0,0,0,0
G500_00751,212000.0,462000.0,212500.0,462500.0,212250.0,462250.0,500,center_in_cheonan,34011580,청룡동,127.13719017163103,36.75875972147716,0.0,0,0,25,0,0,0,0,0,0,0,0,0,0,0,0,0,0,0,0,0,0,0,0,0,0,0,0,0,0,0,0,0,0,0,0,0,0,0,0,0,0,0,0,0,0,0,0,0,0,0,0
G500_00752,212500.0,462000.0,213000.0,462500.0,212750.0,462250.0,500,center_in_cheonan,34011580,청룡동,127.14278975500578,36.75875313350506,5.0,5,2,25,0,0,0,0,0,0,0,0,0,0,0,0,0,0,0,0,0,0,0,0,0,0,0,0,0,0,0,0,0,0,0,0,0,0,0,0,0,0,0,0,0,0,0,0,0,0,0,0
G500_00753,213000.0,462000.0,213500.0,462500.0,213250.0,462250.0,500,center_in_cheonan,34011580,청룡동,127.14838933652446,36.75874628201646,0.0,0,0,25,0,0,0,0,0,0,0,0,0,0,0,0,0,0,0,0,0,0,0,0,0,0,0,0,0,0,0,0,0,0,0,0,0,0,0,0,0,0,0,0,0,0,0,0,0,0,0,0
G500_00754,213500.0,462000.0,214000.0,462500.0,213750.0,462250.0,500,center_in_cheonan,34011580,청룡동,127.15398891611427,36.75873916701165,0.0,0,0,25,0,0,0,0,0,0,0,0,0,0,0,0,0,0,0,0,0,0,0,0,0,0,0,0,0,0,0,0,0,0,0,0,0,0,0,0,0,0,0,0,0,0,0,0,0,0,0,0
G500_00755,214000.0,462000.0,214500.0,462500.0,214250.0,462250.0,500,center_in_cheonan,34011580,청룡동,127.15958849370244,36.75873178849089,5.0,5,2,25,0,0,0,0,0,0,0,0,0,0,0,0,0,0,0,0,0,0,0,0,0,0,0,0,0,0,0,0,0,0,0,0,0,0,0,0,0,0,0,0,0,0,0,0,0,0,0,0
G500_00756,214500.0,462000.0,215000.0,462500.0,214750.0,462250.0,500,center_in_cheonan,34011110,목천읍,127.16518806921619,36.7587241464545,44.0,41,20,25,0,0,0,0,0,0,0,0,0,0,0,0,0,0,0,0,0,0,0,0,0,0,0,0,0,0,0,0,0,0,0,0,0,0,0,0,0,0,0,0,0,0,0,0,0,0,0,0
G500_00757,215000.0,462000.0,215500.0,462500.0,215250.0,462250.0,500,center_in_cheonan,34011110,목천읍,127.17078764258271,36.75871624090277,49.0,46,22,25,0,0,0,1,1,0,0,0,0,0,0,0,0,0,0,0,0,0,0,0,0,0,0,0,0,0,0,0,0,0,0,0,0,0,0,0,0,0,0,0,0,0,0,0,0,0,0,0
G500_00758,215500.0,462000.0,216000.0,462500.0,215750.0,462250.0,500,center_in_cheonan,34011110,목천읍,127.17638721372921,36.75870807183605,4294.0,3845,1980,25,0,0,0,2,2,0,0,0,2,1,1,0,0,0,0,0,0,0,0,0,0,0,0,0,0,0,0,0,0,0,0,0,0,0,0,0,0,0,0,0,0,0,0,0,0,0,0,0
G500_00759,216000.0,462000.0,216500.0,462500.0,216250.0,462250.0,500,center_in_cheonan,34011110,목천읍,127.18198678258298,36.75869963925467,314.0,281,146,25,0,0,0,1,1,0,0,0,0,0,0,0,0,0,0,0,0,0,0,0,0,0,0,0,0,0,0,0,0,0,0,0,2,0,0,0,0,0,0,0,0,0,0,2,0,0,0,0
G500_00760,216500.0,462000.0,217000.0,462500.0,216750.0,462250.0,500,center_in_cheonan,34011110,목천읍,127.18758634907114,36.75869094315896,0.0,0,0,25,0,0,0,0,0,0,0,0,0,0,0,0,0,0,0,0,0,0,0,0,0,0,0,0,0,0,0,0,0,0,0,0,0,0,0,0,0,0,0,0,0,0,0,0,0,0,0,0
G500_00761,217000.0,462000.0,217500.0,462500.0,217250.0,462250.0,500,center_in_cheonan,34011110,목천읍,127.19318591312094,36.758681983549266,0.0,0,0,25,0,0,0,0,0,0,0,0,0,0,0,0,0,0,0,0,0,0,0,0,0,0,0,0,0,0,0,0,0,0,0,0,0,0,0,0,0,0,0,0,0,0,0,0,0,0,0,0
G500_00762,217500.0,462000.0,218000.0,462500.0,217750.0,462250.0,500,center_in_cheonan,34011110,목천읍,127.19878547465963,36.75867276042599,0.0,0,0,25,0,0,0,0,0,0,0,0,0,0,0,0,0,0,0,0,0,0,0,0,0,0,0,0,0,0,0,0,0,0,0,0,0,0,0,0,0,0,0,0,0,0,0,0,0,0,0,0
G500_00763,218000.0,462000.0,218500.0,462500.0,218250.0,462250.0,500,center_in_cheonan,34011110,목천읍,127.20438503361437,36.75866327378947,0.0,0,0,25,0,0,0,0,0,0,0,0,0,0,0,0,0,0,0,0,0,0,0,0,0,0,0,0,0,0,0,0,0,0,0,0,0,0,0,0,0,0,0,0,0,0,0,0,0,0,0,0
G500_00764,218500.0,462000.0,219000.0,462500.0,218750.0,462250.0,500,center_in_cheonan,34011110,목천읍,127.20998458991242,36.75865352364012,73.0,66,35,25,0,0,0,0,0,0,0,0,0,0,0,0,0,0,0,0,0,0,0,0,0,0,0,0,0,0,0,0,0,0,0,0,0,0,0,0,0,0,0,0,0,0,0,0,0,0,0,0
G500_00765,219000.0,462000.0,219500.0,462500.0,219250.0,462250.0,500,center_in_cheonan,34011340,성남면,127.21558414348097,36.758643509978334,18.0,13,7,25,0,0,0,0,0,0,0,0,0,0,0,0,0,0,0,0,0,0,0,0,0,0,0,0,0,0,0,0,0,0,0,0,0,0,0,0,0,0,0,0,0,0,0,0,0,0,0,0
G500_00766,219500.0,462000.0,220000.0,462500.0,219750.0,462250.0,500,center_in_cheonan,34011340,성남면,127.22118369424724,36.758633232804506,0.0,0,0,25,0,0,0,0,0,0,0,0,0,0,0,0,0,0,0,0,0,0,0,0,0,0,0,0,0,0,0,0,0,0,0,0,0,0,0,0,0,0,0,0,0,0,0,0,0,0,0,0
G500_00767,220000.0,462000.0,220500.0,462500.0,220250.0,462250.0,500,center_in_cheonan,34011340,성남면,127.22678324213845,36.758622692119054,44.0,37,18,25,0,0,0,1,1,0,0,0,0,0,0,0,0,0,0,0,0,0,0,1,1,0,0,0,0,0,0,0,0,0,0,0,0,0,0,0,0,0,0,0,0,0,0,0,0,0,0,0
G500_00768,220500.0,462000.0,221000.0,462500.0,220750.0,462250.0,500,center_in_cheonan,34011110,목천읍,127.23238278708185,36.75861188792244,5.0,5,2,25,0,0,0,0,0,0,0,0,0,0,0,0,0,0,0,0,0,0,0,0,0,0,0,0,0,0,0,0,0,0,0,0,0,0,0,0,0,0,0,0,0,0,0,0,0,0,0,0
G500_00769,221000.0,462000.0,221500.0,462500.0,221250.0,462250.0,500,center_in_cheonan,34011110,목천읍,127.2379823290046,36.75860082021507,0.0,0,0,25,0,0,0,0,0,0,0,0,0,0,0,0,0,0,0,0,0,0,0,0,0,0,0,0,0,0,0,0,0,0,0,0,0,0,0,0,0,0,0,0,0,0,0,0,0,0,0,0
G500_00770,221500.0,462000.0,222000.0,462500.0,221750.0,462250.0,500,center_in_cheonan,34011110,목천읍,127.24358186783395,36.75858948899741,0.0,0,0,25,0,0,0,0,0,0,0,0,0,0,0,0,0,0,0,0,0,0,0,0,0,0,0,0,0,0,0,0,0,0,0,0,0,0,0,0,0,0,0,0,0,0,0,0,0,0,0,0
G500_00771,222000.0,462000.0,222500.0,462500.0,222250.0,462250.0,500,center_in_cheonan,34011110,목천읍,127.24918140349709,36.75857789426991,15.0,15,6,25,0,0,0,0,0,0,0,0,0,0,0,0,0,0,0,0,0,0,0,0,0,0,0,0,0,0,0,0,0,0,0,0,0,0,0,0,0,0,0,0,0,0,0,0,0,0,0,0
G500_00772,222500.0,462000.0,223000.0,462500.0,222750.0,462250.0,500,center_in_cheonan,34011340,성남면,127.25478093592129,36.75856603603308,10.0,6,4,25,0,0,0,0,0,0,0,0,0,0,0,0,0,0,0,0,0,0,0,0,0,0,0,0,0,0,0,0,0,0,0,0,0,0,0,0,0,0,0,0,0,0,0,0,0,0,0,0
G500_00773,223000.0,462000.0,223500.0,462500.0,223250.0,462250.0,500,center_in_cheonan,34011340,성남면,127.2603804650337,36.758553914287354,10.0,7,5,24,0,0,0,0,0,0,0,0,0,0,0,0,1,0,0,0,0,0,1,0,0,0,0,0,0,0,0,0,0,0,0,0,0,0,0,0,0,0,0,0,0,0,0,0,0,0,0,0
G500_00774,223500.0,462000.0,224000.0,462500.0,223750.0,462250.0,500,center_in_cheonan,34011360,병천면,127.26597999076161,36.758541529033266,23.0,18,13,25,0,0,0,0,0,0,0,0,0,0,0,0,0,0,0,0,0,0,0,0,0,0,0,0,0,0,0,0,0,0,0,0,0,0,0,0,0,0,0,0,0,0,0,0,0,0,0,0
G500_00775,224000.0,462000.0,224500.0,462500.0,224250.0,462250.0,500,center_in_cheonan,34011360,병천면,127.27157951303218,36.7585288802713,18.0,15,10,25,0,0,0,0,0,0,0,0,0,0,0,0,0,0,0,0,0,0,0,0,0,0,0,0,0,0,0,0,0,0,0,0,0,0,0,0,0,0,0,0,0,0,0,0,0,0,0,0
G500_00776,224500.0,462000.0,225000.0,462500.0,224750.0,462250.0,500,center_in_cheonan,34011360,병천면,127.27717903177266,36.758515968001994,53.0,41,26,25,0,0,0,0,0,0,0,0,0,0,0,0,0,0,0,0,0,0,0,0,0,0,0,0,0,0,0,0,0,0,0,0,0,0,0,0,0,0,0,0,0,0,0,0,0,0,0,0
G500_00777,225000.0,462000.0,225500.0,462500.0,225250.0,462250.0,500,center_in_cheonan,34011360,병천면,127.28277854691028,36.75850279222583,85.0,67,43,25,0,0,0,0,0,0,0,0,0,0,0,0,0,0,0,0,0,0,0,0,0,0,0,0,0,0,0,0,0,0,0,0,0,0,0,0,0,0,0,0,0,0,0,0,0,0,0,0
G500_00778,225500.0,462000.0,226000.0,462500.0,225750.0,462250.0,500,center_in_cheonan,34011360,병천면,127.28837805837223,36.75848935294339,0.0,0,0,25,0,0,0,0,0,0,0,0,0,0,0,0,0,0,0,0,0,0,0,0,0,0,0,0,0,0,0,0,0,0,0,0,0,0,0,0,0,0,0,0,0,0,0,0,0,0,0,0
G500_00779,226000.0,462000.0,226500.0,462500.0,226250.0,462250.0,500,center_in_cheonan,34011360,병천면,127.29397756608573,36.758475650155205,467.0,369,230,25,0,0,0,0,0,0,0,0,0,0,0,0,0,0,0,0,0,0,0,1,0,0,0,0,0,1,0,0,0,0,0,0,0,0,0,0,0,0,0,0,0,0,0,0,0,0,0,0
G500_00780,226500.0,462000.0,227000.0,462500.0,226750.0,462250.0,500,center_in_cheonan,34011360,병천면,127.29957706997803,36.758461683861846,26.0,20,13,25,0,0,0,1,1,0,0,0,0,0,0,0,1,1,0,0,0,0,0,0,0,0,0,0,0,0,0,0,0,0,0,0,0,0,0,0,0,0,0,0,0,0,0,0,0,0,0,0
G500_00781,227000.0,462000.0,227500.0,462500.0,227250.0,462250.0,500,center_in_cheonan,34011360,병천면,127.30517656997631,36.75844745406387,91.0,71,44,25,0,0,0,0,0,0,0,0,0,0,0,0,0,0,0,0,0,0,0,0,0,0,0,0,0,0,0,0,0,0,0,0,0,0,0,0,0,0,0,0,0,0,0,0,0,0,0,0
G500_00782,227500.0,462000.0,228000.0,462500.0,227750.0,462250.0,500,center_in_cheonan,34011360,병천면,127.31077606600785,36.75843296076186,5.0,4,3,25,0,0,0,0,0,0,0,0,1,0,0,1,1,0,0,0,1,0,0,0,0,0,0,0,0,0,0,0,0,0,0,0,0,0,0,0,0,0,0,0,0,0,0,0,0,0,0,0
G500_00783,228000.0,462000.0,228500.0,462500.0,228250.0,462250.0,500,center_in_cheonan,34011360,병천면,127.3163755579998,36.7584182039564,54.0,43,27,25,0,0,0,0,0,0,0,0,0,0,0,0,0,0,0,0,0,0,0,0,0,0,0,0,0,0,0,0,0,0,0,0,0,0,0,0,0,0,0,0,0,0,0,0,0,0,0,0
G500_00784,228500.0,462000.0,229000.0,462500.0,228750.0,462250.0,500,center_in_cheonan,34011360,병천면,127.32197504587941,36.75840318364811,0.0,0,0,25,0,0,0,0,0,0,0,0,0,0,0,0,0,0,0,0,0,0,0,0,0,0,0,0,0,0,0,0,0,0,0,0,0,0,0,0,0,0,0,0,0,0,0,0,0,0,0,0
G500_00785,229000.0,462000.0,229500.0,462500.0,229250.0,462250.0,500,center_in_cheonan,34011370,동면,127.32757452957395,36.75838789983759,0.0,0,0,25,0,0,0,0,0,0,0,0,0,0,0,0,0,0,0,0,0,0,0,0,0,0,0,0,0,0,0,0,0,0,0,0,0,0,0,0,0,0,0,0,0,0,0,0,0,0,0,0
G500_00786,229500.0,462000.0,230000.0,462500.0,229750.0,462250.0,500,center_in_cheonan,34011370,동면,127.33317400901056,36.75837235252547,33.0,24,13,25,0,0,0,0,0,0,0,0,0,0,0,0,0,0,0,0,0,0,0,0,0,0,0,0,0,0,0,0,0,0,0,0,0,0,0,0,0,0,0,0,0,0,0,0,0,0,0,0
G500_00787,230000.0,462000.0,230500.0,462500.0,230250.0,462250.0,500,center_in_cheonan,34011370,동면,127.33877348411653,36.758356541712374,23.0,17,9,25,0,0,0,0,0,0,0,0,0,0,0,0,0,0,0,0,0,0,0,0,0,0,0,0,0,0,0,0,0,0,0,0,0,0,0,0,0,0,0,0,0,0,0,0,0,0,0,0
G500_00788,230500.0,462000.0,231000.0,462500.0,230750.0,462250.0,500,center_in_cheonan,34011370,동면,127.34437295481904,36.758340467398966,5.0,4,2,25,0,0,0,0,0,0,0,0,0,0,0,0,0,0,0,0,0,0,0,0,0,0,0,0,0,0,0,0,0,0,0,0,0,0,0,0,0,0,0,0,0,0,0,0,0,0,0,0
G500_00789,231000.0,462000.0,231500.0,462500.0,231250.0,462250.0,500,center_in_cheonan,34011370,동면,127.34997242104532,36.75832412958589,0.0,0,0,25,0,0,0,0,0,0,0,0,0,0,0,0,0,0,0,0,0,0,0,0,0,0,0,0,0,0,0,0,0,0,0,0,0,0,0,0,0,0,0,0,0,0,0,0,0,0,0,0
G500_00790,231500.0,462000.0,232000.0,462500.0,231750.0,462250.0,500,center_in_cheonan,34011370,동면,127.35557188272263,36.758307528273804,0.0,0,0,15,0,0,0,0,0,0,0,0,0,0,0,0,0,0,0,0,0,0,0,0,0,0,0,0,0,0,0,0,0,0,0,0,0,0,0,0,0,0,0,0,0,0,0,0,0,0,0,0
G500_00791,233000.0,462000.0,233500.0,462500.0,233250.0,462250.0,500,center_in_cheonan,34011370,동면,127.37237023973276,36.75825614335038,0.0,0,0,12,0,0,0,0,0,0,0,0,0,0,0,0,0,0,0,0,0,0,0,0,0,0,0,0,0,0,0,0,0,0,0,0,0,0,0,0,0,0,0,0,0,0,0,0,0,0,0,0
G500_00792,234500.0,462000.0,235000.0,462500.0,234750.0,462250.0,500,center_in_cheonan,34011370,동면,127.38916855318197,36.758202386961,0.0,0,0,24,0,0,0,0,0,0,0,0,0,0,0,0,0,0,0,0,0,0,0,0,0,0,0,0,0,0,0,0,0,0,0,0,0,0,0,0,0,0,0,0,0,0,0,0,0,0,0,0
G500_00793,235000.0,462000.0,235500.0,462500.0,235250.0,462250.0,500,center_in_cheonan,34011370,동면,127.39476798097857,36.758183941175496,46.0,34,18,25,0,0,0,0,0,0,0,0,0,0,0,0,0,0,0,0,0,0,0,0,0,0,0,0,0,0,0,0,0,0,0,0,0,0,0,0,0,0,0,0,0,0,0,0,0,0,0,0
G500_00794,235500.0,462000.0,236000.0,462500.0,235750.0,462250.0,500,center_in_cheonan,34011370,동면,127.40036740364398,36.758165231896704,0.0,0,0,25,0,0,0,0,0,0,0,0,0,0,0,0,0,0,0,0,0,0,0,0,0,0,0,0,0,0,0,0,0,0,0,0,0,0,0,0,0,0,0,0,0,0,0,0,0,0,0,0
G500_00795,236000.0,462000.0,236500.0,462500.0,236250.0,462250.0,500,center_in_cheonan,34011370,동면,127.40596682110542,36.75814625912538,10.0,8,4,25,0,0,0,0,0,0,0,0,0,0,0,0,0,0,0,0,0,0,0,0,0,0,0,0,0,0,0,0,0,0,0,0,0,0,0,0,0,0,0,0,0,0,0,0,0,0,0,0
G500_00796,236500.0,462000.0,237000.0,462500.0,236750.0,462250.0,500,center_in_cheonan,34011370,동면,127.41156623329009,36.75812702286234,0.0,0,0,22,0,0,0,0,0,0,0,0,0,0,0,0,0,0,0,0,0,0,0,0,0,0,0,0,0,0,0,0,0,0,0,0,0,0,0,0,0,0,0,0,0,0,0,0,0,0,0,0
G500_00797,237000.0,462000.0,237500.0,462500.0,237250.0,462250.0,500,center_in_cheonan,34011370,동면,127.41716564012528,36.75810752310833,10.0,8,4,19,0,0,0,0,0,0,0,0,0,0,0,0,0,0,0,0,0,0,0,0,0,0,0,0,0,0,0,0,0,0,0,0,0,0,0,0,0,0,0,0,0,0,0,0,0,0,0,0
G500_00798,210500.0,462500.0,211000.0,463000.0,210750.0,462750.0,500,center_in_cheonan,34011310,풍세면,127.12039845322599,36.763283487913505,0.0,0,0,24,0,0,0,0,0,0,0,0,0,0,0,0,0,0,0,0,0,0,0,0,0,0,0,0,0,0,0,0,0,0,0,0,0,0,0,0,0,0,0,0,0,0,0,0,0,0,0,0
G500_00799,211000.0,462500.0,211500.0,463000.0,211250.0,462750.0,500,center_in_cheonan,34011310,풍세면,127.12599836927029,36.76327768954747,0.0,0,0,25,0,0,0,0,0,0,0,0,0,0,0,0,0,0,0,0,0,0,0,0,0,0,0,0,0,0,0,0,0,0,0,0,0,0,0,0,0,0,0,0,0,0,0,0,0,0,0,0
G500_00800,211500.0,462500.0,212000.0,463000.0,211750.0,462750.0,500,center_in_cheonan,34011570,신방동,127.13159828367651,36.76327162762118,13.0,13,6,25,0,0,0,0,0,0,0,0,0,0,0,0,0,0,0,0,0,0,0,0,0,0,0,0,0,0,0,0,0,0,0,0,0,0,0,0,0,0,0,0,0,0,0,0,0,0,0,0
G500_00801,212000.0,462500.0,212500.0,463000.0,212250.0,462750.0,500,center_in_cheonan,34011580,청룡동,127.13719819637184,36.76326530213492,23.0,23,10,25,0,0,0,0,0,0,0,0,0,0,0,0,0,0,0,0,0,0,0,0,0,0,0,0,0,0,0,0,0,0,0,0,0,0,0,0,0,0,0,0,0,0,0,0,0,0,0,0
G500_00802,212500.0,462500.0,213000.0,463000.0,212750.0,462750.0,500,center_in_cheonan,34011580,청룡동,127.14279810728347,36.76325871308891,23.0,23,9,25,0,0,0,0,0,0,0,0,0,0,0,0,0,0,0,0,0,0,0,0,0,0,0,0,0,0,0,0,0,0,0,0,0,0,0,0,0,0,0,0,0,0,0,0,0,0,0,0
G500_00803,213000.0,462500.0,213500.0,463000.0,213250.0,462750.0,500,center_in_cheonan,34011580,청룡동,127.14839801633859,36.76325186048345,33.0,33,14,25,0,0,0,0,0,0,0,0,0,0,0,0,0,0,0,0,0,0,0,0,0,0,0,0,0,0,0,0,0,0,0,0,0,0,0,0,0,0,0,0,0,0,0,0,0,0,0,0
G500_00804,213500.0,462500.0,214000.0,463000.0,213750.0,462750.0,500,center_in_cheonan,34011580,청룡동,127.15399792346439,36.76324474431879,55.0,55,21,25,0,0,0,0,0,0,0,0,0,0,0,0,0,0,0,0,0,0,0,0,0,0,0,0,0,0,0,0,0,0,0,0,0,0,0,0,0,0,0,0,0,0,0,0,0,0,0,0
G500_00805,214000.0,462500.0,214500.0,463000.0,214250.0,462750.0,500,center_in_cheonan,34011580,청룡동,127.15959782858812,36.76323736459524,0.0,0,0,25,0,0,0,0,0,0,0,0,0,0,0,0,0,0,0,0,0,0,0,0,0,0,0,0,0,0,0,0,0,0,0,0,0,0,0,0,0,0,0,0,0,0,0,0,0,0,0,0
G500_00806,214500.0,462500.0,215000.0,463000.0,214750.0,462750.0,500,center_in_cheonan,34011110,목천읍,127.16519773163694,36.76322972131311,10.0,10,4,25,0,0,0,0,0,0,0,0,0,0,0,0,0,0,0,0,0,0,0,0,0,0,0,0,0,0,0,0,0,0,0,0,0,0,0,0,0,0,0,0,0,0,0,0,0,0,0,0
G500_00807,215000.0,462500.0,215500.0,463000.0,215250.0,462750.0,500,center_in_cheonan,34011110,목천읍,127.17079763253803,36.76322181447269,28.0,27,12,25,0,0,0,0,0,0,0,0,0,0,0,0,0,0,0,0,0,0,0,0,0,0,0,0,0,0,0,0,0,0,0,0,0,0,0,0,0,0,0,0,0,0,0,0,0,0,0,0
G500_00808,215500.0,462500.0,216000.0,463000.0,215750.0,462750.0,500,center_in_cheonan,34011110,목천읍,127.17639753121858,36.76321364407433,812.0,730,372,25,0,0,0,0,0,0,0,0,0,0,0,0,0,0,0,0,0,0,0,0,0,0,0,0,0,0,0,0,0,0,0,0,1,0,0,0,0,0,0,1,0,0,0,0,0,0,1,1
G500_00809,216000.0,462500.0,216500.0,463000.0,216250.0,462750.0,500,center_in_cheonan,34011110,목천읍,127.18199742760586,36.76320521011832,61.0,58,26,25,0,0,0,0,0,0,0,0,0,0,0,0,0,0,0,0,0,0,0,0,0,0,0,0,0,0,0,0,0,0,0,0,0,0,0,0,0,0,0,0,0,0,0,0,0,0,0,0
G500_00810,216500.0,462500.0,217000.0,463000.0,216750.0,462750.0,500,center_in_cheonan,34011110,목천읍,127.18759732162702,36.76319651260505,18.0,17,8,25,0,0,0,0,0,0,0,0,0,0,0,0,0,0,0,0,0,0,0,0,0,0,0,0,0,0,0,0,0,0,0,0,0,0,0,0,0,0,0,0,0,0,0,0,0,0,0,0
G500_00811,217000.0,462500.0,217500.0,463000.0,217250.0,462750.0,500,center_in_cheonan,34011110,목천읍,127.19319721320927,36.76318755153485,0.0,0,0,25,0,0,0,0,0,0,0,0,0,0,0,0,0,0,0,0,0,0,0,0,0,0,0,0,0,0,0,0,0,0,0,0,0,0,0,0,0,0,0,0,0,0,0,0,0,0,0,0
G500_00812,217500.0,462500.0,218000.0,463000.0,217750.0,462750.0,500,center_in_cheonan,34011110,목천읍,127.19879710227977,36.76317832690809,0.0,0,0,25,0,0,0,0,0,0,0,0,0,0,0,0,0,0,0,0,0,0,0,0,0,0,0,0,0,0,0,0,0,0,0,0,0,0,0,0,0,0,0,0,0,0,0,0,0,0,0,0
G500_00813,218000.0,462500.0,218500.0,463000.0,218250.0,462750.0,500,center_in_cheonan,34011110,목천읍,127.20439698876578,36.76316883872515,49.0,46,22,25,0,0,0,0,0,0,0,0,0,0,0,0,0,0,0,0,0,0,0,0,0,0,0,0,0,0,0,0,0,0,0,0,0,0,0,0,0,0,0,0,0,0,0,0,0,0,0,0
G500_00814,218500.0,462500.0,219000.0,463000.0,218750.0,462750.0,500,center_in_cheonan,34011110,목천읍,127.20999687259444,36.76315908698641,69.0,65,30,25,0,0,0,0,0,0,0,0,0,0,0,0,0,0,0,0,0,0,0,0,0,0,0,0,0,0,0,0,0,0,0,0,0,0,0,0,0,0,0,0,0,0,0,0,0,0,0,0
G500_00815,219000.0,462500.0,219500.0,463000.0,219250.0,462750.0,500,center_in_cheonan,34011110,목천읍,127.215596753693,36.763149071692276,33.0,31,14,25,0,0,0,0,0,0,0,0,0,0,0,0,0,0,0,0,0,0,0,0,0,0,0,0,0,0,0,0,0,0,0,0,0,0,0,0,0,0,0,0,0,0,0,0,0,0,0,0
G500_00816,219500.0,462500.0,220000.0,463000.0,219750.0,462750.0,500,center_in_cheonan,34011340,성남면,127.22119663198865,36.76313879284316,5.0,3,2,25,0,0,0,0,0,0,0,0,0,0,0,0,0,0,0,0,0,0,0,0,0,0,0,0,0,0,0,0,0,0,0,0,0,0,0,0,0,0,0,0,0,0,0,0,0,0,0,0
G500_00817,220000.0,462500.0,220500.0,463000.0,220250.0,462750.0,500,center_in_cheonan,34011110,목천읍,127.22679650740857,36.76312825043947,0.0,0,0,25,0,0,0,0,0,0,0,0,0,0,0,0,0,0,0,0,0,0,0,0,0,0,0,0,0,0,0,0,0,0,0,0,0,0,0,0,0,0,0,0,0,0,0,0,0,0,0,0
G500_00818,220500.0,462500.0,221000.0,463000.0,220750.0,462750.0,500,center_in_cheonan,34011110,목천읍,127.23239637987996,36.76311744448163,88.0,80,40,25,0,0,0,0,0,0,0,0,0,0,0,0,0,0,0,0,0,0,0,0,0,0,0,0,0,0,0,0,0,0,0,0,0,0,0,0,0,0,0,0,0,0,0,0,0,0,0,0
G500_00819,221000.0,462500.0,221500.0,463000.0,221250.0,462750.0,500,center_in_cheonan,34011110,목천읍,127.23799624933005,36.7631063749701,28.0,27,12,25,0,0,0,0,0,0,0,0,0,0,0,0,0,0,0,0,0,0,0,0,0,0,0,0,0,0,0,0,0,0,0,0,0,0,0,0,0,0,0,0,0,0,0,0,0,0,0,0
G500_00820,221500.0,462500.0,222000.0,463000.0,221750.0,462750.0,500,center_in_cheonan,34011110,목천읍,127.243596115686,36.76309504190533,0.0,0,0,25,0,0,0,0,0,0,0,0,0,0,0,0,0,0,0,0,0,0,0,0,0,0,0,0,0,0,0,0,0,0,0,0,0,0,0,0,0,0,0,0,0,0,0,0,0,0,0,0
G500_00821,222000.0,462500.0,222500.0,463000.0,222250.0,462750.0,500,center_in_cheonan,34011110,목천읍,127.24919597887504,36.763083445287776,10.0,10,4,25,0,0,0,1,1,0,0,0,0,0,0,0,0,0,0,0,0,0,0,0,0,0,0,0,0,0,0,0,0,0,0,0,0,0,0,0,0,0,0,0,0,0,0,0,0,0,0,0
G500_00822,222500.0,462500.0,223000.0,463000.0,222750.0,462750.0,500,center_in_cheonan,34011330,북면,127.25479583882435,36.76307158511791,8.0,5,3,25,0,0,0,1,1,0,0,0,0,0,0,0,0,0,0,0,0,0,0,0,0,0,0,0,0,0,0,0,0,0,0,0,0,0,0,0,0,0,0,0,0,0,0,0,0,0,0,0
G500_00823,223000.0,462500.0,223500.0,463000.0,223250.0,462750.0,500,center_in_cheonan,34011360,병천면,127.26039569546116,36.76305946139621,23.0,18,13,25,0,0,0,0,0,0,0,0,0,0,0,0,0,0,0,0,0,0,0,0,0,0,0,0,0,0,0,0,0,0,0,0,0,0,0,0,0,0,0,0,0,0,0,0,0,0,0,0
G500_00824,223500.0,462500.0,224000.0,463000.0,223750.0,462750.0,500,center_in_cheonan,34011360,병천면,127.26599554871267,36.76304707412318,651.0,513,320,25,0,0,0,0,0,0,0,0,0,0,0,0,0,0,0,0,0,0,0,0,0,0,0,0,0,0,0,0,0,0,0,0,0,0,0,0,0,0,0,0,0,0,0,0,0,0,0,0
G500_00825,224000.0,462500.0,224500.0,463000.0,224250.0,462750.0,500,center_in_cheonan,34011360,병천면,127.27159539850604,36.76303442329934,8.0,6,4,25,0,0,0,0,0,0,0,0,0,0,0,0,0,0,0,0,0,0,0,0,0,0,0,0,0,0,0,0,0,0,0,0,0,0,0,0,0,0,0,0,0,0,0,0,0,0,0,0
G500_00826,224500.0,462500.0,225000.0,463000.0,224750.0,462750.0,500,center_in_cheonan,34011360,병천면,127.27719524476852,36.763021508925185,0.0,0,0,25,0,0,0,0,0,0,0,0,0,0,0,0,0,0,0,0,0,0,0,0,0,0,0,0,0,0,0,0,0,0,0,0,0,0,0,0,0,0,0,0,0,0,0,0,0,0,0,0
G500_00827,225000.0,462500.0,225500.0,463000.0,225250.0,462750.0,500,center_in_cheonan,34011360,병천면,127.28279508742727,36.763008331001245,203.0,161,99,25,0,0,0,2,2,0,0,0,0,0,0,0,0,0,0,0,0,0,0,0,0,0,0,0,0,0,0,0,0,0,0,0,0,0,0,0,0,0,0,0,0,0,0,0,0,0,0,0
G500_00828,225500.0,462500.0,226000.0,463000.0,225750.0,462750.0,500,center_in_cheonan,34011360,병천면,127.28839492640951,36.762994889528045,433.0,342,212,25,0,0,0,1,1,0,0,0,0,0,0,0,0,0,0,0,0,0,0,0,0,0,0,0,0,0,0,0,0,0,0,0,0,0,0,0,0,0,0,0,0,0,0,0,0,0,0,0
G500_00829,226000.0,462500.0,226500.0,463000.0,226250.0,462750.0,500,center_in_cheonan,34011360,병천면,127.29399476164248,36.76298118450617,239.0,188,119,25,0,0,0,1,1,0,0,0,0,0,0,0,0,0,0,0,0,0,0,0,0,0,0,0,0,0,0,0,0,0,0,0,0,0,0,0,0,0,0,0,0,0,0,0,0,0,0,0
G500_00830,226500.0,462500.0,227000.0,463000.0,226750.0,462750.0,500,center_in_cheonan,34011360,병천면,127.29959459305331,36.76296721593614,455.0,357,224,25,1,1,0,2,2,0,0,0,2,1,1,0,0,0,0,0,0,0,0,0,0,0,0,0,0,0,0,0,0,0,0,0,11,0,0,0,0,0,0,4,0,0,0,3,0,4,5,5
G500_00831,227000.0,462500.0,227500.0,463000.0,227250.0,462750.0,500,center_in_cheonan,34011360,병천면,127.30519442056928,36.762952983818565,33.0,26,17,25,0,0,0,0,0,0,0,0,0,0,0,0,0,0,0,0,0,0,0,0,0,0,0,0,0,0,0,0,0,0,0,0,0,0,0,0,0,0,0,0,0,0,0,0,0,0,0,0
G500_00832,227500.0,462500.0,228000.0,463000.0,227750.0,462750.0,500,center_in_cheonan,34011360,병천면,127.31079424411755,36.76293848815399,183.0,144,96,25,0,0,0,0,0,2,1,1,0,0,0,0,0,0,0,0,0,0,0,0,0,0,0,0,0,0,0,0,0,0,0,0,0,0,0,0,0,0,0,0,0,0,0,0,0,0,0,0
G500_00833,228000.0,462500.0,228500.0,463000.0,228250.0,462750.0,500,center_in_cheonan,34011360,병천면,127.31639406362532,36.76292372894302,555.0,438,271,25,0,0,0,2,2,0,0,0,0,0,0,0,0,0,0,0,0,0,0,0,0,0,0,0,0,0,0,0,0,0,0,0,0,0,0,0,0,0,0,0,0,0,0,0,0,0,0,0
G500_00834,228500.0,462500.0,229000.0,463000.0,228750.0,462750.0,500,center_in_cheonan,34011370,동면,127.32199387901983,36.762908706186266,44.0,29,18,25,0,0,0,0,0,0,0,0,0,0,0,0,0,0,0,0,0,0,0,0,0,0,0,0,0,0,0,0,0,0,0,0,0,0,0,0,0,0,0,0,0,0,0,0,0,0,0,0
G500_00835,229000.0,462500.0,229500.0,463000.0,229250.0,462750.0,500,center_in_cheonan,34011370,동면,127.32759369022824,36.762893419884335,5.0,3,2,25,0,0,0,0,0,0,0,0,0,0,0,0,0,0,0,0,0,0,0,0,0,0,0,0,0,0,0,0,0,0,0,0,0,0,0,0,0,0,0,0,0,0,0,0,0,0,0,0
G500_00836,229500.0,462500.0,230000.0,463000.0,229750.0,462750.0,500,center_in_cheonan,34011370,동면,127.33319349717782,36.76287787003785,0.0,0,0,25,0,0,0,0,0,0,0,0,0,0,0,0,0,0,0,0,0,0,0,0,0,0,0,0,0,0,0,0,0,0,0,0,0,0,0,0,0,0,0,0,0,0,0,0,0,0,0,0
G500_00837,230000.0,462500.0,230500.0,463000.0,230250.0,462750.0,500,center_in_cheonan,34011370,동면,127.3387932997957,36.76286205664743,15.0,10,6,25,0,0,0,0,0,0,0,0,0,0,0,0,0,0,0,0,0,0,0,0,0,0,0,0,0,0,0,0,0,0,0,0,0,0,0,0,0,0,0,0,0,0,0,0,0,0,0,0
G500_00838,230500.0,462500.0,231000.0,463000.0,230750.0,462750.0,500,center_in_cheonan,34011370,동면,127.3443930980091,36.76284597971373,8.0,5,3,25,0,0,0,0,0,0,0,0,0,0,0,0,0,0,0,0,0,0,0,0,0,0,0,0,0,0,0,0,0,0,0,0,0,0,0,0,0,0,0,0,0,0,0,0,0,0,0,0
G500_00839,231000.0,462500.0,231500.0,463000.0,231250.0,462750.0,500,center_in_cheonan,34011370,동면,127.34999289174529,36.76282963923743,8.0,5,3,25,0,0,0,0,0,0,0,0,0,0,0,0,0,0,0,0,0,0,0,0,0,0,0,0,0,0,0,0,0,0,0,0,0,0,0,0,0,0,0,0,0,0,0,0,0,0,0,0
G500_00840,231500.0,462500.0,232000.0,463000.0,231750.0,462750.0,500,center_in_cheonan,34011370,동면,127.35559268093144,36.762813035219175,0.0,0,0,25,0,0,0,0,0,0,0,0,0,0,0,0,0,0,0,0,0,0,0,0,0,0,0,0,0,0,0,0,0,0,0,0,0,0,0,0,0,0,0,0,0,0,0,0,0,0,0,0
G500_00841,232000.0,462500.0,232500.0,463000.0,232250.0,462750.0,500,center_in_cheonan,34011370,동면,127.36119246549471,36.76279616765963,10.0,6,4,23,0,0,0,0,0,0,0,0,0,0,0,0,0,0,0,0,0,0,0,0,0,0,0,0,0,0,0,0,0,0,0,0,0,0,0,0,0,0,0,0,0,0,0,0,0,0,0,0
G500_00842,232500.0,462500.0,233000.0,463000.0,232750.0,462750.0,500,center_in_cheonan,34011370,동면,127.36679224536236,36.762779036559515,10.0,6,4,21,0,0,0,0,0,0,0,0,0,0,0,0,0,0,0,0,0,0,0,0,0,0,0,0,0,0,0,0,0,0,0,0,0,0,0,0,0,0,0,0,0,0,0,0,0,0,0,0
G500_00843,233000.0,462500.0,233500.0,463000.0,233250.0,462750.0,500,center_in_cheonan,34011370,동면,127.37239202046159,36.76276164191951,0.0,0,0,25,0,0,0,0,0,0,0,0,0,0,0,0,0,0,0,0,0,0,0,0,0,0,0,0,0,0,0,0,0,0,0,0,0,0,0,0,0,0,0,0,0,0,0,0,0,0,0,0
G500_00844,233500.0,462500.0,234000.0,463000.0,233750.0,462750.0,500,center_in_cheonan,34011370,동면,127.37799179071962,36.76274398374032,0.0,0,0,25,0,0,0,0,0,0,0,0,0,0,0,0,0,0,0,0,0,0,0,0,0,0,0,0,0,0,0,0,0,0,0,0,0,0,0,0,0,0,0,0,0,0,0,0,0,0,0,0
G500_00845,234000.0,462500.0,234500.0,463000.0,234250.0,462750.0,500,center_in_cheonan,34011370,동면,127.38359155606362,36.76272606202268,13.0,9,5,25,0,0,0,0,0,0,0,0,0,0,0,0,0,0,0,0,0,0,0,0,0,0,0,0,0,0,0,0,0,0,0,0,0,0,0,0,0,0,0,0,0,0,0,0,0,0,0,0
G500_00846,234500.0,462500.0,235000.0,463000.0,234750.0,462750.0,500,center_in_cheonan,34011370,동면,127.38919131642083,36.76270787676732,8.0,5,3,25,0,0,0,0,0,0,0,0,0,0,0,0,0,0,0,0,0,0,0,0,0,0,0,0,0,0,0,0,0,0,0,0,0,0,0,0,0,0,0,0,0,0,0,0,0,0,0,0
G500_00847,235000.0,462500.0,235500.0,463000.0,235250.0,462750.0,500,center_in_cheonan,34011370,동면,127.39479107171846,36.762689427974976,44.0,29,17,25,0,0,0,0,0,0,0,0,0,0,0,0,0,0,0,0,0,0,0,0,0,0,0,0,0,0,0,0,0,0,0,0,1,0,0,0,1,0,0,0,0,0,0,0,0,0,0,0
G500_00848,235500.0,462500.0,236000.0,463000.0,235750.0,462750.0,500,center_in_cheonan,34011370,동면,127.4003908218837,36.762670715646394,5.0,3,2,25,0,0,0,0,0,0,0,0,0,0,0,0,0,0,0,0,0,0,0,0,0,0,0,0,0,0,0,0,0,0,0,0,0,0,0,0,0,0,0,0,0,0,0,0,0,0,0,0
G500_00849,236000.0,462500.0,236500.0,463000.0,236250.0,462750.0,500,center_in_cheonan,34011370,동면,127.40599056684378,36.76265173978235,86.0,56,32,25,0,0,0,0,0,0,0,0,0,0,0,0,0,0,0,0,0,0,0,0,0,0,0,0,0,0,0,0,0,0,0,0,0,0,0,0,0,0,0,0,0,0,0,0,0,0,0,0
G500_00850,236500.0,462500.0,237000.0,463000.0,236750.0,462750.0,500,center_in_cheonan,34011370,동면,127.4115903065259,36.76263250038361,31.0,21,12,25,0,0,0,0,0,0,0,0,0,0,0,0,0,0,0,0,0,0,0,0,0,0,0,0,0,0,0,0,0,0,0,0,0,0,0,0,0,0,0,0,0,0,0,0,0,0,0,0
G500_00851,237000.0,462500.0,237500.0,463000.0,237250.0,462750.0,500,center_in_cheonan,34011370,동면,127.41719004085728,36.762612997450965,28.0,18,11,16,0,0,0,0,0,0,0,0,0,0,0,0,0,0,0,0,0,0,0,0,0,0,0,0,0,0,0,0,0,0,0,0,0,0,0,0,0,0,0,0,0,0,0,0,0,0,0,0
G500_00852,210500.0,463000.0,211000.0,463500.0,210750.0,463250.0,500,center_in_cheonan,34011570,신방동,127.12040549691905,36.76778906811417,5.0,5,2,20,0,0,0,0,0,0,0,0,0,0,0,0,0,0,0,0,0,0,0,0,0,0,0,0,0,0,0,0,0,0,0,0,0,0,0,0,0,0,0,0,0,0,0,0,0,0,0,0
G500_00853,211000.0,463000.0,211500.0,463500.0,211250.0,463250.0,500,center_in_cheonan,34011570,신방동,127.1260057405742,36.767783268802965,348.0,343,159,25,0,0,0,0,0,0,0,0,0,0,0,0,0,0,0,0,0,0,0,0,0,0,0,0,0,0,0,0,0,0,0,0,0,0,0,0,0,0,0,0,0,0,0,0,0,0,0,0
G500_00854,211500.0,463000.0,212000.0,463500.0,211750.0,463250.0,500,center_in_cheonan,34011570,신방동,127.13160598259091,36.767777205888564,617.0,607,279,25,0,0,0,2,2,0,0,0,0,0,0,0,0,0,0,0,0,0,0,0,0,0,0,0,0,0,0,0,0,0,0,0,0,0,0,0,0,0,0,0,0,0,0,0,0,0,0,0
G500_00855,212000.0,463000.0,212500.0,463500.0,212250.0,463250.0,500,center_in_cheonan,34011580,청룡동,127.13720622289632,36.76777087937122,1478.0,1455,670,25,0,0,0,0,0,0,0,0,0,0,0,0,0,0,0,0,0,0,0,0,0,0,0,0,0,0,0,0,0,0,0,0,0,0,0,0,0,0,0,0,0,0,0,0,0,0,0,0
G500_00856,212500.0,463000.0,213000.0,463500.0,212750.0,463250.0,500,center_in_cheonan,34011580,청룡동,127.14280646141763,36.767764289251176,15.0,15,6,25,0,0,0,0,0,0,0,0,0,0,0,0,0,0,0,0,0,0,0,0,0,0,0,0,0,0,0,0,0,0,0,0,0,0,0,0,0,0,0,0,0,0,0,0,0,0,0,0
G500_00857,213000.0,463000.0,213500.0,463500.0,213250.0,463250.0,500,center_in_cheonan,34011580,청룡동,127.14840669808203,36.7677574355287,101.0,101,40,25,0,0,0,0,0,0,0,0,0,0,0,0,0,0,0,0,0,0,0,0,0,0,0,0,0,0,0,0,0,0,0,0,0,0,0,0,0,0,0,0,0,0,0,0,0,0,0,0
G500_00858,213500.0,463000.0,214000.0,463500.0,213750.0,463250.0,500,center_in_cheonan,34011580,청룡동,127.15400693281663,36.76775031820409,52.0,52,20,25,0,0,0,0,0,0,0,0,0,0,0,0,0,0,0,0,0,0,0,0,0,0,0,0,0,0,0,0,0,0,0,0,0,0,0,0,0,0,0,0,0,0,0,0,0,0,0,0
G500_00859,214000.0,463000.0,214500.0,463500.0,214250.0,463250.0,500,center_in_cheonan,34011580,청룡동,127.15960716554869,36.76774293727761,48.0,48,20,25,0,0,0,0,0,0,0,0,0,0,0,0,0,0,0,0,0,0,0,0,0,0,0,0,0,0,0,0,0,0,1,1,0,0,0,0,0,0,0,0,0,0,0,0,0,0,0,0
G500_00860,214500.0,463000.0,215000.0,463500.0,214750.0,463250.0,500,center_in_cheonan,34011580,청룡동,127.16520739620537,36.7677352927496,214.0,215,89,25,0,0,0,2,2,0,0,0,0,0,0,0,0,0,0,0,0,0,0,0,0,0,0,0,0,0,0,0,0,0,1,1,1,0,0,0,0,0,1,0,0,0,0,0,0,0,0,0
G500_00861,215000.0,463000.0,215500.0,463500.0,215250.0,463250.0,500,center_in_cheonan,34011110,목천읍,127.17080762471383,36.76772738462034,0.0,0,0,25,0,0,0,0,0,0,0,0,0,0,0,0,0,0,0,0,0,0,0,0,0,0,0,0,0,0,0,0,0,0,0,0,0,0,0,0,0,0,0,0,0,0,0,0,0,0,0,0
G500_00862,215500.0,463000.0,216000.0,463500.0,215750.0,463250.0,500,center_in_cheonan,34011110,목천읍,127.17640785100129,36.76771921289016,51.0,47,23,25,0,0,0,0,0,0,0,0,0,0,0,0,0,0,0,0,0,0,0,0,0,0,0,0,0,0,0,0,0,0,1,1,0,0,0,0,0,0,0,0,0,0,0,0,0,0,0,0
G500_00863,216000.0,463000.0,216500.0,463500.0,216250.0,463250.0,500,center_in_cheonan,34011110,목천읍,127.18200807499488,36.767710777559394,5.0,5,2,25,0,0,0,0,0,0,0,0,0,0,0,0,0,0,0,0,0,0,0,0,0,0,0,0,0,0,0,0,0,0,0,0,0,0,0,0,0,0,0,0,0,0,0,0,0,0,0,0
G500_00864,216500.0,463000.0,217000.0,463500.0,216750.0,463250.0,500,center_in_cheonan,34011110,목천읍,127.18760829662182,36.767702078628396,391.0,352,181,25,0,0,0,0,0,0,0,0,0,0,0,0,0,0,0,0,0,0,0,0,0,0,0,0,0,0,0,0,0,0,0,0,0,0,0,0,0,0,0,0,0,0,0,0,0,0,0,0
G500_00865,217000.0,463000.0,217500.0,463500.0,217250.0,463250.0,500,center_in_cheonan,34011110,목천읍,127.19320851580929,36.767693116097504,142.0,128,66,25,0,0,0,0,0,0,0,0,0,0,0,0,0,0,0,0,0,0,0,0,0,0,0,0,0,0,0,0,0,0,1,1,0,0,0,0,0,0,0,0,0,0,0,0,0,0,0,0
G500_00866,217500.0,463000.0,218000.0,463500.0,217750.0,463250.0,500,center_in_cheonan,34011110,목천읍,127.19880873248447,36.767683889967095,124.0,114,56,25,0,0,0,1,1,0,0,0,0,0,0,0,0,0,0,0,0,0,0,0,0,0,0,0,0,0,0,0,0,0,1,1,2,0,0,0,0,0,1,1,0,0,0,0,0,0,1,1
G500_00867,218000.0,463000.0,218500.0,463500.0,218250.0,463250.0,500,center_in_cheonan,34011110,목천읍,127.2044089465745,36.767674400237546,288.0,260,133,25,0,0,0,1,1,0,0,0,2,1,1,0,0,0,0,0,0,0,0,0,0,0,0,0,0,0,0,0,0,0,1,1,0,0,0,0,0,0,0,0,0,0,0,0,0,0,0,0
G500_00868,218500.0,463000.0,219000.0,463500.0,218750.0,463250.0,500,center_in_cheonan,34011110,목천읍,127.21000915800661,36.76766464690924,509.0,456,235,25,0,0,0,1,1,0,0,0,0,0,0,0,0,0,0,0,0,0,0,0,0,0,0,0,0,0,0,0,0,0,0,0,0,0,0,0,0,0,0,0,0,0,0,0,0,0,0,0
G500_00869,219000.0,463000.0,219500.0,463500.0,219250.0,463250.0,500,center_in_cheonan,34011110,목천읍,127.215609366708,36.76765462998257,5.0,5,2,25,0,0,0,0,0,0,0,0,0,0,0,0,0,0,0,0,0,0,0,0,0,0,0,0,0,0,0,0,0,0,0,0,0,0,0,0,0,0,0,0,0,0,0,0,0,0,0,0
G500_00870,219500.0,463000.0,220000.0,463500.0,219750.0,463250.0,500,center_in_cheonan,34011110,목천읍,127.22120957260579,36.76764434945797,0.0,0,0,25,0,0,0,0,0,0,0,0,0,0,0,0,0,0,0,0,0,0,0,0,0,0,0,0,0,0,0,0,0,0,0,0,0,0,0,0,0,0,0,0,0,0,0,0,0,0,0,0
G500_00871,220000.0,463000.0,220500.0,463500.0,220250.0,463250.0,500,center_in_cheonan,34011110,목천읍,127.22680977562722,36.76763380533583,0.0,0,0,25,0,0,0,0,0,0,0,0,0,0,0,0,0,0,0,0,0,0,0,0,0,0,0,0,0,0,0,0,0,0,0,0,0,0,0,0,0,0,0,0,0,0,0,0,0,0,0,0
G500_00872,220500.0,463000.0,221000.0,463500.0,220750.0,463250.0,500,center_in_cheonan,34011110,목천읍,127.23240997569943,36.7676229976166,18.0,17,8,25,0,0,0,2,2,0,0,0,0,0,0,0,0,0,0,0,0,0,0,0,0,0,0,0,0,0,0,0,0,0,2,2,0,0,0,0,0,0,0,0,0,0,0,0,0,0,0,0
G500_00873,221000.0,463000.0,221500.0,463500.0,221250.0,463250.0,500,center_in_cheonan,34011110,목천읍,127.23801017274963,36.767611926300695,83.0,77,37,25,0,0,0,0,0,0,0,0,1,1,0,0,0,0,0,0,0,0,0,0,0,0,0,0,0,0,0,0,0,0,1,1,0,0,0,0,0,0,0,0,0,0,0,0,0,0,0,0
G500_00874,221500.0,463000.0,222000.0,463500.0,221750.0,463250.0,500,center_in_cheonan,34011110,목천읍,127.243610366705,36.7676005913886,0.0,0,0,25,0,0,0,0,0,0,0,0,0,0,0,0,0,0,0,0,0,0,0,0,0,0,0,0,0,0,0,0,0,0,0,0,0,0,0,0,0,0,0,0,0,0,0,0,0,0,0,0
G500_00875,222000.0,463000.0,222500.0,463500.0,222250.0,463250.0,500,center_in_cheonan,34011330,북면,127.24921055749272,36.76758899288075,389.0,296,180,25,0,0,0,1,1,0,0,0,0,0,0,0,0,0,0,0,0,0,0,0,0,0,0,0,0,0,0,0,0,0,1,1,1,0,0,0,0,0,0,1,0,0,0,0,0,0,1,1
G500_00876,222500.0,463000.0,223000.0,463500.0,222750.0,463250.0,500,center_in_cheonan,34011330,북면,127.25481074503998,36.767577130777646,49.0,38,26,25,0,0,0,0,0,0,0,0,0,0,0,0,0,0,0,0,0,0,0,0,0,0,0,0,0,0,0,0,0,0,0,0,0,0,0,0,0,0,0,0,0,0,0,0,0,0,0,0
G500_00877,223000.0,463000.0,223500.0,463500.0,223250.0,463250.0,500,center_in_cheonan,34011330,북면,127.26041092927395,36.76756500507975,73.0,54,34,25,0,0,0,0,0,0,0,0,0,0,0,0,0,0,0,0,0,0,0,0,0,0,0,0,0,0,0,0,0,0,0,0,0,0,0,0,0,0,0,0,0,0,0,0,0,0,0,0
G500_00878,223500.0,463000.0,224000.0,463500.0,223750.0,463250.0,500,center_in_cheonan,34011330,북면,127.26601111012182,36.76755261578755,5.0,4,3,25,0,0,0,0,0,0,0,0,0,0,0,0,0,0,0,0,0,0,0,0,0,0,0,0,0,0,0,0,0,0,0,0,0,0,0,0,0,0,0,0,0,0,0,0,0,0,0,0
G500_00879,224000.0,463000.0,224500.0,463500.0,224250.0,463250.0,500,center_in_cheonan,34011330,북면,127.2716112875108,36.76753996290159,0.0,0,0,25,0,0,0,0,0,0,0,0,0,0,0,0,0,0,0,0,0,0,0,0,0,0,0,0,0,0,0,0,0,0,0,0,0,0,0,0,0,0,0,0,0,0,0,0,0,0,0,0
G500_00880,224500.0,463000.0,225000.0,463500.0,224750.0,463250.0,500,center_in_cheonan,34011360,병천면,127.27721146136804,36.76752704642234,8.0,6,4,25,0,0,0,0,0,0,0,0,0,0,0,0,0,0,0,0,0,0,0,0,0,0,0,0,0,0,0,0,0,0,0,0,0,0,0,0,0,0,0,0,0,0,0,0,0,0,0,0
G500_00881,225000.0,463000.0,225500.0,463500.0,225250.0,463250.0,500,center_in_cheonan,34011360,병천면,127.28281163162075,36.76751386635035,469.0,373,233,25,0,0,0,3,3,0,0,0,0,0,0,0,0,0,0,0,0,0,0,0,0,0,0,0,0,0,0,0,0,0,0,0,0,0,0,0,0,0,0,0,0,0,0,0,0,0,0,0
G500_00882,225500.0,463000.0,226000.0,463500.0,225750.0,463250.0,500,center_in_cheonan,34011360,병천면,127.28841179819612,36.767500422686176,393.0,310,193,25,0,0,0,0,0,0,0,0,0,0,0,0,0,0,0,0,0,0,0,0,0,0,0,0,0,0,0,0,0,0,0,0,0,0,0,0,0,0,0,0,0,0,0,0,0,0,0,0
G500_00883,226000.0,463000.0,226500.0,463500.0,226250.0,463250.0,500,center_in_cheonan,34011360,병천면,127.29401196102131,36.76748671543034,31.0,24,16,25,0,0,0,0,0,0,0,0,0,0,0,0,0,0,0,0,0,0,0,0,0,0,0,0,0,0,0,0,0,0,0,0,0,0,0,0,0,0,0,0,0,0,0,0,0,0,0,0
G500_00884,226500.0,463000.0,227000.0,463500.0,226750.0,463250.0,500,center_in_cheonan,34011360,병천면,127.29961212002351,36.7674727445834,26.0,20,13,25,1,1,0,0,0,0,0,0,0,0,0,0,0,0,0,0,0,0,0,0,0,0,0,0,0,0,0,1,0,1,2,2,1,0,0,1,0,0,0,0,0,0,0,0,0,0,0,0
G500_00885,227000.0,463000.0,227500.0,463500.0,227250.0,463250.0,500,center_in_cheonan,34011360,병천면,127.30521227512993,36.767458510145936,280.0,220,139,25,0,0,0,0,0,0,0,0,0,0,0,0,1,0,1,0,0,0,0,0,0,0,0,0,0,0,0,0,0,0,0,0,0,0,0,0,0,0,0,0,0,0,0,0,0,0,0,0
G500_00886,227500.0,463000.0,228000.0,463500.0,227750.0,463250.0,500,center_in_cheonan,34011360,병천면,127.31081242626776,36.76744401211853,31.0,24,17,25,0,0,0,0,0,0,0,0,0,0,0,0,0,0,0,0,0,0,0,0,0,0,0,0,0,0,0,0,0,0,0,0,0,0,0,0,0,0,0,0,0,0,0,0,0,0,0,0
G500_00887,228000.0,463000.0,228500.0,463500.0,228250.0,463250.0,500,center_in_cheonan,34011360,병천면,127.31641257336415,36.76742925050178,51.0,40,29,25,0,0,0,0,0,0,0,0,0,0,0,0,0,0,0,0,0,0,0,0,0,0,0,0,0,0,0,0,0,0,0,0,0,0,0,0,0,0,0,0,0,0,0,0,0,0,0,0
G500_00888,228500.0,463000.0,229000.0,463500.0,228750.0,463250.0,500,center_in_cheonan,34011370,동면,127.32201271634632,36.76741422529628,49.0,37,23,25,0,0,0,0,0,0,0,0,0,0,0,0,0,0,0,0,0,0,0,0,0,0,0,0,0,0,0,0,0,0,0,0,0,0,0,0,0,0,0,0,0,0,0,0,0,0,0,0
G500_00889,229000.0,463000.0,229500.0,463500.0,229250.0,463250.0,500,center_in_cheonan,34011370,동면,127.32761285514142,36.76739893650263,36.0,23,14,25,0,0,0,0,0,0,0,0,0,0,0,0,0,0,0,0,0,0,0,0,0,0,0,0,0,0,0,0,0,0,0,0,0,0,0,0,0,0,0,0,0,0,0,0,0,0,0,0
G500_00890,229500.0,463000.0,230000.0,463500.0,229750.0,463250.0,500,center_in_cheonan,34011370,동면,127.33321298967671,36.76738338412149,5.0,3,2,25,0,0,0,0,0,0,0,0,0,0,0,0,0,0,0,0,0,0,0,0,0,0,0,0,0,0,0,0,0,0,0,0,0,0,0,0,0,0,0,0,0,0,0,0,0,0,0,0
G500_00891,230000.0,463000.0,230500.0,463500.0,230250.0,463250.0,500,center_in_cheonan,34011370,동면,127.3388131198793,36.767367568153446,39.0,24,15,25,0,0,0,0,0,0,0,0,0,0,0,0,0,0,0,0,0,0,0,0,0,0,0,0,0,0,0,0,0,0,0,0,0,0,0,0,0,0,0,0,0,0,0,0,0,0,0,0
G500_00892,230500.0,463000.0,231000.0,463500.0,230750.0,463250.0,500,center_in_cheonan,34011370,동면,127.34441324567646,36.76735148859918,34.0,22,13,25,0,0,0,0,0,0,0,0,0,0,0,0,0,0,0,0,0,0,0,0,0,0,0,0,0,0,0,0,0,0,0,0,0,0,0,0,0,0,0,0,0,0,0,0,0,0,0,0
G500_00893,231000.0,463000.0,231500.0,463500.0,231250.0,463250.0,500,center_in_cheonan,34011370,동면,127.35001336699528,36.76733514545934,0.0,0,0,25,0,0,0,0,0,0,0,0,0,0,0,0,0,0,0,0,0,0,0,0,0,0,0,0,0,0,0,0,0,0,0,0,0,0,0,0,0,0,0,0,0,0,0,0,0,0,0,0
G500_00894,231500.0,463000.0,232000.0,463500.0,231750.0,463250.0,500,center_in_cheonan,34011370,동면,127.35561348376305,36.76731853873459,0.0,0,0,25,0,0,0,0,0,0,0,0,0,0,0,0,0,0,0,0,0,0,0,0,0,0,0,0,0,0,0,0,0,0,0,0,0,0,0,0,0,0,0,0,0,0,0,0,0,0,0,0
G500_00895,232000.0,463000.0,232500.0,463500.0,232250.0,463250.0,500,center_in_cheonan,34011370,동면,127.3612135959069,36.76730166842561,0.0,0,0,25,0,0,0,0,0,0,0,0,0,0,0,0,0,0,0,0,0,0,0,0,0,0,0,0,0,0,0,0,0,0,0,0,0,0,0,0,0,0,0,0,0,0,0,0,0,0,0,0
G500_00896,232500.0,463000.0,233000.0,463500.0,232750.0,463250.0,500,center_in_cheonan,34011370,동면,127.36681370335405,36.76728453453309,51.0,32,19,25,0,0,0,0,0,0,0,0,0,0,0,0,0,0,0,0,0,0,0,0,0,0,0,0,0,0,0,0,0,0,0,0,0,0,0,0,0,0,0,0,0,0,0,0,0,0,0,0
G500_00897,233000.0,463000.0,233500.0,463500.0,233250.0,463250.0,500,center_in_cheonan,34011370,동면,127.37241380603166,36.76726713705772,21.0,13,8,25,0,0,0,0,0,0,0,0,0,0,0,0,0,0,0,0,0,0,0,0,0,0,0,0,0,0,0,0,0,0,0,0,0,0,0,0,0,0,0,0,0,0,0,0,0,0,0,0
G500_00898,233500.0,463000.0,234000.0,463500.0,233750.0,463250.0,500,center_in_cheonan,34011370,동면,127.37801390386694,36.76724947600022,5.0,3,2,25,0,0,0,0,0,0,0,0,0,0,0,0,0,0,0,0,0,0,0,0,0,0,0,0,0,0,0,0,0,0,0,0,0,0,0,0,0,0,0,0,0,0,0,0,0,0,0,0
G500_00899,234000.0,463000.0,234500.0,463500.0,234250.0,463250.0,500,center_in_cheonan,34011370,동면,127.38361399678709,36.76723155136131,21.0,13,8,25,0,0,0,0,0,0,0,0,0,0,0,0,0,0,0,0,0,0,0,0,0,0,0,0,0,0,0,0,0,0,0,0,0,0,0,0,0,0,0,0,0,0,0,0,0,0,0,0
G500_00900,234500.0,463000.0,235000.0,463500.0,234750.0,463250.0,500,center_in_cheonan,34011370,동면,127.38921408471927,36.767213363141714,34.0,21,13,25,0,0,0,0,0,0,0,0,0,0,0,0,0,0,0,0,0,0,0,0,0,0,0,0,0,0,0,0,0,0,0,0,0,0,0,0,0,0,0,0,0,0,0,0,0,0,0,0
G500_00901,235000.0,463000.0,235500.0,463500.0,235250.0,463250.0,500,center_in_cheonan,34011370,동면,127.39481416759072,36.76719491134218,0.0,0,0,25,0,0,0,0,0,0,0,0,0,0,0,0,0,0,0,0,0,0,0,0,0,0,0,0,0,0,0,0,0,0,0,0,0,0,0,0,0,0,0,0,0,0,0,0,0,0,0,0
G500_00902,235500.0,463000.0,236000.0,463500.0,235750.0,463250.0,500,center_in_cheonan,34011370,동면,127.40041424532859,36.767176195963465,10.0,6,4,25,0,0,0,0,0,0,0,0,0,0,0,0,0,0,0,0,0,0,0,0,0,0,0,0,0,0,0,0,0,0,0,0,0,0,0,0,0,0,0,0,0,0,0,0,0,0,0,0
G500_00903,236000.0,463000.0,236500.0,463500.0,236250.0,463250.0,500,center_in_cheonan,34011370,동면,127.40601431786011,36.76715721700633,23.0,15,8,25,0,0,0,0,0,0,0,0,0,0,0,0,0,0,0,0,0,0,0,0,0,0,0,0,0,0,0,0,0,0,0,0,0,0,0,0,0,0,0,0,0,0,0,0,0,0,0,0
G500_00904,236500.0,463000.0,237000.0,463500.0,236750.0,463250.0,500,center_in_cheonan,34011370,동면,127.41161438511246,36.76713797447154,5.0,3,2,25,0,0,0,0,0,0,0,0,0,0,0,0,0,0,0,0,0,0,0,0,0,0,0,0,0,0,0,0,0,0,0,0,0,0,0,0,0,0,0,0,0,0,0,0,0,0,0,0
G500_00905,210500.0,463500.0,211000.0,464000.0,210750.0,463750.0,500,center_in_cheonan,34011570,신방동,127.12041254217776,36.77229464489357,57.0,57,26,20,0,0,0,0,0,0,0,0,0,0,0,0,0,0,0,0,0,0,0,0,0,0,0,0,0,0,0,0,0,0,0,0,0,0,0,0,0,0,0,0,0,0,0,0,0,0,0,0
G500_00906,211000.0,463500.0,211500.0,464000.0,211250.0,463750.0,500,center_in_cheonan,34011570,신방동,127.1260131135166,36.7722888446371,769.0,758,349,25,0,0,0,3,3,0,0,0,0,0,0,0,0,0,0,0,0,0,0,1,0,0,0,0,1,0,0,0,0,0,0,0,0,0,0,0,0,0,0,0,0,0,0,0,0,0,0,0
G500_00907,211500.0,463500.0,212000.0,464000.0,211750.0,463750.0,500,center_in_cheonan,34011570,신방동,127.13161368321663,36.77228278073446,4960.0,4884,2253,25,0,0,0,3,3,0,0,0,3,2,1,0,1,0,1,0,0,0,0,3,2,0,0,0,1,0,0,0,0,0,5,5,4,0,0,0,0,0,0,2,0,0,0,1,0,1,3,3
G500_00908,212000.0,463500.0,212500.0,464000.0,212250.0,463750.0,500,center_in_cheonan,34011570,신방동,127.13721425120495,36.77227645318591,1676.0,1655,749,25,0,0,0,4,4,0,0,0,1,1,0,0,0,0,0,0,0,0,0,1,0,0,0,0,1,0,0,0,0,0,0,0,1,0,0,0,0,0,0,1,0,0,0,0,0,0,1,1
G500_00909,212500.0,463500.0,213000.0,464000.0,212750.0,463750.0,500,center_in_cheonan,34011580,청룡동,127.14281481740875,36.772269861991695,23.0,23,9,25,0,0,0,0,0,0,0,0,0,0,0,0,0,0,0,0,0,0,0,0,0,0,0,0,0,0,0,0,0,0,0,0,0,0,0,0,0,0,0,0,0,0,0,0,0,0,0,0
G500_00910,213000.0,463500.0,213500.0,464000.0,213250.0,463750.0,500,center_in_cheonan,34011580,청룡동,127.14841538175519,36.7722630071521,49.0,49,19,25,0,0,0,0,0,0,0,0,0,0,0,0,0,0,0,0,0,0,0,0,0,0,0,0,0,0,0,0,0,0,0,0,0,0,0,0,0,0,0,0,0,0,0,0,0,0,0,0
G500_00911,213500.0,463500.0,214000.0,464000.0,213750.0,463750.0,500,center_in_cheonan,34011580,청룡동,127.15401594417145,36.77225588866739,41.0,41,16,25,0,0,0,0,0,0,0,0,0,0,0,0,0,0,0,0,0,0,0,0,0,0,0,0,0,0,0,0,0,0,0,0,0,0,0,0,0,0,0,0,0,0,0,0,0,0,0,0
G500_00912,214000.0,463500.0,214500.0,464000.0,214250.0,463750.0,500,center_in_cheonan,34011580,청룡동,127.15961650458466,36.77224850653786,0.0,0,0,25,0,0,0,0,0,0,0,0,0,0,0,0,0,0,0,0,0,0,0,0,0,0,0,0,0,0,0,0,0,0,0,0,0,0,0,0,0,0,0,0,0,0,0,0,0,0,0,0
G500_00913,214500.0,463500.0,215000.0,464000.0,214750.0,463750.0,500,center_in_cheonan,34011580,청룡동,127.16521706292203,36.77224086076381,60.0,60,25,25,0,0,0,0,0,0,0,0,0,0,0,0,0,0,0,0,0,0,0,0,0,0,0,0,0,0,0,0,0,0,0,0,0,0,0,0,0,0,0,0,0,0,0,0,0,0,0,0
G500_00914,215000.0,463500.0,215500.0,464000.0,215250.0,463750.0,500,center_in_cheonan,34011580,청룡동,127.1708176191107,36.77223295134555,0.0,0,0,25,0,0,0,0,0,0,0,0,0,0,0,0,0,0,0,0,0,0,0,0,0,0,0,0,0,0,0,0,0,0,0,0,0,0,0,0,0,0,0,0,0,0,0,0,0,0,0,0
G500_00915,215500.0,463500.0,216000.0,464000.0,215750.0,463750.0,500,center_in_cheonan,34011110,목천읍,127.1764181730778,36.77222477828342,0.0,0,0,25,0,0,0,0,0,0,0,0,0,0,0,0,0,0,0,0,0,0,0,0,0,0,0,0,0,0,0,0,0,0,0,0,0,0,0,0,0,0,0,0,0,0,0,0,0,0,0,0
G500_00916,216000.0,463500.0,216500.0,464000.0,216250.0,463750.0,500,center_in_cheonan,34011110,목천읍,127.18201872475058,36.77221634157774,5.0,5,2,25,0,0,0,0,0,0,0,0,0,0,0,0,0,0,0,0,0,0,0,0,0,0,0,0,0,0,0,0,0,0,0,0,0,0,0,0,0,0,0,0,0,0,0,0,0,0,0,0
G500_00917,216500.0,463500.0,217000.0,464000.0,216750.0,463750.0,500,center_in_cheonan,34011110,목천읍,127.1876192740561,36.77220764122884,458.0,411,210,25,0,0,0,0,0,0,0,0,0,0,0,0,0,0,0,0,0,0,0,0,0,0,0,0,0,0,0,0,0,0,0,0,0,0,0,0,0,0,0,0,0,0,0,0,0,0,0,0
G500_00918,217000.0,463500.0,217500.0,464000.0,217250.0,463750.0,500,center_in_cheonan,34011110,목천읍,127.1932198209216,36.7721986772371,2789.0,2496,1287,25,1,0,1,2,2,0,0,0,0,0,0,0,0,0,0,0,0,0,0,0,0,0,0,0,0,0,0,0,0,0,1,1,1,0,0,0,0,0,0,1,0,0,0,0,0,0,1,1
G500_00919,217500.0,463500.0,218000.0,464000.0,217750.0,463750.0,500,center_in_cheonan,34011110,목천읍,127.19882036527423,36.77218944960288,36.0,34,16,25,0,0,0,0,0,0,0,0,0,0,0,0,0,0,0,0,0,0,0,0,0,0,0,0,0,0,0,0,0,0,0,0,0,0,0,0,0,0,0,0,0,0,0,0,0,0,0,0
G500_00920,218000.0,463500.0,218500.0,464000.0,218250.0,463750.0,500,center_in_cheonan,34011110,목천읍,127.20442090704117,36.77217995832653,248.0,226,113,25,0,0,0,0,0,0,0,0,0,0,0,0,0,0,0,0,0,0,0,0,0,0,0,0,0,0,0,0,0,0,0,0,0,0,0,0,0,0,0,0,0,0,0,0,0,0,0,0
G500_00921,218500.0,463500.0,219000.0,464000.0,218750.0,463750.0,500,center_in_cheonan,34011110,목천읍,127.21002144614954,36.77217020340848,1956.0,1753,902,25,0,0,0,4,4,0,0,0,0,0,0,0,0,0,0,0,0,0,0,0,0,0,0,0,0,0,0,0,0,0,1,1,5,0,0,0,0,0,0,0,0,0,0,3,0,2,1,1
G500_00922,219000.0,463500.0,219500.0,464000.0,219250.0,463750.0,500,center_in_cheonan,34011110,목천읍,127.21562198252653,36.77216018484909,1568.0,1406,723,25,0,0,0,1,1,0,0,0,2,1,1,0,0,0,0,0,0,0,0,0,0,0,0,0,0,0,0,0,0,0,0,0,0,0,0,0,0,0,0,0,0,0,0,0,0,0,0,0
G500_00923,219500.0,463500.0,220000.0,464000.0,219750.0,463750.0,500,center_in_cheonan,34011110,목천읍,127.22122251609929,36.7721499026488,15.0,15,6,25,0,0,0,1,1,0,0,0,0,0,0,0,0,0,0,0,0,0,0,0,0,0,0,0,0,0,0,0,0,0,0,0,0,0,0,0,0,0,0,0,0,0,0,0,0,0,0,0
G500_00924,220000.0,463500.0,220500.0,464000.0,220250.0,463750.0,500,center_in_cheonan,34011110,목천읍,127.22682304679505,36.77213935680802,444.0,400,204,25,0,0,0,0,0,0,0,0,0,0,0,0,0,0,0,0,0,0,0,0,0,0,0,0,0,0,0,0,0,0,0,0,0,0,0,0,0,0,0,0,0,0,0,0,0,0,0,0
G500_00925,220500.0,463500.0,221000.0,464000.0,220750.0,463750.0,500,center_in_cheonan,34011110,목천읍,127.2324235745409,36.77212854732717,222.0,202,102,25,0,0,0,2,2,0,0,0,0,0,0,0,0,0,0,0,0,0,0,0,0,0,0,0,0,0,0,1,0,1,2,2,0,0,0,0,0,0,0,0,0,0,0,0,0,0,0,0
G500_00926,221000.0,463500.0,221500.0,464000.0,221250.0,463750.0,500,center_in_cheonan,34011110,목천읍,127.23802409926404,36.77211747420671,145.0,132,68,25,0,0,0,0,0,0,0,0,0,0,0,0,0,0,0,0,0,0,0,0,0,0,0,0,0,0,0,0,0,0,0,0,0,0,0,0,0,0,0,0,0,0,0,0,0,0,0,0
G500_00927,221500.0,463500.0,222000.0,464000.0,221750.0,463750.0,500,center_in_cheonan,34011110,목천읍,127.24362462089162,36.77210613744706,18.0,16,8,25,0,0,0,0,0,0,0,0,0,0,0,0,0,0,0,0,0,0,0,0,0,0,0,0,0,0,0,0,0,0,0,0,0,0,0,0,0,0,0,0,0,0,0,0,0,0,0,0
G500_00928,222000.0,463500.0,222500.0,464000.0,222250.0,463750.0,500,center_in_cheonan,34011330,북면,127.24922513935086,36.772094537048716,263.0,200,127,25,0,0,0,1,1,0,0,0,0,0,0,0,0,0,0,0,0,0,0,0,0,0,0,0,0,0,0,0,0,0,0,0,1,0,0,0,0,0,0,0,0,0,0,0,0,1,0,0
G500_00929,222500.0,463500.0,223000.0,464000.0,222750.0,463750.0,500,center_in_cheonan,34011330,북면,127.25482565456886,36.772082673012136,20.0,16,12,25,0,0,0,0,0,0,0,0,0,0,0,0,0,0,0,0,0,0,0,0,0,0,0,0,0,0,0,0,0,0,0,0,0,0,0,0,0,0,0,0,0,0,0,0,0,0,0,0
G500_00930,223000.0,463500.0,223500.0,464000.0,223250.0,463750.0,500,center_in_cheonan,34011330,북면,127.26042616647283,36.77207054533781,56.0,43,29,24,0,0,0,0,0,0,0,0,0,0,0,0,0,0,0,0,0,0,0,0,0,0,0,0,0,0,0,0,0,0,0,0,0,0,0,0,0,0,0,0,0,0,0,0,0,0,0,0
G500_00931,223500.0,463500.0,224000.0,464000.0,223750.0,463750.0,500,center_in_cheonan,34011330,북면,127.26602667498992,36.77205815402621,1083.0,826,502,25,0,0,0,0,0,0,0,0,0,0,0,0,0,0,0,0,0,0,0,0,0,0,0,0,0,0,0,0,0,0,0,0,0,0,0,0,0,0,0,0,0,0,0,0,0,0,0,0
G500_00932,224000.0,463500.0,224500.0,464000.0,224250.0,463750.0,500,center_in_cheonan,34011330,북면,127.27162718004728,36.77204549907789,253.0,193,119,25,0,0,0,0,0,0,0,0,0,0,0,0,0,0,0,0,0,0,0,0,0,0,0,0,0,0,0,0,0,0,0,0,0,0,0,0,0,0,0,0,0,0,0,0,0,0,1,1
G500_00933,224500.0,463500.0,225000.0,464000.0,224750.0,463750.0,500,center_in_cheonan,34011360,병천면,127.27722768157213,36.77203258049332,42.0,32,22,25,0,0,0,0,0,0,0,0,0,0,0,0,0,0,0,0,0,0,0,0,0,0,0,0,0,0,0,0,0,0,0,0,0,0,0,0,0,0,0,0,0,0,0,0,0,0,0,0
G500_00934,225000.0,463500.0,225500.0,464000.0,225250.0,463750.0,500,center_in_cheonan,34011360,병천면,127.2828281794916,36.772019398273045,174.0,134,87,25,0,0,0,0,0,0,0,0,0,0,0,0,0,0,0,0,0,0,0,0,0,0,0,0,0,0,0,0,0,0,0,0,0,0,0,0,0,0,0,0,0,0,0,0,0,0,0,0
G500_00935,225500.0,463500.0,226000.0,464000.0,225750.0,463750.0,500,center_in_cheonan,34011360,병천면,127.28842867373287,36.77200595241762,26.0,20,12,25,0,0,0,0,0,0,0,0,0,0,0,0,0,0,0,0,0,0,0,0,0,0,0,0,0,0,0,0,0,0,0,0,0,0,0,0,0,0,0,0,0,0,0,0,0,0,0,0
G500_00936,226000.0,463500.0,226500.0,464000.0,226250.0,463750.0,500,center_in_cheonan,34011360,병천면,127.29402916422313,36.77199224292757,0.0,0,0,25,0,0,0,0,0,0,0,0,0,0,0,0,0,0,0,0,0,0,0,0,0,0,0,0,0,0,0,0,0,0,0,0,0,0,0,0,0,0,0,0,0,0,0,0,0,0,0,0
G500_00937,226500.0,463500.0,227000.0,464000.0,226750.0,463750.0,500,center_in_cheonan,34011360,병천면,127.2996296508895,36.77197826980345,31.0,24,15,25,0,0,0,0,0,0,0,0,0,0,0,0,0,0,0,0,0,0,0,0,0,0,0,0,0,0,0,0,0,0,0,0,0,0,0,0,0,0,0,0,0,0,0,0,0,0,0,0
G500_00938,227000.0,463500.0,227500.0,464000.0,227250.0,463750.0,500,center_in_cheonan,34011360,병천면,127.30523013365918,36.77196403304585,20.0,16,11,25,0,0,0,0,0,0,0,0,0,0,0,0,0,0,0,0,0,0,0,0,0,0,0,0,0,0,0,0,0,0,0,0,0,0,0,0,0,0,0,0,0,0,0,0,0,0,0,0
G500_00939,227500.0,463500.0,228000.0,464000.0,227750.0,463750.0,500,center_in_cheonan,34011360,병천면,127.31083061245936,36.77194953265534,114.0,88,58,25,0,0,0,0,0,0,0,0,0,0,0,0,0,0,0,0,0,0,0,0,0,0,0,0,0,0,0,0,0,0,0,0,0,0,0,0,0,0,0,0,0,0,0,0,0,0,0,0
G500_00940,228000.0,463500.0,228500.0,464000.0,228250.0,463750.0,500,center_in_cheonan,34011360,병천면,127.3164310872172,36.77193476863252,21.0,16,11,25,0,0,0,0,0,0,0,0,0,0,0,0,0,0,0,0,0,0,0,0,0,0,0,0,0,0,0,0,0,0,0,0,0,0,0,0,0,0,0,0,0,0,0,0,0,0,0,0
G500_00941,228500.0,463500.0,229000.0,464000.0,228750.0,463750.0,500,center_in_cheonan,34011360,병천면,127.32203155785983,36.77191974097798,0.0,0,0,25,0,0,0,0,0,0,0,0,0,0,0,0,0,0,0,0,0,0,0,0,0,0,0,0,0,0,0,0,0,0,0,0,0,0,0,0,0,0,0,0,0,0,0,0,0,0,0,0
G500_00942,229000.0,463500.0,229500.0,464000.0,229250.0,463750.0,500,center_in_cheonan,34011370,동면,127.32763202431447,36.77190444969235,13.0,9,5,25,0,0,0,0,0,0,0,0,0,0,0,0,0,0,0,0,0,0,0,0,0,0,0,0,0,0,0,0,0,0,0,0,0,0,0,0,0,0,0,0,0,0,0,0,0,0,0,0
G500_00943,229500.0,463500.0,230000.0,464000.0,229750.0,463750.0,500,center_in_cheonan,34011370,동면,127.33323248650828,36.77188889477624,74.0,46,28,25,0,0,0,0,0,0,0,0,0,0,0,0,0,0,0,0,0,0,0,0,0,0,0,0,0,0,0,0,0,0,0,0,0,0,0,0,0,0,0,0,0,0,0,0,0,0,0,0
G500_00944,230000.0,463500.0,230500.0,464000.0,230250.0,463750.0,500,center_in_cheonan,34011370,동면,127.33883294436842,36.77187307623029,10.0,6,4,25,0,0,0,0,0,0,0,0,0,0,0,0,0,0,0,0,0,0,0,0,0,0,0,0,0,0,0,0,0,0,0,0,0,0,0,0,0,0,0,0,0,0,0,0,0,0,0,0
G500_00945,230500.0,463500.0,231000.0,464000.0,230750.0,463750.0,500,center_in_cheonan,34011370,동면,127.34443339782206,36.77185699405515,0.0,0,0,25,0,0,0,0,0,0,0,0,0,0,0,0,0,0,0,0,0,0,0,0,0,0,0,0,0,0,0,0,0,0,0,0,0,0,0,0,0,0,0,0,0,0,0,0,0,0,0,0
G500_00946,231000.0,463500.0,231500.0,464000.0,231250.0,463750.0,500,center_in_cheonan,34011370,동면,127.35003384679642,36.77184064825147,10.0,6,4,25,0,0,0,0,0,0,0,0,0,0,0,0,0,0,0,0,0,0,0,0,0,0,0,0,0,0,0,0,0,0,0,0,0,0,0,0,0,0,0,0,0,0,0,0,0,0,0,0
G500_00947,231500.0,463500.0,232000.0,464000.0,231750.0,463750.0,500,center_in_cheonan,34011370,동면,127.35563429121859,36.771824038819915,0.0,0,0,25,0,0,0,0,0,0,0,0,0,0,0,0,0,0,0,0,0,0,0,0,0,0,0,0,0,0,0,0,0,0,0,0,0,0,0,0,0,0,0,0,0,0,0,0,0,0,0,0
G500_00948,232000.0,463500.0,232500.0,464000.0,232250.0,463750.0,500,center_in_cheonan,34011370,동면,127.36123473101583,36.771807165761174,0.0,0,0,25,0,0,0,0,0,0,0,0,0,0,0,0,0,0,0,0,0,0,0,0,0,0,0,0,0,0,0,0,0,0,0,0,0,0,0,0,0,0,0,0,0,0,0,0,0,0,0,0
G500_00949,232500.0,463500.0,233000.0,464000.0,232750.0,463750.0,500,center_in_cheonan,34011370,동면,127.36683516611525,36.77179002907593,5.0,3,2,25,0,0,0,0,0,0,0,0,0,0,0,0,0,0,0,0,0,0,0,0,0,0,0,0,0,0,0,0,0,0,0,0,0,0,0,0,0,0,0,0,0,0,0,0,0,0,0,0
G500_00950,233000.0,463500.0,233500.0,464000.0,233250.0,463750.0,500,center_in_cheonan,34011370,동면,127.37243559644405,36.77177262876488,34.0,22,13,25,0,0,0,0,0,0,0,0,0,0,0,0,0,0,0,0,0,0,0,0,0,0,0,0,0,0,0,0,0,0,0,0,0,0,0,0,0,0,0,0,0,0,0,0,0,0,0,0
G500_00951,233500.0,463500.0,234000.0,464000.0,233750.0,463750.0,500,center_in_cheonan,34011370,동면,127.3780360219294,36.77175496482873,21.0,13,8,25,0,0,0,0,0,0,0,0,0,0,0,0,0,0,0,0,0,0,0,0,0,0,0,0,0,0,0,0,0,0,0,0,0,0,0,0,0,0,0,0,0,0,0,0,0,0,0,0
G500_00952,234000.0,463500.0,234500.0,464000.0,234250.0,463750.0,500,center_in_cheonan,34011370,동면,127.38363644249847,36.77173703726821,41.0,25,16,25,0,0,0,0,0,0,0,0,0,0,0,0,0,0,0,0,0,0,0,0,0,0,0,0,0,0,0,0,0,0,0,0,0,0,0,0,0,0,0,0,0,0,0,0,0,0,0,0
G500_00953,234500.0,463500.0,235000.0,464000.0,234750.0,463750.0,500,center_in_cheonan,34011370,동면,127.38923685807849,36.77171884608405,23.0,15,9,25,0,0,0,0,0,0,0,0,0,0,0,0,0,0,0,0,0,0,0,0,0,0,0,0,0,0,0,0,0,0,0,0,0,0,0,0,0,0,0,0,0,0,0,0,0,0,0,0
G500_00954,235000.0,463500.0,235500.0,464000.0,235250.0,463750.0,500,center_in_cheonan,34011370,동면,127.39483726859655,36.77170039127699,20.0,12,8,25,0,0,0,0,0,0,0,0,0,0,0,0,0,0,0,0,0,0,0,0,0,0,0,0,0,0,0,0,0,0,0,0,0,0,0,0,0,0,0,0,0,0,0,0,0,0,0,0
G500_00955,235500.0,463500.0,236000.0,464000.0,235750.0,463750.0,500,center_in_cheonan,34011370,동면,127.40043767397985,36.771681672847784,5.0,3,2,25,0,0,0,0,0,0,0,0,0,0,0,0,0,0,0,0,0,0,0,0,0,0,0,0,0,0,0,0,0,0,0,0,0,0,0,0,0,0,0,0,0,0,0,0,0,0,0,0
G500_00956,236000.0,463500.0,236500.0,464000.0,236250.0,463750.0,500,center_in_cheonan,34011370,동면,127.40603807415562,36.771662690797186,31.0,19,12,25,0,0,0,0,0,0,0,0,0,0,0,0,0,0,0,0,0,0,0,0,0,0,0,0,0,0,0,0,0,0,0,0,0,0,0,0,0,0,0,0,0,0,0,0,0,0,0,0
G500_00957,236500.0,463500.0,237000.0,464000.0,236750.0,463750.0,500,center_in_cheonan,34011370,동면,127.41163846905098,36.77164344512599,10.0,6,4,17,0,0,0,0,0,0,0,0,0,0,0,0,0,0,0,0,0,0,0,0,0,0,0,0,0,0,0,0,0,0,0,0,0,0,0,0,0,0,0,0,0,0,0,0,0,0,0,0
G500_00958,210500.0,464000.0,211000.0,464500.0,210750.0,464250.0,500,center_in_cheonan,34011570,신방동,127.12041958900248,36.77680021825153,85.0,84,39,22,0,0,0,0,0,0,0,0,0,0,0,0,0,0,0,0,0,0,0,0,0,0,0,0,0,0,0,0,0,0,0,0,0,0,0,0,0,0,0,0,0,0,0,0,0,0,0,0
G500_00959,211000.0,464000.0,211500.0,464500.0,211250.0,464250.0,500,center_in_cheonan,34011570,신방동,127.12602048809784,36.776794417049686,284.0,279,129,25,0,0,0,0,0,0,0,0,0,0,0,0,0,0,0,0,0,0,0,0,0,0,0,0,0,0,0,0,0,0,0,0,0,0,0,0,0,0,0,0,0,0,0,0,0,0,0,0
G500_00960,211500.0,464000.0,212000.0,464500.0,211750.0,464250.0,500,center_in_cheonan,34011570,신방동,127.13162138555398,36.77678835215871,4813.0,4738,2188,25,0,0,0,8,8,0,0,0,0,0,0,0,0,0,0,0,0,0,0,2,1,0,0,0,1,0,0,0,0,0,0,0,4,0,0,0,0,0,0,1,0,0,0,1,0,2,1,1
G500_00961,212000.0,464000.0,212500.0,464500.0,212250.0,464250.0,500,center_in_cheonan,34011570,신방동,127.13722228129807,36.77678202357884,685.0,672,310,25,0,0,0,5,5,1,0,1,0,0,0,0,0,0,0,0,0,0,0,1,0,0,0,0,1,0,0,0,0,0,0,0,0,0,0,0,0,0,0,0,0,0,0,0,0,0,0,0
G500_00962,212500.0,464000.0,213000.0,464500.0,212750.0,464250.0,500,center_in_cheonan,34011580,청룡동,127.1428231752572,36.77677543131034,1820.0,1825,756,25,0,0,0,1,1,0,0,0,0,0,0,0,0,0,0,0,0,0,0,0,0,0,0,0,0,0,0,0,0,0,0,0,0,0,0,0,0,0,0,0,0,0,0,0,0,0,0,0
G500_00963,213000.0,464000.0,213500.0,464500.0,213250.0,464250.0,500,center_in_cheonan,34011580,청룡동,127.14842406735856,36.776768575353486,2366.0,2372,982,25,0,0,0,0,0,0,0,0,0,0,0,0,0,0,0,0,0,0,0,0,0,0,0,0,0,0,0,0,0,0,0,0,0,0,0,0,0,0,0,0,0,0,0,0,0,0,0,0
G500_00964,213500.0,464000.0,214000.0,464500.0,213750.0,464250.0,500,center_in_cheonan,34011580,청룡동,127.15402495752929,36.77676145570854,3639.0,3649,1510,25,0,0,0,0,0,0,0,0,0,0,0,0,0,0,0,0,0,0,0,1,0,0,0,0,1,0,0,0,0,0,0,0,0,0,0,0,0,0,0,0,0,0,0,0,0,0,0,0
G500_00965,214000.0,464000.0,214500.0,464500.0,214250.0,464250.0,500,center_in_cheonan,34011580,청룡동,127.15962584569651,36.776754072375816,2230.0,2237,926,25,0,0,0,0,0,0,0,0,2,1,1,0,0,0,0,0,0,0,0,0,0,0,0,0,0,0,0,0,0,0,1,1,0,0,0,0,0,0,0,0,0,0,0,0,0,0,0,0
G500_00966,214500.0,464000.0,215000.0,464500.0,214750.0,464250.0,500,center_in_cheonan,34011580,청룡동,127.16522673178737,36.7767464253556,31.0,31,13,25,0,0,0,0,0,0,0,0,0,0,0,0,1,0,0,0,0,1,0,0,0,0,0,0,0,0,0,0,0,0,0,0,0,0,0,0,0,0,0,0,0,0,0,0,0,0,0,0
G500_00967,215000.0,464000.0,215500.0,464500.0,215250.0,464250.0,500,center_in_cheonan,34011580,청룡동,127.17082761572907,36.776738514648194,0.0,0,0,25,0,0,0,0,0,1,1,0,0,0,0,0,0,0,0,0,0,0,0,0,0,0,0,0,0,0,0,0,0,0,0,0,0,0,0,0,0,0,0,0,0,0,0,0,0,0,0,0
G500_00968,215500.0,464000.0,216000.0,464500.0,215750.0,464250.0,500,center_in_cheonan,34011580,청룡동,127.1764284974487,36.77673034025395,218.0,218,90,25,0,0,0,0,0,0,0,0,0,0,0,0,0,0,0,0,0,0,0,0,0,0,0,0,0,0,0,0,0,0,1,1,0,0,0,0,0,0,0,0,0,0,0,0,0,0,2,2
G500_00969,216000.0,464000.0,216500.0,464500.0,216250.0,464250.0,500,center_in_cheonan,34011580,청룡동,127.18202937687344,36.77672190217318,265.0,266,110,25,0,0,0,0,0,0,0,0,0,0,0,0,0,0,0,0,0,0,0,0,0,0,0,0,0,0,0,0,0,0,2,2,1,0,0,0,0,0,0,0,0,1,0,0,0,0,0,0
G500_00970,216500.0,464000.0,217000.0,464500.0,216750.0,464250.0,500,center_in_cheonan,34011110,목천읍,127.18763025393042,36.776713200406235,0.0,0,0,25,0,0,0,0,0,0,0,0,0,0,0,0,0,0,0,0,0,0,0,0,0,0,0,0,0,0,0,0,0,0,0,0,0,0,0,0,0,0,0,0,0,0,0,0,0,0,0,0
G500_00971,217000.0,464000.0,217500.0,464500.0,217250.0,464250.0,500,center_in_cheonan,34011110,목천읍,127.1932311285468,36.776704234953456,28.0,26,12,25,0,0,0,0,0,0,0,0,0,0,0,0,0,0,0,0,0,0,0,0,0,0,0,0,0,0,0,0,0,0,0,0,0,0,0,0,0,0,0,0,0,0,0,0,0,0,0,0
G500_00972,217500.0,464000.0,218000.0,464500.0,217750.0,464250.0,500,center_in_cheonan,34011110,목천읍,127.19883200064973,36.776695005815235,51.0,44,22,25,0,0,0,1,1,0,0,0,0,0,0,0,0,0,0,0,0,0,0,0,0,0,0,0,0,0,0,0,0,0,0,0,0,0,0,0,0,0,0,0,0,0,0,0,0,0,0,0
G500_00973,218000.0,464000.0,218500.0,464500.0,218250.0,464250.0,500,center_in_cheonan,34011110,목천읍,127.20443287016634,36.776685512991946,10.0,8,4,25,0,0,0,0,0,0,0,0,0,0,0,0,0,0,0,0,0,0,0,0,0,0,0,0,0,0,0,0,0,0,0,0,0,0,0,0,0,0,0,0,0,0,0,0,0,0,0,0
G500_00974,218500.0,464000.0,219000.0,464500.0,218750.0,464250.0,500,center_in_cheonan,34011110,목천읍,127.2100337370238,36.77667575648395,3235.0,2896,1491,25,0,0,0,1,1,0,0,0,1,1,0,0,0,0,0,0,0,0,0,0,0,0,0,0,0,0,0,0,0,0,1,1,1,0,0,0,0,0,0,1,0,0,0,0,0,0,1,1
G500_00975,219000.0,464000.0,219500.0,464500.0,219250.0,464250.0,500,center_in_cheonan,34011110,목천읍,127.21563460114928,36.77666573629166,10.0,9,4,25,0,0,0,0,0,0,0,0,0,0,0,0,0,0,0,0,0,0,0,0,0,0,0,0,0,0,0,0,0,0,0,0,1,0,0,0,0,0,0,1,0,0,0,0,0,0,1,1
G500_00976,219500.0,464000.0,220000.0,464500.0,219750.0,464250.0,500,center_in_cheonan,34011110,목천읍,127.22123546246988,36.776655452415504,18.0,16,8,25,0,0,0,1,1,0,0,0,0,0,0,0,0,0,0,0,0,0,0,0,0,0,0,0,0,0,0,0,0,0,0,0,0,0,0,0,0,0,0,0,0,0,0,0,0,0,0,0
G500_00977,220000.0,464000.0,220500.0,464500.0,220250.0,464250.0,500,center_in_cheonan,34011110,목천읍,127.22683632091275,36.77664490485587,0.0,0,0,25,0,0,0,0,0,0,0,0,0,0,0,0,0,0,0,0,0,0,0,0,0,0,0,0,0,0,0,0,0,0,0,0,0,0,0,0,0,0,0,0,0,0,0,0,0,0,0,0
G500_00978,220500.0,464000.0,221000.0,464500.0,220750.0,464250.0,500,center_in_cheonan,34011110,목천읍,127.23243717640509,36.77663409361321,82.0,74,38,25,0,0,0,0,0,0,0,0,0,0,0,0,0,0,0,0,0,0,0,0,0,0,0,0,0,0,0,0,0,0,0,0,0,0,0,0,0,0,0,0,0,0,0,0,0,0,0,0
G500_00979,221000.0,464000.0,221500.0,464500.0,221250.0,464250.0,500,center_in_cheonan,34011110,목천읍,127.23803802887399,36.776623018687964,72.0,64,33,25,0,0,0,0,0,0,0,0,0,0,0,0,0,0,0,0,0,0,0,0,0,0,0,0,0,0,0,0,0,0,0,0,0,0,0,0,0,0,0,0,0,0,0,0,0,0,0,0
G500_00980,221500.0,464000.0,222000.0,464500.0,221750.0,464250.0,500,center_in_cheonan,34011110,목천읍,127.24363887824664,36.77661168008057,206.0,184,96,25,0,0,0,0,0,0,0,0,0,0,0,0,0,0,0,0,0,0,0,0,0,0,0,0,0,0,0,0,0,0,0,0,0,0,0,0,0,0,0,0,0,0,0,0,0,0,0,0
G500_00981,222000.0,464000.0,222500.0,464500.0,222250.0,464250.0,500,center_in_cheonan,34011330,북면,127.24923972445019,36.7766000777915,46.0,40,23,25,0,0,0,0,0,0,0,0,0,0,0,0,0,0,0,0,0,0,0,0,0,0,0,0,0,0,0,0,0,0,0,0,0,0,0,0,0,0,0,0,0,0,0,0,0,0,0,0
G500_00982,222500.0,464000.0,223000.0,464500.0,222750.0,464250.0,500,center_in_cheonan,34011330,북면,127.25484056741179,36.77658821182122,5.0,4,3,25,0,0,0,0,0,0,0,0,0,0,0,0,0,0,0,0,0,0,0,0,0,0,0,0,0,0,0,0,0,0,0,0,0,0,0,0,0,0,0,0,0,0,0,0,0,0,0,0
G500_00983,223000.0,464000.0,223500.0,464500.0,223250.0,464250.0,500,center_in_cheonan,34011330,북면,127.26044140705856,36.77657608217024,18.0,14,9,25,0,0,0,0,0,0,0,0,0,0,0,0,0,0,0,0,0,0,0,0,0,0,0,0,0,0,0,0,0,0,0,0,0,0,0,0,0,0,0,0,0,0,0,0,0,0,0,0
G500_00984,223500.0,464000.0,224000.0,464500.0,223750.0,464250.0,500,center_in_cheonan,34011330,북면,127.2660422433177,36.77656368883902,41.0,32,22,25,0,0,0,0,0,0,0,0,0,0,0,0,0,0,0,0,0,0,0,0,0,0,0,0,0,0,0,0,0,0,0,0,0,0,0,0,0,0,0,0,0,0,0,0,0,0,0,0
G500_00985,224000.0,464000.0,224500.0,464500.0,224250.0,464250.0,500,center_in_cheonan,34011330,북면,127.2716430761163,36.776551031828085,8.0,6,4,25,0,0,0,0,0,0,0,0,0,0,0,0,0,0,0,0,0,0,0,0,0,0,0,0,0,0,0,0,0,0,0,0,0,0,0,0,0,0,0,0,0,0,0,0,0,0,0,0
G500_00986,224500.0,464000.0,225000.0,464500.0,224750.0,464250.0,500,center_in_cheonan,34011330,북면,127.2772439053816,36.77653811113795,0.0,0,0,25,0,0,0,0,0,0,0,0,0,0,0,0,0,0,0,0,0,0,0,0,0,0,0,0,0,0,0,0,0,0,0,0,0,0,0,0,0,0,0,0,0,0,0,0,0,0,0,0
G500_00987,225000.0,464000.0,225500.0,464500.0,225250.0,464250.0,500,center_in_cheonan,34011360,병천면,127.28284473104064,36.776524926769156,31.0,24,14,25,0,0,0,0,0,0,0,0,0,0,0,0,0,0,0,0,0,0,0,0,0,0,0,0,0,0,0,0,0,0,0,0,0,0,0,0,0,0,0,0,0,0,0,0,0,0,0,0
G500_00988,225500.0,464000.0,226000.0,464500.0,225750.0,464250.0,500,center_in_cheonan,34011360,병천면,127.28844555302068,36.77651147872221,5.0,4,2,25,0,0,0,0,0,0,0,0,0,0,0,0,0,0,0,0,0,0,0,0,0,0,0,0,0,0,0,0,0,0,0,0,0,0,0,0,0,0,0,0,0,0,0,0,0,0,0,0
G500_00989,226000.0,464000.0,226500.0,464500.0,226250.0,464250.0,500,center_in_cheonan,34011360,병천면,127.29404637124878,36.77649776699769,0.0,0,0,25,0,0,0,0,0,0,0,0,0,0,0,0,0,0,0,0,0,0,0,0,0,0,0,0,0,0,0,0,0,0,0,0,0,0,0,0,0,0,0,0,0,0,0,0,0,0,0,0
G500_00990,226500.0,464000.0,227000.0,464500.0,226750.0,464250.0,500,center_in_cheonan,34011360,병천면,127.29964718565218,36.776483791596135,28.0,22,12,25,0,0,0,0,0,0,0,0,0,0,0,0,0,0,0,0,0,0,0,0,0,0,0,0,0,0,0,0,0,0,0,0,0,0,0,0,0,0,0,0,0,0,0,0,0,0,0,0
G500_00991,227000.0,464000.0,227500.0,464500.0,227250.0,464250.0,500,center_in_cheonan,34011360,병천면,127.30524799615797,36.77646955251812,10.0,8,4,25,0,0,0,0,0,0,0,0,0,0,0,0,0,0,0,0,0,0,0,0,0,0,0,0,0,0,0,0,0,0,0,0,0,0,0,0,0,0,0,0,0,0,0,0,0,0,0,0
G500_00992,227500.0,464000.0,228000.0,464500.0,227750.0,464250.0,500,center_in_cheonan,34011360,병천면,127.31084880269334,36.776455049764245,5.0,4,2,25,0,0,0,0,0,0,0,0,0,0,0,0,0,0,0,0,0,0,0,0,0,0,0,0,0,0,0,0,0,0,0,0,0,0,0,0,0,0,0,0,0,0,0,0,0,0,0,0
G500_00993,228000.0,464000.0,228500.0,464500.0,228250.0,464250.0,500,center_in_cheonan,34011360,병천면,127.31644960518541,36.77644028333507,26.0,20,12,25,0,0,0,0,0,0,0,0,0,0,0,0,0,0,0,0,0,0,0,0,0,0,0,0,0,0,0,0,0,0,0,0,0,0,0,0,0,0,0,0,0,0,0,0,0,0,0,0
G500_00994,228500.0,464000.0,229000.0,464500.0,228750.0,464250.0,500,center_in_cheonan,34011360,병천면,127.32205040356135,36.77642525323123,16.0,12,8,25,0,0,0,0,0,0,0,0,0,0,0,0,0,0,0,0,0,0,0,0,0,0,0,0,0,0,0,0,0,0,0,0,0,0,0,0,0,0,0,0,0,0,0,0,0,0,0,0
G500_00995,229000.0,464000.0,229500.0,464500.0,229250.0,464250.0,500,center_in_cheonan,34011370,동면,127.32765119774835,36.77640995945332,0.0,0,0,25,0,0,0,0,0,0,0,0,0,0,0,0,0,0,0,0,0,0,0,0,0,0,0,0,0,0,0,0,0,0,0,0,0,0,0,0,0,0,0,0,0,0,0,0,0,0,0,0
G500_00996,229500.0,464000.0,230000.0,464500.0,229750.0,464250.0,500,center_in_cheonan,34011370,동면,127.33325198767352,36.77639440200196,0.0,0,0,25,0,0,0,0,0,0,0,0,0,0,0,0,0,0,0,0,0,0,0,0,0,0,0,0,0,0,0,0,0,0,0,0,0,0,0,0,0,0,0,0,0,0,0,0,0,0,0,0
G500_00997,230000.0,464000.0,230500.0,464500.0,230250.0,464250.0,500,center_in_cheonan,34011370,동면,127.33885277326402,36.7763785808778,45.0,28,17,25,0,0,0,0,0,0,0,0,0,0,0,0,0,0,0,0,0,0,0,0,0,0,0,0,0,0,0,0,0,0,0,0,0,0,0,0,0,0,0,0,0,0,0,0,0,0,0,0
G500_00998,230500.0,464000.0,231000.0,464500.0,230750.0,464250.0,500,center_in_cheonan,34011370,동면,127.344453554447,36.77636249608148,48.0,31,18,25,0,0,0,1,1,0,0,0,0,0,0,0,0,0,0,0,0,0,0,0,0,0,0,0,0,0,0,0,0,0,0,0,1,0,0,1,0,0,0,0,0,0,0,0,0,0,0,0
G500_00999,231000.0,464000.0,231500.0,464500.0,231250.0,464250.0,500,center_in_cheonan,34011370,동면,127.35005433114966,36.77634614761365,55.0,36,21,25,0,0,0,0,0,0,0,0,2,1,1,0,0,0,0,0,0,0,0,0,0,0,0,0,0,0,0,0,0,0,0,0,0,0,0,0,0,0,0,0,0,0,0,0,0,0,0,0
G500_01000,231500.0,464000.0,232000.0,464500.0,231750.0,464250.0,500,center_in_cheonan,34011370,동면,127.35565510329911,36.77632953547499,33.0,21,13,25,0,0,0,0,0,0,0,0,0,0,0,0,0,0,0,0,0,0,0,0,0,0,0,0,0,0,0,0,0,0,0,0,0,0,0,0,0,0,0,0,0,0,0,0,0,0,0,0
G500_01001,232000.0,464000.0,232500.0,464500.0,232250.0,464250.0,500,center_in_cheonan,34011370,동면,127.36125587082253,36.776312659666154,5.0,3,2,25,0,0,0,0,0,0,0,0,0,0,0,0,0,0,0,0,0,0,0,0,0,0,0,0,0,0,0,0,0,0,0,0,0,0,0,0,0,0,0,0,0,0,0,0,0,0,0,0
G500_01002,232500.0,464000.0,233000.0,464500.0,232750.0,464250.0,500,center_in_cheonan,34011370,동면,127.36685663364707,36.776295520187865,32.0,20,12,25,0,0,0,0,0,0,0,0,0,0,0,0,0,0,0,0,0,0,0,0,0,0,0,0,0,0,0,0,0,0,0,0,0,0,0,0,0,0,0,0,0,0,0,0,0,0,0,0
G500_01003,233000.0,464000.0,233500.0,464500.0,233250.0,464250.0,500,center_in_cheonan,34011370,동면,127.3724573916999,36.7762781170408,0.0,0,0,25,0,0,0,0,0,0,0,0,0,0,0,0,0,0,0,0,0,0,0,0,0,0,0,0,0,0,0,0,0,0,0,0,0,0,0,0,0,0,0,0,0,0,0,0,0,0,0,0
G500_01004,233500.0,464000.0,234000.0,464500.0,233750.0,464250.0,500,center_in_cheonan,34011370,동면,127.37805814490815,36.77626045022567,0.0,0,0,25,0,0,0,0,0,0,0,0,0,0,0,0,0,0,0,0,0,0,0,0,0,0,0,0,0,0,0,0,0,0,0,0,0,0,0,0,0,0,0,0,0,0,0,0,0,0,0,0
G500_01005,234000.0,464000.0,234500.0,464500.0,234250.0,464250.0,500,center_in_cheonan,34011370,동면,127.38365889319898,36.776242519743214,57.0,36,22,25,0,0,0,0,0,0,0,0,0,0,0,0,0,0,0,0,0,0,0,0,0,0,0,0,0,0,0,0,0,0,0,0,0,0,0,0,0,0,0,0,0,0,0,0,0,0,0,0
G500_01006,234500.0,464000.0,235000.0,464500.0,234750.0,464250.0,500,center_in_cheonan,34011370,동면,127.38925963649959,36.77622432559414,5.0,3,2,25,0,0,0,0,0,0,0,0,0,0,0,0,0,0,0,0,0,0,0,0,0,0,0,0,0,0,0,0,0,0,0,0,0,0,0,0,0,0,0,0,0,0,0,0,0,0,0,0
G500_01007,235000.0,464000.0,235500.0,464500.0,235250.0,464250.0,500,center_in_cheonan,34011370,동면,127.39486037473712,36.7762058677792,15.0,9,6,25,0,0,0,0,0,0,0,0,0,0,0,0,0,0,0,0,0,0,0,0,0,0,0,0,0,0,0,0,0,0,0,0,0,0,0,0,0,0,0,0,0,0,0,0,0,0,0,0
G500_01008,235500.0,464000.0,236000.0,464500.0,235750.0,464250.0,500,center_in_cheonan,34011370,동면,127.4004611078387,36.77618714629916,16.0,10,6,18,0,0,0,0,0,0,0,0,0,0,0,0,0,0,0,0,0,0,0,0,0,0,0,0,0,0,0,0,0,0,0,0,0,0,0,0,0,0,0,0,0,0,0,0,0,0,0,0
G500_01009,210000.0,464500.0,210500.0,465000.0,210250.0,464750.0,500,center_in_cheonan,34011570,신방동,127.11482540890209,36.78131132660289,10.0,10,4,11,0,0,0,0,0,0,0,0,0,0,0,0,0,0,0,0,0,0,0,0,0,0,0,0,0,0,0,0,0,0,0,0,0,0,0,0,0,0,0,0,0,0,0,0,0,0,0,0
G500_01010,210500.0,464500.0,211000.0,465000.0,210750.0,464750.0,500,center_in_cheonan,34011570,신방동,127.12042663739358,36.78130578818792,20.0,20,8,25,0,0,0,0,0,0,0,0,0,0,0,0,0,0,0,0,0,0,0,0,0,0,0,0,0,0,0,0,0,0,0,0,0,0,0,0,0,0,0,0,0,0,0,0,0,0,0,0
G500_01011,211000.0,464500.0,211500.0,465000.0,211250.0,464750.0,500,center_in_cheonan,34011570,신방동,127.12602786431833,36.781299986040594,46.0,45,21,25,0,0,0,0,0,0,0,0,0,0,0,0,0,0,0,0,0,0,0,0,0,0,0,0,0,0,0,0,0,0,0,0,0,0,0,0,0,0,0,0,0,0,0,0,0,0,0,0
G500_01012,211500.0,464500.0,212000.0,465000.0,211750.0,464750.0,500,center_in_cheonan,34011570,신방동,127.13162908960346,36.781293920161154,289.0,284,132,25,0,0,0,0,0,0,0,0,0,0,0,0,0,0,0,0,0,0,0,0,0,0,0,0,0,0,0,0,0,0,0,0,0,0,0,0,0,0,0,0,0,0,0,0,0,0,0,0
G500_01013,212000.0,464500.0,212500.0,465000.0,212250.0,464750.0,500,center_in_cheonan,34011570,신방동,127.13723031317613,36.781287590549844,3125.0,3074,1419,25,0,0,0,1,1,0,0,0,0,0,0,0,0,0,0,0,0,0,0,2,0,0,0,0,2,0,0,0,0,0,1,1,0,0,0,0,0,0,0,0,0,0,0,0,0,0,0,0
G500_01014,212500.0,464500.0,213000.0,465000.0,212750.0,464750.0,500,center_in_cheonan,34011580,청룡동,127.14283153496345,36.78128099720694,3186.0,3167,1382,25,0,0,0,2,2,0,0,0,1,0,1,0,0,0,0,0,0,0,0,1,0,0,0,0,1,0,0,0,0,0,0,0,2,0,0,0,0,0,0,1,0,0,0,1,0,0,1,1
G500_01015,213000.0,464500.0,213500.0,465000.0,213250.0,464750.0,500,center_in_cheonan,34011580,청룡동,127.14843275489255,36.781274140132695,6913.0,6934,2873,25,0,0,0,0,0,0,0,0,0,0,0,0,0,0,0,0,0,0,0,0,0,0,0,0,0,0,0,0,0,0,2,2,0,0,0,0,0,0,0,0,0,0,0,0,0,0,0,0
G500_01016,213500.0,464500.0,214000.0,465000.0,213750.0,464750.0,500,center_in_cheonan,34011580,청룡동,127.1540339728906,36.78126701932739,3035.0,3043,1262,25,0,0,0,7,7,0,0,0,2,1,1,0,1,0,0,0,0,0,1,1,0,0,0,0,1,0,0,0,0,0,1,1,25,1,0,0,0,0,0,14,0,0,0,7,0,3,6,6
G500_01017,214000.0,464500.0,214500.0,465000.0,214250.0,464750.0,500,center_in_cheonan,34011580,청룡동,127.15963518888468,36.781259634791326,3188.0,3195,1326,25,0,0,0,1,1,0,0,0,1,1,0,0,0,0,0,0,0,0,0,3,1,0,0,0,2,0,0,0,0,0,1,1,0,0,0,0,0,0,0,0,0,0,0,0,0,0,0,0
G500_01018,214500.0,464500.0,215000.0,465000.0,214750.0,464750.0,500,center_in_cheonan,34011580,청룡동,127.16523640280192,36.781251986524786,519.0,520,216,25,0,0,0,2,2,0,0,0,0,0,0,0,1,0,0,0,0,1,0,0,0,0,0,0,0,0,0,0,0,0,0,0,0,0,0,0,0,0,0,0,0,0,0,0,0,0,0,0
G500_01019,215000.0,464500.0,215500.0,465000.0,215250.0,464750.0,500,center_in_cheonan,34011580,청룡동,127.1708376145695,36.7812440745281,76.0,76,31,25,0,0,0,0,0,0,0,0,0,0,0,0,0,0,0,0,0,0,0,0,0,0,0,0,0,0,0,0,0,0,0,0,0,0,0,0,0,0,0,0,0,0,0,0,0,0,0,0
G500_01020,215500.0,464500.0,216000.0,465000.0,215750.0,464750.0,500,center_in_cheonan,34011580,청룡동,127.1764388241145,36.781235898801576,43.0,43,18,25,0,0,0,0,0,0,0,0,0,0,0,0,0,0,0,0,0,0,0,0,0,0,0,0,0,0,0,0,0,0,0,0,0,0,0,0,0,0,0,0,0,0,0,0,0,0,0,0
G500_01021,216000.0,464500.0,216500.0,465000.0,216250.0,464750.0,500,center_in_cheonan,34011580,청룡동,127.18204003136408,36.781227459345565,0.0,0,0,25,0,0,0,0,0,0,0,0,0,0,0,0,0,0,0,0,0,0,0,0,0,0,0,0,0,0,0,0,0,0,0,0,0,0,0,0,0,0,0,0,0,0,0,0,0,0,0,0
G500_01022,216500.0,464500.0,217000.0,465000.0,216750.0,464750.0,500,center_in_cheonan,34011110,목천읍,127.18764123624536,36.781218756160406,0.0,0,0,25,0,0,0,0,0,0,0,0,0,0,0,0,0,0,0,0,0,0,0,0,0,0,0,0,0,0,0,0,0,0,0,0,0,0,0,0,0,0,0,0,0,0,0,0,0,0,0,0
G500_01023,217000.0,464500.0,217500.0,465000.0,217250.0,464750.0,500,center_in_cheonan,34011110,목천읍,127.19324243868546,36.78120978924645,21.0,18,10,25,0,0,0,0,0,0,0,0,0,0,0,0,0,0,0,0,0,0,0,0,0,0,0,0,0,0,0,0,0,0,0,0,0,0,0,0,0,0,0,0,0,0,0,0,0,0,0,0
G500_01024,217500.0,464500.0,218000.0,465000.0,217750.0,464750.0,500,center_in_cheonan,34011110,목천읍,127.19884363861155,36.781200558604056,85.0,74,38,25,0,0,0,0,0,0,0,0,0,0,0,0,0,0,0,0,0,0,0,0,0,0,0,0,0,0,0,0,0,0,1,1,0,0,0,0,0,0,0,0,0,0,0,0,0,0,0,0
G500_01025,218000.0,464500.0,218500.0,465000.0,218250.0,464750.0,500,center_in_cheonan,34011110,목천읍,127.20444483595072,36.78119106423362,26.0,22,12,25,0,0,0,0,0,0,0,0,0,0,0,0,0,0,0,0,0,0,0,0,0,0,0,0,0,0,0,0,0,0,0,0,0,0,0,0,0,0,0,0,0,0,0,0,0,0,0,0
G500_01026,218500.0,464500.0,219000.0,465000.0,218750.0,464750.0,500,center_in_cheonan,34011110,목천읍,127.21004603063012,36.7811813061355,33.0,29,15,25,0,0,0,0,0,0,0,0,0,0,0,0,0,0,0,0,0,0,0,0,0,0,0,0,0,0,0,0,0,0,1,1,0,0,0,0,0,0,0,0,0,0,0,0,0,0,0,0
G500_01027,219000.0,464500.0,219500.0,465000.0,219250.0,464750.0,500,center_in_cheonan,34011110,목천읍,127.21564722257689,36.78117128431013,0.0,0,0,25,0,0,0,0,0,0,0,0,0,0,0,0,0,0,0,0,0,0,0,0,0,0,0,0,0,0,0,0,0,0,0,0,0,0,0,0,0,0,0,0,0,0,0,0,0,0,0,0
G500_01028,219500.0,464500.0,220000.0,465000.0,219750.0,464750.0,500,center_in_cheonan,34011110,목천읍,127.22124841171815,36.7811609987579,0.0,0,0,25,0,0,0,0,0,0,0,0,0,0,0,0,0,0,0,0,0,0,0,0,0,0,0,0,0,0,0,0,0,0,0,0,0,0,0,0,0,0,0,0,0,0,0,0,0,0,0,0
G500_01029,220000.0,464500.0,220500.0,465000.0,220250.0,464750.0,500,center_in_cheonan,34011110,목천읍,127.22684959798103,36.78115044947923,0.0,0,0,25,0,0,0,0,0,0,0,0,0,0,0,0,0,0,0,0,0,0,0,0,0,0,0,0,0,0,0,0,0,0,0,0,0,0,0,0,0,0,0,0,0,0,0,0,0,0,0,0
G500_01030,220500.0,464500.0,221000.0,465000.0,220750.0,464750.0,500,center_in_cheonan,34011110,목천읍,127.23245078129267,36.78113963647455,545.0,486,253,25,0,0,0,1,1,2,1,1,0,0,0,0,1,0,0,0,1,0,0,0,0,0,0,0,0,0,0,0,0,0,0,0,0,0,0,0,0,0,0,0,0,0,0,0,0,0,0,0
G500_01031,221000.0,464500.0,221500.0,465000.0,221250.0,464750.0,500,center_in_cheonan,34011110,목천읍,127.2380519615802,36.78112855974431,49.0,41,22,25,0,0,0,0,0,0,0,0,0,0,0,0,0,0,0,0,0,0,0,0,0,0,0,0,0,0,0,0,0,0,0,0,0,0,0,0,0,0,0,0,0,0,0,0,0,0,0,0
G500_01032,221500.0,464500.0,222000.0,465000.0,221750.0,464750.0,500,center_in_cheonan,34011110,목천읍,127.24365313877077,36.78111721928895,54.0,48,24,25,0,0,0,0,0,0,0,0,0,0,0,0,0,0,0,0,0,0,0,0,0,0,0,0,0,0,0,0,0,0,0,0,0,0,0,0,0,0,0,0,0,0,0,0,0,0,0,0
G500_01033,222000.0,464500.0,222500.0,465000.0,222250.0,464750.0,500,center_in_cheonan,34011110,목천읍,127.24925431279149,36.781105615108935,88.0,75,41,25,0,0,0,0,0,0,0,0,0,0,0,0,0,0,0,0,0,0,0,0,0,0,0,0,0,0,0,0,0,0,0,0,0,0,0,0,0,0,0,0,0,0,0,0,0,0,0,0
G500_01034,222500.0,464500.0,223000.0,465000.0,222750.0,464750.0,500,center_in_cheonan,34011330,북면,127.25485548356951,36.78109374720475,54.0,42,25,25,0,0,0,0,0,0,0,0,0,0,0,0,0,0,0,0,0,0,0,0,0,0,0,0,0,0,0,0,0,0,0,0,0,0,0,0,0,0,0,0,0,0,0,0,0,0,0,0
G500_01035,223000.0,464500.0,223500.0,465000.0,223250.0,464750.0,500,center_in_cheonan,34011330,북면,127.26045665103196,36.78108161557687,21.0,16,11,25,0,0,0,0,0,0,0,0,0,0,0,0,0,0,0,0,0,0,0,0,0,0,0,0,0,0,0,0,0,0,0,0,0,0,0,0,0,0,0,0,0,0,0,0,0,0,0,0
G500_01036,223500.0,464500.0,224000.0,465000.0,223750.0,464750.0,500,center_in_cheonan,34011330,북면,127.26605781510597,36.7810692202258,10.0,8,5,25,0,0,0,0,0,0,0,0,0,0,0,0,0,0,0,0,0,0,0,0,0,0,0,0,0,0,0,0,0,0,0,0,0,0,0,0,0,0,0,0,0,0,0,0,0,0,0,0
G500_01037,224000.0,464500.0,224500.0,465000.0,224250.0,464750.0,500,center_in_cheonan,34011330,북면,127.2716589757187,36.78105656115203,52.0,40,27,25,0,0,0,0,0,0,0,0,0,0,0,0,0,0,0,0,0,0,0,0,0,0,0,0,0,0,0,0,0,0,0,0,0,0,0,0,0,0,0,0,0,0,0,0,0,0,0,0
G500_01038,224500.0,464500.0,225000.0,465000.0,224750.0,464750.0,500,center_in_cheonan,34011330,북면,127.27726013279724,36.78104363835609,5.0,4,2,25,0,0,0,0,0,0,0,0,0,0,0,0,0,0,0,0,0,0,0,0,0,0,0,0,0,0,0,0,0,0,0,0,0,0,0,0,0,0,0,0,0,0,0,0,0,0,0,0
G500_01039,225000.0,464500.0,225500.0,465000.0,225250.0,464750.0,500,center_in_cheonan,34011330,북면,127.28286128626874,36.781030451838504,0.0,0,0,25,0,0,0,0,0,0,0,0,0,0,0,0,0,0,0,0,0,0,0,0,0,0,0,0,0,0,0,0,0,0,0,0,0,0,0,0,0,0,0,0,0,0,0,0,0,0,0,0
G500_01040,225500.0,464500.0,226000.0,465000.0,225750.0,464750.0,500,center_in_cheonan,34011360,병천면,127.28846243606036,36.781017001599814,0.0,0,0,25,0,0,0,0,0,0,0,0,0,0,0,0,0,0,0,0,0,0,0,0,0,0,0,0,0,0,0,0,0,0,0,0,0,0,0,0,0,0,0,0,0,0,0,0,0,0,0,0
G500_01041,226000.0,464500.0,226500.0,465000.0,226250.0,464750.0,500,center_in_cheonan,34011360,병천면,127.29406358209923,36.78100328764055,75.0,58,35,25,0,0,0,0,0,0,0,0,0,0,0,0,0,0,0,0,0,0,0,0,0,0,0,0,0,0,0,0,0,0,0,0,0,0,0,0,0,0,0,0,0,0,0,0,0,0,0,0
G500_01042,226500.0,464500.0,227000.0,465000.0,226750.0,464750.0,500,center_in_cheonan,34011360,병천면,127.29966472431244,36.780989309961306,0.0,0,0,25,0,0,0,0,0,0,0,0,0,0,0,0,0,0,0,0,0,0,0,0,0,0,0,0,0,0,0,0,0,0,0,0,0,0,0,0,0,0,0,0,0,0,0,0,0,0,0,0
G500_01043,227000.0,464500.0,227500.0,465000.0,227250.0,464750.0,500,center_in_cheonan,34011360,병천면,127.3052658626272,36.78097506856262,0.0,0,0,25,0,0,0,0,0,0,0,0,0,0,0,0,0,0,0,0,0,0,0,0,0,0,0,0,0,0,0,0,0,0,0,0,0,0,0,0,0,0,0,0,0,0,0,0,0,0,0,0
G500_01044,227500.0,464500.0,228000.0,465000.0,227750.0,464750.0,500,center_in_cheonan,34011360,병천면,127.31086699697057,36.780960563445085,10.0,8,4,25,0,0,0,0,0,0,0,0,0,0,0,0,0,0,0,0,0,0,0,0,0,0,0,0,0,0,0,0,0,0,0,0,0,0,0,0,0,0,0,0,0,0,0,0,0,0,0,0
G500_01045,228000.0,464500.0,228500.0,465000.0,228250.0,464750.0,500,center_in_cheonan,34011360,병천면,127.31646812726977,36.780945794609295,10.0,8,4,25,0,0,0,0,0,0,0,0,0,0,0,0,0,0,0,0,0,0,0,0,0,0,0,0,0,0,0,0,0,0,0,0,0,0,0,0,0,0,0,0,0,0,0,0,0,0,0,0
G500_01046,228500.0,464500.0,229000.0,465000.0,228750.0,464750.0,500,center_in_cheonan,34011360,병천면,127.32206925345187,36.78093076205586,5.0,4,2,25,0,0,0,0,0,0,0,0,0,0,0,0,0,0,0,0,0,0,0,0,0,0,0,0,0,0,0,0,0,0,0,0,0,0,0,0,0,0,0,0,0,0,0,0,0,0,0,0
G500_01047,229000.0,464500.0,229500.0,465000.0,229250.0,464750.0,500,center_in_cheonan,34011360,병천면,127.32767037544404,36.78091546578537,0.0,0,0,25,0,0,0,0,0,0,0,0,0,0,0,0,0,0,0,0,0,0,0,0,0,0,0,0,0,0,0,0,0,0,0,0,0,0,0,0,0,0,0,0,0,0,0,0,0,0,0,0
G500_01048,229500.0,464500.0,230000.0,465000.0,229750.0,464750.0,500,center_in_cheonan,34011370,동면,127.3332714931734,36.780899905798485,10.0,6,4,25,0,0,0,0,0,0,0,0,0,0,0,0,0,0,0,0,0,0,0,0,0,0,0,0,0,0,0,0,0,0,0,0,0,0,0,0,0,0,0,0,0,0,0,0,0,0,0,0
G500_01049,230000.0,464500.0,230500.0,465000.0,230250.0,464750.0,500,center_in_cheonan,34011370,동면,127.33887260656711,36.78088408209582,80.0,52,31,25,0,0,0,0,0,0,0,0,0,0,0,0,0,0,0,0,0,0,0,0,0,0,0,0,0,0,0,0,0,0,0,0,0,0,0,0,0,0,0,0,0,0,0,0,0,0,0,0
G500_01050,230500.0,464500.0,231000.0,465000.0,230750.0,464750.0,500,center_in_cheonan,34011370,동면,127.34447371555231,36.780867994678005,5.0,3,2,25,0,0,0,0,0,0,0,0,0,0,0,0,0,0,0,0,0,0,0,0,0,0,0,0,0,0,0,0,0,0,0,0,0,0,0,0,0,0,0,0,0,0,0,0,0,0,0,0
G500_01051,231000.0,464500.0,231500.0,465000.0,231250.0,464750.0,500,center_in_cheonan,34011370,동면,127.35007482005611,36.780851643545724,100.0,66,38,25,0,0,0,1,1,0,0,0,0,0,0,0,0,0,0,0,0,0,0,0,0,0,0,0,0,0,0,1,1,0,0,0,0,0,0,0,0,0,0,0,0,0,0,0,0,0,0,0
G500_01052,231500.0,464500.0,232000.0,465000.0,231750.0,464750.0,500,center_in_cheonan,34011370,동면,127.35567592000565,36.78083502869964,51.0,32,20,25,0,0,0,1,1,0,0,0,0,0,0,0,0,0,0,0,0,0,0,0,0,0,0,0,0,0,0,0,0,0,0,0,0,0,0,0,0,0,0,0,0,0,0,0,0,0,0,0
G500_01053,232000.0,464500.0,232500.0,465000.0,232250.0,464750.0,500,center_in_cheonan,34011370,동면,127.36127701532811,36.78081815014041,26.0,17,10,25,0,0,0,0,0,0,0,0,0,0,0,0,0,0,0,0,0,0,0,0,0,0,0,0,0,0,0,0,0,0,0,0,0,0,0,0,0,0,0,0,0,0,0,0,0,0,0,0
G500_01054,232500.0,464500.0,233000.0,465000.0,232750.0,464750.0,500,center_in_cheonan,34011370,동면,127.36687810595062,36.78080100786875,33.0,20,13,25,0,0,0,0,0,0,0,0,0,0,0,0,0,0,0,0,0,0,0,0,0,0,0,0,0,0,0,0,0,0,0,0,0,0,0,0,0,0,0,0,0,0,0,0,0,0,0,0
G500_01055,233000.0,464500.0,233500.0,465000.0,233250.0,464750.0,500,center_in_cheonan,34011370,동면,127.3724791918003,36.780783601885354,8.0,5,3,25,0,0,0,0,0,0,0,0,0,0,0,0,0,0,0,0,0,0,0,0,0,0,0,0,0,0,0,0,0,0,0,0,0,0,0,0,0,0,0,0,0,0,0,0,0,0,0,0
G500_01056,233500.0,464500.0,234000.0,465000.0,233750.0,464750.0,500,center_in_cheonan,34011370,동면,127.3780802728043,36.780765932190924,13.0,8,5,25,0,0,0,0,0,0,0,0,0,0,0,0,0,0,0,0,0,0,0,0,0,0,0,0,0,0,0,0,0,0,0,0,0,0,0,0,0,0,0,0,0,0,0,0,0,0,0,0
G500_01057,234000.0,464500.0,234500.0,465000.0,234250.0,464750.0,500,center_in_cheonan,34011370,동면,127.38368134888974,36.78074799878617,8.0,5,3,25,0,0,0,0,0,0,0,0,0,0,0,0,0,0,0,0,0,0,0,0,0,0,0,0,0,0,0,0,0,0,0,0,0,0,0,0,0,0,0,0,0,0,0,0,0,0,0,0
G500_01058,234500.0,464500.0,235000.0,465000.0,234750.0,464750.0,500,center_in_cheonan,34011370,동면,127.3892824199838,36.780729801671846,0.0,0,0,25,0,0,0,0,0,0,0,0,0,0,0,0,0,0,0,0,0,0,0,0,0,0,0,0,0,0,0,0,0,0,0,0,0,0,0,0,0,0,0,0,0,0,0,0,0,0,0,0
G500_01059,235000.0,464500.0,235500.0,465000.0,235250.0,464750.0,500,center_in_cheonan,34011370,동면,127.3948834860136,36.78071134084868,0.0,0,0,23,0,0,0,0,0,0,0,0,0,0,0,0,0,0,0,0,0,0,0,0,0,0,0,0,0,0,0,0,0,0,0,0,0,0,0,0,0,0,0,0,0,0,0,0,0,0,0,0
G500_01060,210000.0,465000.0,210500.0,465500.0,210250.0,465250.0,500,center_in_cheonan,34012540,쌍용2동,127.11483213095731,36.78581689402015,3138.0,2954,1310,21,0,0,0,0,0,0,0,0,1,0,1,0,0,0,0,0,0,0,0,1,0,0,0,0,1,0,0,0,0,0,0,0,0,0,0,0,0,0,0,0,0,0,0,0,0,0,0,0
G500_01061,210500.0,465000.0,211000.0,465500.0,210750.0,465250.0,500,center_in_cheonan,34011570,신방동,127.1204336873514,36.78581135470257,211.0,208,96,25,1,0,1,2,2,0,0,0,2,1,1,0,0,0,0,0,0,0,0,0,0,0,0,0,0,0,0,1,0,1,0,0,0,0,0,0,0,0,0,0,0,0,0,0,0,0,0,0
G500_01062,211000.0,465000.0,211500.0,465500.0,211250.0,465250.0,500,center_in_cheonan,34011570,신방동,127.12603524217838,36.78580555160965,4511.0,4440,2050,25,0,0,0,1,1,0,0,0,0,0,0,0,0,0,0,0,0,0,0,1,0,0,0,0,1,0,0,0,0,0,2,2,0,0,0,0,0,0,0,0,0,0,0,0,0,0,0,0
G500_01063,211500.0,465000.0,212000.0,465500.0,211750.0,465250.0,500,center_in_cheonan,34011570,신방동,127.1316367953654,36.78579948474163,5063.0,5213,2297,25,0,0,0,0,0,0,0,0,1,0,1,0,0,0,0,0,0,0,0,0,0,0,0,0,0,0,0,0,0,0,0,0,0,0,0,0,0,0,0,0,0,0,0,0,0,0,0,0
G500_01064,212000.0,465000.0,212500.0,465500.0,212250.0,465250.0,500,center_in_cheonan,34011560,일봉동,127.13723834683954,36.78579315409877,758.0,835,342,25,0,0,0,0,0,0,0,0,0,0,0,0,0,0,0,0,0,0,0,1,0,0,0,0,1,0,0,0,0,0,0,0,0,0,0,0,0,0,0,0,0,0,0,0,0,0,0,0
G500_01065,212500.0,465000.0,213000.0,465500.0,212750.0,465250.0,500,center_in_cheonan,34011560,일봉동,127.14283989652792,36.78578655968134,41.0,47,18,25,0,0,0,0,0,0,0,0,0,0,0,0,0,0,0,0,0,0,0,0,0,0,0,0,0,0,0,0,0,0,0,0,0,0,0,0,0,0,0,0,0,0,0,0,0,0,0,0
G500_01066,213000.0,465000.0,213500.0,465500.0,213250.0,465250.0,500,center_in_cheonan,34011580,청룡동,127.14844144435766,36.78577970148956,5020.0,5035,2087,25,0,0,0,2,2,0,0,0,2,1,1,0,0,0,0,0,0,0,0,1,1,0,0,0,0,0,0,0,0,0,0,0,0,0,0,0,0,0,0,0,0,0,0,0,0,0,0,0
G500_01067,213500.0,465000.0,214000.0,465500.0,213750.0,465250.0,500,center_in_cheonan,34011580,청룡동,127.15404299025589,36.78577257952377,669.0,670,279,25,0,0,0,2,2,1,0,1,0,0,0,0,0,0,0,0,0,0,0,1,1,0,0,0,0,0,0,1,0,1,2,2,6,0,0,0,0,0,0,1,0,0,0,3,0,2,2,2
G500_01068,214000.0,465000.0,214500.0,465500.0,214250.0,465250.0,500,center_in_cheonan,34011580,청룡동,127.15964453414968,36.78576519378422,3425.0,3433,1425,25,0,0,0,6,6,0,0,0,1,1,0,0,0,0,0,0,0,0,0,1,0,0,0,0,1,0,0,0,0,0,1,1,1,0,0,0,0,0,0,0,0,0,0,1,0,0,0,0
G500_01069,214500.0,465000.0,215000.0,465500.0,214750.0,465250.0,500,center_in_cheonan,34011580,청룡동,127.16524607596618,36.78575754427122,1574.0,1578,655,25,0,0,0,0,0,0,0,0,0,0,0,0,3,0,0,1,2,0,0,1,1,0,0,0,0,0,0,0,0,0,0,0,0,0,0,0,0,0,0,0,0,0,0,0,0,0,0,0
G500_01070,215000.0,465000.0,215500.0,465500.0,215250.0,465250.0,500,center_in_cheonan,34011580,청룡동,127.17084761563248,36.785749630985094,220.0,220,89,25,0,0,0,0,0,0,0,0,0,0,0,0,0,0,0,0,0,0,0,0,0,0,0,0,0,0,0,0,0,0,1,1,0,0,0,0,0,0,0,0,0,0,0,0,0,0,1,1
G500_01071,215500.0,465000.0,216000.0,465500.0,215750.0,465250.0,500,center_in_cheonan,34011580,청룡동,127.17644915307572,36.78574145392616,99.0,99,39,25,0,0,0,0,0,0,0,0,0,0,0,0,0,0,0,0,0,0,0,0,0,0,0,0,0,0,0,0,0,0,0,0,0,0,0,0,0,0,0,0,0,0,0,0,0,0,1,1
G500_01072,216000.0,465000.0,216500.0,465500.0,216250.0,465250.0,500,center_in_cheonan,34011580,청룡동,127.18205068822301,36.78573301309475,5.0,5,2,25,0,0,0,0,0,0,0,0,0,0,0,0,0,0,0,0,0,0,0,0,0,0,0,0,0,0,0,0,0,0,0,0,0,0,0,0,0,0,0,0,0,0,0,0,0,0,0,0
G500_01073,216500.0,465000.0,217000.0,465500.0,216750.0,465250.0,500,center_in_cheonan,34011110,목천읍,127.18765222100146,36.7857243084912,0.0,0,0,25,0,0,0,0,0,0,0,0,0,0,0,0,0,0,0,0,0,0,0,0,0,0,0,0,0,0,0,0,0,0,0,0,0,0,0,0,0,0,0,0,0,0,0,0,0,0,0,0
G500_01074,217000.0,465000.0,217500.0,465500.0,217250.0,465250.0,500,center_in_cheonan,34011110,목천읍,127.19325375133815,36.785715340115885,31.0,27,14,25,0,0,0,0,0,0,0,0,0,0,0,0,0,0,0,0,0,0,0,0,0,0,0,0,0,0,0,0,0,0,0,0,0,0,0,0,0,0,0,0,0,0,0,0,0,0,0,0
G500_01075,217500.0,465000.0,218000.0,465500.0,217750.0,465250.0,500,center_in_cheonan,34011110,목천읍,127.19885527916024,36.78570610796916,65.0,57,30,25,0,0,0,0,0,0,0,0,0,0,0,0,0,0,0,0,0,0,0,0,0,0,0,0,0,0,0,0,0,0,0,0,0,0,0,0,0,0,0,0,0,0,0,0,0,0,0,0
G500_01076,218000.0,465000.0,218500.0,465500.0,218250.0,465250.0,500,center_in_cheonan,34011110,목천읍,127.20445680439484,36.78569661205139,15.0,12,6,25,0,0,0,0,0,0,0,0,0,0,0,0,0,0,0,0,0,0,0,0,0,0,0,0,0,0,0,0,0,0,0,0,0,0,0,0,0,0,0,0,0,0,0,0,0,0,0,0
G500_01077,218500.0,465000.0,219000.0,465500.0,218750.0,465250.0,500,center_in_cheonan,34011110,목천읍,127.21005832696906,36.785686852362986,0.0,0,0,25,0,0,0,0,0,0,0,0,0,0,0,0,0,0,0,0,0,0,0,0,0,0,0,0,0,0,0,0,0,0,0,0,0,0,0,0,0,0,0,0,0,0,0,0,0,0,0,0
G500_01078,219000.0,465000.0,219500.0,465500.0,219250.0,465250.0,500,center_in_cheonan,34011110,목천읍,127.21565984681,36.78567682890433,0.0,0,0,25,0,0,0,0,0,0,0,0,0,0,0,0,0,0,0,0,0,0,0,0,0,0,0,0,0,0,0,0,0,0,0,0,0,0,0,0,0,0,0,0,0,0,0,0,0,0,0,0
G500_01079,219500.0,465000.0,220000.0,465500.0,219750.0,465250.0,500,center_in_cheonan,34011110,목천읍,127.22126136384479,36.78566654167584,0.0,0,0,25,0,0,0,0,0,0,0,0,0,0,0,0,0,0,0,0,0,0,0,0,0,0,0,0,0,0,0,0,0,0,0,0,0,0,0,0,0,0,0,0,0,0,0,0,0,0,0,0
G500_01080,220000.0,465000.0,220500.0,465500.0,220250.0,465250.0,500,center_in_cheonan,34011110,목천읍,127.22686287800055,36.785655990677924,0.0,0,0,25,0,0,0,0,0,0,0,0,0,0,0,0,0,0,0,0,0,0,0,0,0,0,0,0,0,0,0,0,0,0,0,0,0,0,0,0,0,0,0,0,0,0,0,0,0,0,0,0
G500_01081,220500.0,465000.0,221000.0,465500.0,220750.0,465250.0,500,center_in_cheonan,34011110,목천읍,127.23246438920437,36.78564517591103,106.0,95,50,25,0,0,0,0,0,0,0,0,0,0,0,0,0,0,0,0,0,0,0,0,0,0,0,0,0,0,0,0,0,0,0,0,2,0,0,1,0,0,0,0,0,0,0,0,0,1,0,0
G500_01082,221000.0,465000.0,221500.0,465500.0,221250.0,465250.0,500,center_in_cheonan,34011110,목천읍,127.23806589738341,36.785634097375585,275.0,246,127,25,0,0,0,1,1,0,0,0,2,1,1,0,0,0,0,0,0,0,0,0,0,0,0,0,0,0,0,0,0,0,0,0,0,0,0,0,0,0,0,0,0,0,0,0,0,0,0,0
G500_01083,221500.0,465000.0,222000.0,465500.0,221750.0,465250.0,500,center_in_cheonan,34011110,목천읍,127.24366740246474,36.78562275507205,10.0,8,4,25,0,0,0,0,0,0,0,0,0,0,0,0,0,0,0,0,0,0,0,0,0,0,0,0,0,0,0,0,0,0,0,0,0,0,0,0,0,0,0,0,0,0,0,0,0,0,0,0
G500_01084,222000.0,465000.0,222500.0,465500.0,222250.0,465250.0,500,center_in_cheonan,34011330,북면,127.24926890437551,36.785611149000886,0.0,0,0,25,0,0,0,0,0,0,0,0,0,0,0,0,0,0,0,0,0,0,0,0,0,0,0,0,0,0,0,0,0,0,0,0,0,0,0,0,0,0,0,0,0,0,0,0,0,0,0,0
G500_01085,222500.0,465000.0,223000.0,465500.0,222750.0,465250.0,500,center_in_cheonan,34011330,북면,127.25487040304283,36.785599279162554,43.0,33,18,25,0,0,0,0,0,0,0,0,0,0,0,0,0,0,0,0,0,0,0,0,0,0,0,0,0,0,0,0,0,0,0,0,0,0,0,0,0,0,0,0,0,0,0,0,0,0,0,0
G500_01086,223000.0,465000.0,223500.0,465500.0,223250.0,465250.0,500,center_in_cheonan,34011330,북면,127.2604718983938,36.785587145557564,81.0,61,39,24,0,0,0,0,0,0,0,0,0,0,0,0,0,0,0,0,0,0,0,0,0,0,0,0,0,0,0,0,0,0,0,0,0,0,0,0,0,0,0,0,0,0,0,0,0,0,0,0
G500_01087,223500.0,465000.0,224000.0,465500.0,223750.0,465250.0,500,center_in_cheonan,34011330,북면,127.26607339035557,36.7855747481864,25.0,20,10,25,0,0,0,0,0,0,0,0,0,0,0,0,0,0,0,0,0,0,0,0,0,0,0,0,0,0,0,0,0,0,0,0,0,0,0,0,0,0,0,0,0,0,0,0,0,0,0,0
G500_01088,224000.0,465000.0,224500.0,465500.0,224250.0,465250.0,500,center_in_cheonan,34011330,북면,127.27167487885522,36.78556208704956,0.0,0,0,25,0,0,0,0,0,0,0,0,0,0,0,0,0,0,0,0,0,0,0,0,0,0,0,0,0,0,0,0,0,0,0,0,0,0,0,0,0,0,0,0,0,0,0,0,0,0,0,0
G500_01089,224500.0,465000.0,225000.0,465500.0,224750.0,465250.0,500,center_in_cheonan,34011330,북면,127.27727636381992,36.78554916214757,0.0,0,0,25,0,0,0,0,0,0,0,0,0,0,0,0,0,0,0,0,0,0,0,0,0,0,0,0,0,0,0,0,0,0,0,0,0,0,0,0,0,0,0,0,0,0,0,0,0,0,0,0
G500_01090,225000.0,465000.0,225500.0,465500.0,225250.0,465250.0,500,center_in_cheonan,34011330,북면,127.28287784517673,36.78553597348095,5.0,4,2,25,0,0,0,0,0,0,0,0,0,0,0,0,0,0,0,0,0,0,0,0,0,0,0,0,0,0,0,0,0,0,0,0,0,0,0,0,0,0,0,0,0,0,0,0,0,0,0,0
G500_01091,225500.0,465000.0,226000.0,465500.0,225750.0,465250.0,500,center_in_cheonan,34011360,병천면,127.2884793228528,36.78552252105023,0.0,0,0,25,0,0,0,0,0,0,0,0,0,0,0,0,0,0,0,0,0,0,0,0,0,0,0,0,0,0,0,0,0,0,0,0,0,0,0,0,0,0,0,0,0,0,0,0,0,0,0,0
G500_01092,226000.0,465000.0,226500.0,465500.0,226250.0,465250.0,500,center_in_cheonan,34011360,병천면,127.29408079677525,36.785508804856,0.0,0,0,25,0,0,0,0,0,0,0,0,0,0,0,0,0,0,0,0,0,0,0,0,0,0,0,0,0,0,0,0,0,0,0,0,0,0,0,0,0,0,0,0,0,0,0,0,0,0,0,0
G500_01093,226500.0,465000.0,227000.0,465500.0,226750.0,465250.0,500,center_in_cheonan,34011360,병천면,127.29968226687119,36.785494824898784,21.0,17,10,25,0,0,0,0,0,0,0,0,0,0,0,0,0,0,0,0,0,0,0,0,0,0,0,0,0,0,0,0,0,0,0,0,0,0,0,0,0,0,0,0,0,0,0,0,0,0,0,0
G500_01094,227000.0,465000.0,227500.0,465500.0,227250.0,465250.0,500,center_in_cheonan,34011360,병천면,127.30528373306775,36.78548058117916,0.0,0,0,25,0,0,0,0,0,0,0,0,0,0,0,0,0,0,0,0,0,0,0,0,0,0,0,0,0,0,0,0,0,0,0,0,0,0,0,0,0,0,0,0,0,0,0,0,0,0,0,0
G500_01095,227500.0,465000.0,228000.0,465500.0,227750.0,465250.0,500,center_in_cheonan,34011360,병천면,127.31088519529204,36.7854660736977,38.0,30,16,25,0,0,0,0,0,0,0,0,0,0,0,0,0,0,0,0,0,0,0,0,0,0,0,0,0,0,0,0,0,0,0,0,0,0,0,0,0,0,0,0,0,0,0,0,0,0,0,0
G500_01096,228000.0,465000.0,228500.0,465500.0,228250.0,465250.0,500,center_in_cheonan,34011360,병천면,127.31648665347119,36.785451302455016,52.0,40,24,25,0,0,0,0,0,0,0,0,0,0,0,0,0,0,0,0,0,0,0,0,0,0,0,0,0,0,0,0,0,0,0,0,0,0,0,0,0,0,0,0,0,0,0,0,0,0,0,0
G500_01097,228500.0,465000.0,229000.0,465500.0,228750.0,465250.0,500,center_in_cheonan,34011360,병천면,127.3220881075323,36.7854362674517,41.0,32,18,25,0,0,0,0,0,0,0,0,0,0,0,0,0,0,0,0,0,0,0,0,0,0,0,0,0,0,0,0,0,0,0,0,0,0,0,0,0,0,0,0,0,0,0,0,0,0,0,0
G500_01098,229000.0,465000.0,229500.0,465500.0,229250.0,465250.0,500,center_in_cheonan,34011360,병천면,127.32768955740252,36.78542096868837,5.0,3,2,25,0,0,0,0,0,0,0,0,0,0,0,0,0,0,0,0,0,0,0,0,0,0,0,0,0,0,0,0,0,0,0,0,0,0,0,0,0,0,0,0,0,0,0,0,0,0,0,0
G500_01099,229500.0,465000.0,230000.0,465500.0,229750.0,465250.0,500,center_in_cheonan,34011370,동면,127.33329100300897,36.785405406165644,13.0,8,5,25,0,0,0,0,0,0,0,0,0,0,0,0,0,0,0,0,0,0,0,0,0,0,0,0,0,0,0,0,0,0,0,0,0,0,0,0,0,0,0,0,0,0,0,0,0,0,0,0
G500_01100,230000.0,465000.0,230500.0,465500.0,230250.0,465250.0,500,center_in_cheonan,34011370,동면,127.33889244427873,36.78538957988416,5.0,3,2,25,0,0,0,0,0,0,0,0,0,0,0,0,0,0,0,0,0,0,0,0,0,0,0,0,0,0,0,0,0,0,0,0,0,0,0,0,0,0,0,0,0,0,0,0,0,0,0,0
G500_01101,230500.0,465000.0,231000.0,465500.0,230750.0,465250.0,500,center_in_cheonan,34011370,동면,127.34449388113896,36.785373489844574,18.0,11,7,25,0,0,0,0,0,0,0,0,0,0,0,0,0,0,0,0,0,0,0,0,0,0,0,0,0,0,0,0,0,0,0,0,0,0,0,0,0,0,0,0,0,0,0,0,0,0,0,0
G500_01102,231000.0,465000.0,231500.0,465500.0,231250.0,465250.0,500,center_in_cheonan,34011370,동면,127.35009531351677,36.78535713604754,13.0,8,5,25,0,0,0,0,0,0,0,0,0,0,0,0,0,0,0,0,0,0,0,0,0,0,0,0,0,0,0,0,0,0,0,0,0,0,0,0,0,0,0,0,0,0,0,0,0,0,0,0
G500_01103,231500.0,465000.0,232000.0,465500.0,231750.0,465250.0,500,center_in_cheonan,34011370,동면,127.3556967413393,36.785340518493705,68.0,44,26,25,0,0,0,0,0,0,0,0,0,0,0,0,0,0,0,0,0,0,0,0,0,0,0,0,0,0,0,0,0,0,0,0,0,0,0,0,0,0,0,0,0,0,0,0,0,0,0,0
G500_01104,232000.0,465000.0,232500.0,465500.0,232250.0,465250.0,500,center_in_cheonan,34011370,동면,127.36129816453366,36.78532363718377,18.0,11,7,25,0,0,0,0,0,0,0,0,0,0,0,0,0,0,0,0,0,0,0,0,0,0,0,0,0,0,0,0,0,0,0,0,0,0,0,0,0,0,0,0,0,0,0,0,0,0,0,0
G500_01105,232500.0,465000.0,233000.0,465500.0,232750.0,465250.0,500,center_in_cheonan,34011370,동면,127.36689958302699,36.785306492118416,13.0,8,5,25,0,0,0,0,0,0,0,0,0,0,0,0,0,0,0,0,0,0,0,0,0,0,0,0,0,0,0,0,0,0,0,0,0,0,0,0,0,0,0,0,0,0,0,0,0,0,0,0
G500_01106,233000.0,465000.0,233500.0,465500.0,233250.0,465250.0,500,center_in_cheonan,34011370,동면,127.37250099674638,36.785289083298345,49.0,32,19,25,0,0,0,0,0,0,0,0,0,0,0,0,0,0,0,0,0,0,0,0,0,0,0,0,0,0,0,0,0,0,0,0,0,0,0,0,0,0,0,0,0,0,0,0,0,0,0,0
G500_01107,233500.0,465000.0,234000.0,465500.0,233750.0,465250.0,500,center_in_cheonan,34011370,동면,127.37810240561898,36.78527141072426,39.0,25,15,25,0,0,0,0,0,0,0,0,0,0,0,0,0,0,0,0,0,0,0,0,0,0,0,0,0,0,0,0,0,0,0,0,0,0,0,0,0,0,0,0,0,0,0,0,0,0,0,0
G500_01108,234000.0,465000.0,234500.0,465500.0,234250.0,465250.0,500,center_in_cheonan,34011370,동면,127.38370380957187,36.7852534743969,0.0,0,0,25,0,0,0,0,0,0,0,0,0,0,0,0,0,0,0,0,0,0,0,0,0,0,0,0,0,0,0,0,0,0,0,0,0,0,0,0,0,0,0,0,0,0,0,0,0,0,0,0
G500_01109,234500.0,465000.0,235000.0,465500.0,234750.0,465250.0,500,center_in_cheonan,34011370,동면,127.38930520853226,36.78523527431699,10.0,6,4,25,0,0,0,0,0,0,0,0,0,0,0,0,0,0,0,0,0,0,0,0,0,0,0,0,0,0,0,0,0,0,0,0,0,0,0,0,0,0,0,0,0,0,0,0,0,0,0,0
G500_01110,235000.0,465000.0,235500.0,465500.0,235250.0,465250.0,500,center_in_cheonan,34011370,동면,127.39490660242721,36.78521681048526,0.0,0,0,15,0,0,0,0,0,0,0,0,0,0,0,0,0,0,0,0,0,0,0,0,0,0,0,0,0,0,0,0,0,0,0,0,0,0,0,0,0,0,0,0,0,0,0,0,0,0,0,0
G500_01111,210000.0,465500.0,210500.0,466000.0,210250.0,465750.0,500,center_in_cheonan,34012540,쌍용2동,127.11483885450673,36.79032245801563,2180.0,2045,905,25,0,0,0,6,6,1,1,0,1,1,0,0,0,0,0,0,0,0,0,2,0,0,0,0,2,0,0,0,0,0,4,4,1,0,0,0,0,0,0,0,0,0,0,0,0,1,1,1
G500_01112,210500.0,465500.0,211000.0,466000.0,210750.0,465750.0,500,center_in_cheonan,34011570,신방동,127.1204407388763,36.79031691779532,4542.0,4279,1900,25,0,0,0,0,0,0,0,0,0,0,0,0,0,0,0,0,0,0,0,1,0,0,0,0,1,0,0,0,0,0,4,4,3,0,0,0,0,0,0,1,0,0,0,0,0,2,1,1
G500_01113,211000.0,465500.0,211500.0,466000.0,211250.0,465750.0,500,center_in_cheonan,34011570,신방동,127.12604262167842,36.79031111375671,5171.0,4944,2227,25,0,0,0,8,8,1,0,1,2,1,1,0,0,0,0,0,0,0,0,1,0,0,0,0,1,0,0,0,0,0,3,3,14,0,0,0,0,0,0,7,0,0,0,4,0,3,6,6
G500_01114,211500.0,465500.0,212000.0,466000.0,211750.0,465750.0,500,center_in_cheonan,34011570,신방동,127.13164450284019,36.790305045900006,8050.0,8031,3654,25,0,0,0,1,1,1,0,1,2,1,1,0,0,0,0,0,0,0,0,3,0,0,0,0,3,0,0,0,0,0,0,0,2,0,0,0,0,0,0,0,0,0,0,1,0,1,1,1
G500_01115,212000.0,465500.0,212500.0,466000.0,212250.0,465750.0,500,center_in_cheonan,34011560,일봉동,127.13724638228868,36.790298714225464,5328.0,5877,2410,25,0,0,0,5,5,0,0,0,3,2,1,0,0,0,0,0,0,0,0,1,0,0,0,0,1,0,0,0,0,0,0,0,1,0,0,0,0,0,0,0,0,0,0,1,0,0,0,0
G500_01116,212500.0,465500.0,213000.0,466000.0,212750.0,465750.0,500,center_in_cheonan,34011560,일봉동,127.14284825995102,36.79029211873337,259.0,289,116,25,0,0,0,1,1,0,0,0,0,0,0,0,0,0,0,0,0,0,0,0,0,0,0,0,0,0,0,0,0,0,0,0,0,0,0,0,0,0,0,0,0,0,0,0,0,0,0,0
G500_01117,213000.0,465500.0,213500.0,466000.0,213250.0,465750.0,500,center_in_cheonan,34011560,일봉동,127.14845013575427,36.79028525942396,1930.0,1981,820,25,1,0,1,1,1,0,0,0,2,1,1,0,0,0,0,0,0,0,0,0,0,0,0,0,0,0,0,0,0,0,0,0,0,0,0,0,0,0,0,0,0,0,0,0,0,0,0,0
G500_01118,213500.0,465500.0,214000.0,466000.0,213750.0,465750.0,500,center_in_cheonan,34011580,청룡동,127.15405200962557,36.790278136297516,3321.0,3328,1381,25,0,0,0,4,4,0,0,0,0,0,0,0,1,0,1,0,0,0,0,2,0,0,0,0,2,0,0,0,0,0,0,0,5,0,0,0,0,0,0,1,0,0,0,2,0,2,1,1
G500_01119,214000.0,465500.0,214500.0,466000.0,214250.0,465750.0,500,center_in_cheonan,34011580,청룡동,127.15965388149198,36.79027074935437,3787.0,3798,1572,25,0,0,0,1,1,1,1,0,0,0,0,0,0,0,0,0,0,0,0,2,2,0,0,0,0,0,0,0,0,0,0,0,0,0,0,0,0,0,0,0,0,0,0,0,0,0,0,0
G500_01120,214500.0,465500.0,215000.0,466000.0,214750.0,465750.0,500,center_in_cheonan,34011580,청룡동,127.1652557512806,36.79026309859477,1373.0,1377,570,25,0,0,0,1,1,1,0,1,1,0,1,0,0,0,0,0,0,0,0,1,0,0,0,0,0,1,0,0,0,0,1,1,1,0,0,0,0,0,1,0,0,0,0,0,0,0,0,0
G500_01121,215000.0,465500.0,215500.0,466000.0,215250.0,465750.0,500,center_in_cheonan,34011580,청룡동,127.17085761891855,36.79025518401905,127.0,127,52,25,0,0,0,1,1,0,0,0,0,0,0,0,0,0,0,0,0,0,0,0,0,0,0,0,0,0,0,0,0,0,0,0,0,0,0,0,0,0,0,0,0,0,0,0,0,0,0,0
G500_01122,215500.0,465500.0,216000.0,466000.0,215750.0,465750.0,500,center_in_cheonan,34011580,청룡동,127.17645948433291,36.79024700562754,205.0,205,84,25,0,0,0,0,0,0,0,0,0,0,0,0,0,0,0,0,0,0,0,0,0,0,0,0,0,0,0,0,0,0,0,0,0,0,0,0,0,0,0,0,0,0,0,0,0,0,0,0
G500_01123,216000.0,465500.0,216500.0,466000.0,216250.0,465750.0,500,center_in_cheonan,34011580,청룡동,127.18206134745077,36.79023856342057,0.0,0,0,25,0,0,0,0,0,0,0,0,0,0,0,0,0,0,0,0,0,0,0,0,0,0,0,0,0,0,0,0,0,0,0,0,0,0,0,0,0,0,0,0,0,0,0,0,0,0,0,0
G500_01124,216500.0,465500.0,217000.0,466000.0,216750.0,465750.0,500,center_in_cheonan,34011110,목천읍,127.18766320819925,36.79022985739849,0.0,0,0,25,0,0,0,0,0,0,0,0,0,0,0,0,0,0,0,0,0,0,0,0,0,0,0,0,0,0,0,0,0,0,0,0,0,0,0,0,0,0,0,0,0,0,0,0,0,0,0,0
G500_01125,217000.0,465500.0,217500.0,466000.0,217250.0,465750.0,500,center_in_cheonan,34011110,목천읍,127.19326506650546,36.790220887561645,72.0,63,32,25,0,0,0,0,0,0,0,0,0,0,0,0,0,0,0,0,0,0,0,0,0,0,0,0,0,0,0,0,0,0,0,0,0,0,0,0,0,0,0,0,0,0,0,0,0,0,0,0
G500_01126,217500.0,465500.0,218000.0,466000.0,217750.0,465750.0,500,center_in_cheonan,34011110,목천읍,127.19886692229646,36.79021165391039,21.0,18,10,25,0,0,0,0,0,0,0,0,0,0,0,0,0,0,0,0,0,0,0,0,0,0,0,0,0,0,0,0,0,0,0,0,0,0,0,0,0,0,0,0,0,0,0,0,0,0,0,0
G500_01127,218000.0,465500.0,218500.0,466000.0,218250.0,465750.0,500,center_in_cheonan,34011110,목천읍,127.20446877549936,36.790202156445126,0.0,0,0,25,0,0,0,0,0,0,0,0,0,0,0,0,0,0,0,0,0,0,0,0,0,0,0,0,0,0,0,0,0,0,0,0,0,0,0,0,0,0,0,0,0,0,0,0,0,0,0,0
G500_01128,218500.0,465500.0,219000.0,466000.0,218750.0,465750.0,500,center_in_cheonan,34011110,목천읍,127.21007062604124,36.79019239516623,0.0,0,0,25,0,0,0,0,0,0,0,0,0,0,0,0,0,0,0,0,0,0,0,0,0,0,0,0,0,0,0,0,0,0,0,0,0,0,0,0,0,0,0,0,0,0,0,0,0,0,0,0
G500_01129,219000.0,465500.0,219500.0,466000.0,219250.0,465750.0,500,center_in_cheonan,34011110,목천읍,127.21567247384925,36.79018237007411,0.0,0,0,25,0,0,0,0,0,0,0,0,0,0,0,0,0,0,0,0,0,0,0,0,0,0,0,0,0,0,0,0,0,0,0,0,0,0,0,0,0,0,0,0,0,0,0,0,0,0,0,0
G500_01130,219500.0,465500.0,220000.0,466000.0,219750.0,465750.0,500,center_in_cheonan,34011110,목천읍,127.22127431885048,36.79017208116917,0.0,0,0,25,0,0,0,0,0,0,0,0,0,0,0,0,0,0,0,0,0,0,0,0,0,0,0,0,0,0,0,0,0,0,0,0,0,0,0,0,0,0,0,0,0,0,0,0,0,0,0,0
G500_01131,220000.0,465500.0,220500.0,466000.0,220250.0,465750.0,500,center_in_cheonan,34011110,목천읍,127.22687616097198,36.79016152845181,67.0,60,31,25,0,0,0,0,0,0,0,0,0,0,0,0,0,0,0,0,0,0,0,0,0,0,0,0,0,0,0,0,0,0,0,0,0,0,0,0,0,0,0,0,0,0,0,0,0,0,0,0
G500_01132,220500.0,465500.0,221000.0,466000.0,220750.0,465750.0,500,center_in_cheonan,34011110,목천읍,127.23247800014089,36.7901507119225,221.0,194,101,25,0,0,0,0,0,0,0,0,0,0,0,0,0,0,0,0,0,0,0,0,0,0,0,0,0,0,0,0,0,0,0,0,0,0,0,0,0,0,0,0,0,0,0,0,0,0,0,0
G500_01133,221000.0,465500.0,221500.0,466000.0,221250.0,465750.0,500,center_in_cheonan,34011110,목천읍,127.23807983628427,36.79013963158165,165.0,145,75,25,0,0,0,0,0,0,0,0,0,0,0,0,2,0,1,0,1,0,0,0,0,0,0,0,0,0,0,0,0,0,0,0,0,0,0,0,0,0,0,0,0,0,0,0,0,0,0,0
G500_01134,221500.0,465500.0,222000.0,466000.0,221750.0,465750.0,500,center_in_cheonan,34011110,목천읍,127.24368166932929,36.790128287429724,8.0,7,4,25,0,0,0,0,0,0,0,0,0,0,0,0,0,0,0,0,0,0,0,0,0,0,0,0,0,0,0,0,0,0,0,0,0,0,0,0,0,0,0,0,0,0,0,0,0,0,0,0
G500_01135,222000.0,465500.0,222500.0,466000.0,222250.0,465750.0,500,center_in_cheonan,34011330,북면,127.24928349920297,36.790116679467175,0.0,0,0,25,0,0,0,0,0,0,0,0,0,0,0,0,0,0,0,0,0,0,0,0,0,0,0,0,0,0,0,0,0,0,0,0,0,0,0,0,0,0,0,0,0,0,0,0,0,0,0,0
G500_01136,222500.0,465500.0,223000.0,466000.0,222750.0,465750.0,500,center_in_cheonan,34011330,북면,127.25488532583246,36.7901048076945,28.0,22,12,25,0,0,0,0,0,0,0,0,0,0,0,0,0,0,0,0,0,0,0,0,0,0,0,0,0,0,0,0,0,0,0,0,0,0,0,0,0,0,0,0,0,0,0,0,0,0,0,0
G500_01137,223000.0,465500.0,223500.0,466000.0,223250.0,465750.0,500,center_in_cheonan,34011330,북면,127.26048714914488,36.79009267211216,38.0,30,16,25,0,0,0,0,0,0,0,0,2,1,1,0,0,0,0,0,0,0,0,0,0,0,0,0,0,0,0,0,0,0,0,0,0,0,0,0,0,0,0,0,0,0,0,0,0,0,0,0
G500_01138,223500.0,465500.0,224000.0,466000.0,223750.0,465750.0,500,center_in_cheonan,34011330,북면,127.26608896906725,36.790080272720665,39.0,29,18,25,0,0,0,0,0,0,0,0,0,0,0,0,0,0,0,0,0,0,0,0,0,0,0,0,0,0,0,0,0,0,0,0,0,0,0,0,0,0,0,0,0,0,0,0,0,0,0,0
G500_01139,224000.0,465500.0,224500.0,466000.0,224250.0,465750.0,500,center_in_cheonan,34011330,북면,127.27169078552677,36.79006760952051,0.0,0,0,25,0,0,0,0,0,0,0,0,0,0,0,0,0,0,0,0,0,0,0,0,0,0,0,0,0,0,0,0,0,0,0,0,0,0,0,0,0,0,0,0,0,0,0,0,0,0,0,0
G500_01140,224500.0,465500.0,225000.0,466000.0,224750.0,465750.0,500,center_in_cheonan,34011330,북면,127.27729259845044,36.79005468251222,0.0,0,0,25,0,0,0,0,0,0,0,0,0,0,0,0,0,0,0,0,0,0,0,0,0,0,0,0,0,0,0,0,0,0,0,0,0,0,0,0,0,0,0,0,0,0,0,0,0,0,0,0
G500_01141,225000.0,465500.0,225500.0,466000.0,225250.0,465750.0,500,center_in_cheonan,34011360,병천면,127.28289440776547,36.790041491696336,0.0,0,0,25,0,0,0,0,0,0,0,0,0,0,0,0,0,0,0,0,0,0,0,0,0,0,0,0,0,0,0,0,0,0,0,0,0,0,0,0,0,0,0,0,0,0,0,0,0,0,0,0
G500_01142,225500.0,465500.0,226000.0,466000.0,225750.0,465750.0,500,center_in_cheonan,34011360,병천면,127.28849621339889,36.79002803707337,5.0,4,2,25,0,0,0,0,0,0,0,0,0,0,0,0,0,0,0,0,0,0,0,0,0,0,0,0,0,0,0,0,0,0,0,0,0,0,0,0,0,0,0,0,0,0,0,0,0,0,0,0
G500_01143,226000.0,465500.0,226500.0,466000.0,226250.0,465750.0,500,center_in_cheonan,34011360,병천면,127.2940980152778,36.790014318643884,10.0,8,4,25,0,0,0,0,0,0,0,0,0,0,0,0,0,0,0,0,0,0,0,0,0,0,0,0,0,0,0,0,0,0,0,0,0,0,0,0,0,0,0,0,0,0,0,0,0,0,0,0
G500_01144,226500.0,465500.0,227000.0,466000.0,226750.0,465750.0,500,center_in_cheonan,34011360,병천면,127.29969981332933,36.790000336408426,0.0,0,0,25,0,0,0,0,0,0,0,0,0,0,0,0,0,0,0,0,0,0,0,0,0,0,0,0,0,0,0,0,0,0,0,0,0,0,0,0,0,0,0,0,0,0,0,0,0,0,0,0
G500_01145,227000.0,465500.0,227500.0,466000.0,227250.0,465750.0,500,center_in_cheonan,34011360,병천면,127.30530160748059,36.78998609036759,0.0,0,0,25,0,0,0,0,0,0,0,0,0,0,0,0,0,0,0,0,0,0,0,0,0,0,0,0,0,0,0,0,0,0,0,0,0,0,0,0,0,0,0,0,0,0,0,0,0,0,0,0
G500_01146,227500.0,465500.0,228000.0,466000.0,227750.0,465750.0,500,center_in_cheonan,34011360,병천면,127.31090339765865,36.78997158052196,10.0,8,4,25,0,0,0,0,0,0,0,0,0,0,0,0,0,0,0,0,0,0,0,0,0,0,0,0,0,0,0,0,0,0,0,0,0,0,0,0,0,0,0,0,0,0,0,0,0,0,0,0
G500_01147,228000.0,465500.0,228500.0,466000.0,228250.0,465750.0,500,center_in_cheonan,34011360,병천면,127.31650518379064,36.78995680687209,20.0,16,8,25,0,0,0,0,0,0,0,0,0,0,0,0,0,0,0,0,0,0,0,0,0,0,0,0,0,0,0,0,0,0,0,0,0,0,0,0,0,0,0,0,0,0,0,0,0,0,0,0
G500_01148,228500.0,465500.0,229000.0,466000.0,228750.0,465750.0,500,center_in_cheonan,34011360,병천면,127.32210696580364,36.78994176941861,52.0,40,24,25,0,0,0,0,0,0,0,0,0,0,0,0,0,0,0,0,0,0,0,0,0,0,0,0,0,0,0,0,0,0,0,0,0,0,0,0,0,0,0,0,0,0,0,0,0,0,0,0
G500_01149,229000.0,465500.0,229500.0,466000.0,229250.0,465750.0,500,center_in_cheonan,34011370,동면,127.3277087436248,36.78992646816215,0.0,0,0,25,0,0,0,0,0,0,0,0,0,0,0,0,0,0,0,0,0,0,0,0,0,0,0,0,0,0,0,0,0,0,0,0,0,0,0,0,0,0,0,0,0,0,0,0,0,0,0,0
G500_01150,229500.0,465500.0,230000.0,466000.0,229750.0,465750.0,500,center_in_cheonan,34011370,동면,127.33331051718118,36.7899109031033,0.0,0,0,25,0,0,0,0,0,0,0,0,0,0,0,0,0,0,0,0,0,0,0,0,0,0,0,0,0,0,0,0,0,0,0,0,0,0,0,0,0,0,0,0,0,0,0,0,0,0,0,0
G500_01151,230000.0,465500.0,230500.0,466000.0,230250.0,465750.0,500,center_in_cheonan,34011370,동면,127.33891228639988,36.789895074242715,0.0,0,0,25,0,0,0,0,0,0,0,0,0,0,0,0,0,0,0,0,0,0,0,0,0,0,0,0,0,0,0,0,0,0,0,0,0,0,0,0,0,0,0,0,0,0,0,0,0,0,0,0
G500_01152,230500.0,465500.0,231000.0,466000.0,230750.0,465750.0,500,center_in_cheonan,34011370,동면,127.34451405120805,36.78987898158104,18.0,11,7,25,0,0,0,0,0,0,0,0,0,0,0,0,0,0,0,0,0,0,0,0,0,0,0,0,0,0,0,0,0,0,0,0,0,0,0,0,0,0,0,0,0,0,0,0,0,0,0,0
G500_01153,231000.0,465500.0,231500.0,466000.0,231250.0,465750.0,500,center_in_cheonan,34011370,동면,127.35011581153276,36.78986262511892,23.0,15,9,25,0,0,0,0,0,0,0,0,0,0,0,0,0,0,0,0,0,0,0,0,0,0,0,0,0,0,0,0,0,0,0,0,0,0,0,0,0,0,0,0,0,0,0,0,0,0,0,0
G500_01154,231500.0,465500.0,232000.0,466000.0,231750.0,465750.0,500,center_in_cheonan,34011370,동면,127.35571756730114,36.78984600485705,5.0,3,2,25,0,0,0,0,0,0,0,0,0,0,0,0,0,0,0,0,0,0,0,0,0,0,0,0,0,0,0,0,0,0,0,0,0,0,0,0,0,0,0,0,0,0,0,0,0,0,0,0
G500_01155,232000.0,465500.0,232500.0,466000.0,232250.0,465750.0,500,center_in_cheonan,34011370,동면,127.36131931844028,36.78982912079608,95.0,61,36,25,0,0,0,0,0,0,0,0,0,0,0,0,0,0,0,0,0,0,0,0,0,0,0,0,0,0,0,0,0,0,0,0,0,0,0,0,0,0,0,0,0,0,0,0,0,0,0,0
G500_01156,232500.0,465500.0,233000.0,466000.0,232750.0,465750.0,500,center_in_cheonan,34011370,동면,127.36692106487726,36.78981197293672,18.0,11,7,25,0,0,0,0,0,0,0,0,0,0,0,0,0,0,0,0,0,0,0,0,0,0,0,0,0,0,0,0,0,0,0,0,0,0,0,0,0,0,0,0,0,0,0,0,0,0,0,0
G500_01157,233000.0,465500.0,233500.0,466000.0,233250.0,465750.0,500,center_in_cheonan,34011370,동면,127.37252280653927,36.789794561279656,26.0,16,10,25,0,0,0,0,0,0,0,0,0,0,0,0,0,0,0,0,0,0,0,0,0,0,0,0,0,0,0,0,0,0,0,0,0,0,0,0,0,0,0,0,0,0,0,0,0,0,0,0
G500_01158,233500.0,465500.0,234000.0,466000.0,233750.0,465750.0,500,center_in_cheonan,34011370,동면,127.37812454335332,36.7897768858256,13.0,8,5,25,0,0,0,0,0,0,0,0,0,0,0,0,0,0,0,0,0,0,0,0,0,0,0,0,0,0,0,0,0,0,0,0,0,0,0,0,0,0,0,0,0,0,0,0,0,0,0,0
G500_01159,234000.0,465500.0,234500.0,466000.0,234250.0,465750.0,500,center_in_cheonan,34011370,동면,127.38372627524659,36.78975894657529,33.0,20,13,25,0,0,0,0,0,0,0,0,0,0,0,0,0,0,0,0,0,0,0,0,0,0,0,0,0,0,0,0,0,0,0,0,0,0,0,0,0,0,0,0,0,0,0,0,0,0,0,0
G500_01160,234500.0,465500.0,235000.0,466000.0,234750.0,465750.0,500,center_in_cheonan,34011370,동면,127.38932800214614,36.789740743529435,0.0,0,0,25,0,0,0,0,0,0,0,0,0,0,0,0,0,0,0,0,0,0,0,0,0,0,0,0,0,0,0,0,0,0,0,0,0,0,0,0,0,0,0,0,0,0,0,0,0,0,0,0
G500_01161,235000.0,465500.0,235500.0,466000.0,235250.0,465750.0,500,center_in_cheonan,34011370,동면,127.39492972397912,36.78972227668879,0.0,0,0,20,0,0,0,0,0,0,0,0,0,0,0,0,0,0,0,0,0,0,0,0,0,0,0,0,0,0,0,0,0,0,0,0,0,0,0,0,0,0,0,0,0,0,0,0,0,0,0,0
G500_01162,208500.0,466000.0,209000.0,466500.0,208750.0,466250.0,500,center_in_cheonan,34012620,불당1동,127.09803893361912,36.79484305878849,4768.0,4747,1978,17,0,0,0,0,0,0,0,0,2,1,1,0,0,0,0,0,0,0,0,1,1,0,0,0,0,0,0,0,0,0,0,0,0,0,0,0,0,0,0,0,0,0,0,0,0,0,0,0
G500_01163,210000.0,466000.0,210500.0,466500.0,210250.0,466250.0,500,center_in_cheonan,34012540,쌍용2동,127.11484557955073,36.79482801858916,5567.0,5221,2308,25,0,0,0,3,3,0,0,0,1,1,0,0,0,0,0,0,0,0,0,1,0,0,0,0,1,0,0,0,0,0,0,0,1,0,0,0,0,0,0,0,0,0,0,0,0,1,0,0
G500_01164,210500.0,466000.0,211000.0,466500.0,210750.0,466250.0,500,center_in_cheonan,34012540,쌍용2동,127.12044779196869,36.794822477466035,2875.0,2699,1190,25,0,0,0,5,5,0,0,0,1,1,0,0,0,0,0,0,0,0,0,1,1,0,0,0,0,0,0,1,0,1,1,1,12,1,0,0,0,0,1,6,0,0,0,2,1,1,3,3
G500_01165,211000.0,466000.0,211500.0,466500.0,211250.0,466250.0,500,center_in_cheonan,34012540,쌍용2동,127.12605000281884,36.7948166724816,3236.0,3039,1342,25,1,0,1,3,3,0,0,0,0,0,0,0,0,0,0,0,0,0,0,1,0,0,0,0,1,0,0,0,0,0,4,4,49,2,0,0,0,0,1,28,0,0,0,11,0,7,12,12
G500_01166,211500.0,466000.0,212000.0,466500.0,211750.0,466250.0,500,center_in_cheonan,34012530,쌍용1동,127.13165221202827,36.7948106036361,7508.0,7175,3402,25,0,0,0,3,3,0,0,0,0,0,0,0,0,0,0,0,0,0,0,2,0,0,0,0,2,0,0,0,0,0,1,1,9,0,0,0,0,0,0,6,0,0,0,1,0,2,7,7
G500_01167,212000.0,466000.0,212500.0,466500.0,212250.0,466250.0,500,center_in_cheonan,34011560,일봉동,127.137254419524,36.794804270929774,2075.0,2288,937,25,0,0,0,0,0,0,0,0,0,0,0,0,0,0,0,0,0,0,0,1,0,0,0,0,1,0,0,0,0,0,0,0,0,0,0,0,0,0,0,0,0,0,0,0,0,0,0,0
G500_01168,212500.0,466000.0,213000.0,466500.0,212750.0,466250.0,500,center_in_cheonan,34011560,일봉동,127.14285662523318,36.79479767436289,1724.0,1902,778,25,0,0,0,0,0,0,0,0,0,0,0,0,0,0,0,0,0,0,0,0,0,0,0,0,0,0,0,0,0,0,1,1,0,0,0,0,0,0,0,0,0,0,0,0,0,0,0,0
G500_01169,213000.0,466000.0,213500.0,466500.0,213250.0,466250.0,500,center_in_cheonan,34011560,일봉동,127.14845882908286,36.794790813935705,2075.0,2239,929,25,0,0,0,1,1,0,0,0,0,0,0,0,0,0,0,0,0,0,0,1,0,0,0,0,1,0,0,0,0,0,2,2,0,0,0,0,0,0,0,0,0,0,0,0,0,0,0,0
G500_01170,213500.0,466000.0,214000.0,466500.0,213750.0,466250.0,500,center_in_cheonan,34011580,청룡동,127.15406103100014,36.794783689648504,2207.0,2186,931,25,0,0,0,1,1,0,0,0,0,0,0,0,0,0,0,0,0,0,0,1,0,0,1,0,0,0,0,0,0,0,0,0,0,0,0,0,0,0,0,0,0,0,0,0,0,0,0,0
G500_01171,214000.0,466000.0,214500.0,466500.0,214250.0,466250.0,500,center_in_cheonan,34011580,청룡동,127.15966323091206,36.79477630150159,3017.0,3023,1256,25,0,0,0,4,4,0,0,0,2,1,1,0,0,0,0,0,0,0,0,0,0,0,0,0,0,0,0,0,0,0,1,1,12,0,0,0,0,0,1,6,0,0,1,3,0,1,6,6
G500_01172,214500.0,466000.0,215000.0,466500.0,214750.0,466250.0,500,center_in_cheonan,34011580,청룡동,127.16526542874573,36.79476864949525,2139.0,2145,889,25,0,0,0,0,0,0,0,0,0,0,0,0,0,0,0,0,0,0,0,0,0,0,0,0,0,0,0,0,0,0,1,1,0,0,0,0,0,0,0,0,0,0,0,0,0,0,0,0
G500_01173,215000.0,466000.0,215500.0,466500.0,215250.0,466250.0,500,center_in_cheonan,34011580,청룡동,127.1708676244282,36.79476073362979,52.0,52,21,25,0,0,0,0,0,0,0,0,0,0,0,0,1,0,0,0,1,0,0,0,0,0,0,0,0,0,0,0,0,0,0,0,0,0,0,0,0,0,0,0,0,0,0,0,0,0,0,0
G500_01174,215500.0,466000.0,216000.0,466500.0,215750.0,466250.0,500,center_in_cheonan,34011580,청룡동,127.1764698178866,36.79475255390556,117.0,117,48,25,0,0,0,0,0,0,0,0,0,0,0,0,0,0,0,0,0,0,0,0,0,0,0,0,0,0,0,0,0,0,0,0,0,0,0,0,0,0,0,0,0,0,0,0,0,0,0,0
G500_01175,216000.0,466000.0,216500.0,466500.0,216250.0,466250.0,500,center_in_cheonan,34011580,청룡동,127.18207200904794,36.79474411032287,0.0,0,0,25,0,0,0,0,0,0,0,0,0,0,0,0,0,0,0,0,0,0,0,0,0,0,0,0,0,0,0,0,0,0,0,0,0,0,0,0,0,0,0,0,0,0,0,0,0,0,0,0
G500_01176,216500.0,466000.0,217000.0,466500.0,216750.0,466250.0,500,center_in_cheonan,34011110,목천읍,127.18767419783937,36.794735402882075,0.0,0,0,25,0,0,0,0,0,0,0,0,0,0,0,0,0,0,0,0,0,0,0,0,0,0,0,0,0,0,0,0,0,0,0,0,0,0,0,0,0,0,0,0,0,0,0,0,0,0,0,0
G500_01177,217000.0,466000.0,217500.0,466500.0,217250.0,466250.0,500,center_in_cheonan,34011110,목천읍,127.19327638418795,36.79472643158353,67.0,58,30,25,0,0,0,0,0,0,0,0,0,0,0,0,0,0,0,0,0,0,0,0,0,0,0,0,0,0,0,0,0,0,0,0,0,0,0,0,0,0,0,0,0,0,0,0,0,0,0,0
G500_01178,217500.0,466000.0,218000.0,466500.0,217750.0,466250.0,500,center_in_cheonan,34011110,목천읍,127.19887856802075,36.794717196427605,0.0,0,0,25,0,0,0,0,0,0,0,0,0,0,0,0,0,0,0,0,0,0,0,0,0,0,0,0,0,0,0,0,0,0,0,0,0,0,0,0,0,0,0,0,0,0,0,0,0,0,0,0
G500_01179,218000.0,466000.0,218500.0,466500.0,218250.0,466250.0,500,center_in_cheonan,34011110,목천읍,127.20448074926487,36.79470769741465,0.0,0,0,25,0,0,0,0,0,0,0,0,0,0,0,0,0,0,0,0,0,0,0,0,0,0,0,0,0,0,0,0,0,0,0,0,0,0,0,0,0,0,0,0,0,0,0,0,0,0,0,0
G500_01180,218500.0,466000.0,219000.0,466500.0,218750.0,466250.0,500,center_in_cheonan,34011110,목천읍,127.21008292784735,36.7946979345451,0.0,0,0,25,0,0,0,0,0,0,0,0,0,0,0,0,0,0,0,0,0,0,0,0,0,0,0,0,0,0,0,0,0,0,0,0,0,0,0,0,0,0,0,0,0,0,0,0,0,0,0,0
G500_01181,219000.0,466000.0,219500.0,466500.0,219250.0,466250.0,500,center_in_cheonan,34011110,목천읍,127.21568510369534,36.79468790781932,0.0,0,0,25,0,0,0,0,0,0,0,0,0,0,0,0,0,0,0,0,0,0,0,0,0,0,0,0,0,0,0,0,0,0,0,0,0,0,0,0,0,0,0,0,0,0,0,0,0,0,0,0
G500_01182,219500.0,466000.0,220000.0,466500.0,219750.0,466250.0,500,center_in_cheonan,34011110,목천읍,127.22128727673584,36.794677617237724,0.0,0,0,25,0,0,0,0,0,0,0,0,0,0,0,0,0,0,0,0,0,0,0,0,0,0,0,0,0,0,0,0,0,0,0,0,0,0,0,0,0,0,0,0,0,0,0,0,0,0,0,0
G500_01183,220000.0,466000.0,220500.0,466500.0,220250.0,466250.0,500,center_in_cheonan,34011110,목천읍,127.22688944689601,36.79466706280074,113.0,100,51,25,0,0,0,0,0,0,0,0,0,0,0,0,0,0,0,0,0,0,0,0,0,0,0,0,0,0,0,0,0,0,0,0,0,0,0,0,0,0,0,0,0,0,0,0,0,0,0,0
G500_01184,220500.0,466000.0,221000.0,466500.0,220750.0,466250.0,500,center_in_cheonan,34011110,목천읍,127.23249161410287,36.79465624450879,168.0,151,78,25,0,0,0,0,0,0,0,0,0,0,0,0,0,0,0,0,0,0,0,0,0,0,0,0,0,0,0,0,0,0,0,0,0,0,0,0,0,0,0,0,0,0,0,0,0,0,0,0
G500_01185,221000.0,466000.0,221500.0,466500.0,221250.0,466250.0,500,center_in_cheonan,34011110,목천읍,127.23809377828356,36.794645162362336,5.0,4,2,25,0,0,0,0,0,0,0,0,0,0,0,0,0,0,0,0,0,0,0,0,0,0,0,0,0,0,0,0,0,0,0,0,0,0,0,0,0,0,0,0,0,0,0,0,0,0,0,0
G500_01186,221500.0,466000.0,222000.0,466500.0,221750.0,466250.0,500,center_in_cheonan,34011110,목천읍,127.24369593936513,36.7946338163618,46.0,39,20,25,0,0,0,0,0,0,0,0,0,0,0,0,0,0,0,0,0,0,0,0,0,0,0,0,0,0,0,0,0,0,0,0,0,0,0,0,0,0,0,0,0,0,0,0,0,0,0,0
G500_01187,222000.0,466000.0,222500.0,466500.0,222250.0,466250.0,500,center_in_cheonan,34011110,목천읍,127.24929809727465,36.794622206507654,8.0,7,4,25,0,0,0,0,0,0,0,0,0,0,0,0,0,0,0,0,0,0,0,0,0,0,0,0,0,0,0,0,0,0,0,0,0,0,0,0,0,0,0,0,0,0,0,0,0,0,0,0
G500_01188,222500.0,466000.0,223000.0,466500.0,222750.0,466250.0,500,center_in_cheonan,34011330,북면,127.2549002519392,36.794610332800396,0.0,0,0,24,0,0,0,0,0,0,0,0,0,0,0,0,0,0,0,0,0,0,0,0,0,0,0,0,0,0,0,0,0,0,0,0,0,0,0,0,0,0,0,0,0,0,0,0,0,0,0,0
G500_01189,223000.0,466000.0,223500.0,466500.0,223250.0,466250.0,500,center_in_cheonan,34011330,북면,127.26050240328594,36.794598195240496,44.0,33,20,25,0,0,0,0,0,0,0,0,0,0,0,0,0,0,0,0,0,0,0,0,0,0,0,0,0,0,0,0,0,0,2,2,0,0,0,0,0,0,0,0,0,0,0,0,0,0,0,0
G500_01190,223500.0,466000.0,224000.0,466500.0,223750.0,466250.0,500,center_in_cheonan,34011330,북면,127.26610455124184,36.79458579382843,109.0,83,50,25,0,0,0,0,0,0,0,0,0,0,0,0,0,0,0,0,0,0,0,0,0,0,0,0,0,0,0,0,0,0,0,0,0,0,0,0,0,0,0,0,0,0,0,0,0,0,0,0
G500_01191,224000.0,466000.0,224500.0,466500.0,224250.0,466250.0,500,center_in_cheonan,34011330,북면,127.27170669573407,36.794573128564735,0.0,0,0,25,0,0,0,0,0,0,0,0,0,0,0,0,0,0,0,0,0,0,0,0,0,0,0,0,0,0,0,0,0,0,0,0,0,0,0,0,0,0,0,0,0,0,0,0,0,0,0,0
G500_01192,224500.0,466000.0,225000.0,466500.0,224750.0,466250.0,500,center_in_cheonan,34011330,북면,127.2773088366897,36.79456019944991,0.0,0,0,25,0,0,0,0,0,0,0,0,0,0,0,0,0,0,0,0,0,0,0,0,0,0,0,0,0,0,0,0,0,0,0,0,0,0,0,0,0,0,0,0,0,0,0,0,0,0,0,0
G500_01193,225000.0,466000.0,225500.0,466500.0,225250.0,466250.0,500,center_in_cheonan,34011360,병천면,127.28291097403579,36.794547006484486,0.0,0,0,25,0,0,0,0,0,0,0,0,0,0,0,0,0,0,0,0,0,0,0,0,0,0,0,0,0,0,0,0,0,0,0,0,0,0,0,0,0,0,0,0,0,0,0,0,0,0,0,0
G500_01194,225500.0,466000.0,226000.0,466500.0,225750.0,466250.0,500,center_in_cheonan,34011360,병천면,127.28851310769946,36.794533549669005,0.0,0,0,25,0,0,0,0,0,0,0,0,0,0,0,0,0,0,0,0,0,0,0,0,0,0,0,0,0,0,0,0,0,0,0,0,0,0,0,0,0,0,0,0,0,0,0,0,0,0,0,0
G500_01195,226000.0,466000.0,226500.0,466500.0,226250.0,466250.0,500,center_in_cheonan,34011360,병천면,127.29411523760773,36.79451982900402,0.0,0,0,25,0,0,0,0,0,0,0,0,0,0,0,0,0,0,0,0,0,0,0,0,0,0,0,0,0,0,0,0,0,0,0,0,0,0,0,0,0,0,0,0,0,0,0,0,0,0,0,0
G500_01196,226500.0,466000.0,227000.0,466500.0,226750.0,466250.0,500,center_in_cheonan,34011360,병천면,127.29971736368775,36.79450584449009,5.0,4,2,25,0,0,0,0,0,0,0,0,0,0,0,0,0,0,0,0,0,0,0,0,0,0,0,0,0,0,0,0,0,0,0,0,0,0,0,0,0,0,0,0,0,0,0,0,0,0,0,0
G500_01197,227000.0,466000.0,227500.0,466500.0,227250.0,466250.0,500,center_in_cheonan,34011360,병천면,127.30531948586658,36.79449159612778,5.0,4,2,25,0,0,0,0,0,0,0,0,0,0,0,0,0,0,0,0,0,0,0,0,0,0,0,0,0,0,0,0,0,0,0,0,0,0,0,0,0,0,0,0,0,0,0,0,0,0,0,0
G500_01198,227500.0,466000.0,228000.0,466500.0,227750.0,466250.0,500,center_in_cheonan,34011360,병천면,127.31092160407132,36.794477083917656,0.0,0,0,25,0,0,0,0,0,0,0,0,0,0,0,0,0,0,0,0,0,0,0,0,0,0,0,0,0,0,0,0,0,0,0,0,0,0,0,0,0,0,0,0,0,0,0,0,0,0,0,0
G500_01199,228000.0,466000.0,228500.0,466500.0,228250.0,466250.0,500,center_in_cheonan,34011360,병천면,127.31652371822905,36.79446230786034,23.0,18,10,25,0,0,0,0,0,0,0,0,0,0,0,0,0,0,0,0,0,0,0,0,0,0,0,0,0,0,0,0,0,0,0,0,0,0,0,0,0,0,0,0,0,0,0,0,0,0,0,0
G500_01200,228500.0,466000.0,229000.0,466500.0,228750.0,466250.0,500,center_in_cheonan,34011360,병천면,127.32212582826686,36.79444726795642,10.0,8,4,25,0,0,0,0,0,0,0,0,0,0,0,0,0,0,0,0,0,0,0,0,0,0,0,0,0,0,0,0,0,0,0,0,0,0,0,0,0,0,0,0,0,0,0,0,0,0,0,0
G500_01201,229000.0,466000.0,229500.0,466500.0,229250.0,466250.0,500,center_in_cheonan,34011370,동면,127.32772793411182,36.79443196420653,0.0,0,0,25,0,0,0,0,0,0,0,0,0,0,0,0,0,0,0,0,0,0,0,0,0,0,0,0,0,0,0,0,0,0,0,0,0,0,0,0,0,0,0,0,0,0,0,0,0,0,0,0
G500_01202,229500.0,466000.0,230000.0,466500.0,229750.0,466250.0,500,center_in_cheonan,34011370,동면,127.33333003569105,36.79441639661126,0.0,0,0,25,0,0,0,0,0,0,0,0,0,0,0,0,0,0,0,0,0,0,0,0,0,0,0,0,0,0,0,0,0,0,0,0,0,0,0,0,0,0,0,0,0,0,0,0,0,0,0,0
G500_01203,230000.0,466000.0,230500.0,466500.0,230250.0,466250.0,500,center_in_cheonan,34011370,동면,127.3389321329316,36.79440056517128,43.0,26,17,25,0,0,0,0,0,0,0,0,0,0,0,0,0,0,0,0,0,0,0,0,0,0,0,0,0,0,0,0,0,0,0,0,0,0,0,0,0,0,0,0,0,0,0,0,0,0,0,0
G500_01204,230500.0,466000.0,231000.0,466500.0,230750.0,466250.0,500,center_in_cheonan,34011370,동면,127.34453422576058,36.79438446988723,16.0,10,6,25,0,0,0,0,0,0,0,0,0,0,0,0,0,0,0,0,0,0,0,0,0,0,0,0,0,0,0,0,0,0,0,0,0,0,0,0,0,0,0,0,0,0,0,0,0,0,0,0
G500_01205,231000.0,466000.0,231500.0,466500.0,231250.0,466250.0,500,center_in_cheonan,34011370,동면,127.35013631410509,36.794368110759734,0.0,0,0,25,0,0,0,0,0,0,0,0,0,0,0,0,0,0,0,0,0,0,0,0,0,0,0,0,0,0,0,0,0,0,0,0,0,0,0,0,0,0,0,0,0,0,0,0,0,0,0,0
G500_01206,231500.0,466000.0,232000.0,466500.0,231750.0,466250.0,500,center_in_cheonan,34011370,동면,127.35573839789221,36.7943514877895,5.0,3,2,25,0,0,0,0,0,0,0,0,0,0,0,0,0,0,0,0,0,0,0,0,0,0,0,0,0,0,0,0,0,0,0,0,0,0,0,0,0,0,0,0,0,0,0,0,0,0,0,0
G500_01207,232000.0,466000.0,232500.0,466500.0,232250.0,466250.0,500,center_in_cheonan,34011370,동면,127.361340477049,36.79433460097717,39.0,25,15,25,0,0,0,0,0,0,0,0,0,0,0,0,0,0,0,0,0,0,0,0,0,0,0,0,0,0,0,0,0,0,0,0,0,0,0,0,0,0,0,0,0,0,0,0,0,0,0,0
G500_01208,232500.0,466000.0,233000.0,466500.0,232750.0,466250.0,500,center_in_cheonan,34011370,동면,127.36694255150259,36.79431745032348,26.0,16,10,25,0,0,0,0,0,0,0,0,0,0,0,0,0,0,0,0,0,0,0,0,0,0,0,0,0,0,0,0,0,0,0,0,0,0,0,0,0,0,0,0,0,0,0,0,0,0,0,0
G500_01209,233000.0,466000.0,233500.0,466500.0,233250.0,466250.0,500,center_in_cheonan,34011370,동면,127.37254462118007,36.79430003582909,18.0,11,7,25,0,0,0,0,0,0,0,0,0,0,0,0,0,0,0,0,0,0,0,0,0,0,0,0,0,0,0,0,0,0,0,0,0,0,0,0,0,0,0,0,0,0,0,0,0,0,0,0
G500_01210,233500.0,466000.0,234000.0,466500.0,233750.0,466250.0,500,center_in_cheonan,34011370,동면,127.37814668600848,36.794282357494744,49.0,32,19,25,0,0,0,0,0,0,0,0,0,0,0,0,0,0,0,0,0,0,0,0,0,0,0,0,0,0,0,0,0,0,0,0,0,0,0,0,0,0,0,0,0,0,0,0,0,0,0,0
G500_01211,234000.0,466000.0,234500.0,466500.0,234250.0,466250.0,500,center_in_cheonan,34011370,동면,127.38374874591499,36.79426441532113,15.0,9,6,25,0,0,0,0,0,0,0,0,0,0,0,0,0,0,0,0,0,0,0,0,0,0,0,0,0,0,0,0,0,0,0,0,0,0,0,0,0,0,0,0,0,0,0,0,0,0,0,0
G500_01212,234500.0,466000.0,235000.0,466500.0,234750.0,466250.0,500,center_in_cheonan,34011370,동면,127.3893508008266,36.79424620930901,15.0,9,6,25,0,0,0,0,0,0,0,0,0,0,0,0,0,0,0,0,0,0,0,0,0,0,0,0,0,0,0,0,0,0,0,0,0,0,0,0,0,0,0,0,0,0,0,0,0,0,0,0
G500_01213,235000.0,466000.0,235500.0,466500.0,235250.0,466250.0,500,center_in_cheonan,34011370,동면,127.39495285067049,36.7942277394591,0.0,0,0,25,0,0,0,0,0,0,0,0,0,0,0,0,0,0,0,0,0,0,0,0,0,0,0,0,0,0,0,0,0,0,0,0,0,0,0,0,0,0,0,0,0,0,0,0,0,0,0,0
G500_01214,208500.0,466500.0,209000.0,467000.0,208750.0,466750.0,500,center_in_cheonan,34012620,불당1동,127.09804467579205,36.79934861839072,4358.0,4337,1808,22,0,0,0,1,1,0,0,0,0,0,0,0,0,0,0,0,0,0,0,1,1,0,0,0,0,0,0,0,0,0,0,0,2,0,0,0,0,0,0,1,0,0,0,1,0,0,1,1
G500_01215,209000.0,466500.0,209500.0,467000.0,209250.0,466750.0,500,center_in_cheonan,34012620,불당1동,127.10364722059823,36.79934386807889,1463.0,1457,607,15,3,0,3,1,1,0,0,0,0,0,0,0,1,0,0,0,0,0,1,1,1,0,0,0,0,0,0,0,0,0,0,0,2,0,0,0,0,0,0,2,0,0,0,0,0,0,1,1
G500_01216,209500.0,466500.0,210000.0,467000.0,209750.0,466750.0,500,center_in_cheonan,34012620,불당1동,127.10924976405508,36.79933885386212,1350.0,1345,559,23,0,0,0,2,2,1,0,1,0,0,0,0,0,0,0,0,0,0,0,1,0,0,0,0,1,0,0,0,0,0,0,0,0,0,0,0,0,0,0,0,0,0,0,0,0,0,0,0
G500_01217,210000.0,466500.0,210500.0,467000.0,210250.0,466750.0,500,center_in_cheonan,34012540,쌍용2동,127.11485230608959,36.7993335757406,5899.0,5581,2447,25,3,0,3,2,2,0,0,0,1,0,1,0,1,0,1,0,0,0,0,0,0,0,0,0,0,0,0,0,0,0,2,2,0,0,0,0,0,0,0,0,0,0,0,0,0,0,0,0
G500_01218,210500.0,466500.0,211000.0,467000.0,210750.0,466750.0,500,center_in_cheonan,34012540,쌍용2동,127.12045484662889,36.79932803371455,3848.0,3619,1608,25,0,0,0,5,5,0,0,0,2,1,0,1,0,0,0,0,0,0,0,3,0,0,0,0,3,0,0,0,0,0,2,2,20,0,0,0,0,0,0,11,0,0,0,7,0,2,7,7
G500_01219,211000.0,466500.0,211500.0,467000.0,211250.0,466750.0,500,center_in_cheonan,34012540,쌍용2동,127.12605738559998,36.79932222778421,5724.0,5387,2503,25,0,0,0,0,0,0,0,0,0,0,0,0,0,0,0,0,0,0,0,1,0,0,0,0,1,0,0,0,0,0,4,4,10,1,0,0,0,0,0,3,0,0,1,1,1,3,4,4
G500_01220,211500.0,466500.0,212000.0,467000.0,211750.0,466750.0,500,center_in_cheonan,34012530,쌍용1동,127.13165992292997,36.79931615794978,2340.0,2191,1133,25,0,0,0,7,7,0,0,0,3,2,1,0,0,0,0,0,0,0,0,0,0,0,0,0,0,0,0,0,0,0,3,3,12,1,0,0,0,0,0,7,0,1,0,1,0,2,7,7
G500_01221,212000.0,466500.0,212500.0,467000.0,212250.0,466750.0,500,center_in_cheonan,34011560,일봉동,127.13726245854593,36.79930982421155,3068.0,3355,1398,25,0,0,0,4,4,0,0,0,3,2,1,0,1,0,1,0,0,0,0,2,0,0,0,0,2,0,0,1,0,1,1,1,0,0,0,0,0,0,0,0,0,0,0,0,0,0,0,0
G500_01222,212500.0,466500.0,213000.0,467000.0,212750.0,466750.0,500,center_in_cheonan,34011560,일봉동,127.14286499237487,36.79930322656975,2502.0,2757,1133,25,0,0,0,0,0,0,0,0,0,0,0,0,0,0,0,0,0,0,0,1,0,0,0,0,1,0,0,0,0,0,2,2,0,0,0,0,0,0,0,0,0,0,0,0,0,0,0,0
G500_01223,213000.0,466500.0,213500.0,467000.0,213250.0,466750.0,500,center_in_cheonan,34011510,중앙동,127.14846752434387,36.79929636502467,1329.0,1089,670,25,1,1,0,1,1,0,0,0,0,0,0,0,0,0,0,0,0,0,0,1,1,0,0,0,0,0,0,0,0,0,2,2,15,0,0,0,0,0,1,4,0,0,0,4,0,6,6,6
G500_01224,213500.0,466500.0,214000.0,467000.0,213750.0,466750.0,500,center_in_cheonan,34011540,원성2동,127.15407005438004,36.79928923957657,3706.0,3522,1765,25,0,0,0,2,2,0,0,0,0,0,0,0,0,0,0,0,0,0,0,0,0,0,0,0,0,0,0,1,0,1,4,4,5,0,0,0,0,0,0,2,0,0,0,1,0,2,2,2
G500_01225,214000.0,466500.0,214500.0,467000.0,214250.0,466750.0,500,center_in_cheonan,34011540,원성2동,127.15967258241038,36.79928185022576,2674.0,2629,1349,25,0,0,0,5,5,0,0,0,0,0,0,0,1,0,1,0,0,0,0,1,0,0,0,0,1,0,0,1,0,1,2,2,3,0,0,0,0,0,1,0,0,0,0,0,0,2,1,1
G500_01226,214500.0,466500.0,215000.0,467000.0,214750.0,466750.0,500,center_in_cheonan,34011580,청룡동,127.16527510836201,36.799274196972526,1026.0,1013,497,25,0,0,0,1,1,0,0,0,0,0,0,0,0,0,0,0,0,0,0,0,0,0,0,0,0,0,0,0,0,0,0,0,0,0,0,0,0,0,0,0,0,0,0,0,0,0,0,0
G500_01227,215000.0,466500.0,215500.0,467000.0,215250.0,466750.0,500,center_in_cheonan,34011580,청룡동,127.17087763216195,36.79926627981718,23.0,23,9,25,0,0,0,0,0,0,0,0,0,0,0,0,0,0,0,0,0,0,0,0,0,0,0,0,0,0,0,0,0,0,0,0,0,0,0,0,0,0,0,0,0,0,0,0,0,0,0,0
G500_01228,215500.0,466500.0,216000.0,467000.0,215750.0,466750.0,500,center_in_cheonan,34011580,청룡동,127.17648015373727,36.79925809876006,302.0,303,126,25,0,0,0,0,0,0,0,0,0,0,0,0,0,0,0,0,0,0,0,0,0,0,0,0,0,0,0,0,0,0,1,1,1,0,0,0,0,0,1,0,0,0,0,0,0,0,0,0
G500_01229,216000.0,466500.0,216500.0,467000.0,216250.0,466750.0,500,center_in_cheonan,34011580,청룡동,127.18208267301506,36.7992496538015,0.0,0,0,25,0,0,0,0,0,0,0,0,0,0,0,0,0,0,0,0,0,0,0,0,0,0,0,0,0,0,0,0,0,0,0,0,0,0,0,0,0,0,0,0,0,0,0,0,0,0,0,0
G500_01230,216500.0,466500.0,217000.0,467000.0,216750.0,466750.0,500,center_in_cheonan,34011110,목천읍,127.18768518992235,36.79924094494184,0.0,0,0,25,0,0,0,0,0,0,0,0,0,0,0,0,0,0,0,0,0,0,0,0,0,0,0,0,0,0,0,0,0,0,0,0,0,0,0,0,0,0,0,0,0,0,0,0,0,0,0,0
G500_01231,217000.0,466500.0,217500.0,467000.0,217250.0,466750.0,500,center_in_cheonan,34011110,목천읍,127.19328770438622,36.79923197218143,67.0,57,30,25,0,0,0,0,0,0,0,0,0,0,0,0,0,0,0,0,0,0,0,0,0,0,0,0,0,0,0,0,0,0,0,0,0,0,0,0,0,0,0,0,0,0,0,0,0,0,0,0
G500_01232,217500.0,466500.0,218000.0,467000.0,217750.0,466750.0,500,center_in_cheonan,34011110,목천읍,127.19889021633377,36.79922273552064,28.0,24,12,25,0,0,0,0,0,0,0,0,0,0,0,0,0,0,0,0,0,0,0,0,0,0,0,0,0,0,0,0,0,0,0,0,0,0,0,0,0,0,0,0,0,0,0,0,0,0,0,0
G500_01233,218000.0,466500.0,218500.0,467000.0,218250.0,466750.0,500,center_in_cheonan,34011110,목천읍,127.204492725692,36.799213234959836,0.0,0,0,25,0,0,0,0,0,0,0,0,0,0,0,0,0,0,0,0,0,0,0,0,0,0,0,0,0,0,0,0,0,0,0,0,0,0,0,0,0,0,0,0,0,0,0,0,0,0,0,0
G500_01234,218500.0,466500.0,219000.0,467000.0,218750.0,466750.0,500,center_in_cheonan,34011110,목천읍,127.21009523238799,36.79920347049943,0.0,0,0,25,0,0,0,0,0,0,0,0,0,0,0,0,0,0,0,0,0,0,0,0,0,0,0,0,0,0,0,0,0,0,0,0,0,0,0,0,0,0,0,0,0,0,0,0,0,0,0,0
G500_01235,219000.0,466500.0,219500.0,467000.0,219250.0,466750.0,500,center_in_cheonan,34011110,목천읍,127.21569773634884,36.7991934421398,0.0,0,0,25,0,0,0,0,0,0,0,0,0,0,0,0,0,0,0,0,0,0,0,0,0,0,0,0,0,0,0,0,0,0,0,0,0,0,0,0,0,0,0,0,0,0,0,0,0,0,0,0
G500_01236,219500.0,466500.0,220000.0,467000.0,219750.0,466750.0,500,center_in_cheonan,34011110,목천읍,127.22130023750161,36.79918314988137,0.0,0,0,25,0,0,0,0,0,0,0,0,0,0,0,0,0,0,0,0,0,0,0,0,0,0,0,0,0,0,0,0,0,0,0,0,0,0,0,0,0,0,0,0,0,0,0,0,0,0,0,0
G500_01237,220000.0,466500.0,220500.0,467000.0,220250.0,466750.0,500,center_in_cheonan,34011110,목천읍,127.22690273577332,36.79917259372455,47.0,41,22,25,0,0,0,0,0,0,0,0,0,0,0,0,0,0,0,0,0,0,0,0,0,0,0,0,0,0,0,0,0,0,0,0,0,0,0,0,0,0,0,0,0,0,0,0,0,0,0,0
G500_01238,220500.0,466500.0,221000.0,467000.0,220750.0,466750.0,500,center_in_cheonan,34011110,목천읍,127.2325052310911,36.79916177366978,49.0,41,22,25,0,0,0,0,0,0,0,0,0,0,0,0,0,0,0,0,0,0,0,0,0,0,0,0,0,0,0,0,0,0,0,0,0,0,0,0,0,0,0,0,0,0,0,0,0,0,0,0
G500_01239,221000.0,466500.0,221500.0,467000.0,221250.0,466750.0,500,center_in_cheonan,34011110,목천읍,127.23810772338194,36.799150689717486,18.0,15,8,25,0,0,0,0,0,0,0,0,0,0,0,0,0,0,0,0,0,0,0,0,0,0,0,0,0,0,0,0,0,0,0,0,0,0,0,0,0,0,0,0,0,0,0,0,0,0,0,0
G500_01240,221500.0,466500.0,222000.0,467000.0,221750.0,466750.0,500,center_in_cheonan,34011110,목천읍,127.24371021257299,36.79913934186814,5.0,4,2,25,0,0,0,0,0,0,0,0,0,0,0,0,0,0,0,0,0,0,0,0,0,0,0,0,0,0,0,0,0,0,0,0,0,0,0,0,0,0,0,0,0,0,0,0,0,0,0,0
G500_01241,222000.0,466500.0,222500.0,467000.0,222250.0,466750.0,500,center_in_cheonan,34011110,목천읍,127.24931269859125,36.79912773012219,0.0,0,0,25,0,0,0,0,0,0,0,0,0,0,0,0,0,0,0,0,0,0,0,0,0,0,0,0,0,0,0,0,0,0,0,0,0,0,0,0,0,0,0,0,0,0,0,0,0,0,0,0
G500_01242,222500.0,466500.0,223000.0,467000.0,222750.0,466750.0,500,center_in_cheonan,34011330,북면,127.25491518136383,36.79911585448012,0.0,0,0,25,0,0,0,0,0,0,0,0,0,0,0,0,0,0,0,0,0,0,0,0,0,0,0,0,0,0,0,0,0,0,0,0,0,0,0,0,0,0,0,0,0,0,0,0,0,0,0,0
G500_01243,223000.0,466500.0,223500.0,467000.0,223250.0,466750.0,500,center_in_cheonan,34011330,북면,127.26051766081777,36.799103714942405,52.0,40,24,25,0,0,0,0,0,0,0,0,0,0,0,0,0,0,0,0,0,0,0,0,0,0,0,0,0,0,0,0,0,0,0,0,0,0,0,0,0,0,0,0,0,0,0,0,0,0,0,0
G500_01244,223500.0,466500.0,224000.0,467000.0,223750.0,466750.0,500,center_in_cheonan,34011330,북면,127.26612013688013,36.79909131150956,92.0,70,43,25,0,0,0,0,0,0,0,0,0,0,0,0,0,0,0,0,0,0,0,0,0,0,0,0,0,0,0,0,0,0,0,0,0,0,0,0,0,0,0,0,0,0,0,0,0,0,0,0
G500_01245,224000.0,466500.0,224500.0,467000.0,224250.0,466750.0,500,center_in_cheonan,34011330,북면,127.27172260947803,36.799078644182075,0.0,0,0,25,0,0,0,0,0,0,0,0,0,0,0,0,0,0,0,0,0,0,0,0,0,0,0,0,0,0,0,0,0,0,0,0,0,0,0,0,0,0,0,0,0,0,0,0,0,0,0,0
G500_01246,224500.0,466500.0,225000.0,467000.0,224750.0,466750.0,500,center_in_cheonan,34011330,북면,127.27732507853845,36.79906571296047,0.0,0,0,25,0,0,0,0,0,0,0,0,0,0,0,0,0,0,0,0,0,0,0,0,0,0,0,0,0,0,0,0,0,0,0,0,0,0,0,0,0,0,0,0,0,0,0,0,0,0,0,0
G500_01247,225000.0,466500.0,225500.0,467000.0,225250.0,466750.0,500,center_in_cheonan,34011330,북면,127.28292754398855,36.79905251784528,0.0,0,0,25,0,0,0,0,0,0,0,0,0,0,0,0,0,0,0,0,0,0,0,0,0,0,0,0,0,0,0,0,0,0,0,0,0,0,0,0,0,0,0,0,0,0,0,0,0,0,0,0
G500_01248,225500.0,466500.0,226000.0,467000.0,225750.0,466750.0,500,center_in_cheonan,34011360,병천면,127.28853000575536,36.79903905883703,5.0,4,2,25,0,0,0,0,0,0,0,0,0,0,0,0,0,0,0,0,0,0,0,0,0,0,0,0,0,0,0,0,0,0,0,0,0,0,0,0,0,0,0,0,0,0,0,0,0,0,0,0
G500_01249,226000.0,466500.0,226500.0,467000.0,226250.0,466750.0,500,center_in_cheonan,34011360,병천면,127.29413246376593,36.799025335936285,0.0,0,0,25,0,0,0,0,0,0,0,0,0,0,0,0,0,0,0,0,0,0,0,0,0,0,0,0,0,0,0,0,0,0,0,0,0,0,0,0,0,0,0,0,0,0,0,0,0,0,0,0
G500_01250,226500.0,466500.0,227000.0,467000.0,226750.0,466750.0,500,center_in_cheonan,34011360,병천면,127.29973491794735,36.7990113491436,0.0,0,0,25,0,0,0,0,0,0,0,0,0,0,0,0,0,0,0,0,0,0,0,0,0,0,0,0,0,0,0,0,0,0,0,0,0,0,0,0,0,0,0,0,0,0,0,0,0,0,0,0
G500_01251,227000.0,466500.0,227500.0,467000.0,227250.0,466750.0,500,center_in_cheonan,34011360,병천면,127.30533736822672,36.79899709845953,0.0,0,0,25,0,0,0,0,0,0,0,0,0,0,0,0,0,0,0,0,0,0,0,0,0,0,0,0,0,0,0,0,0,0,0,0,0,0,0,0,0,0,0,0,0,0,0,0,0,0,0,0
G500_01252,227500.0,466500.0,228000.0,467000.0,227750.0,466750.0,500,center_in_cheonan,34011360,병천면,127.31093981453101,36.79898258388469,0.0,0,0,25,0,0,0,0,0,0,0,0,0,0,0,0,0,0,0,0,0,0,0,0,0,0,0,0,0,0,0,0,0,0,0,0,0,0,0,0,0,0,0,0,0,0,0,0,0,0,0,0
G500_01253,228000.0,466500.0,228500.0,467000.0,228250.0,466750.0,500,center_in_cheonan,34011360,병천면,127.31654225678741,36.798967805419636,54.0,42,25,25,0,0,0,0,0,0,0,0,0,0,0,0,0,0,0,0,0,0,0,0,0,0,0,0,0,0,0,0,0,0,0,0,0,0,0,0,0,0,0,0,0,0,0,0,0,0,0,0
G500_01254,228500.0,466500.0,229000.0,467000.0,228750.0,466750.0,500,center_in_cheonan,34011360,병천면,127.3221446949229,36.798952763065,0.0,0,0,25,0,0,0,0,0,0,0,0,0,0,0,0,0,0,0,0,0,0,0,0,0,0,0,0,0,0,0,0,0,0,0,0,0,0,0,0,0,0,0,0,0,0,0,0,0,0,0,0
G500_01255,229000.0,466500.0,229500.0,467000.0,229250.0,466750.0,500,center_in_cheonan,34011360,병천면,127.32774712886462,36.798937456821385,0.0,0,0,25,0,0,0,0,0,0,0,0,0,0,0,0,0,0,0,0,0,0,0,0,0,0,0,0,0,0,0,0,0,0,0,0,0,0,0,0,0,0,0,0,0,0,0,0,0,0,0,0
G500_01256,229500.0,466500.0,230000.0,467000.0,229750.0,466750.0,500,center_in_cheonan,34011360,병천면,127.33334955853958,36.79892188668942,0.0,0,0,25,0,0,0,0,0,0,0,0,0,0,0,0,0,0,0,0,0,0,0,0,0,0,0,0,0,0,0,0,0,0,0,0,0,0,0,0,0,0,0,0,0,0,0,0,0,0,0,0
G500_01257,230000.0,466500.0,230500.0,467000.0,230250.0,466750.0,500,center_in_cheonan,34011370,동면,127.33895198387489,36.798906052669736,25.0,15,10,25,0,0,0,0,0,0,0,0,0,0,0,0,0,0,0,0,0,0,0,0,0,0,0,0,0,0,0,0,0,0,0,0,0,0,0,0,0,0,0,0,0,0,0,0,0,0,0,0
G500_01258,230500.0,466500.0,231000.0,467000.0,230750.0,466750.0,500,center_in_cheonan,34011370,동면,127.3445544047976,36.79888995476298,0.0,0,0,25,0,0,0,0,0,0,0,0,0,0,0,0,0,0,0,0,0,0,0,0,0,0,0,0,0,0,0,0,0,0,0,0,0,0,0,0,0,0,0,0,0,0,0,0,0,0,0,0
G500_01259,231000.0,466500.0,231500.0,467000.0,231250.0,466750.0,500,center_in_cheonan,34011370,동면,127.35015682123482,36.79887359296982,10.0,6,4,25,0,0,0,0,0,0,0,0,0,0,0,0,0,0,0,0,0,0,0,0,0,0,0,0,0,0,0,0,0,0,0,0,0,0,0,0,0,0,0,0,0,0,0,0,0,0,0,0
G500_01260,231500.0,466500.0,232000.0,467000.0,231750.0,466750.0,500,center_in_cheonan,34011370,동면,127.35575923311356,36.798856967290895,5.0,3,2,25,0,0,0,0,0,0,0,0,0,0,0,0,0,0,0,0,0,0,0,0,0,0,0,0,0,0,0,0,0,0,0,0,0,0,0,0,0,0,0,0,0,0,0,0,0,0,0,0
G500_01261,232000.0,466500.0,232500.0,467000.0,232250.0,466750.0,500,center_in_cheonan,34011370,동면,127.36136164036095,36.798840077726915,21.0,13,8,25,0,0,0,0,0,0,0,0,0,0,0,0,0,0,0,0,0,0,0,0,0,0,0,0,0,0,0,0,0,0,0,0,0,0,0,0,0,0,0,0,0,0,0,0,0,0,0,0
G500_01262,232500.0,466500.0,233000.0,467000.0,232750.0,466750.0,500,center_in_cheonan,34011370,동면,127.36696404290403,36.79882292427857,0.0,0,0,25,0,0,0,0,0,0,0,0,0,0,0,0,0,0,0,0,0,0,0,0,0,0,0,0,0,0,0,0,0,0,0,0,0,0,0,0,0,0,0,0,0,0,0,0,0,0,0,0
G500_01263,233000.0,466500.0,233500.0,467000.0,233250.0,466750.0,500,center_in_cheonan,34011370,동면,127.37256644066989,36.79880550694653,5.0,3,2,25,0,0,0,0,0,0,0,0,0,0,0,0,0,0,0,0,0,0,0,0,0,0,0,0,0,0,0,0,0,0,0,0,0,0,0,0,0,0,0,0,0,0,0,0,0,0,0,0
G500_01264,233500.0,466500.0,234000.0,467000.0,233750.0,466750.0,500,center_in_cheonan,34011370,동면,127.37816883358559,36.798787825731544,15.0,9,6,25,0,0,0,0,0,0,0,0,0,0,0,0,0,0,0,0,0,0,0,0,0,0,0,0,0,0,0,0,0,0,0,0,0,0,0,0,0,0,0,0,0,0,0,0,0,0,0,0
G500_01265,234000.0,466500.0,234500.0,467000.0,234250.0,466750.0,500,center_in_cheonan,34011370,동면,127.38377122157821,36.7987698806343,28.0,18,11,25,0,0,0,0,0,0,0,0,0,0,0,0,0,0,0,0,0,0,0,0,0,0,0,0,0,0,0,0,0,0,0,0,0,0,0,0,0,0,0,0,0,0,0,0,0,0,0,0
G500_01266,234500.0,466500.0,235000.0,467000.0,234750.0,466750.0,500,center_in_cheonan,34011370,동면,127.38937360457486,36.798751671655545,31.0,20,12,25,0,0,0,0,0,0,0,0,0,0,0,0,0,0,0,0,0,0,0,0,0,0,0,0,0,0,0,0,0,0,0,0,0,0,0,0,0,0,0,0,0,0,0,0,0,0,0,0
G500_01267,235000.0,466500.0,235500.0,467000.0,235250.0,466750.0,500,center_in_cheonan,34011370,동면,127.39497598250254,36.798733198796036,0.0,0,0,24,0,0,0,0,0,0,0,0,0,0,0,0,0,0,0,0,0,0,0,0,0,0,0,0,0,0,0,0,0,0,0,0,0,0,0,0,0,0,0,0,0,0,0,0,0,0,0,0
G500_01268,235500.0,466500.0,236000.0,467000.0,235750.0,466750.0,500,center_in_cheonan,34011370,동면,127.4005783552884,36.7987144620565,0.0,0,0,9,0,0,0,0,0,0,0,0,0,0,0,0,0,0,0,0,0,0,0,0,0,0,0,0,0,0,0,0,0,0,0,0,0,0,0,0,0,0,0,0,0,0,0,0,0,0,0,0
G500_01269,208500.0,467000.0,209000.0,467500.0,208750.0,467250.0,500,center_in_cheonan,34012630,불당2동,127.09805041924139,36.80385417457098,0.0,0,0,20,0,0,0,0,0,0,0,0,0,0,0,0,0,0,0,0,0,0,0,0,0,0,0,0,0,0,0,0,0,0,0,0,0,0,0,0,0,0,0,0,0,0,0,0,0,0,0,0
G500_01270,209000.0,467000.0,209500.0,467500.0,209250.0,467250.0,500,center_in_cheonan,34012630,불당2동,127.10365329224283,36.803849423485126,3860.0,4007,1556,25,0,0,0,2,2,0,0,0,1,1,0,0,0,0,0,0,0,0,0,1,1,0,0,0,0,0,0,0,0,0,1,1,1,0,0,0,0,0,0,0,0,0,0,1,0,0,1,1
G500_01271,209500.0,467000.0,210000.0,467500.0,209750.0,467250.0,500,center_in_cheonan,34012620,불당1동,127.10925616389459,36.803844408451326,3245.0,3229,1346,25,0,0,0,8,8,1,0,1,1,0,1,0,0,0,0,0,0,0,0,1,1,0,0,0,0,0,0,0,0,0,5,5,0,0,0,0,0,0,0,0,0,0,0,0,0,0,0,0
G500_01272,210000.0,467000.0,210500.0,467500.0,210250.0,467250.0,500,center_in_cheonan,34012620,불당1동,127.11485903412373,36.80383912946978,6375.0,6338,2704,25,0,0,0,1,1,1,1,0,1,0,1,0,0,0,0,0,0,0,0,0,0,0,0,0,0,0,0,1,0,1,0,0,3,0,0,0,0,0,0,0,0,0,0,2,0,1,0,0
G500_01273,210500.0,467000.0,211000.0,467500.0,210750.0,467250.0,500,center_in_cheonan,34012550,쌍용3동,127.12046190285726,36.803833586540705,6810.0,6718,3235,25,0,0,0,5,5,1,0,1,4,2,2,0,0,0,0,0,0,0,0,3,0,0,0,0,3,0,0,1,0,1,1,1,7,0,0,0,0,0,0,1,0,0,0,2,0,4,2,2
G500_01274,211000.0,467000.0,211500.0,467500.0,211250.0,467250.0,500,center_in_cheonan,34012550,쌍용3동,127.12606477002225,36.803827779664324,4317.0,4081,2005,25,0,0,0,4,4,0,0,0,1,1,0,0,0,0,0,0,0,0,0,3,0,0,0,0,3,0,0,0,0,0,10,10,1,0,0,0,0,0,0,0,0,0,0,0,0,1,0,0
G500_01275,211500.0,467000.0,212000.0,467500.0,211750.0,467250.0,500,center_in_cheonan,34012530,쌍용1동,127.13166763554574,36.80382170884087,3539.0,3344,1732,25,0,0,0,8,8,2,1,1,0,0,0,0,0,0,0,0,0,0,0,3,0,0,0,0,3,0,0,1,0,1,2,2,3,0,0,0,0,0,0,1,0,0,0,2,0,0,1,1
G500_01276,212000.0,467000.0,212500.0,467500.0,212250.0,467250.0,500,center_in_cheonan,34011550,봉명동,127.13727049935481,36.8038153740706,2235.0,2300,1213,25,0,0,0,9,9,0,0,0,2,1,1,0,0,0,0,0,0,0,0,0,0,0,0,0,0,0,0,1,0,1,4,4,2,0,0,0,0,0,0,1,0,1,0,0,0,0,24,24
G500_01277,212500.0,467000.0,213000.0,467500.0,212750.0,467250.0,500,center_in_cheonan,34011550,봉명동,127.14287336137647,36.80380877535378,2307.0,2428,1164,25,0,0,0,2,2,0,0,0,0,0,0,0,0,0,0,0,0,0,0,0,0,0,0,0,0,0,0,0,0,0,9,9,0,0,0,0,0,0,0,0,0,0,0,0,0,0,0,0
G500_01278,213000.0,467000.0,213500.0,467500.0,213250.0,467250.0,500,center_in_cheonan,34011510,중앙동,127.14847622153775,36.803801912690666,1491.0,1210,756,25,0,0,0,2,2,0,0,0,1,1,0,0,1,0,1,0,0,0,0,0,0,0,0,0,0,0,0,0,0,0,2,2,3,0,0,0,0,0,0,0,0,0,0,1,0,2,1,1
G500_01279,213500.0,467000.0,214000.0,467500.0,213750.0,467250.0,500,center_in_cheonan,34011540,원성2동,127.15407907976574,36.80379478608154,2052.0,1881,1095,25,0,0,0,6,6,0,0,0,2,1,1,0,0,0,0,0,0,0,0,0,0,0,0,0,0,0,0,0,0,0,2,2,5,0,0,0,0,0,0,2,0,0,0,0,0,3,2,2
G500_01280,214000.0,467000.0,214500.0,467500.0,214250.0,467250.0,500,center_in_cheonan,34011540,원성2동,127.15968193598746,36.803787395526705,3090.0,3010,1692,25,1,0,1,2,2,1,0,1,0,0,0,0,0,0,0,0,0,0,0,1,0,0,0,0,1,0,0,0,0,0,3,3,5,0,0,0,0,0,0,2,0,0,0,2,0,1,1,1
G500_01281,214500.0,467000.0,215000.0,467500.0,214750.0,467250.0,500,center_in_cheonan,34011580,청룡동,127.16528479012996,36.803779741026425,959.0,938,505,25,0,0,0,0,0,0,0,0,0,0,0,0,0,0,0,0,0,0,0,0,0,0,0,0,0,0,0,0,0,0,0,0,0,0,0,0,0,0,0,0,0,0,0,0,0,0,0,0
G500_01282,215000.0,467000.0,215500.0,467500.0,215250.0,467250.0,500,center_in_cheonan,34011580,청룡동,127.1708876421203,36.803771822581055,34.0,34,14,25,0,0,0,0,0,0,0,0,0,0,0,0,0,0,0,0,0,0,0,0,0,0,0,0,0,0,0,0,0,0,0,0,0,0,0,0,0,0,0,0,0,0,0,0,0,0,0,0
G500_01283,215500.0,467000.0,216000.0,467500.0,215750.0,467250.0,500,center_in_cheonan,34011580,청룡동,127.17649049188552,36.8037636401909,0.0,0,0,25,0,0,0,0,0,0,0,0,0,0,0,0,0,0,0,0,0,0,0,0,0,0,0,0,0,0,0,0,0,0,0,0,0,0,0,0,0,0,0,0,0,0,0,0,0,0,0,0
G500_01284,216000.0,467000.0,216500.0,467500.0,216250.0,467250.0,500,center_in_cheonan,34011530,원성1동,127.18209333935265,36.803755193856304,0.0,0,0,25,0,0,0,0,0,0,0,0,0,0,0,0,0,0,0,0,0,0,0,0,0,0,0,0,0,0,0,0,0,0,0,0,0,0,0,0,0,0,0,0,0,0,0,0,0,0,0,0
G500_01285,216500.0,467000.0,217000.0,467500.0,216750.0,467250.0,500,center_in_cheonan,34011530,원성1동,127.18769618444874,36.80374648357761,0.0,0,0,25,0,0,0,0,0,0,0,0,0,0,0,0,0,0,0,0,0,0,0,0,0,0,0,0,0,0,0,0,0,0,0,0,0,0,0,0,0,0,0,0,0,0,0,0,0,0,0,0
G500_01286,217000.0,467000.0,217500.0,467500.0,217250.0,467250.0,500,center_in_cheonan,34011110,목천읍,127.19329902710086,36.80373750935516,13.0,11,6,25,0,0,0,0,0,0,0,0,0,0,0,0,0,0,0,0,0,0,0,0,0,0,0,0,0,0,0,0,0,0,0,0,0,0,0,0,0,0,0,0,0,0,0,0,0,0,0,0
G500_01287,217500.0,467000.0,218000.0,467500.0,217750.0,467250.0,500,center_in_cheonan,34011110,목천읍,127.19890186723605,36.803728271189335,5.0,4,2,25,0,0,0,0,0,0,0,0,0,0,0,0,0,0,0,0,0,0,0,0,0,0,0,0,0,0,0,0,0,0,0,0,0,0,0,0,0,0,0,0,0,0,0,0,0,0,0,0
G500_01288,218000.0,467000.0,218500.0,467500.0,218250.0,467250.0,500,center_in_cheonan,34011110,목천읍,127.20450470478133,36.803718769080504,5.0,4,2,25,0,0,0,0,0,0,0,0,0,0,0,0,0,0,0,0,0,0,0,0,0,0,0,0,0,0,0,0,0,0,0,0,0,0,0,0,0,0,0,0,0,0,0,0,0,0,0,0
G500_01289,218500.0,467000.0,219000.0,467500.0,218750.0,467250.0,500,center_in_cheonan,34011110,목천읍,127.21010753966378,36.803709003029056,8.0,7,4,25,0,0,0,0,0,0,0,0,0,0,0,0,0,0,0,0,0,0,0,0,0,0,0,0,0,0,0,0,0,0,0,0,0,0,0,0,0,0,0,0,0,0,0,0,0,0,0,0
G500_01290,219000.0,467000.0,219500.0,467500.0,219250.0,467250.0,500,center_in_cheonan,34011110,목천읍,127.21571037181046,36.803698973035395,0.0,0,0,25,0,0,0,0,0,0,0,0,0,0,0,0,0,0,0,0,0,0,0,0,0,0,0,0,0,0,0,0,0,0,0,0,0,0,0,0,0,0,0,0,0,0,0,0,0,0,0,0
G500_01291,219500.0,467000.0,220000.0,467500.0,219750.0,467250.0,500,center_in_cheonan,34011110,목천읍,127.22131320114838,36.80368867909993,0.0,0,0,25,0,0,0,0,0,0,0,0,0,0,0,0,0,0,0,0,0,0,0,0,0,0,0,0,0,0,0,0,0,0,0,0,0,0,0,0,0,0,0,0,0,0,0,0,0,0,0,0
G500_01292,220000.0,467000.0,220500.0,467500.0,220250.0,467250.0,500,center_in_cheonan,34011110,목천읍,127.22691602760462,36.80367812122308,0.0,0,0,25,0,0,0,0,0,0,0,0,0,0,0,0,0,0,0,0,0,0,0,0,0,0,0,0,0,0,0,0,0,0,0,0,0,0,0,0,0,0,0,0,0,0,0,0,0,0,0,0
G500_01293,220500.0,467000.0,221000.0,467500.0,220750.0,467250.0,500,center_in_cheonan,34011110,목천읍,127.23251885110619,36.80366729940528,5.0,4,2,25,0,0,0,0,0,0,0,0,0,0,0,0,0,0,0,0,0,0,0,0,0,0,0,0,0,0,0,0,0,0,0,0,0,0,0,0,0,0,0,0,0,0,0,0,0,0,0,0
G500_01294,221000.0,467000.0,221500.0,467500.0,221250.0,467250.0,500,center_in_cheonan,34011110,목천읍,127.23812167158017,36.80365621364695,112.0,98,52,25,0,0,0,0,0,0,0,0,0,0,0,0,0,0,0,0,0,0,0,0,0,0,0,0,0,0,0,0,0,0,0,0,0,0,0,0,0,0,0,0,0,0,0,0,0,0,0,0
G500_01295,221500.0,467000.0,222000.0,467500.0,221750.0,467250.0,500,center_in_cheonan,34011110,목천읍,127.2437244889536,36.80364486394857,49.0,42,22,25,0,0,0,0,0,0,0,0,0,0,0,0,0,0,0,0,0,0,0,0,0,0,0,0,0,0,0,0,0,0,0,0,0,0,0,0,0,0,0,0,0,0,0,0,0,0,0,0
G500_01296,222000.0,467000.0,222500.0,467500.0,222250.0,467250.0,500,center_in_cheonan,34011110,목천읍,127.24932730315356,36.8036332503106,0.0,0,0,25,0,0,0,0,0,0,0,0,0,0,0,0,0,0,0,0,0,0,0,0,0,0,0,0,0,0,0,0,0,0,0,0,0,0,0,0,0,0,0,0,0,0,0,0,0,0,0,0
G500_01297,222500.0,467000.0,223000.0,467500.0,222750.0,467250.0,500,center_in_cheonan,34011330,북면,127.25493011410705,36.803621372733495,0.0,0,0,25,0,0,0,0,0,0,0,0,0,0,0,0,0,0,0,0,0,0,0,0,0,0,0,0,0,0,0,0,0,0,0,0,0,0,0,0,0,0,0,0,0,0,0,0,0,0,0,0
G500_01298,223000.0,467000.0,223500.0,467500.0,223250.0,467250.0,500,center_in_cheonan,34011330,북면,127.26053292174117,36.80360923121776,0.0,0,0,25,0,0,0,0,0,0,0,0,0,0,0,0,0,0,0,0,0,0,0,0,0,0,0,0,0,0,0,0,0,0,0,0,0,0,0,0,0,0,0,0,0,0,0,0,0,0,0,0
G500_01299,223500.0,467000.0,224000.0,467500.0,223750.0,467250.0,500,center_in_cheonan,34011330,북면,127.2661357259829,36.80359682576388,54.0,41,24,25,0,0,0,0,0,0,0,0,0,0,0,0,0,0,0,0,0,0,0,0,0,0,0,0,0,0,0,0,0,0,0,0,0,0,0,0,0,0,0,0,0,0,0,0,0,0,0,0
G500_01300,224000.0,467000.0,224500.0,467500.0,224250.0,467250.0,500,center_in_cheonan,34011330,북면,127.27173852675936,36.803584156372374,28.0,22,12,25,0,0,0,0,0,0,0,0,0,0,0,0,0,0,0,0,0,0,0,0,0,0,0,0,0,0,0,0,0,0,0,0,0,0,0,0,0,0,0,0,0,0,0,0,0,0,0,0
G500_01301,224500.0,467000.0,225000.0,467500.0,224750.0,467250.0,500,center_in_cheonan,34011330,북면,127.2773413239976,36.80357122304374,0.0,0,0,25,0,0,0,0,0,0,0,0,0,0,0,0,0,0,0,0,0,0,0,0,0,0,0,0,0,0,0,0,0,0,0,0,0,0,0,0,0,0,0,0,0,0,0,0,0,0,0,0
G500_01302,225000.0,467000.0,225500.0,467500.0,225250.0,467250.0,500,center_in_cheonan,34011330,북면,127.28294411762462,36.803558025778536,0.0,0,0,25,0,0,0,0,0,0,0,0,0,0,0,0,0,0,0,0,0,0,0,0,0,0,0,0,0,0,0,0,0,0,0,0,0,0,0,0,0,0,0,0,0,0,0,0,0,0,0,0
G500_01303,225500.0,467000.0,226000.0,467500.0,225750.0,467250.0,500,center_in_cheonan,34011330,북면,127.28854690756751,36.80354456457726,0.0,0,0,25,0,0,0,0,0,0,0,0,0,0,0,0,0,0,0,0,0,0,0,0,0,0,0,0,0,0,0,0,0,0,0,0,0,0,0,0,0,0,0,0,0,0,0,0,0,0,0,0
G500_01304,226000.0,467000.0,226500.0,467500.0,226250.0,467250.0,500,center_in_cheonan,34011330,북면,127.29414969375328,36.8035308394405,0.0,0,0,25,0,0,0,0,0,0,0,0,0,0,0,0,0,0,0,0,0,0,0,0,0,0,0,0,0,0,0,0,0,0,0,0,0,0,0,0,0,0,0,0,0,0,0,0,0,0,0,0
G500_01305,226500.0,467000.0,227000.0,467500.0,226750.0,467250.0,500,center_in_cheonan,34011360,병천면,127.29975247610905,36.803516850368794,0.0,0,0,25,0,0,0,0,0,0,0,0,0,0,0,0,0,0,0,0,0,0,0,0,0,0,0,0,0,0,0,0,0,0,0,0,0,0,0,0,0,0,0,0,0,0,0,0,0,0,0,0
G500_01306,227000.0,467000.0,227500.0,467500.0,227250.0,467250.0,500,center_in_cheonan,34011360,병천면,127.30535525456183,36.80350259736272,0.0,0,0,25,0,0,0,0,0,0,0,0,0,0,0,0,0,0,0,0,0,0,0,0,0,0,0,0,0,0,0,0,0,0,0,0,0,0,0,0,0,0,0,0,0,0,0,0,0,0,0,0
G500_01307,227500.0,467000.0,228000.0,467500.0,227750.0,467250.0,500,center_in_cheonan,34011360,병천면,127.31095802903866,36.803488080422866,0.0,0,0,25,0,0,0,0,0,0,0,0,0,0,0,0,0,0,0,0,0,0,0,0,0,0,0,0,0,0,0,0,0,0,0,0,0,0,0,0,0,0,0,0,0,0,0,0,0,0,0,0
G500_01308,228000.0,467000.0,228500.0,467500.0,228250.0,467250.0,500,center_in_cheonan,34011360,병천면,127.31656079946661,36.80347329954981,67.0,52,30,25,0,0,0,0,0,0,0,0,0,0,0,0,0,0,0,0,0,0,0,0,0,0,0,0,0,0,0,0,0,0,0,0,0,0,0,0,0,0,0,0,0,0,0,0,0,0,0,0
G500_01309,228500.0,467000.0,229000.0,467500.0,228750.0,467250.0,500,center_in_cheonan,34011360,병천면,127.32216356577277,36.803458254744164,31.0,24,14,25,0,0,0,0,0,0,0,0,0,0,0,0,0,0,0,0,0,0,0,0,0,0,0,0,0,0,0,0,0,0,0,0,0,0,0,0,0,0,0,0,0,0,0,0,0,0,0,0
G500_01310,229000.0,467000.0,229500.0,467500.0,229250.0,467250.0,500,center_in_cheonan,34011360,병천면,127.32776632788413,36.80344294600655,44.0,34,20,25,0,0,0,0,0,0,0,0,0,0,0,0,0,0,0,0,0,0,0,0,0,0,0,0,0,0,0,0,0,0,0,0,0,0,0,0,0,0,0,0,0,0,0,0,0,0,0,0
G500_01311,229500.0,467000.0,230000.0,467500.0,229750.0,467250.0,500,center_in_cheonan,34011360,병천면,127.33336908572778,36.80342737333759,15.0,12,6,25,0,0,0,0,0,0,0,0,0,0,0,0,0,0,0,0,0,0,0,0,0,0,0,0,0,0,0,0,0,0,0,0,0,0,0,0,0,0,0,0,0,0,0,0,0,0,0,0
G500_01312,230000.0,467000.0,230500.0,467500.0,230250.0,467250.0,500,center_in_cheonan,34011360,병천면,127.33897183923077,36.8034115367379,0.0,0,0,25,0,0,0,0,0,0,0,0,0,0,0,0,0,0,0,0,0,0,0,0,0,0,0,0,0,0,0,0,0,0,0,0,0,0,0,0,0,0,0,0,0,0,0,0,0,0,0,0
G500_01313,230500.0,467000.0,231000.0,467500.0,230750.0,467250.0,500,center_in_cheonan,34011370,동면,127.34457458832014,36.80339543620815,5.0,3,2,25,0,0,0,0,0,0,0,0,0,0,0,0,0,0,0,0,0,0,0,0,0,0,0,0,0,0,0,0,0,0,0,0,0,0,0,0,0,0,0,0,0,0,0,0,0,0,0,0
G500_01314,231000.0,467000.0,231500.0,467500.0,231250.0,467250.0,500,center_in_cheonan,34011370,동면,127.35017733292297,36.803379071749,15.0,9,6,25,0,0,0,0,0,0,0,0,0,0,0,0,0,0,0,0,0,0,0,0,0,0,0,0,0,0,0,0,0,0,0,0,0,0,0,0,0,0,0,0,0,0,0,0,0,0,0,0
G500_01315,231500.0,467000.0,232000.0,467500.0,231750.0,467250.0,500,center_in_cheonan,34011370,동면,127.3557800729663,36.803362443361095,28.0,17,11,25,0,0,0,0,0,0,0,0,0,0,0,0,0,0,0,0,0,0,0,0,0,0,0,0,0,0,0,0,0,0,0,0,0,0,0,0,0,0,0,0,0,0,0,0,0,0,0,0
G500_01316,232000.0,467000.0,232500.0,467500.0,232250.0,467250.0,500,center_in_cheonan,34011370,동면,127.36138280837719,36.80334555104513,0.0,0,0,25,0,0,0,0,0,0,0,0,0,0,0,0,0,0,0,0,0,0,0,0,0,0,0,0,0,0,0,0,0,0,0,0,0,0,0,0,0,0,0,0,0,0,0,0,0,0,0,0
G500_01317,232500.0,467000.0,233000.0,467500.0,232750.0,467250.0,500,center_in_cheonan,34011370,동면,127.3669855390827,36.8033283948018,0.0,0,0,25,0,0,0,0,0,0,0,0,0,0,0,0,0,0,0,0,0,0,0,0,0,0,0,0,0,0,0,0,0,0,0,0,0,0,0,0,0,0,0,0,0,0,0,0,0,0,0,0
G500_01318,233000.0,467000.0,233500.0,467500.0,233250.0,467250.0,500,center_in_cheonan,34011370,동면,127.37258826500987,36.80331097463179,77.0,49,30,25,0,0,0,0,0,0,0,0,0,0,0,0,0,0,0,0,0,0,0,0,0,0,0,0,0,0,0,0,0,0,0,0,0,0,0,0,0,0,0,0,0,0,0,0,0,0,0,0
G500_01319,233500.0,467000.0,234000.0,467500.0,233750.0,467250.0,500,center_in_cheonan,34011370,동면,127.37819098608577,36.80329329053583,10.0,6,4,25,0,0,0,0,0,0,0,0,0,0,0,0,0,0,0,0,0,0,0,0,0,0,0,0,0,0,0,0,0,0,0,0,0,0,0,0,0,0,0,0,0,0,0,0,0,0,0,0
G500_01320,234000.0,467000.0,234500.0,467500.0,234250.0,467250.0,500,center_in_cheonan,34011370,동면,127.38379370223747,36.80327534251463,0.0,0,0,25,0,0,0,0,0,0,0,0,0,0,0,0,0,0,0,0,0,0,0,0,0,0,0,0,0,0,0,0,0,0,0,0,0,0,0,0,0,0,0,0,0,0,0,0,0,0,0,0
G500_01321,234500.0,467000.0,235000.0,467500.0,234750.0,467250.0,500,center_in_cheonan,34011370,동면,127.389396413392,36.803257130568916,0.0,0,0,25,0,0,0,0,0,0,0,0,0,0,0,0,0,0,0,0,0,0,0,0,0,0,0,0,0,0,0,0,0,0,0,0,0,0,0,0,0,0,0,0,0,0,0,0,0,0,0,0
G500_01322,208500.0,467500.0,209000.0,468000.0,208750.0,467750.0,500,center_in_cheonan,34012630,불당2동,127.09805616396747,36.80835972732911,13.0,14,5,14,0,0,0,0,0,0,0,0,0,0,0,0,0,0,0,0,0,0,0,0,0,0,0,0,0,0,0,0,0,0,0,0,0,0,0,0,0,0,0,0,0,0,0,0,0,0,0,0
G500_01323,209000.0,467500.0,209500.0,468000.0,209250.0,467750.0,500,center_in_cheonan,34012630,불당2동,127.10365936523709,36.80835497546915,2919.0,3044,1172,25,0,0,0,4,4,1,1,0,0,0,0,0,0,0,0,0,0,0,0,1,0,0,0,0,1,0,0,0,0,0,0,0,4,1,0,0,0,0,0,1,0,0,0,2,0,0,1,1
G500_01324,209500.0,467500.0,210000.0,468000.0,209750.0,467750.0,500,center_in_cheonan,34012620,불당1동,127.10926256515674,36.80834995961823,5276.0,5252,2188,25,0,0,0,6,6,0,0,0,0,0,0,0,1,0,0,1,0,0,0,0,0,0,0,0,0,0,0,0,0,0,1,1,18,1,0,0,0,0,0,5,1,0,0,5,0,6,4,4
G500_01325,210000.0,467500.0,210500.0,468000.0,210250.0,467750.0,500,center_in_cheonan,34012620,불당1동,127.11486576365343,36.80834467977655,3366.0,3352,1399,25,0,0,0,0,0,0,0,0,0,0,0,0,0,0,0,0,0,0,0,1,1,0,0,0,0,0,0,0,0,0,0,0,0,0,0,0,0,0,0,0,0,0,0,0,0,0,0,0
G500_01326,210500.0,467500.0,211000.0,468000.0,210750.0,467750.0,500,center_in_cheonan,34012550,쌍용3동,127.12046896065418,36.808339135944344,3918.0,3864,1863,25,0,0,0,2,2,0,0,0,0,0,0,0,0,0,0,0,0,0,0,3,0,0,0,0,3,0,0,0,0,0,0,0,2,0,0,0,0,0,0,0,0,0,0,1,0,1,0,0
G500_01327,211000.0,467500.0,211500.0,468000.0,211250.0,467750.0,500,center_in_cheonan,34012550,쌍용3동,127.12607215608602,36.80833332812183,399.0,390,188,25,0,0,0,1,1,0,0,0,0,0,0,0,0,0,0,0,0,0,0,0,0,0,0,0,0,0,0,0,0,0,1,1,0,0,0,0,0,0,0,0,0,0,0,0,0,0,0,0
G500_01328,211500.0,467500.0,212000.0,468000.0,211750.0,467750.0,500,center_in_cheonan,34012530,쌍용1동,127.13167534987599,36.808327256309234,5451.0,5052,2593,25,0,0,0,4,4,1,0,1,0,0,0,0,0,0,0,0,0,0,0,3,1,0,0,0,2,0,0,0,0,0,5,5,9,0,0,0,0,0,0,4,0,0,0,2,0,3,2,2
G500_01329,212000.0,467500.0,212500.0,468000.0,212250.0,467750.0,500,center_in_cheonan,34011550,봉명동,127.1372785419511,36.80832092050682,3478.0,3549,1922,25,0,0,0,3,3,2,1,1,1,1,0,0,0,0,0,0,0,0,0,2,0,0,0,0,2,0,0,0,0,0,2,2,3,0,0,0,0,0,0,1,0,0,0,1,0,1,2,2
G500_01330,212500.0,467500.0,213000.0,468000.0,212750.0,467750.0,500,center_in_cheonan,34012510,성정1동,127.14288173223842,36.808314320714835,4650.0,4475,2545,25,0,0,0,3,3,0,0,0,1,0,1,0,0,0,0,0,0,0,0,0,0,0,0,0,0,0,0,0,0,0,0,0,0,0,0,0,0,0,0,0,0,0,0,0,0,0,1,1
G500_01331,213000.0,467500.0,213500.0,468000.0,213250.0,467750.0,500,center_in_cheonan,34011510,중앙동,127.14848492066496,36.80830745693356,2778.0,2461,1318,25,3,1,2,9,9,0,0,0,0,0,0,0,3,0,0,2,0,0,1,0,0,0,0,0,0,0,0,1,1,0,5,5,6,0,1,0,0,0,1,2,0,0,0,1,0,1,3,3
G500_01332,213500.0,467500.0,214000.0,468000.0,213750.0,467750.0,500,center_in_cheonan,34011530,원성1동,127.1540881071577,36.80830032916327,1290.0,1176,603,25,0,0,0,4,4,1,1,0,0,0,0,0,3,0,1,0,0,0,2,1,0,0,1,0,0,0,0,0,0,0,0,0,3,0,0,0,0,0,0,2,0,0,0,0,0,1,2,2
G500_01333,214000.0,467500.0,214500.0,468000.0,214250.0,467750.0,500,center_in_cheonan,34011530,원성1동,127.15969129164377,36.80829293740425,2508.0,2265,1208,25,0,0,0,3,3,2,2,0,0,0,0,0,2,0,0,2,0,0,0,0,0,0,0,0,0,0,0,1,0,1,3,3,4,0,0,0,0,0,0,2,0,0,0,1,0,1,2,2
G500_01334,214500.0,467500.0,215000.0,468000.0,214750.0,467750.0,500,center_in_cheonan,34011530,원성1동,127.16529447405011,36.80828528165681,1022.0,924,493,25,0,0,0,0,0,0,0,0,0,0,0,0,0,0,0,0,0,0,0,1,0,0,0,0,1,0,0,0,0,0,1,1,0,0,0,0,0,0,0,0,0,0,0,0,0,0,0,0
G500_01335,215000.0,467500.0,215500.0,468000.0,215250.0,467750.0,500,center_in_cheonan,34011530,원성1동,127.17089765430377,36.808277361921256,204.0,189,98,25,0,0,0,0,0,0,0,0,0,0,0,0,0,0,0,0,0,0,0,0,0,0,0,0,0,0,0,0,0,0,0,0,0,0,0,0,0,0,0,0,0,0,0,0,0,0,0,0
G500_01336,215500.0,467500.0,216000.0,468000.0,215750.0,467750.0,500,center_in_cheonan,34011530,원성1동,127.17650083233183,36.80826917819792,30.0,30,15,25,0,0,0,0,0,0,0,0,0,0,0,0,0,0,0,0,0,0,0,0,0,0,0,0,0,0,0,0,0,0,0,0,0,0,0,0,0,0,0,0,0,0,0,0,0,0,0,0
G500_01337,216000.0,467500.0,216500.0,468000.0,216250.0,467750.0,500,center_in_cheonan,34011530,원성1동,127.18210400806126,36.80826073048712,16.0,14,8,25,0,0,0,0,0,0,0,0,0,0,0,0,0,0,0,0,0,0,0,0,0,0,0,0,0,0,0,0,0,0,0,0,0,0,0,0,0,0,0,0,0,0,0,0,0,0,0,0
G500_01338,216500.0,467500.0,217000.0,468000.0,216750.0,467750.0,500,center_in_cheonan,34011530,원성1동,127.18770718141911,36.808252018789226,28.0,27,14,25,0,0,0,0,0,0,0,0,0,0,0,0,0,0,0,0,0,0,0,0,0,0,0,0,0,0,0,0,0,0,0,0,0,0,0,0,0,0,0,0,0,0,0,0,0,0,0,0
G500_01339,217000.0,467500.0,217500.0,468000.0,217250.0,467750.0,500,center_in_cheonan,34011110,목천읍,127.19331035233242,36.808243043104575,0.0,0,0,25,0,0,0,0,0,0,0,0,0,0,0,0,0,0,0,0,0,0,0,0,0,0,0,0,0,0,0,0,0,0,0,0,0,0,0,0,0,0,0,0,0,0,0,0,0,0,0,0
G500_01340,217500.0,467500.0,218000.0,468000.0,217750.0,467750.0,500,center_in_cheonan,34011110,목천읍,127.1989135207282,36.80823380343354,0.0,0,0,25,0,0,0,0,0,0,0,0,0,0,0,0,0,0,0,0,0,0,0,0,0,0,0,0,0,0,0,0,0,0,0,0,0,0,0,0,0,0,0,0,0,0,0,0,0,0,0,0
G500_01341,218000.0,467500.0,218500.0,468000.0,218250.0,467750.0,500,center_in_cheonan,34011110,목천읍,127.20451668653351,36.8082242997765,63.0,55,29,25,0,0,0,0,0,0,0,0,0,0,0,0,0,0,0,0,0,0,0,0,0,0,0,0,0,0,0,0,0,0,0,0,0,0,0,0,0,0,0,0,0,0,0,0,0,0,0,0
G500_01342,218500.0,467500.0,219000.0,468000.0,218750.0,467750.0,500,center_in_cheonan,34011110,목천읍,127.21011984967538,36.80821453213383,10.0,8,4,25,0,0,0,0,0,0,0,0,0,0,0,0,0,0,0,0,0,0,0,0,0,0,0,0,0,0,0,0,0,0,0,0,0,0,0,0,0,0,0,0,0,0,0,0,0,0,0,0
G500_01343,219000.0,467500.0,219500.0,468000.0,219250.0,467750.0,500,center_in_cheonan,34011110,목천읍,127.21572301008082,36.80820450050595,35.0,28,14,25,0,0,0,0,0,0,0,0,0,0,0,0,0,0,0,0,0,0,0,0,0,0,0,0,0,0,0,0,0,0,0,0,0,0,0,0,0,0,0,0,0,0,0,0,0,0,0,0
G500_01344,219500.0,467500.0,220000.0,468000.0,219750.0,467750.0,500,center_in_cheonan,34011110,목천읍,127.22132616767686,36.80819420489326,39.0,33,18,25,0,0,0,0,0,0,0,0,0,0,0,0,0,0,0,0,0,0,0,0,0,0,0,0,0,0,0,0,0,0,0,0,0,0,0,0,0,0,0,0,0,0,0,0,0,0,0,0
G500_01345,220000.0,467500.0,220500.0,468000.0,220250.0,467750.0,500,center_in_cheonan,34011110,목천읍,127.22692932239053,36.808183645296175,13.0,11,6,25,0,0,0,0,0,0,0,0,0,0,0,0,0,0,0,0,0,0,0,0,0,0,0,0,0,0,0,0,0,0,0,0,0,0,0,0,0,0,0,0,0,0,0,0,0,0,0,0
G500_01346,220500.0,467500.0,221000.0,468000.0,220750.0,467750.0,500,center_in_cheonan,34011110,목천읍,127.23253247414888,36.80817282171513,41.0,35,18,25,0,0,0,0,0,0,0,0,0,0,0,0,0,0,0,0,0,0,0,0,0,0,0,0,0,0,0,0,0,0,1,1,0,0,0,0,0,0,0,0,0,0,0,0,0,0,0,0
G500_01347,221000.0,467500.0,221500.0,468000.0,221250.0,467750.0,500,center_in_cheonan,34011110,목천읍,127.23813562287894,36.80816173415058,24.0,21,12,25,0,0,0,0,0,0,0,0,0,0,0,0,0,0,0,0,0,0,0,0,0,0,0,0,0,0,0,0,0,0,0,0,0,0,0,0,0,0,0,0,0,0,0,0,0,0,0,0
G500_01348,221500.0,467500.0,222000.0,468000.0,221750.0,467750.0,500,center_in_cheonan,34011110,목천읍,127.24373876850775,36.808150382602946,36.0,30,16,25,0,0,0,0,0,0,0,0,0,0,0,0,0,0,0,0,0,0,0,0,0,0,0,0,0,0,0,0,0,0,0,0,0,0,0,0,0,0,0,0,0,0,0,0,0,0,0,0
G500_01349,222000.0,467500.0,222500.0,468000.0,222250.0,467750.0,500,center_in_cheonan,34011110,목천읍,127.24934191096233,36.80813876707272,8.0,7,4,25,0,0,0,0,0,0,0,0,0,0,0,0,0,0,0,0,0,0,0,0,0,0,0,0,0,0,0,0,0,0,0,0,0,0,0,0,0,0,0,0,0,0,0,0,0,0,0,0
G500_01350,222500.0,467500.0,223000.0,468000.0,222750.0,467750.0,500,center_in_cheonan,34011110,목천읍,127.2549450501697,36.80812688756038,0.0,0,0,24,0,0,0,0,0,0,0,0,0,0,0,0,0,0,0,0,0,0,0,0,0,0,0,0,0,0,0,0,0,0,0,0,0,0,0,0,0,0,0,0,0,0,0,0,0,0,0,0
G500_01351,223000.0,467500.0,223500.0,468000.0,223250.0,467750.0,500,center_in_cheonan,34011330,북면,127.26054818605691,36.80811474406639,0.0,0,0,25,0,0,0,0,0,0,0,0,0,0,0,0,0,0,0,0,0,0,0,0,0,0,0,0,0,0,0,0,0,0,0,0,0,0,0,0,0,0,0,0,0,0,0,0,0,0,0,0
G500_01352,223500.0,467500.0,224000.0,468000.0,223750.0,467750.0,500,center_in_cheonan,34011330,북면,127.266151318551,36.80810233659125,49.0,38,22,25,0,0,0,0,0,0,0,0,0,0,0,0,0,0,0,0,0,0,0,0,0,0,0,0,0,0,0,0,0,0,0,0,0,0,0,0,0,0,0,0,0,0,0,0,0,0,0,0
G500_01353,224000.0,467500.0,224500.0,468000.0,224250.0,467750.0,500,center_in_cheonan,34011330,북면,127.27175444757899,36.80808966513547,43.0,34,18,25,0,0,0,0,0,0,0,0,0,0,0,0,0,0,0,0,0,0,0,0,0,0,0,0,0,0,0,0,0,0,0,0,0,0,0,0,0,0,0,0,0,0,0,0,0,0,0,0
G500_01354,224500.0,467500.0,225000.0,468000.0,224750.0,467750.0,500,center_in_cheonan,34011330,북면,127.27735757306792,36.808076729699586,0.0,0,0,25,0,0,0,0,0,0,0,0,0,0,0,0,0,0,0,0,0,0,0,0,0,0,0,0,0,0,0,0,0,0,0,0,0,0,0,0,0,0,0,0,0,0,0,0,0,0,0,0
G500_01355,225000.0,467500.0,225500.0,468000.0,225250.0,467750.0,500,center_in_cheonan,34011330,북면,127.28296069494483,36.8080635302841,39.0,30,18,25,0,0,0,0,0,0,0,0,0,0,0,0,0,0,0,0,0,0,0,0,0,0,0,0,0,0,0,0,0,0,0,0,0,0,0,0,0,0,0,0,0,0,0,0,0,0,0,0
G500_01356,225500.0,467500.0,226000.0,468000.0,225750.0,467750.0,500,center_in_cheonan,34011330,북면,127.28856381313673,36.808050066889564,0.0,0,0,25,0,0,0,0,0,0,0,0,0,0,0,0,0,0,0,0,0,0,0,0,0,0,0,0,0,0,0,0,0,0,0,0,0,0,0,0,0,0,0,0,0,0,0,0,0,0,0,0
G500_01357,226000.0,467500.0,226500.0,468000.0,226250.0,467750.0,500,center_in_cheonan,34011330,북면,127.29416692757069,36.808036339516526,0.0,0,0,25,0,0,0,0,0,0,0,0,0,0,0,0,0,0,0,0,0,0,0,0,0,0,0,0,0,0,0,0,0,0,0,0,0,0,0,0,0,0,0,0,0,0,0,0,0,0,0,0
G500_01358,226500.0,467500.0,227000.0,468000.0,226750.0,467750.0,500,center_in_cheonan,34011360,병천면,127.29977003817373,36.80802234816554,0.0,0,0,25,0,0,0,0,0,0,0,0,0,0,0,0,0,0,0,0,0,0,0,0,0,0,0,0,0,0,0,0,0,0,0,0,0,0,0,0,0,0,0,0,0,0,0,0,0,0,0,0
G500_01359,227000.0,467500.0,227500.0,468000.0,227250.0,467750.0,500,center_in_cheonan,34011360,병천면,127.30537314487289,36.80800809283718,0.0,0,0,25,0,0,0,0,0,0,0,0,0,0,0,0,0,0,0,0,0,0,0,0,0,0,0,0,0,0,0,0,0,0,0,0,0,0,0,0,0,0,0,0,0,0,0,0,0,0,0,0
G500_01360,227500.0,467500.0,228000.0,468000.0,227750.0,467750.0,500,center_in_cheonan,34011360,병천면,127.31097624759518,36.80799357353203,0.0,0,0,25,0,0,0,0,0,0,0,0,0,0,0,0,0,0,0,0,0,0,0,0,0,0,0,0,0,0,0,0,0,0,0,0,0,0,0,0,0,0,0,0,0,0,0,0,0,0,0,0
G500_01361,228000.0,467500.0,228500.0,468000.0,228250.0,467750.0,500,center_in_cheonan,34011360,병천면,127.31657934626767,36.8079787902507,28.0,22,12,25,0,0,0,0,0,0,0,0,0,0,0,0,0,0,0,0,0,0,0,0,0,0,0,0,0,0,0,0,0,0,0,0,0,0,0,0,0,0,0,0,0,0,0,0,0,0,0,0
G500_01362,228500.0,467500.0,229000.0,468000.0,228750.0,467750.0,500,center_in_cheonan,34011360,병천면,127.3221824408174,36.80796374299377,5.0,4,2,25,0,0,0,0,0,0,0,0,0,0,0,0,0,0,0,0,0,0,0,0,0,0,0,0,0,0,0,0,0,0,0,0,0,0,0,0,0,0,0,0,0,0,0,0,0,0,0,0
G500_01363,229000.0,467500.0,229500.0,468000.0,229250.0,467750.0,500,center_in_cheonan,34011360,병천면,127.32778553117137,36.80794843176186,10.0,8,4,25,0,0,0,0,0,0,0,0,0,0,0,0,0,0,0,0,0,0,0,0,0,0,0,0,0,0,0,0,0,0,0,0,0,0,0,0,0,0,0,0,0,0,0,0,0,0,0,0
G500_01364,229500.0,467500.0,230000.0,468000.0,229750.0,467750.0,500,center_in_cheonan,34011360,병천면,127.33338861725665,36.807932856555595,10.0,8,4,25,0,0,0,0,0,0,0,0,0,0,0,0,0,0,0,0,0,0,0,0,0,0,0,0,0,0,0,0,0,0,0,0,0,0,0,0,0,0,0,0,0,0,0,0,0,0,0,0
G500_01365,230000.0,467500.0,230500.0,468000.0,230250.0,467750.0,500,center_in_cheonan,34011360,병천면,127.33899169900025,36.80791701737563,0.0,0,0,25,0,0,0,0,0,0,0,0,0,0,0,0,0,0,0,0,0,0,0,0,0,0,0,0,0,0,0,0,0,0,0,0,0,0,0,0,0,0,0,0,0,0,0,0,0,0,0,0
G500_01366,230500.0,467500.0,231000.0,468000.0,230750.0,467750.0,500,center_in_cheonan,34011370,동면,127.34459477632922,36.80790091422258,0.0,0,0,25,0,0,0,0,0,0,0,0,0,0,0,0,0,0,0,0,0,0,0,0,0,0,0,0,0,0,0,0,0,0,0,0,0,0,0,0,0,0,0,0,0,0,0,0,0,0,0,0
G500_01367,231000.0,467500.0,231500.0,468000.0,231250.0,467750.0,500,center_in_cheonan,34011370,동면,127.35019784917063,36.807884547097125,5.0,3,2,25,0,0,0,0,0,0,0,0,0,0,0,0,0,0,0,0,0,0,0,0,0,0,0,0,0,0,0,0,0,0,0,0,0,0,0,0,0,0,0,0,0,0,0,0,0,0,0,0
G500_01368,231500.0,467500.0,232000.0,468000.0,231750.0,467750.0,500,center_in_cheonan,34011370,동면,127.35580091745148,36.80786791599993,26.0,16,10,25,0,0,0,0,0,0,0,0,0,0,0,0,0,0,0,0,0,0,0,0,0,0,0,0,0,0,0,0,0,0,0,0,0,0,0,0,0,0,0,0,0,0,0,0,0,0,0,0
G500_01369,232000.0,467500.0,232500.0,468000.0,232250.0,467750.0,500,center_in_cheonan,34011370,동면,127.3614039810988,36.807851020931665,0.0,0,0,25,0,0,0,0,0,0,0,0,0,0,0,0,0,0,0,0,0,0,0,0,0,0,0,0,0,0,0,0,0,0,0,0,0,0,0,0,0,0,0,0,0,0,0,0,0,0,0,0
G500_01370,232500.0,467500.0,233000.0,468000.0,232750.0,467750.0,500,center_in_cheonan,34011370,동면,127.36700704003968,36.80783386189303,15.0,9,6,25,0,0,0,0,0,0,0,0,0,0,0,0,0,0,0,0,0,0,0,0,0,0,0,0,0,0,0,0,0,0,0,0,0,0,0,0,0,0,0,0,0,0,0,0,0,0,0,0
G500_01371,233000.0,467500.0,233500.0,468000.0,233250.0,467750.0,500,center_in_cheonan,34011370,동면,127.37261009420111,36.80781643888472,5.0,3,2,25,0,0,0,0,0,0,0,0,0,0,0,0,0,0,0,0,0,0,0,0,0,0,0,0,0,0,0,0,0,0,0,0,0,0,0,0,0,0,0,0,0,0,0,0,0,0,0,0
G500_01372,233500.0,467500.0,234000.0,468000.0,233750.0,467750.0,500,center_in_cheonan,34011370,동면,127.37821314351017,36.807798751907455,0.0,0,0,25,0,0,0,0,0,0,0,0,0,0,0,0,0,0,0,0,0,0,0,0,0,0,0,0,0,0,0,0,0,0,0,0,0,0,0,0,0,0,0,0,0,0,0,0,0,0,0,0
G500_01373,234000.0,467500.0,234500.0,468000.0,234250.0,467750.0,500,center_in_cheonan,34011370,동면,127.38381618789386,36.80778080096195,5.0,3,2,25,0,0,0,0,0,0,0,0,0,0,0,0,0,0,0,0,0,0,0,0,0,0,0,0,0,0,0,0,0,0,0,0,0,0,0,0,0,0,0,0,0,0,0,0,0,0,0,0
G500_01374,234500.0,467500.0,235000.0,468000.0,234750.0,467750.0,500,center_in_cheonan,34011370,동면,127.38941922727926,36.80776258604894,0.0,0,0,12,0,0,0,0,0,0,0,0,0,0,0,0,0,0,0,0,0,0,0,0,0,0,0,0,0,0,0,0,0,0,0,0,0,0,0,0,0,0,0,0,0,0,0,0,0,0,0,0
G500_01375,208500.0,468000.0,209000.0,468500.0,208750.0,468250.0,500,center_in_cheonan,34012630,불당2동,127.09806190997057,36.812865276664965,244.0,254,98,13,0,0,0,0,0,0,0,0,0,0,0,0,0,0,0,0,0,0,0,0,0,0,0,0,0,0,0,0,0,0,0,0,0,0,0,0,0,0,0,0,0,0,0,0,0,0,0,0
G500_01376,209000.0,468000.0,209500.0,468500.0,209250.0,468250.0,500,center_in_cheonan,34012630,불당2동,127.10366543958135,36.812860524030796,7011.0,7314,2813,25,0,0,0,1,1,0,0,0,2,1,1,0,0,0,0,0,0,0,0,0,0,0,0,0,0,0,0,0,0,0,0,0,1,0,0,0,0,0,0,0,0,0,0,1,0,0,0,0
G500_01377,209500.0,468000.0,210000.0,468500.0,209750.0,468250.0,500,center_in_cheonan,34012620,불당1동,127.10926896784184,36.812855507362656,1565.0,1598,638,25,0,0,0,10,10,0,0,0,0,0,0,0,4,0,0,0,0,2,2,1,1,0,0,0,0,0,0,0,0,0,2,2,62,2,0,0,0,0,1,33,0,0,2,13,1,10,11,11
G500_01378,210000.0,468000.0,210500.0,468500.0,210250.0,468250.0,500,center_in_cheonan,34012620,불당1동,127.11487249467906,36.812850226660764,478.0,476,198,25,0,0,0,0,0,0,0,0,0,0,0,0,1,0,0,1,0,0,0,1,1,0,0,0,0,0,0,0,0,0,0,0,2,0,0,0,0,0,0,1,0,0,0,1,0,0,0,0
G500_01379,210500.0,468000.0,211000.0,468500.0,210750.0,468250.0,500,center_in_cheonan,34012550,쌍용3동,127.12047602001996,36.81284468192532,894.0,882,425,25,0,0,0,0,0,0,0,0,0,0,0,0,0,0,0,0,0,0,0,0,0,0,0,0,0,0,0,0,0,0,0,0,0,0,0,0,0,0,0,0,0,0,0,0,0,0,0,0
G500_01380,211000.0,468000.0,211500.0,468500.0,211250.0,468250.0,500,center_in_cheonan,34012550,쌍용3동,127.12607954379165,36.812838873156544,5.0,5,3,25,0,0,0,0,0,0,0,0,0,0,0,0,0,0,0,0,0,0,0,0,0,0,0,0,0,0,0,0,0,0,0,0,0,0,0,0,0,0,0,0,0,0,0,0,0,0,0,0
G500_01381,211500.0,468000.0,212000.0,468500.0,211750.0,468250.0,500,center_in_cheonan,34011550,봉명동,127.13168306592107,36.812832800354705,3714.0,3794,2050,25,0,0,0,6,6,0,0,0,2,1,1,0,0,0,0,0,0,0,0,2,0,0,0,0,2,0,0,0,0,0,3,3,1,0,0,0,0,0,0,1,0,0,0,0,0,0,1,1
G500_01382,212000.0,468000.0,212500.0,468500.0,212250.0,468250.0,500,center_in_cheonan,34012510,성정1동,127.13728658633522,36.81282646352002,3874.0,3802,2126,25,1,1,0,6,6,0,0,0,0,0,0,0,0,0,0,0,0,0,0,1,0,0,0,0,1,0,0,0,0,0,1,1,6,0,0,0,0,0,0,4,0,0,0,1,0,1,2,2
G500_01383,212500.0,468000.0,213000.0,468500.0,212750.0,468250.0,500,center_in_cheonan,34012510,성정1동,127.14289010496117,36.81281986265276,1760.0,1686,962,25,0,0,0,6,6,0,0,0,1,1,0,0,1,0,1,0,0,0,0,1,0,0,0,0,1,0,0,0,0,0,3,3,5,0,0,0,0,0,0,2,0,0,0,2,0,1,1,1
G500_01384,213000.0,468000.0,213500.0,468500.0,213250.0,468250.0,500,center_in_cheonan,34011520,문성동,127.1484936217259,36.81281299775319,1346.0,1234,659,25,0,0,0,3,3,0,0,0,2,1,1,0,0,0,0,0,0,0,0,1,0,0,0,0,1,0,0,1,0,1,4,4,4,0,0,0,0,0,0,3,1,0,0,0,0,0,2,2
G500_01385,213500.0,468000.0,214000.0,468500.0,213750.0,468250.0,500,center_in_cheonan,34011520,문성동,127.15409713655643,36.81280586882159,3911.0,3583,1804,25,1,1,0,5,5,1,1,0,0,0,0,0,0,0,0,0,0,0,0,1,0,0,0,0,1,0,0,0,0,0,2,2,1,0,0,0,0,0,0,0,0,0,0,0,0,1,0,0
G500_01386,214000.0,468000.0,214500.0,468500.0,214250.0,468250.0,500,center_in_cheonan,34011530,원성1동,127.15970064937977,36.81279847585827,2691.0,2301,1233,25,0,0,0,3,3,2,0,2,2,1,1,0,0,0,0,0,0,0,0,1,0,0,1,0,0,0,0,0,0,0,1,1,1,0,0,0,0,0,0,0,0,0,0,0,0,1,0,0
G500_01387,214500.0,468000.0,215000.0,468500.0,214750.0,468250.0,500,center_in_cheonan,34011530,원성1동,127.16530416012293,36.8127908188635,1021.0,862,465,25,0,0,0,0,0,0,0,0,0,0,0,0,0,0,0,0,0,0,0,0,0,0,0,0,0,0,0,0,0,0,1,1,0,0,0,0,0,0,0,0,0,0,0,0,0,0,0,0
G500_01388,215000.0,468000.0,215500.0,468500.0,215250.0,468250.0,500,center_in_cheonan,34011530,원성1동,127.1709076687129,36.81278289783762,168.0,153,79,25,0,0,0,2,2,0,0,0,0,0,0,0,0,0,0,0,0,0,0,0,0,0,0,0,0,0,0,0,0,0,0,0,1,1,0,0,0,0,0,0,0,0,0,0,0,0,0,0
G500_01389,215500.0,468000.0,216000.0,468500.0,215750.0,468250.0,500,center_in_cheonan,34011530,원성1동,127.17651117507674,36.812774712780936,315.0,288,147,25,0,0,0,1,1,1,0,1,0,0,0,0,0,0,0,0,0,0,0,0,0,0,0,0,0,0,0,0,0,0,1,1,1,0,0,0,0,0,1,0,0,0,0,0,0,0,0,0
G500_01390,216000.0,468000.0,216500.0,468500.0,216250.0,468250.0,500,center_in_cheonan,34011530,원성1동,127.18211467914143,36.812766263693796,299.0,271,144,25,0,0,0,0,0,0,0,0,0,0,0,0,0,0,0,0,0,0,0,0,0,0,0,0,0,0,0,0,0,0,1,1,0,0,0,0,0,0,0,0,0,0,0,0,0,0,0,0
G500_01391,216500.0,468000.0,217000.0,468500.0,216750.0,468250.0,500,center_in_cheonan,34011530,원성1동,127.18771818083404,36.812757550576535,153.0,137,72,25,0,0,0,0,0,0,0,0,0,0,0,0,1,0,0,0,1,0,0,0,0,0,0,0,0,0,0,0,0,0,0,0,0,0,0,0,0,0,0,0,0,0,0,0,0,0,0,0
G500_01392,217000.0,468000.0,217500.0,468500.0,217250.0,468250.0,500,center_in_cheonan,34011530,원성1동,127.1933216800815,36.81274857342951,0.0,0,0,25,0,0,0,0,0,0,0,0,0,0,0,0,0,0,0,0,0,0,0,0,0,0,0,0,0,0,0,0,0,0,0,0,0,0,0,0,0,0,0,0,0,0,0,0,0,0,0,0
G500_01393,217500.0,468000.0,218000.0,468500.0,217750.0,468250.0,500,center_in_cheonan,34011530,원성1동,127.19892517681087,36.812739332253095,0.0,0,0,25,0,0,0,0,0,0,0,0,0,0,0,0,0,0,0,0,0,0,0,0,0,0,0,0,0,0,0,0,0,0,0,0,0,0,0,0,0,0,0,0,0,0,0,0,0,0,0,0
G500_01394,218000.0,468000.0,218500.0,468500.0,218250.0,468250.0,500,center_in_cheonan,34011110,목천읍,127.20452867094914,36.812729827047654,5.0,4,2,25,0,0,0,0,0,0,0,0,0,0,0,0,0,0,0,0,0,0,0,0,0,0,0,0,0,0,0,0,0,0,0,0,0,0,0,0,0,0,0,0,0,0,0,0,0,0,0,0
G500_01395,218500.0,468000.0,219000.0,468500.0,218750.0,468250.0,500,center_in_cheonan,34011110,목천읍,127.21013216242338,36.8127200578136,0.0,0,0,25,0,0,0,0,0,0,0,0,0,0,0,0,0,0,0,0,0,0,0,0,0,0,0,0,0,0,0,0,0,0,0,0,0,0,0,0,0,0,0,0,0,0,0,0,0,0,0,0
G500_01396,219000.0,468000.0,219500.0,468500.0,219250.0,468250.0,500,center_in_cheonan,34011110,목천읍,127.21573565116054,36.8127100245513,0.0,0,0,25,0,0,0,0,0,0,0,0,0,0,0,0,0,0,0,0,0,0,0,0,0,0,0,0,0,0,0,0,0,0,0,0,0,0,0,0,0,0,0,0,0,0,0,0,0,0,0,0
G500_01397,219500.0,468000.0,220000.0,468500.0,219750.0,468250.0,500,center_in_cheonan,34011110,목천읍,127.22133913708768,36.81269972726119,18.0,15,8,25,0,0,0,0,0,0,0,0,0,0,0,0,0,0,0,0,0,0,0,0,0,0,0,0,0,0,0,0,0,0,0,0,0,0,0,0,0,0,0,0,0,0,0,0,0,0,0,0
G500_01398,220000.0,468000.0,220500.0,468500.0,220250.0,468250.0,500,center_in_cheonan,34011110,목천읍,127.22694262013177,36.81268916594368,15.0,12,6,25,0,0,0,0,0,0,0,0,0,0,0,0,0,0,0,0,0,0,0,0,0,0,0,0,0,0,0,0,0,0,0,0,0,0,0,0,0,0,0,0,0,0,0,0,0,0,0,0
G500_01399,220500.0,468000.0,221000.0,468500.0,220750.0,468250.0,500,center_in_cheonan,34011110,목천읍,127.23254610021988,36.812678340599184,41.0,34,18,25,0,0,0,0,0,0,0,0,0,0,0,0,0,0,0,0,0,0,0,0,0,0,0,0,0,0,0,0,0,0,0,0,0,0,0,0,0,0,0,0,0,0,0,0,0,0,0,0
G500_01400,221000.0,468000.0,221500.0,468500.0,221250.0,468250.0,500,center_in_cheonan,34011110,목천읍,127.23814957727897,36.812667251228184,38.0,32,16,25,0,0,0,0,0,0,0,0,0,0,0,0,0,0,0,0,0,0,0,0,0,0,0,0,0,0,0,0,0,0,0,0,0,0,0,0,0,0,0,0,0,0,0,0,0,0,0,0
G500_01401,221500.0,468000.0,222000.0,468500.0,221750.0,468250.0,500,center_in_cheonan,34011110,목천읍,127.24375305123611,36.8126558978311,0.0,0,0,25,0,0,0,0,0,0,0,0,0,0,0,0,0,0,0,0,0,0,0,0,0,0,0,0,0,0,0,0,0,0,0,0,0,0,0,0,0,0,0,0,0,0,0,0,0,0,0,0
G500_01402,222000.0,468000.0,222500.0,468500.0,222250.0,468250.0,500,center_in_cheonan,34011110,목천읍,127.24935652201827,36.81264428040842,0.0,0,0,25,0,0,0,0,0,0,0,0,0,0,0,0,0,0,0,0,0,0,0,0,0,0,0,0,0,0,0,0,0,0,0,0,0,0,0,0,0,0,0,0,0,0,0,0,0,0,0,0
G500_01403,222500.0,468000.0,223000.0,468500.0,222750.0,468250.0,500,center_in_cheonan,34011110,목천읍,127.2549599895525,36.81263239896059,0.0,0,0,25,0,0,0,0,0,0,0,0,0,0,0,0,0,0,0,0,0,0,0,0,0,0,0,0,0,0,0,0,0,0,0,0,0,0,0,0,0,0,0,0,0,0,0,0,0,0,0,0
G500_01404,223000.0,468000.0,223500.0,468500.0,223250.0,468250.0,500,center_in_cheonan,34011330,북면,127.26056345376578,36.81262025348812,0.0,0,0,25,0,0,0,0,0,0,0,0,0,0,0,0,0,0,0,0,0,0,0,0,0,0,0,0,0,0,0,0,0,0,0,0,0,0,0,0,0,0,0,0,0,0,0,0,0,0,0,0
G500_01405,223500.0,468000.0,224000.0,468500.0,223750.0,468250.0,500,center_in_cheonan,34011330,북면,127.26616691458517,36.81260784399149,5.0,4,2,25,0,0,0,0,0,0,0,0,0,0,0,0,0,0,0,0,0,0,0,0,0,0,0,0,0,0,0,0,0,0,0,0,0,0,0,0,0,0,0,0,0,0,0,0,0,0,0,0
G500_01406,224000.0,468000.0,224500.0,468500.0,224250.0,468250.0,500,center_in_cheonan,34011330,북면,127.27177037193765,36.81259517047122,29.0,22,14,25,0,0,0,0,0,0,0,0,0,0,0,0,0,0,0,0,0,0,0,0,0,0,0,0,0,0,0,0,0,0,0,0,0,0,0,0,0,0,0,0,0,0,0,0,0,0,0,0
G500_01407,224500.0,468000.0,225000.0,468500.0,224750.0,468250.0,500,center_in_cheonan,34011330,북면,127.27737382575027,36.81258223292782,44.0,34,20,25,0,0,0,0,0,0,0,0,0,0,0,0,0,0,0,0,0,0,0,0,0,0,0,0,0,0,0,0,0,0,0,0,0,0,0,0,0,0,0,0,0,0,0,0,0,0,0,0
G500_01408,225000.0,468000.0,225500.0,468500.0,225250.0,468250.0,500,center_in_cheonan,34011330,북면,127.28297727595003,36.81256903136181,10.0,8,4,25,0,0,0,0,0,0,0,0,0,0,0,0,0,0,0,0,0,0,0,0,0,0,0,0,0,0,0,0,0,0,0,0,0,0,0,0,0,0,0,0,0,0,0,0,0,0,0,0
G500_01409,225500.0,468000.0,226000.0,468500.0,225750.0,468250.0,500,center_in_cheonan,34011330,북면,127.28858072246392,36.81255556577375,0.0,0,0,25,0,0,0,0,0,0,0,0,0,0,0,0,0,0,0,0,0,0,0,0,0,0,0,0,0,0,0,0,0,0,0,0,0,0,0,0,0,0,0,0,0,0,0,0,0,0,0,0
G500_01410,226000.0,468000.0,226500.0,468500.0,226250.0,468250.0,500,center_in_cheonan,34011330,북면,127.29418416521901,36.812541836164165,0.0,0,0,25,0,0,0,0,0,0,0,0,0,0,0,0,0,0,0,0,0,0,0,0,0,0,0,0,0,0,0,0,0,0,0,0,0,0,0,0,0,0,0,0,0,0,0,0,0,0,0,0
G500_01411,226500.0,468000.0,227000.0,468500.0,226750.0,468250.0,500,center_in_cheonan,34011360,병천면,127.29978760414228,36.81252784253365,0.0,0,0,25,0,0,0,0,0,0,0,0,0,0,0,0,0,0,0,0,0,0,0,0,0,0,0,0,0,0,0,0,0,0,0,0,0,0,0,0,0,0,0,0,0,0,0,0,0,0,0,0
G500_01412,227000.0,468000.0,227500.0,468500.0,227250.0,468250.0,500,center_in_cheonan,34011360,병천면,127.30539103916078,36.81251358488275,0.0,0,0,25,0,0,0,0,0,0,0,0,0,0,0,0,0,0,0,0,0,0,0,0,0,0,0,0,0,0,0,0,0,0,0,0,0,0,0,0,0,0,0,0,0,0,0,0,0,0,0,0
G500_01413,227500.0,468000.0,228000.0,468500.0,227750.0,468250.0,500,center_in_cheonan,34011360,병천면,127.3109944702015,36.812499063212044,18.0,14,8,25,0,0,0,0,0,0,0,0,0,0,0,0,0,0,0,0,0,0,0,0,0,0,0,0,0,0,0,0,0,0,0,0,0,0,0,0,0,0,0,0,0,0,0,0,0,0,0,0
G500_01414,228000.0,468000.0,228500.0,468500.0,228250.0,468250.0,500,center_in_cheonan,34011360,병천면,127.3165978971915,36.81248427752214,76.0,58,37,25,0,0,0,0,0,0,0,0,0,0,0,0,0,0,0,0,0,0,0,0,0,0,0,0,0,0,0,0,0,0,0,0,1,0,0,0,1,0,0,0,0,0,0,0,0,0,0,0
G500_01415,228500.0,468000.0,229000.0,468500.0,228750.0,468250.0,500,center_in_cheonan,34011360,병천면,127.32220132005776,36.81246922781364,5.0,4,2,25,0,0,0,0,0,0,0,0,0,0,0,0,0,0,0,0,0,0,0,0,0,0,0,0,0,0,0,0,0,0,0,0,0,0,0,0,0,0,0,0,0,0,0,0,0,0,0,0
G500_01416,229000.0,468000.0,229500.0,468500.0,229250.0,468250.0,500,center_in_cheonan,34011360,병천면,127.3278047387273,36.81245391408716,5.0,4,2,25,0,0,0,0,0,0,0,0,0,0,0,0,0,0,0,0,0,0,0,0,0,0,0,0,0,0,0,0,0,0,0,0,0,0,0,0,0,0,0,0,0,0,0,0,0,0,0,0
G500_01417,229500.0,468000.0,230000.0,468500.0,229750.0,468250.0,500,center_in_cheonan,34011360,병천면,127.33340815312715,36.812438336343305,53.0,42,24,25,0,0,0,0,0,0,0,0,0,0,0,0,0,0,0,0,0,0,0,0,0,0,0,0,0,0,0,0,0,0,0,0,0,0,0,0,0,0,0,0,0,0,0,0,0,0,0,0
G500_01418,230000.0,468000.0,230500.0,468500.0,230250.0,468250.0,500,center_in_cheonan,34011360,병천면,127.33901156318436,36.81242249458274,21.0,16,10,25,0,0,0,0,0,0,0,0,0,0,0,0,0,0,0,0,0,0,0,0,0,0,0,0,0,0,0,0,0,0,0,0,0,0,0,0,0,0,0,0,0,0,0,0,0,0,0,0
G500_01419,230500.0,468000.0,231000.0,468500.0,230750.0,468250.0,500,center_in_cheonan,34011360,병천면,127.34461496882591,36.812406388806096,0.0,0,0,25,0,0,0,0,0,0,0,0,0,0,0,0,0,0,0,0,0,0,0,0,0,0,0,0,0,0,0,0,0,0,0,0,0,0,0,0,0,0,0,0,0,0,0,0,0,0,0,0
G500_01420,231000.0,468000.0,231500.0,468500.0,231250.0,468250.0,500,center_in_cheonan,34011360,병천면,127.35021836997883,36.812390019014046,0.0,0,0,25,0,0,0,0,0,0,0,0,0,0,0,0,0,0,0,0,0,0,0,0,0,0,0,0,0,0,0,0,0,0,0,0,0,0,0,0,0,0,0,0,0,0,0,0,0,0,0,0
G500_01421,231500.0,468000.0,232000.0,468500.0,231750.0,468250.0,500,center_in_cheonan,34011370,동면,127.35582176657017,36.81237338520724,0.0,0,0,25,0,0,0,0,0,0,0,0,0,0,0,0,0,0,0,0,0,0,0,0,0,0,0,0,0,0,0,0,0,0,0,0,0,0,0,0,0,0,0,0,0,0,0,0,0,0,0,0
G500_01422,232000.0,468000.0,232500.0,468500.0,232250.0,468250.0,500,center_in_cheonan,34011370,동면,127.36142515852691,36.81235648738635,5.0,3,2,25,0,0,0,0,0,0,0,0,0,0,0,0,0,0,0,0,0,0,0,0,0,0,0,0,0,0,0,0,0,0,0,0,0,0,0,0,0,0,0,0,0,0,0,0,0,0,0,0
G500_01423,232500.0,468000.0,233000.0,468500.0,232750.0,468250.0,500,center_in_cheonan,34011370,동면,127.36702854577611,36.812339325552095,28.0,17,11,25,0,0,0,0,0,0,0,0,0,0,0,0,0,0,0,0,0,0,0,0,0,0,0,0,0,0,0,0,0,0,0,0,0,0,0,0,0,0,0,0,0,0,0,0,0,0,0,0
G500_01424,233000.0,468000.0,233500.0,468500.0,233250.0,468250.0,500,center_in_cheonan,34011370,동면,127.37263192824477,36.81232189970516,5.0,3,2,25,0,0,0,0,0,0,0,0,0,0,0,0,0,0,0,0,0,0,0,0,0,0,0,0,0,0,0,0,0,0,0,0,0,0,0,0,0,0,0,0,0,0,0,0,0,0,0,0
G500_01425,233500.0,468000.0,234000.0,468500.0,233750.0,468250.0,500,center_in_cheonan,34011370,동면,127.3782353058599,36.81230420984625,69.0,44,26,23,0,0,0,0,0,0,0,0,0,0,0,0,0,0,0,0,0,0,0,0,0,0,0,0,0,0,0,0,0,0,0,0,0,0,0,0,0,0,0,0,0,0,0,0,0,0,0,0
G500_01426,209000.0,468500.0,209500.0,469000.0,209250.0,468750.0,500,center_in_cheonan,34012630,불당2동,127.1036715152759,36.81736606916992,7116.0,7423,2863,25,0,0,0,2,2,1,0,1,1,1,0,0,0,0,0,0,0,0,0,1,1,0,0,0,0,0,0,0,0,0,1,1,0,0,0,0,0,0,0,0,0,0,0,0,0,0,0,0
G500_01427,209500.0,468500.0,210000.0,469000.0,209750.0,468750.0,500,center_in_cheonan,34012630,불당2동,127.10927537195023,36.81736105168448,2102.0,2190,844,25,0,0,0,4,4,0,0,0,0,0,0,0,1,0,0,0,0,0,1,0,0,0,0,0,0,0,0,1,0,1,1,1,36,2,0,0,0,0,0,20,0,0,1,6,1,6,8,8
G500_01428,210000.0,468500.0,210500.0,469000.0,210250.0,468750.0,500,center_in_cheonan,34012580,백석동,127.11487922720094,36.817355770122255,558.0,569,218,25,0,0,0,3,3,0,0,0,0,0,0,0,1,0,1,0,0,0,0,0,0,0,0,0,0,0,0,1,1,0,0,0,1,0,1,0,0,0,0,0,0,0,0,0,0,0,0,0
G500_01429,210500.0,468500.0,211000.0,469000.0,210750.0,468750.0,500,center_in_cheonan,34012580,백석동,127.12048308095505,36.81735022448347,2662.0,2714,1039,25,0,0,0,0,0,1,0,1,0,0,0,0,0,0,0,0,0,0,0,0,0,0,0,0,0,0,0,0,0,0,0,0,0,0,0,0,0,0,0,0,0,0,0,0,0,0,0,0
G500_01430,211000.0,468500.0,211500.0,469000.0,211250.0,468750.0,500,center_in_cheonan,34011550,봉명동,127.12608693313953,36.81734441476835,1009.0,1028,396,25,0,0,0,0,0,0,0,0,0,0,0,0,0,0,0,0,0,0,0,0,0,0,0,0,0,0,0,0,0,0,0,0,0,0,0,0,0,0,0,0,0,0,0,0,0,0,0,0
G500_01431,211500.0,468500.0,212000.0,469000.0,211750.0,468750.0,500,center_in_cheonan,34012510,성정1동,127.13169078368136,36.81733834097712,2711.0,2669,1499,25,0,0,0,5,5,0,0,0,0,0,0,0,0,0,0,0,0,0,0,2,0,0,0,0,2,0,0,0,0,0,1,1,0,0,0,0,0,0,0,0,0,0,0,0,0,0,0,0
G500_01432,212000.0,468500.0,212500.0,469000.0,212250.0,468750.0,500,center_in_cheonan,34012510,성정1동,127.13729463250756,36.81733200311006,4256.0,4029,2406,25,0,0,0,7,7,0,0,0,0,0,0,0,0,0,0,0,0,0,0,1,0,0,0,0,1,0,0,0,0,0,1,1,2,1,0,0,0,0,0,0,0,0,0,0,0,1,0,0
G500_01433,212500.0,468500.0,213000.0,469000.0,212750.0,468750.0,500,center_in_cheonan,34012510,성정1동,127.14289847954512,36.81732540116738,2986.0,2814,1714,25,0,0,0,3,3,0,0,0,2,1,1,0,0,0,0,0,0,0,0,2,0,0,0,0,2,0,0,1,0,1,2,2,0,0,0,0,0,0,0,0,0,0,0,0,0,0,0,0
G500_01434,213000.0,468500.0,213500.0,469000.0,213250.0,468750.0,500,center_in_cheonan,34012510,성정1동,127.14850232472105,36.8173185351494,1990.0,1818,1011,25,0,0,0,3,3,0,0,0,0,0,0,0,1,0,0,1,0,0,0,0,0,0,0,0,0,0,0,0,0,0,1,1,1,0,0,0,0,0,0,1,0,0,0,0,0,0,1,1
G500_01435,213500.0,468500.0,214000.0,469000.0,213750.0,468750.0,500,center_in_cheonan,34011590,신안동,127.1541061679623,36.81731140505637,2433.0,1929,1051,25,1,0,1,10,10,3,1,2,0,0,0,0,0,0,0,0,0,0,0,1,0,1,0,0,0,0,0,0,0,0,1,1,49,0,0,0,0,0,0,29,0,0,0,15,0,5,7,7
G500_01436,214000.0,468500.0,214500.0,469000.0,214250.0,468750.0,500,center_in_cheonan,34011590,신안동,127.15971000919593,36.8173040108886,4851.0,3788,2085,25,1,0,1,9,9,0,0,0,0,0,0,0,3,1,1,1,0,0,0,1,0,0,0,0,1,0,0,1,0,1,2,2,36,1,0,0,0,0,0,20,0,0,1,8,0,6,8,8
G500_01437,214500.0,468500.0,215000.0,469000.0,214750.0,468750.0,500,center_in_cheonan,34011590,신안동,127.16531384834889,36.817296352646366,3863.0,3016,1659,25,0,0,0,4,4,0,0,0,0,0,0,0,0,0,0,0,0,0,0,1,0,0,1,0,0,0,0,0,0,0,0,0,0,0,0,0,0,0,0,0,0,0,0,0,0,0,0,0
G500_01438,215000.0,468500.0,215500.0,469000.0,215250.0,468750.0,500,center_in_cheonan,34011530,원성1동,127.17091768534817,36.817288430329995,147.0,130,70,25,0,0,0,0,0,0,0,0,0,0,0,0,0,0,0,0,0,0,0,0,0,0,0,0,0,0,0,0,0,0,0,0,0,0,0,0,0,0,0,0,0,0,0,0,0,0,0,0
G500_01439,215500.0,468500.0,216000.0,469000.0,215750.0,468750.0,500,center_in_cheonan,34011530,원성1동,127.1765215201208,36.81728024393983,539.0,484,260,25,0,0,0,0,0,0,0,0,0,0,0,0,0,0,0,0,0,0,0,0,0,0,0,0,0,0,0,0,0,0,0,0,0,0,0,0,0,0,0,0,0,0,0,0,0,0,0,0
G500_01440,216000.0,468500.0,216500.0,469000.0,216250.0,468750.0,500,center_in_cheonan,34011530,원성1동,127.18212535259376,36.81727179347617,379.0,341,183,25,0,0,0,2,2,0,0,0,0,0,0,0,0,0,0,0,0,0,0,0,0,0,0,0,0,0,0,0,0,0,0,0,0,0,0,0,0,0,0,0,0,0,0,0,0,0,0,0
G500_01441,216500.0,468500.0,217000.0,469000.0,216750.0,468750.0,500,center_in_cheonan,34011530,원성1동,127.18772918269407,36.81726307893938,121.0,109,58,25,0,0,0,0,0,0,0,0,0,0,0,0,0,0,0,0,0,0,0,0,0,0,0,0,0,0,0,0,0,0,0,0,0,0,0,0,0,0,0,0,0,0,0,0,0,0,0,0
G500_01442,217000.0,468500.0,217500.0,469000.0,217250.0,468750.0,500,center_in_cheonan,34011530,원성1동,127.19333301034867,36.81725410032982,0.0,0,0,25,0,0,0,0,0,0,0,0,0,0,0,0,0,0,0,0,0,0,0,0,0,0,0,0,0,0,0,0,0,0,0,0,0,0,0,0,0,0,0,0,0,0,0,0,0,0,0,0
G500_01443,217500.0,468500.0,218000.0,469000.0,217750.0,468750.0,500,center_in_cheonan,34011530,원성1동,127.19893683548462,36.81724485764785,0.0,0,0,25,0,0,0,0,0,0,0,0,0,0,0,0,0,0,0,0,0,0,0,0,0,0,0,0,0,0,0,0,0,0,0,0,0,0,0,0,0,0,0,0,0,0,0,0,0,0,0,0
G500_01444,218000.0,468500.0,218500.0,469000.0,218250.0,468750.0,500,center_in_cheonan,34011110,목천읍,127.20454065802886,36.817235350893846,0.0,0,0,25,0,0,0,0,0,0,0,0,0,0,0,0,0,0,0,0,0,0,0,0,0,0,0,0,0,0,0,0,0,0,0,0,0,0,0,0,0,0,0,0,0,0,0,0,0,0,0,0
G500_01445,218500.0,468500.0,219000.0,469000.0,218750.0,468750.0,500,center_in_cheonan,34011110,목천읍,127.21014447790846,36.817225580068204,0.0,0,0,25,0,0,0,0,0,0,0,0,0,0,0,0,0,0,0,0,0,0,0,0,0,0,0,0,0,0,0,0,0,0,0,0,0,0,0,0,0,0,0,0,0,0,0,0,0,0,0,0
G500_01446,219000.0,468500.0,219500.0,469000.0,219250.0,468750.0,500,center_in_cheonan,34011110,목천읍,127.21574829505032,36.8172155451713,18.0,15,8,25,0,0,0,0,0,0,0,0,0,0,0,0,0,0,0,0,0,0,0,0,0,0,0,0,0,0,0,0,0,0,0,0,0,0,0,0,0,0,0,0,0,0,0,0,0,0,0,0
G500_01447,219500.0,468500.0,220000.0,469000.0,219750.0,468750.0,500,center_in_cheonan,34011110,목천읍,127.22135210938151,36.81720524620358,57.0,48,26,25,0,0,0,0,0,0,0,0,0,0,0,0,0,0,0,0,0,0,0,0,0,0,0,0,0,0,0,0,0,0,0,0,0,0,0,0,0,0,0,0,0,0,0,0,0,0,0,0
G500_01448,220000.0,468500.0,220500.0,469000.0,220250.0,468750.0,500,center_in_cheonan,34011110,목천읍,127.22695592082904,36.81719468316543,28.0,24,12,25,0,0,0,0,0,0,0,0,0,0,0,0,0,0,0,0,0,0,0,0,0,0,0,0,0,0,0,0,0,0,0,0,1,0,0,0,1,0,0,0,0,0,0,0,0,0,0,0
G500_01449,220500.0,468500.0,221000.0,469000.0,220750.0,468750.0,500,center_in_cheonan,34011110,목천읍,127.23255972931986,36.81718385605732,5.0,4,2,25,0,0,0,0,0,0,0,0,0,0,0,0,0,0,0,0,0,0,0,0,0,0,0,0,0,0,0,0,0,0,0,0,0,0,0,0,0,0,0,0,0,0,0,0,0,0,0,0
G500_01450,221000.0,468500.0,221500.0,469000.0,221250.0,468750.0,500,center_in_cheonan,34011110,목천읍,127.238163534781,36.81717276487965,5.0,4,2,25,0,0,0,0,0,0,0,0,0,0,0,0,0,0,0,0,0,0,0,0,0,0,0,0,0,0,0,0,0,0,0,0,0,0,0,0,0,0,0,0,0,0,0,0,0,0,0,0
G500_01451,221500.0,468500.0,222000.0,469000.0,221750.0,468750.0,500,center_in_cheonan,34011110,목천읍,127.24376733713945,36.817161409632895,0.0,0,0,25,0,0,0,0,0,0,0,0,0,0,0,0,0,0,0,0,0,0,0,0,0,0,0,0,0,0,0,0,0,0,0,0,0,0,0,0,0,0,0,0,0,0,0,0,0,0,0,0
G500_01452,222000.0,468500.0,222500.0,469000.0,222250.0,468750.0,500,center_in_cheonan,34011330,북면,127.24937113632217,36.81714979031753,0.0,0,0,25,0,0,0,0,0,0,0,0,0,0,0,0,0,0,0,0,0,0,0,0,0,0,0,0,0,0,0,0,0,0,0,0,0,0,0,0,0,0,0,0,0,0,0,0,0,0,0,0
G500_01453,222500.0,468500.0,223000.0,469000.0,222750.0,468750.0,500,center_in_cheonan,34011330,북면,127.25497493225622,36.817137906934,0.0,0,0,25,0,0,0,0,0,0,0,0,0,0,0,0,0,0,0,0,0,0,0,0,0,0,0,0,0,0,0,0,0,0,0,0,0,0,0,0,0,0,0,0,0,0,0,0,0,0,0,0
G500_01454,223000.0,468500.0,223500.0,469000.0,223250.0,468750.0,500,center_in_cheonan,34011330,북면,127.26057872486858,36.81712575948281,0.0,0,0,25,0,0,0,0,0,0,0,0,0,0,0,0,0,0,0,0,0,0,0,0,0,0,0,0,0,0,0,0,0,0,0,0,0,0,0,0,0,0,0,0,0,0,0,0,0,0,0,0
G500_01455,223500.0,468500.0,224000.0,469000.0,223750.0,468750.0,500,center_in_cheonan,34011330,북면,127.26618251408625,36.81711334796445,10.0,8,4,25,0,0,0,0,0,0,0,0,0,0,0,0,0,0,0,0,0,0,0,0,0,0,0,0,0,0,0,0,0,0,0,0,0,0,0,0,0,0,0,0,0,0,0,0,0,0,0,0
G500_01456,224000.0,468500.0,224500.0,469000.0,224250.0,468750.0,500,center_in_cheonan,34011330,북면,127.2717862998362,36.81710067237945,34.0,26,16,25,0,0,0,0,0,0,0,0,0,0,0,0,0,0,0,0,0,0,0,0,0,0,0,0,0,0,0,0,0,0,0,0,0,0,0,0,0,0,0,0,0,0,0,0,0,0,0,0
G500_01457,224500.0,468500.0,225000.0,469000.0,224750.0,468750.0,500,center_in_cheonan,34011330,북면,127.27739008204547,36.8170877327283,5.0,4,2,25,0,0,0,0,0,0,0,0,0,0,0,0,0,0,0,0,0,0,0,0,0,0,0,0,0,0,0,0,0,0,0,0,0,0,0,0,0,0,0,0,0,0,0,0,0,0,0,0
G500_01458,225000.0,468500.0,225500.0,469000.0,225250.0,468750.0,500,center_in_cheonan,34011330,북면,127.28299386064104,36.817074529011535,5.0,4,2,25,0,0,0,0,0,0,0,0,0,0,0,0,0,0,0,0,0,0,0,0,0,0,0,0,0,0,0,0,0,0,0,0,0,0,0,0,0,0,0,0,0,0,0,0,0,0,0,0
G500_01459,225500.0,468500.0,226000.0,469000.0,225750.0,468750.0,500,center_in_cheonan,34011330,북면,127.28859763554993,36.81706106122968,0.0,0,0,25,0,0,0,0,0,0,0,0,0,0,0,0,0,0,0,0,0,0,0,0,0,0,0,0,0,0,0,0,0,0,0,0,0,0,0,0,0,0,0,0,0,0,0,0,0,0,0,0
G500_01460,226000.0,468500.0,226500.0,469000.0,226250.0,468750.0,500,center_in_cheonan,34011330,북면,127.29420140669912,36.817047329383314,0.0,0,0,25,0,0,0,0,0,0,0,0,0,0,0,0,0,0,0,0,0,0,0,0,0,0,0,0,0,0,0,0,0,0,0,0,0,0,0,0,0,0,0,0,0,0,0,0,0,0,0,0
G500_01461,226500.0,468500.0,227000.0,469000.0,226750.0,468750.0,500,center_in_cheonan,34011360,병천면,127.29980517401565,36.81703333347299,0.0,0,0,25,0,0,0,0,0,0,0,0,0,0,0,0,0,0,0,0,0,0,0,0,0,0,0,0,0,0,0,0,0,0,0,0,0,0,0,0,0,0,0,0,0,0,0,0,0,0,0,0
G500_01462,227000.0,468500.0,227500.0,469000.0,227250.0,468750.0,500,center_in_cheonan,34011360,병천면,127.30540893742646,36.817019073499274,0.0,0,0,25,0,0,0,0,0,0,0,0,0,0,0,0,0,0,0,0,0,0,0,0,0,0,0,0,0,0,0,0,0,0,0,0,0,0,0,0,0,0,0,0,0,0,0,0,0,0,0,0
G500_01463,227500.0,468500.0,228000.0,469000.0,227750.0,468750.0,500,center_in_cheonan,34011360,병천면,127.3110126968586,36.81700454946274,0.0,0,0,25,0,0,0,0,0,0,0,0,0,0,0,0,0,0,0,0,0,0,0,0,0,0,0,0,0,0,0,0,0,0,0,0,0,0,0,0,0,0,0,0,0,0,0,0,0,0,0,0
G500_01464,228000.0,468500.0,228500.0,469000.0,228250.0,468750.0,500,center_in_cheonan,34011360,병천면,127.31661645223905,36.816989761364,30.0,24,12,25,0,0,0,0,0,0,0,0,0,0,0,0,0,0,0,0,0,0,0,0,0,0,0,0,0,0,0,0,0,0,0,0,0,0,0,0,0,0,0,0,0,0,0,0,0,0,0,0
G500_01465,228500.0,468500.0,229000.0,469000.0,228750.0,468750.0,500,center_in_cheonan,34011360,병천면,127.32222020349484,36.81697470920364,23.0,18,10,25,0,0,0,0,0,0,0,0,0,0,0,0,0,0,0,0,0,0,0,0,0,0,0,0,0,0,0,0,0,0,0,0,0,0,0,0,0,0,0,0,0,0,0,0,0,0,0,0
G500_01466,229000.0,468500.0,229500.0,469000.0,229250.0,468750.0,500,center_in_cheonan,34011360,병천면,127.32782395055293,36.816959392982284,0.0,0,0,25,0,0,0,0,0,0,0,0,0,0,0,0,0,0,0,0,0,0,0,0,0,0,0,0,0,0,0,0,0,0,0,0,0,0,0,0,0,0,0,0,0,0,0,0,0,0,0,0
G500_01467,229500.0,468500.0,230000.0,469000.0,229750.0,468750.0,500,center_in_cheonan,34011360,병천면,127.33342769334034,36.816943812700565,0.0,0,0,25,0,0,0,0,0,0,0,0,0,0,0,0,0,0,0,0,0,0,0,0,0,0,0,0,0,0,0,0,0,0,0,0,0,0,0,0,0,0,0,0,0,0,0,0,0,0,0,0
G500_01468,230000.0,468500.0,230500.0,469000.0,230250.0,468750.0,500,center_in_cheonan,34011360,병천면,127.33903143178412,36.81692796835911,39.0,30,18,25,0,0,0,0,0,0,0,0,0,0,0,0,0,0,0,0,0,0,0,0,0,0,0,0,0,0,0,0,0,0,0,0,0,0,0,0,0,0,0,0,0,0,0,0,0,0,0,0
G500_01469,230500.0,468500.0,231000.0,469000.0,230750.0,468750.0,500,center_in_cheonan,34011360,병천면,127.3446351658112,36.81691185995857,10.0,8,4,25,0,0,0,0,0,0,0,0,0,0,0,0,0,0,0,0,0,0,0,0,0,0,0,0,0,0,0,0,0,0,0,0,0,0,0,0,0,0,0,0,0,0,0,0,0,0,0,0
G500_01470,231000.0,468500.0,231500.0,469000.0,231250.0,468750.0,500,center_in_cheonan,34011360,병천면,127.35023889534862,36.81689548749959,0.0,0,0,25,0,0,0,0,0,0,0,0,0,0,0,0,0,0,0,0,0,0,0,0,0,0,0,0,0,0,0,0,0,0,0,0,0,0,0,0,0,0,0,0,0,0,0,0,0,0,0,0
G500_01471,231500.0,468500.0,232000.0,469000.0,231750.0,468750.0,500,center_in_cheonan,34011370,동면,127.35584262032341,36.81687885098286,0.0,0,0,25,0,0,0,0,0,0,0,0,0,0,0,0,0,0,0,0,0,0,0,0,0,0,0,0,0,0,0,0,0,0,0,0,0,0,0,0,0,0,0,0,0,0,0,0,0,0,0,0
G500_01472,232000.0,468500.0,232500.0,469000.0,232250.0,468750.0,500,center_in_cheonan,34011370,동면,127.36144634066255,36.81686195040905,55.0,34,19,25,0,0,0,0,0,0,0,0,0,0,0,0,0,0,0,0,0,0,0,0,0,0,0,0,0,0,0,0,0,0,0,0,0,0,0,0,0,0,0,0,0,0,0,0,0,0,0,0
G500_01473,232500.0,468500.0,233000.0,469000.0,232750.0,468750.0,500,center_in_cheonan,34011370,동면,127.36705005629305,36.81684478577884,23.0,15,9,15,0,0,0,0,0,0,0,0,0,0,0,0,0,0,0,0,0,0,0,0,0,0,0,0,0,0,0,0,0,0,0,0,0,0,0,0,0,0,0,0,0,0,0,0,0,0,0,0
G500_01474,209000.0,469000.0,209500.0,469500.0,209250.0,469250.0,500,center_in_cheonan,34012630,불당2동,127.10367759232108,36.821871610886355,6829.0,7126,2746,23,0,0,0,1,1,0,0,0,2,1,1,0,0,0,0,0,0,0,0,1,1,0,0,0,0,0,0,0,0,0,0,0,0,0,0,0,0,0,0,0,0,0,0,0,0,0,0,0
G500_01475,209500.0,469000.0,210000.0,469500.0,209750.0,469250.0,500,center_in_cheonan,34012630,불당2동,127.10928177748225,36.82186659258352,4413.0,4605,1774,25,0,0,0,8,8,0,0,0,0,0,0,0,0,0,0,0,0,0,0,1,1,0,0,0,0,0,0,0,0,0,0,0,6,2,0,0,0,0,0,1,0,0,0,1,1,1,3,3
G500_01476,210000.0,469000.0,210500.0,469500.0,210250.0,469250.0,500,center_in_cheonan,34012580,백석동,127.11488596121949,36.82186131016086,164.0,166,64,25,0,0,0,1,1,0,0,0,1,1,0,0,1,0,0,0,0,1,0,0,0,0,0,0,0,0,0,1,0,1,1,1,0,0,0,0,0,0,0,0,0,0,0,0,0,0,0,0
G500_01477,210500.0,469000.0,211000.0,469500.0,210750.0,469250.0,500,center_in_cheonan,34012580,백석동,127.12049014345976,36.82185576361864,5684.0,5795,2218,25,0,0,0,1,1,0,0,0,2,1,1,0,0,0,0,0,0,0,0,3,0,0,0,0,3,0,0,0,0,0,0,0,13,0,0,0,0,0,1,8,0,0,0,2,0,2,3,3
G500_01478,211000.0,469000.0,211500.0,469500.0,211250.0,469250.0,500,center_in_cheonan,34012580,백석동,127.12609432413002,36.82184995295705,2644.0,2697,1033,25,0,0,0,3,3,0,0,0,0,0,0,0,0,0,0,0,0,0,0,1,1,0,0,0,0,0,0,0,0,0,7,7,3,0,0,0,0,0,1,2,0,0,0,0,0,0,1,1
G500_01479,211500.0,469000.0,212000.0,469500.0,211750.0,469250.0,500,center_in_cheonan,34012520,성정2동,127.13169850315731,36.821843878176345,3048.0,2734,1983,25,0,0,0,4,4,0,0,0,0,0,0,0,0,0,0,0,0,0,0,1,0,0,0,0,1,0,0,0,0,0,2,2,1,0,0,0,0,0,1,0,0,0,0,0,0,0,0,0
G500_01480,212000.0,469000.0,212500.0,469500.0,212250.0,469250.0,500,center_in_cheonan,34012520,성정2동,127.13730268046855,36.82183753927677,4025.0,3607,2620,25,0,0,0,8,8,0,0,0,2,1,1,0,0,0,0,0,0,0,0,3,0,0,0,0,3,0,0,1,0,1,0,0,6,1,0,0,0,0,0,2,0,0,0,0,0,3,3,3
G500_01481,212500.0,469000.0,213000.0,469500.0,212750.0,469250.0,500,center_in_cheonan,34012520,성정2동,127.14290685599074,36.821830936258564,4728.0,4238,3076,25,1,0,1,9,9,0,0,0,2,2,0,0,0,0,0,0,0,0,0,1,0,0,0,0,1,0,0,0,0,0,2,2,0,0,0,0,0,0,0,0,0,0,0,0,0,0,0,0
G500_01482,213000.0,469000.0,213500.0,469500.0,213250.0,469250.0,500,center_in_cheonan,34012520,성정2동,127.14851102965083,36.82182406912204,2269.0,1777,984,25,0,0,0,1,1,0,0,0,0,0,0,0,2,0,1,0,0,1,0,2,0,0,0,0,1,0,1,0,0,0,0,0,0,0,0,0,0,0,0,0,0,0,0,0,0,0,0,0
G500_01483,213500.0,469000.0,214000.0,469500.0,213750.0,469250.0,500,center_in_cheonan,34011590,신안동,127.15411520137584,36.82181693786744,5139.0,4013,2206,25,2,0,2,6,6,0,0,0,1,1,0,0,0,0,0,0,0,0,0,1,0,0,0,0,1,0,0,0,0,0,0,0,16,0,0,0,0,0,0,10,0,0,0,2,0,4,5,5
G500_01484,214000.0,469000.0,214500.0,469500.0,214250.0,469250.0,500,center_in_cheonan,34011590,신안동,127.15971937109276,36.821809542495075,4194.0,3274,1799,25,0,0,0,10,10,0,0,0,2,1,1,0,1,0,0,0,0,0,1,4,1,0,0,0,3,0,0,0,0,0,1,1,7,1,0,0,0,0,0,2,0,0,0,4,0,0,4,4
G500_01485,214500.0,469000.0,215000.0,469500.0,214750.0,469250.0,500,center_in_cheonan,34011590,신안동,127.16532353872852,36.821801883005236,167.0,130,71,25,0,0,0,1,1,0,0,0,0,0,0,0,0,0,0,0,0,0,0,0,0,0,0,0,0,0,0,0,0,0,0,0,0,0,0,0,0,0,0,0,0,0,0,0,0,0,0,0
G500_01486,215000.0,469000.0,215500.0,469500.0,215250.0,469250.0,500,center_in_cheonan,34011590,신안동,127.1709277042101,36.82179395939824,5.0,4,2,25,0,0,0,0,0,0,0,0,0,0,0,0,0,0,0,0,0,0,0,0,0,0,0,0,0,0,0,0,0,0,0,0,0,0,0,0,0,0,0,0,0,0,0,0,0,0,0,0
G500_01487,215500.0,469000.0,216000.0,469500.0,215750.0,469250.0,500,center_in_cheonan,34011530,원성1동,127.17653186746453,36.82178577167442,0.0,0,0,25,0,0,0,0,0,0,0,0,0,0,0,0,0,0,0,0,0,0,0,0,0,0,0,0,0,0,0,0,0,0,0,0,0,0,0,0,0,0,0,0,0,0,0,0,0,0,0,0
G500_01488,216000.0,469000.0,216500.0,469500.0,216250.0,469250.0,500,center_in_cheonan,34011530,원성1동,127.18213602841877,36.8217773198341,0.0,0,0,25,0,0,0,0,0,0,0,0,0,0,0,0,0,0,0,0,0,0,0,0,0,0,0,0,0,0,0,0,0,0,0,0,0,0,0,0,0,0,0,0,0,0,0,0,0,0,0,0
G500_01489,216500.0,469000.0,217000.0,469500.0,216750.0,469250.0,500,center_in_cheonan,34011530,원성1동,127.18774018699976,36.82176860387762,86.0,77,41,25,0,0,0,0,0,0,0,0,0,0,0,0,1,0,0,0,1,0,0,1,1,0,0,0,0,0,0,0,0,0,1,1,0,0,0,0,0,0,0,0,0,0,0,0,0,0,0,0
G500_01490,217000.0,469000.0,217500.0,469500.0,217250.0,469250.0,500,center_in_cheonan,34011530,원성1동,127.19334434313451,36.82175962380535,0.0,0,0,25,0,0,0,0,0,0,0,0,0,0,0,0,1,0,0,0,0,1,0,0,0,0,0,0,0,0,0,0,0,0,0,0,0,0,0,0,0,0,0,0,0,0,0,0,0,0,0,0
G500_01491,217500.0,469000.0,218000.0,469500.0,217750.0,469250.0,500,center_in_cheonan,34011530,원성1동,127.19894849675003,36.82175037961765,0.0,0,0,25,0,0,0,0,0,0,0,0,0,0,0,0,0,0,0,0,0,0,0,0,0,0,0,0,0,0,0,0,0,0,0,0,0,0,0,0,0,0,0,0,0,0,0,0,0,0,0,0
G500_01492,218000.0,469000.0,218500.0,469500.0,218250.0,469250.0,500,center_in_cheonan,34011110,목천읍,127.20455264777326,36.82174087131489,0.0,0,0,25,0,0,0,0,0,0,0,0,0,0,0,0,0,0,0,0,0,0,0,0,0,0,0,0,0,0,0,0,0,0,0,0,0,0,0,0,0,0,0,0,0,0,0,0,0,0,0,0
G500_01493,218500.0,469000.0,219000.0,469500.0,218750.0,469250.0,500,center_in_cheonan,34011110,목천읍,127.21015679613119,36.82173109889748,0.0,0,0,25,0,0,0,0,0,0,0,0,0,0,0,0,0,0,0,0,0,0,0,0,0,0,0,0,0,0,0,0,0,0,0,0,0,0,0,0,0,0,0,0,0,0,0,0,0,0,0,0
G500_01494,219000.0,469000.0,219500.0,469500.0,219250.0,469250.0,500,center_in_cheonan,34011110,목천읍,127.21576094175079,36.821721062365796,8.0,7,4,25,0,0,0,0,0,0,0,0,0,0,0,0,0,0,0,0,0,0,0,0,0,0,0,0,0,0,0,0,0,0,0,0,0,0,0,0,0,0,0,0,0,0,0,0,0,0,0,0
G500_01495,219500.0,469000.0,220000.0,469500.0,219750.0,469250.0,500,center_in_cheonan,34011110,목천읍,127.22136508455907,36.82171076172026,0.0,0,0,25,0,0,0,0,0,0,0,0,0,0,0,0,0,0,0,0,0,0,0,0,0,0,0,0,0,0,0,0,0,0,0,0,0,0,0,0,0,0,0,0,0,0,0,0,0,0,0,0
G500_01496,220000.0,469000.0,220500.0,469500.0,220250.0,469250.0,500,center_in_cheonan,34011110,목천읍,127.22696922448299,36.821700196961295,10.0,8,4,25,0,0,0,0,0,0,0,0,0,0,0,0,0,0,0,0,0,0,0,0,0,0,0,0,0,0,0,0,0,0,0,0,0,0,0,0,0,0,0,0,0,0,0,0,0,0,0,0
G500_01497,220500.0,469000.0,221000.0,469500.0,220750.0,469250.0,500,center_in_cheonan,34011110,목천읍,127.23257336144955,36.821689368089324,0.0,0,0,25,0,0,0,0,0,0,0,0,0,0,0,0,0,0,0,0,0,0,0,0,0,0,0,0,0,0,0,0,0,0,0,0,0,0,0,0,0,0,0,0,0,0,0,0,0,0,0,0
G500_01498,221000.0,469000.0,221500.0,469500.0,221250.0,469250.0,500,center_in_cheonan,34011110,목천읍,127.23817749538571,36.821678275104794,0.0,0,0,25,0,0,0,0,0,0,0,0,0,0,0,0,0,0,0,0,0,0,0,0,0,0,0,0,0,0,0,0,0,0,0,0,0,0,0,0,0,0,0,0,0,0,0,0,0,0,0,0
G500_01499,221500.0,469000.0,222000.0,469500.0,221750.0,469250.0,500,center_in_cheonan,34011110,목천읍,127.24378162621846,36.821666918008155,0.0,0,0,25,0,0,0,0,0,0,0,0,0,0,0,0,0,0,0,0,0,0,0,0,0,0,0,0,0,0,0,0,0,0,0,0,0,0,0,0,0,0,0,0,0,0,0,0,0,0,0,0
G500_01500,222000.0,469000.0,222500.0,469500.0,222250.0,469250.0,500,center_in_cheonan,34011330,북면,127.24938575387478,36.821655296799875,0.0,0,0,25,0,0,0,0,0,0,0,0,0,0,0,0,0,0,0,0,0,0,0,0,0,0,0,0,0,0,0,0,0,0,0,0,0,0,0,0,0,0,0,0,0,0,0,0,0,0,0,0
G500_01501,222500.0,469000.0,223000.0,469500.0,222750.0,469250.0,500,center_in_cheonan,34011330,북면,127.25498987828166,36.82164341148044,23.0,18,10,24,0,0,0,0,0,0,0,0,0,0,0,0,0,0,0,0,0,0,0,0,0,0,0,0,0,0,0,0,0,0,0,0,0,0,0,0,0,0,0,0,0,0,0,0,0,0,0,0
G500_01502,223000.0,469000.0,223500.0,469500.0,223250.0,469250.0,500,center_in_cheonan,34011330,북면,127.26059399936605,36.82163126205031,0.0,0,0,25,0,0,0,0,0,0,0,0,0,0,0,0,0,0,0,0,0,0,0,0,0,0,0,0,0,0,0,0,0,0,0,0,0,0,0,0,0,0,0,0,0,0,0,0,0,0,0,0
G500_01503,223500.0,469000.0,224000.0,469500.0,223750.0,469250.0,500,center_in_cheonan,34011330,북면,127.266198117055,36.82161884851,30.0,24,12,25,0,0,0,0,0,0,0,0,0,0,0,0,0,0,0,0,0,0,0,0,0,0,0,0,0,0,0,0,0,0,0,0,0,0,0,0,0,0,0,0,0,0,0,0,0,0,0,0
G500_01504,224000.0,469000.0,224500.0,469500.0,224250.0,469250.0,500,center_in_cheonan,34011330,북면,127.27180223127543,36.82160617086001,36.0,28,16,25,0,0,0,0,0,0,0,0,0,0,0,0,0,0,0,0,0,0,0,0,0,0,0,0,0,0,0,0,0,0,0,0,0,0,0,0,0,0,0,0,0,0,0,0,0,0,0,0
G500_01505,224500.0,469000.0,225000.0,469500.0,224750.0,469250.0,500,center_in_cheonan,34011330,북면,127.27740634195438,36.821593229100856,15.0,12,6,25,0,0,0,0,0,0,0,0,0,0,0,0,0,0,0,0,0,0,0,0,0,0,0,0,0,0,0,0,0,0,0,0,0,0,0,0,0,0,0,0,0,0,0,0,0,0,0,0
G500_01506,225000.0,469000.0,225500.0,469500.0,225250.0,469250.0,500,center_in_cheonan,34011330,북면,127.28301044901876,36.821580023233075,10.0,8,4,25,0,0,0,0,0,0,0,0,0,0,0,0,0,0,0,0,0,0,0,0,0,0,0,0,0,0,0,0,0,0,0,0,0,0,0,0,0,0,0,0,0,0,0,0,0,0,0,0
G500_01507,225500.0,469000.0,226000.0,469500.0,225750.0,469250.0,500,center_in_cheonan,34011330,북면,127.28861455239564,36.821566553257206,5.0,4,2,25,0,0,0,0,0,0,0,0,0,0,0,0,0,0,0,0,0,0,0,0,0,0,0,0,0,0,0,0,0,0,0,0,0,0,0,0,0,0,0,0,0,0,0,0,0,0,0,0
G500_01508,226000.0,469000.0,226500.0,469500.0,226250.0,469250.0,500,center_in_cheonan,34011330,북면,127.29421865201193,36.82155281917379,0.0,0,0,25,0,0,0,0,0,0,0,0,0,0,0,0,0,0,0,0,0,0,0,0,0,0,0,0,0,0,0,0,0,0,0,0,0,0,0,0,0,0,0,0,0,0,0,0,0,0,0,0
G500_01509,226500.0,469000.0,227000.0,469500.0,226750.0,469250.0,500,center_in_cheonan,34011360,병천면,127.29982274779466,36.821538820983385,0.0,0,0,25,0,0,0,0,0,0,0,0,0,0,0,0,0,0,0,0,0,0,0,0,0,0,0,0,0,0,0,0,0,0,0,0,0,0,0,0,0,0,0,0,0,0,0,0,0,0,0,0
G500_01510,227000.0,469000.0,227500.0,469500.0,227250.0,469250.0,500,center_in_cheonan,34011360,병천면,127.30542683967082,36.82152455868658,0.0,0,0,25,0,0,0,0,0,0,0,0,0,0,0,0,0,0,0,0,0,0,0,0,0,0,0,0,0,0,0,0,0,0,0,0,0,0,0,0,0,0,0,0,0,0,0,0,0,0,0,0
G500_01511,227500.0,469000.0,228000.0,469500.0,227750.0,469250.0,500,center_in_cheonan,34011360,병천면,127.31103092756734,36.82151003228395,13.0,10,6,25,0,0,0,0,0,0,0,0,0,0,0,0,0,0,0,0,0,0,0,0,0,0,0,0,0,0,0,0,0,0,0,0,0,0,0,0,0,0,0,0,0,0,0,0,0,0,0,0
G500_01512,228000.0,469000.0,228500.0,469500.0,228250.0,469250.0,500,center_in_cheonan,34011360,병천면,127.31663501141126,36.82149524177609,21.0,16,10,25,0,0,0,0,0,0,0,0,0,0,0,0,0,0,0,0,0,0,0,0,0,0,0,0,0,0,0,0,0,0,0,0,0,0,0,0,0,0,0,0,0,0,0,0,0,0,0,0
G500_01513,228500.0,469000.0,229000.0,469500.0,228750.0,469250.0,500,center_in_cheonan,34011360,병천면,127.32223909112957,36.8214801871636,60.0,47,28,25,0,0,0,0,0,0,0,0,0,0,0,0,0,0,0,0,0,0,0,0,0,0,0,0,0,0,0,0,0,0,0,0,0,0,0,0,0,0,0,0,0,0,0,0,0,0,0,0
G500_01514,229000.0,469000.0,229500.0,469500.0,229250.0,469250.0,500,center_in_cheonan,34011360,병천면,127.32784316664922,36.8214648684471,52.0,40,25,25,0,0,0,0,0,0,0,0,0,0,0,0,0,0,0,0,0,0,0,0,0,0,0,0,0,0,0,0,0,0,0,0,0,0,0,0,0,0,0,0,0,0,0,0,0,0,0,0
G500_01515,229500.0,469000.0,230000.0,469500.0,229750.0,469250.0,500,center_in_cheonan,34011360,병천면,127.3334472378972,36.821449285627196,0.0,0,0,25,0,0,0,0,0,0,0,0,0,0,0,0,0,0,0,0,0,0,0,0,0,0,0,0,0,0,0,0,0,0,0,0,0,0,0,0,0,0,0,0,0,0,0,0,0,0,0,0
G500_01516,230000.0,469000.0,230500.0,469500.0,230250.0,469250.0,500,center_in_cheonan,34011360,병천면,127.33905130480052,36.82143343870457,5.0,4,2,25,0,0,0,0,0,0,0,0,0,0,0,0,0,0,0,0,0,0,0,0,0,0,0,0,0,0,0,0,0,0,0,0,0,0,0,0,0,0,0,0,0,0,0,0,0,0,0,0
G500_01517,230500.0,469000.0,231000.0,469500.0,230750.0,469250.0,500,center_in_cheonan,34011360,병천면,127.34465536728615,36.821417327679804,0.0,0,0,25,0,0,0,0,0,0,0,0,0,0,0,0,0,0,0,0,0,0,0,0,0,0,0,0,0,0,0,0,0,0,0,0,0,0,0,0,0,0,0,0,0,0,0,0,0,0,0,0
G500_01518,231000.0,469000.0,231500.0,469500.0,231250.0,469250.0,500,center_in_cheonan,34011360,병천면,127.3502594252811,36.82140095255362,0.0,0,0,25,0,0,0,0,0,0,0,0,0,0,0,0,0,0,0,0,0,0,0,0,0,0,0,0,0,0,0,0,0,0,0,0,0,0,0,0,0,0,0,0,0,0,0,0,0,0,0,0
G500_01519,231500.0,469000.0,232000.0,469500.0,231750.0,469250.0,500,center_in_cheonan,34011360,병천면,127.35586347871232,36.82138431332664,0.0,0,0,24,0,0,0,0,0,0,0,0,0,0,0,0,0,0,0,0,0,0,0,0,0,0,0,0,0,0,0,0,0,0,0,0,0,0,0,0,0,0,0,0,0,0,0,0,0,0,0,0
G500_01520,209000.0,469500.0,209500.0,470000.0,209250.0,469750.0,500,center_in_cheonan,34012580,백석동,127.10368367071717,36.826377149179976,432.0,447,172,23,1,0,1,0,0,0,0,0,0,0,0,0,1,0,0,0,0,1,0,0,0,0,0,0,0,0,0,0,0,0,0,0,0,0,0,0,0,0,0,0,0,0,0,0,0,0,1,1
G500_01521,209500.0,469500.0,210000.0,470000.0,209750.0,469750.0,500,center_in_cheonan,34012580,백석동,127.10928818443821,36.82637213005963,26.0,26,10,25,0,0,0,1,1,0,0,0,0,0,0,0,0,0,0,0,0,0,0,0,0,0,0,0,0,0,0,0,0,0,0,0,0,0,0,0,0,0,0,0,0,0,0,0,0,0,0,0
G500_01522,210000.0,469500.0,210500.0,470000.0,210250.0,469750.0,500,center_in_cheonan,34012580,백석동,127.114892696735,36.826366846776466,2961.0,3018,1157,25,0,0,0,4,4,0,0,0,3,2,1,0,0,0,0,0,0,0,0,1,0,0,0,0,1,0,0,0,0,0,1,1,2,0,0,0,0,0,0,1,0,0,0,0,0,1,1,1
G500_01523,210500.0,469500.0,211000.0,470000.0,210750.0,469750.0,500,center_in_cheonan,34012580,백석동,127.12049720753446,36.826361299330685,5294.0,5398,2067,25,0,0,0,3,3,0,0,0,2,1,1,0,0,0,0,0,0,0,0,4,0,0,1,1,2,0,0,0,0,0,0,0,0,0,0,0,0,0,0,0,0,0,0,0,0,0,0,0
G500_01524,211000.0,469500.0,211500.0,470000.0,211250.0,469750.0,500,center_in_cheonan,34012580,백석동,127.12610171676356,36.82635548772253,4063.0,4089,1673,25,0,0,0,2,2,1,0,1,0,0,0,0,0,0,0,0,0,0,0,1,0,0,0,0,1,0,0,0,0,0,5,5,5,1,0,0,0,0,0,1,0,0,0,2,1,0,2,2
G500_01525,211500.0,469500.0,212000.0,470000.0,211750.0,469750.0,500,center_in_cheonan,34012610,부성2동,127.13170622434929,36.826349411952215,4102.0,3975,2001,25,0,0,0,3,3,0,0,0,0,0,0,0,0,0,0,0,0,0,0,0,0,0,0,0,0,0,0,0,0,0,0,0,8,1,0,0,0,0,0,3,0,0,0,3,0,1,3,3
G500_01526,212000.0,469500.0,212500.0,470000.0,212250.0,469750.0,500,center_in_cheonan,34012520,성정2동,127.13731073021859,36.82634307202001,3888.0,3488,2528,25,1,0,1,16,16,0,0,0,1,1,0,0,0,0,0,0,0,0,0,3,0,0,0,0,3,0,0,0,0,0,5,5,29,1,0,0,0,0,0,18,1,0,1,5,1,2,9,9
G500_01527,212500.0,469500.0,213000.0,470000.0,212750.0,469750.0,500,center_in_cheonan,34012520,성정2동,127.14291523429841,36.82633646792617,3753.0,3364,2438,25,0,0,0,18,18,0,0,0,0,0,0,0,0,0,0,0,0,0,0,0,0,0,0,0,0,0,0,0,0,0,0,0,5,0,0,0,0,0,0,2,0,0,0,2,0,1,4,4
G500_01528,213000.0,469500.0,213500.0,470000.0,213250.0,469750.0,500,center_in_cheonan,34012520,성정2동,127.14851973651572,36.826329599670956,883.0,870,539,25,0,0,0,0,0,0,0,0,0,0,0,0,0,0,0,0,0,0,0,3,0,0,1,0,2,0,0,0,0,0,0,0,0,0,0,0,0,0,0,0,0,0,0,0,0,0,0,0
G500_01529,213500.0,469500.0,214000.0,470000.0,213750.0,469750.0,500,center_in_cheonan,34011590,신안동,127.15412423679751,36.826322467254656,4099.0,3594,1929,25,0,0,0,3,3,0,0,0,2,1,1,0,0,0,0,0,0,0,0,0,0,0,0,0,0,0,0,0,0,0,0,0,0,0,0,0,0,0,0,0,0,0,0,0,0,0,0,0
G500_01530,214000.0,469500.0,214500.0,470000.0,214250.0,469750.0,500,center_in_cheonan,34011590,신안동,127.15972873507071,36.82631507067756,3083.0,2406,1325,25,0,0,0,1,1,0,0,0,0,0,0,0,1,0,0,0,0,1,0,0,0,0,0,0,0,0,0,0,0,0,0,0,0,0,0,0,0,0,0,0,0,0,0,0,0,0,0,0
G500_01531,214500.0,469500.0,215000.0,470000.0,214750.0,469750.0,500,center_in_cheonan,34011590,신안동,127.1653332312623,36.82630740993997,167.0,130,70,25,0,0,0,1,1,0,0,0,0,0,0,0,0,0,0,0,0,0,0,0,0,0,0,0,0,0,0,0,0,0,0,0,0,0,0,0,0,0,0,0,0,0,0,0,0,0,0,0
G500_01532,215000.0,469500.0,215500.0,470000.0,215250.0,469750.0,500,center_in_cheonan,34011590,신안동,127.17093772529923,36.8262994850422,48.0,38,20,25,0,0,0,0,0,0,0,0,0,0,0,0,0,0,0,0,0,0,0,0,0,0,0,0,0,0,0,0,0,0,0,0,0,0,0,0,0,0,0,0,0,0,0,0,0,0,0,0
G500_01533,215500.0,469500.0,216000.0,470000.0,215750.0,469750.0,500,center_in_cheonan,34011590,신안동,127.17654221710848,36.82629129598457,0.0,0,0,25,0,0,0,0,0,0,0,0,0,0,0,0,0,0,0,0,0,0,0,0,0,0,0,0,0,0,0,0,0,0,0,0,0,0,0,0,0,0,0,0,0,0,0,0,0,0,0,0
G500_01534,216000.0,469500.0,216500.0,470000.0,216250.0,469750.0,500,center_in_cheonan,34011590,신안동,127.18214670661698,36.82628284276741,41.0,32,17,25,0,0,0,0,0,0,0,0,0,0,0,0,0,0,0,0,0,0,0,0,0,0,0,0,0,0,0,0,0,0,0,0,0,0,0,0,0,0,0,0,0,0,0,0,0,0,0,0
G500_01535,216500.0,469500.0,217000.0,470000.0,216750.0,469750.0,500,center_in_cheonan,34011590,신안동,127.1877511937517,36.82627412539108,942.0,736,405,25,0,0,0,0,0,0,0,0,0,0,0,0,0,0,0,0,0,0,0,1,0,0,0,0,1,0,0,0,0,0,0,0,0,0,0,0,0,0,0,0,0,0,0,0,0,0,0,0
G500_01536,217000.0,469500.0,217500.0,470000.0,217250.0,469750.0,500,center_in_cheonan,34011530,원성1동,127.19335567843963,36.826265143855935,0.0,0,0,25,0,0,0,0,0,0,0,0,0,0,0,0,0,0,0,0,0,0,0,0,0,0,0,0,0,0,0,0,0,0,0,0,0,0,0,0,0,0,0,0,0,0,0,0,0,0,0,0
G500_01537,217500.0,469500.0,218000.0,470000.0,217750.0,469750.0,500,center_in_cheonan,34011530,원성1동,127.19896016060771,36.82625589816233,5.0,4,2,25,0,0,0,0,0,0,0,0,0,0,0,0,0,0,0,0,0,0,0,0,0,0,0,0,0,0,0,0,0,0,0,0,0,0,0,0,0,0,0,0,0,0,0,0,0,0,0,0
G500_01538,218000.0,469500.0,218500.0,470000.0,218250.0,469750.0,500,center_in_cheonan,34011110,목천읍,127.20456464018294,36.82624638831065,0.0,0,0,25,0,0,0,0,0,0,0,0,0,0,0,0,0,0,0,0,0,0,0,0,0,0,0,0,0,0,0,0,0,0,0,0,0,0,0,0,0,0,0,0,0,0,0,0,0,0,0,0
G500_01539,218500.0,469500.0,219000.0,470000.0,218750.0,469750.0,500,center_in_cheonan,34011110,목천읍,127.21016911709225,36.82623661430128,10.0,8,4,25,0,0,0,0,0,0,0,0,0,0,0,0,0,0,0,0,0,0,0,0,0,0,0,0,0,0,0,0,0,0,0,0,0,0,0,0,0,0,0,0,0,0,0,0,0,0,0,0
G500_01540,219000.0,469500.0,219500.0,470000.0,219250.0,469750.0,500,center_in_cheonan,34011110,목천읍,127.2157735912626,36.82622657613462,0.0,0,0,25,0,0,0,0,0,0,0,0,0,0,0,0,0,0,0,0,0,0,0,0,0,0,0,0,0,0,0,0,0,0,0,0,0,0,0,0,0,0,0,0,0,0,0,0,0,0,0,0
G500_01541,219500.0,469500.0,220000.0,470000.0,219750.0,469750.0,500,center_in_cheonan,34011110,목천읍,127.22137806262097,36.82621627381109,0.0,0,0,25,0,0,0,0,0,0,0,0,0,0,0,0,0,0,0,0,0,0,0,0,0,0,0,0,0,0,0,0,0,0,0,0,0,0,0,0,0,0,0,0,0,0,0,0,0,0,0,0
G500_01542,220000.0,469500.0,220500.0,470000.0,220250.0,469750.0,500,center_in_cheonan,34011110,목천읍,127.22698253109431,36.8262057073311,294.0,261,135,25,0,0,0,0,0,0,0,0,0,0,0,0,0,0,0,0,0,0,0,0,0,0,0,0,0,0,0,0,0,0,2,2,1,0,0,0,0,0,1,0,0,0,0,0,0,0,0,0
G500_01543,220500.0,469500.0,221000.0,470000.0,220750.0,469750.0,500,center_in_cheonan,34011110,목천읍,127.2325869966096,36.82619487669507,13.0,11,6,25,0,0,0,0,0,0,0,0,0,0,0,0,0,0,0,0,0,0,0,0,0,0,0,0,0,0,0,0,0,0,0,0,0,0,0,0,0,0,0,0,0,0,0,0,0,0,0,0
G500_01544,221000.0,469500.0,221500.0,470000.0,221250.0,469750.0,500,center_in_cheonan,34011110,목천읍,127.2381914590938,36.826183781903474,0.0,0,0,25,0,0,0,0,0,0,0,0,0,0,0,0,0,0,0,0,0,0,0,0,0,0,0,0,0,0,0,0,0,0,0,0,0,0,0,0,0,0,0,0,0,0,0,0,0,0,0,0
G500_01545,221500.0,469500.0,222000.0,470000.0,221750.0,469750.0,500,center_in_cheonan,34011110,목천읍,127.24379591847388,36.82617242295674,0.0,0,0,25,0,0,0,0,0,0,0,0,0,0,0,0,0,0,0,0,0,0,0,0,0,0,0,0,0,0,0,0,0,0,0,0,0,0,0,0,0,0,0,0,0,0,0,0,0,0,0,0
G500_01546,222000.0,469500.0,222500.0,470000.0,222250.0,469750.0,500,center_in_cheonan,34011330,북면,127.24940037467681,36.82616079985535,0.0,0,0,25,0,0,0,0,0,0,0,0,0,0,0,0,0,0,0,0,0,0,0,0,0,0,0,0,0,0,0,0,0,0,0,0,0,0,0,0,0,0,0,0,0,0,0,0,0,0,0,0
G500_01547,222500.0,469500.0,223000.0,470000.0,222750.0,469750.0,500,center_in_cheonan,34011330,북면,127.25500482762952,36.826148912599756,0.0,0,0,25,0,0,0,0,0,0,0,0,0,0,0,0,0,0,0,0,0,0,0,0,0,0,0,0,0,0,0,0,0,0,0,0,0,0,0,0,0,0,0,0,0,0,0,0,0,0,0,0
G500_01548,223000.0,469500.0,223500.0,470000.0,223250.0,469750.0,500,center_in_cheonan,34011330,북면,127.26060927725902,36.82613676119046,13.0,10,6,25,0,0,0,0,0,0,0,0,0,0,0,0,0,0,0,0,0,0,0,0,0,0,0,0,0,0,0,0,0,0,0,0,0,0,0,0,0,0,0,0,0,0,0,0,0,0,0,0
G500_01549,223500.0,469500.0,224000.0,470000.0,223750.0,469750.0,500,center_in_cheonan,34011330,북면,127.26621372349226,36.826124345627946,26.0,20,12,25,0,0,0,0,0,0,0,0,0,0,0,0,0,0,0,0,0,0,0,0,0,0,0,0,0,0,0,0,0,0,0,0,0,0,0,0,0,0,0,0,0,0,0,0,0,0,0,0
G500_01550,224000.0,469500.0,224500.0,470000.0,224250.0,469750.0,500,center_in_cheonan,34011330,북면,127.27181816625621,36.82611166591275,54.0,42,24,25,0,0,0,1,1,0,0,0,2,1,1,0,1,0,1,0,0,0,0,0,0,0,0,0,0,0,0,1,0,1,0,0,1,0,0,1,0,0,0,0,0,0,0,0,0,0,0,0
G500_01551,224500.0,469500.0,225000.0,470000.0,224750.0,469750.0,500,center_in_cheonan,34011330,북면,127.2774226054778,36.82609872204536,60.0,45,28,25,0,0,0,0,0,0,0,0,0,0,0,0,0,0,0,0,0,0,0,0,0,0,0,0,0,0,0,0,0,0,0,0,0,0,0,0,0,0,0,0,0,0,0,0,0,0,0,0
G500_01552,225000.0,469500.0,225500.0,470000.0,225250.0,469750.0,500,center_in_cheonan,34011330,북면,127.28302704108404,36.82608551402631,62.0,48,28,25,0,0,0,0,0,0,0,0,0,0,0,0,0,0,0,0,0,0,0,0,0,0,0,0,0,0,0,0,0,0,0,0,0,0,0,0,0,0,0,0,0,0,0,0,0,0,0,0
G500_01553,225500.0,469500.0,226000.0,470000.0,225750.0,469750.0,500,center_in_cheonan,34011330,북면,127.28863147300189,36.82607204185616,15.0,12,6,25,0,0,0,0,0,0,0,0,0,0,0,0,0,0,0,0,0,0,0,0,0,0,0,0,0,0,0,0,0,0,0,0,0,0,0,0,0,0,0,0,0,0,0,0,0,0,0,0
G500_01554,226000.0,469500.0,226500.0,470000.0,226250.0,469750.0,500,center_in_cheonan,34011330,북면,127.29423590115833,36.82605830553543,0.0,0,0,25,0,0,0,0,0,0,0,0,0,0,0,0,0,0,0,0,0,0,0,0,0,0,0,0,0,0,0,0,0,0,0,0,0,0,0,0,0,0,0,0,0,0,0,0,0,0,0,0
G500_01555,226500.0,469500.0,227000.0,470000.0,226750.0,469750.0,500,center_in_cheonan,34011360,병천면,127.2998403254803,36.826044305064705,0.0,0,0,25,0,0,0,0,0,0,0,0,0,0,0,0,0,0,0,0,0,0,0,0,0,0,0,0,0,0,0,0,0,0,0,0,0,0,0,0,0,0,0,0,0,0,0,0,0,0,0,0
G500_01556,227000.0,469500.0,227500.0,470000.0,227250.0,469750.0,500,center_in_cheonan,34011360,병천면,127.30544474589477,36.82603004044455,5.0,4,2,25,0,0,0,0,0,0,0,0,0,0,0,0,0,0,0,0,0,0,0,0,0,0,0,0,0,0,0,0,0,0,0,0,0,0,0,0,0,0,0,0,0,0,0,0,0,0,0,0
G500_01557,227500.0,469500.0,228000.0,470000.0,227750.0,469750.0,500,center_in_cheonan,34011360,병천면,127.31104916232874,36.82601551167555,0.0,0,0,25,0,0,0,0,0,0,0,0,0,0,0,0,0,0,0,0,0,0,0,0,0,0,0,0,0,0,0,0,0,0,0,0,0,0,0,0,0,0,0,0,0,0,0,0,0,0,0,0
G500_01558,228000.0,469500.0,228500.0,470000.0,228250.0,469750.0,500,center_in_cheonan,34011360,병천면,127.31665357470915,36.82600071875828,36.0,28,16,25,0,0,0,0,0,0,0,0,0,0,0,0,0,0,0,0,0,0,0,0,0,0,0,0,0,0,0,0,0,0,0,0,0,0,0,0,0,0,0,0,0,0,0,0,0,0,0,0
G500_01559,228500.0,469500.0,229000.0,470000.0,228750.0,469750.0,500,center_in_cheonan,34011360,병천면,127.32225798296295,36.82598566169337,0.0,0,0,25,0,0,0,0,0,0,0,0,0,0,0,0,0,0,0,0,0,0,0,0,0,0,0,0,0,0,0,0,0,0,0,0,0,0,0,0,0,0,0,0,0,0,0,0,0,0,0,0
G500_01560,229000.0,469500.0,229500.0,470000.0,229250.0,469750.0,500,center_in_cheonan,34011360,병천면,127.32786238701716,36.825970340481426,15.0,12,6,25,0,0,0,0,0,0,0,0,0,0,0,0,0,0,0,0,0,0,0,0,0,0,0,0,0,0,0,0,0,0,0,0,0,0,0,0,0,0,0,0,0,0,0,0,0,0,0,0
G500_01561,229500.0,469500.0,230000.0,470000.0,229750.0,469750.0,500,center_in_cheonan,34011360,병천면,127.33346678679872,36.825954755123064,0.0,0,0,25,0,0,0,0,0,0,0,0,0,0,0,0,0,0,0,0,0,0,0,0,0,0,0,0,0,0,0,0,0,0,0,0,0,0,0,0,0,0,0,0,0,0,0,0,0,0,0,0
G500_01562,230000.0,469500.0,230500.0,470000.0,230250.0,469750.0,500,center_in_cheonan,34011360,병천면,127.33907118223462,36.82593890561894,0.0,0,0,25,0,0,0,0,0,0,0,0,0,0,0,0,0,0,0,0,0,0,0,0,0,0,0,0,0,0,0,0,0,0,0,0,0,0,0,0,0,0,0,0,0,0,0,0,0,0,0,0
G500_01563,230500.0,469500.0,231000.0,470000.0,230750.0,469750.0,500,center_in_cheonan,34011360,병천면,127.3446755732518,36.82592279196968,0.0,0,0,25,0,0,0,0,0,0,0,0,0,0,0,0,0,0,0,0,0,0,0,0,0,0,0,0,0,0,0,0,0,0,0,0,0,0,0,0,0,0,0,0,0,0,0,0,0,0,0,0
G500_01564,231000.0,469500.0,231500.0,470000.0,231250.0,469750.0,500,center_in_cheonan,34011360,병천면,127.35027995977725,36.82590641417597,0.0,0,0,25,0,0,0,0,0,0,0,0,0,0,0,0,0,0,0,0,0,0,0,0,0,0,0,0,0,0,0,0,0,0,0,0,0,0,0,0,0,0,0,0,0,0,0,0,0,0,0,0
G500_01565,231500.0,469500.0,232000.0,470000.0,231750.0,469750.0,500,center_in_cheonan,34011360,병천면,127.35588434173796,36.82588977223845,0.0,0,0,19,0,0,0,0,0,0,0,0,0,0,0,0,0,0,0,0,0,0,0,0,0,0,0,0,0,0,0,0,0,0,0,0,0,0,0,0,0,0,0,0,0,0,0,0,0,0,0,0
G500_01566,209000.0,470000.0,209500.0,470500.0,209250.0,470250.0,500,center_in_cheonan,34012580,백석동,127.10368975046448,36.8308826840506,22.0,22,9,22,0,0,0,1,1,0,0,0,0,0,0,0,1,0,0,0,0,1,0,0,0,0,0,0,0,0,0,0,0,0,0,0,0,0,0,0,0,0,0,0,0,0,0,0,0,0,0,0
G500_01567,209500.0,470000.0,210000.0,470500.0,209750.0,470250.0,500,center_in_cheonan,34012580,백석동,127.10929459281843,36.83087766411267,155.0,158,61,25,0,0,0,0,0,0,0,0,0,0,0,0,0,0,0,0,0,0,0,1,1,0,0,0,0,0,0,0,0,0,0,0,0,0,0,0,0,0,0,0,0,0,0,0,0,0,0,0
G500_01568,210000.0,470000.0,210500.0,470500.0,210250.0,470250.0,500,center_in_cheonan,34012580,백석동,127.11489943374781,36.83087237996887,2065.0,2106,806,25,0,0,0,0,0,0,0,0,0,0,0,0,0,0,0,0,0,0,0,0,0,0,0,0,0,0,0,0,0,0,0,0,0,0,0,0,0,0,0,0,0,0,0,0,0,0,0,0
G500_01569,210500.0,470000.0,211000.0,470500.0,210750.0,470250.0,500,center_in_cheonan,34012580,백석동,127.12050427317948,36.830866831619446,4854.0,4951,1894,25,0,0,0,2,2,0,0,0,1,1,0,0,0,0,0,0,0,0,0,1,0,0,0,0,1,0,0,0,0,0,0,0,2,0,0,0,0,0,0,1,0,0,0,1,0,0,1,1
G500_01570,211000.0,470000.0,211500.0,470500.0,211250.0,470250.0,500,center_in_cheonan,34012580,백석동,127.12610911104048,36.83086101906459,6833.0,6931,2726,25,0,0,0,2,2,0,0,0,0,0,0,0,0,0,0,0,0,0,0,1,0,0,0,0,1,0,0,0,0,0,0,0,12,0,0,0,0,0,0,6,0,0,0,4,0,2,4,4
G500_01571,211500.0,470000.0,212000.0,470500.0,211750.0,470250.0,500,center_in_cheonan,34012610,부성2동,127.1317139472577,36.83085494230457,6218.0,6169,2716,25,0,0,0,10,10,0,0,0,3,2,1,0,0,0,0,0,0,0,0,3,0,0,0,0,3,0,0,0,0,0,2,2,9,0,0,0,0,0,0,5,0,0,0,2,0,2,4,4
G500_01572,212000.0,470000.0,212500.0,470500.0,212250.0,470250.0,500,center_in_cheonan,34012610,부성2동,127.13731878175808,36.83084860133962,4202.0,4088,2426,25,0,0,0,18,18,1,0,1,0,0,0,0,1,0,0,1,0,0,0,3,1,0,0,0,2,0,0,0,0,0,4,4,1,0,0,0,0,0,0,0,0,0,0,0,0,1,0,0
G500_01573,212500.0,470000.0,213000.0,470500.0,212750.0,470250.0,500,center_in_cheonan,34012600,부성1동,127.1429236144686,36.83084199617,6781.0,6935,4027,25,0,0,0,16,16,0,0,0,0,0,0,0,0,0,0,0,0,0,0,0,0,0,0,0,0,0,0,0,0,0,0,0,3,0,0,0,0,0,0,1,0,0,0,2,0,0,1,1
G500_01574,213000.0,470000.0,213500.0,470500.0,213250.0,470250.0,500,center_in_cheonan,34012600,부성1동,127.14852844531616,36.83083512679599,7304.0,7980,4119,25,0,0,0,8,8,0,0,0,0,0,0,0,1,0,0,0,0,0,1,1,0,0,0,0,1,0,0,0,0,0,2,2,3,0,0,0,0,0,0,1,0,0,0,1,0,1,2,2
G500_01575,213500.0,470000.0,214000.0,470500.0,213750.0,470250.0,500,center_in_cheonan,34012600,부성1동,127.15413327422776,36.830827993217845,6397.0,6989,3607,25,0,0,0,1,1,0,0,0,0,0,0,0,0,0,0,0,0,0,0,0,0,0,0,0,0,0,0,0,0,0,0,0,0,0,0,0,0,0,0,0,0,0,0,0,0,0,0,0
G500_01576,214000.0,470000.0,214500.0,470500.0,214250.0,470250.0,500,center_in_cheonan,34011590,신안동,127.1597381011303,36.83082059543588,1029.0,803,441,25,0,0,0,3,3,2,2,0,0,0,0,0,0,0,0,0,0,0,0,0,0,0,0,0,0,0,0,0,0,0,0,0,0,0,0,0,0,0,0,0,0,0,0,0,0,0,0,0
G500_01577,214500.0,470000.0,215000.0,470500.0,214750.0,470250.0,500,center_in_cheonan,34011590,신안동,127.16534292595074,36.830812933450396,801.0,625,344,25,0,0,0,3,3,0,0,0,0,0,0,0,0,0,0,0,0,0,0,1,1,0,0,0,0,0,0,0,0,0,0,0,0,0,0,0,0,0,0,0,0,0,0,0,0,0,0,0
G500_01578,215000.0,470000.0,215500.0,470500.0,215250.0,470250.0,500,center_in_cheonan,34011590,신안동,127.17094774861604,36.8308050072617,60.0,47,26,25,0,0,0,0,0,0,0,0,0,0,0,0,0,0,0,0,0,0,0,0,0,0,0,0,0,0,0,0,0,0,0,0,0,0,0,0,0,0,0,0,0,0,0,0,0,0,0,0
G500_01579,215500.0,470000.0,216000.0,470500.0,215750.0,470250.0,500,center_in_cheonan,34011590,신안동,127.17655256905311,36.8307968168701,3926.0,3065,1686,25,0,0,0,12,12,0,0,0,1,0,1,0,0,0,0,0,0,0,0,1,0,0,1,0,0,0,0,0,0,0,0,0,1,0,0,0,0,0,0,0,0,0,0,0,0,1,1,1
G500_01580,216000.0,470000.0,216500.0,470500.0,216250.0,470250.0,500,center_in_cheonan,34011590,신안동,127.18215738718895,36.83078836227597,1069.0,835,460,25,0,0,0,2,2,0,0,0,1,1,0,0,1,0,0,1,0,0,0,0,0,0,0,0,0,0,0,0,0,0,0,0,0,0,0,0,0,0,0,0,0,0,0,0,0,0,0,0
G500_01581,216500.0,470000.0,217000.0,470500.0,216750.0,470250.0,500,center_in_cheonan,34011590,신안동,127.18776220295044,36.83077964347963,2081.0,1625,894,25,0,0,0,1,1,0,0,0,0,0,0,0,0,0,0,0,0,0,0,1,0,0,0,0,1,0,0,0,0,0,0,0,0,0,0,0,0,0,0,0,0,0,0,0,0,0,0,0
G500_01582,217000.0,470000.0,217500.0,470500.0,217250.0,470250.0,500,center_in_cheonan,34011590,신안동,127.1933670162646,36.830770660481434,141.0,110,61,25,0,0,0,0,0,0,0,0,0,0,0,0,0,0,0,0,0,0,0,0,0,0,0,0,0,0,0,0,0,0,0,0,0,0,0,0,0,0,0,0,0,0,0,0,0,0,0,0
G500_01583,217500.0,470000.0,218000.0,470500.0,217750.0,470250.0,500,center_in_cheonan,34011590,신안동,127.19897182705832,36.83076141328174,0.0,0,0,25,0,0,0,0,0,0,0,0,0,0,0,0,0,0,0,0,0,0,0,0,0,0,0,0,0,0,0,0,0,0,0,0,0,0,0,0,0,0,0,0,0,0,0,0,0,0,0,0
G500_01584,218000.0,470000.0,218500.0,470500.0,218250.0,470250.0,500,center_in_cheonan,34011110,목천읍,127.20457663525855,36.830751901880966,0.0,0,0,25,0,0,0,0,0,0,0,0,0,0,0,0,0,0,0,0,0,0,0,0,0,0,0,0,0,0,0,0,0,0,0,0,0,0,0,0,0,0,0,0,0,0,0,0,0,0,0,0
G500_01585,218500.0,470000.0,219000.0,470500.0,218750.0,470250.0,500,center_in_cheonan,34011110,목천읍,127.21018144079227,36.83074212627945,0.0,0,0,25,0,0,0,0,0,0,0,0,0,0,0,0,0,0,0,0,0,0,0,0,0,0,0,0,0,0,0,0,0,0,0,0,0,0,0,0,0,0,0,0,0,0,0,0,0,0,0,0
G500_01586,219000.0,470000.0,219500.0,470500.0,219250.0,470250.0,500,center_in_cheonan,34011110,목천읍,127.2157862435864,36.83073208647763,0.0,0,0,25,0,0,0,0,0,0,0,0,0,0,0,0,0,0,0,0,0,0,0,0,0,0,0,0,0,0,0,0,0,0,0,0,0,0,0,0,0,0,0,0,0,0,0,0,0,0,0,0
G500_01587,219500.0,470000.0,220000.0,470500.0,219750.0,470250.0,500,center_in_cheonan,34011110,목천읍,127.22139104356788,36.830721782475905,0.0,0,0,25,0,0,0,0,0,0,0,0,0,0,0,0,0,0,0,0,0,0,0,0,0,0,0,0,0,0,0,0,0,0,0,0,0,0,0,0,0,0,0,0,0,0,0,0,0,0,0,0
G500_01588,220000.0,470000.0,220500.0,470500.0,220250.0,470250.0,500,center_in_cheonan,34011110,목천읍,127.2269958406637,36.83071121427468,31.0,26,14,25,0,0,0,0,0,0,0,0,0,0,0,0,0,0,0,0,0,0,0,0,0,0,0,0,0,0,0,0,0,0,0,0,0,0,0,0,0,0,0,0,0,0,0,0,0,0,0,0
G500_01589,220500.0,470000.0,221000.0,470500.0,220750.0,470250.0,500,center_in_cheonan,34011110,목천읍,127.23260063480078,36.830700381874415,63.0,54,27,25,0,0,0,0,0,0,0,0,0,0,0,0,0,0,0,0,0,0,0,0,0,0,0,0,0,0,0,0,0,0,0,0,0,0,0,0,0,0,0,0,0,0,0,0,0,0,0,0
G500_01590,221000.0,470000.0,221500.0,470500.0,221250.0,470250.0,500,center_in_cheonan,34011110,목천읍,127.23820542590605,36.830689285275525,41.0,35,18,25,0,0,0,0,0,0,0,0,0,0,0,0,0,0,0,0,0,0,0,0,0,0,0,0,0,0,0,0,0,0,0,0,0,0,0,0,0,0,0,0,0,0,0,0,0,0,0,0
G500_01591,221500.0,470000.0,222000.0,470500.0,221750.0,470250.0,500,center_in_cheonan,34011110,목천읍,127.2438102139065,36.83067792447848,0.0,0,0,25,0,0,0,0,0,0,0,0,0,0,0,0,0,0,0,0,0,0,0,0,0,0,0,0,0,0,0,0,0,0,0,0,0,0,0,0,0,0,0,0,0,0,0,0,0,0,0,0
G500_01592,222000.0,470000.0,222500.0,470500.0,222250.0,470250.0,500,center_in_cheonan,34011110,목천읍,127.24941499872902,36.83066629948375,0.0,0,0,25,0,0,0,0,0,0,0,0,0,0,0,0,0,0,0,0,0,0,0,0,0,0,0,0,0,0,0,0,0,0,0,0,0,0,0,0,0,0,0,0,0,0,0,0,0,0,0,0
G500_01593,222500.0,470000.0,223000.0,470500.0,222750.0,470250.0,500,center_in_cheonan,34011330,북면,127.25501978030064,36.83065441029179,0.0,0,0,25,0,0,0,0,0,0,0,0,0,0,0,0,0,0,0,0,0,0,0,0,0,0,0,0,0,0,0,0,0,0,0,0,0,0,0,0,0,0,0,0,0,0,0,0,0,0,0,0
G500_01594,223000.0,470000.0,223500.0,470500.0,223250.0,470250.0,500,center_in_cheonan,34011330,북면,127.26062455854824,36.8306422569031,0.0,0,0,25,0,0,0,0,0,0,0,0,0,0,0,0,0,0,0,0,0,0,0,0,0,0,0,0,0,0,0,0,0,0,0,0,0,0,0,0,0,0,0,0,0,0,0,0,0,0,0,0
G500_01595,223500.0,470000.0,224000.0,470500.0,223750.0,470250.0,500,center_in_cheonan,34011330,북면,127.26622933339881,36.83062983931816,21.0,16,10,25,0,0,0,0,0,0,0,0,0,0,0,0,0,0,0,0,0,0,0,0,0,0,0,0,0,0,0,0,0,0,0,0,0,0,0,0,0,0,0,0,0,0,0,0,0,0,0,0
G500_01596,224000.0,470000.0,224500.0,470500.0,224250.0,470250.0,500,center_in_cheonan,34011330,북면,127.27183410477927,36.8306171575375,41.0,32,18,25,0,0,0,0,0,0,0,0,0,0,0,0,0,0,0,0,0,0,0,0,0,0,0,0,0,0,0,0,0,0,0,0,0,0,0,0,0,0,0,0,0,0,0,0,0,0,0,0
G500_01597,224500.0,470000.0,225000.0,470500.0,224750.0,470250.0,500,center_in_cheonan,34011330,북면,127.2774388726166,36.830604211561635,33.0,26,14,25,0,0,0,0,0,0,0,0,0,0,0,0,0,0,0,0,0,0,0,0,0,0,0,0,0,0,0,0,0,0,0,0,0,0,0,0,0,0,0,0,0,0,0,0,0,0,0,0
G500_01598,225000.0,470000.0,225500.0,470500.0,225250.0,470250.0,500,center_in_cheonan,34011330,북면,127.28304363683772,36.83059100139108,15.0,12,6,25,0,0,0,0,0,0,0,0,0,0,0,0,0,0,0,0,0,0,0,0,0,0,0,0,0,0,0,0,0,0,0,0,0,0,0,0,0,0,0,0,0,0,0,0,0,0,0,0
G500_01599,225500.0,470000.0,226000.0,470500.0,225750.0,470250.0,500,center_in_cheonan,34011330,북면,127.28864839736958,36.830577527026385,0.0,0,0,25,0,0,0,0,0,0,0,0,0,0,0,0,0,0,0,0,0,0,0,0,0,0,0,0,0,0,0,0,0,0,0,0,0,0,0,0,0,0,0,0,0,0,0,0,0,0,0,0
G500_01600,226000.0,470000.0,226500.0,470500.0,226250.0,470250.0,500,center_in_cheonan,34011360,병천면,127.29425315413917,36.830563788468105,0.0,0,0,25,0,0,0,0,0,0,0,0,0,0,0,0,0,0,0,0,0,0,0,0,0,0,0,0,0,0,0,0,0,0,0,0,0,0,0,0,0,0,0,0,0,0,0,0,0,0,0,0
G500_01601,226500.0,470000.0,227000.0,470500.0,226750.0,470250.0,500,center_in_cheonan,34011360,병천면,127.2998579070734,36.830549785716784,0.0,0,0,25,0,0,0,0,0,0,0,0,0,0,0,0,0,0,0,0,0,0,0,0,0,0,0,0,0,0,0,0,0,0,0,0,0,0,0,0,0,0,0,0,0,0,0,0,0,0,0,0
G500_01602,227000.0,470000.0,227500.0,470500.0,227250.0,470250.0,500,center_in_cheonan,34011360,병천면,127.30546265609927,36.830535518773004,0.0,0,0,25,0,0,0,0,0,0,0,0,0,0,0,0,0,0,0,0,0,0,0,0,0,0,0,0,0,0,0,0,0,0,0,0,0,0,0,0,0,0,0,0,0,0,0,0,0,0,0,0
G500_01603,227500.0,470000.0,228000.0,470500.0,227750.0,470250.0,500,center_in_cheonan,34011360,병천면,127.31106740114366,36.83052098763735,0.0,0,0,25,0,0,0,0,0,0,0,0,0,0,0,0,0,0,0,0,0,0,0,0,0,0,0,0,0,0,0,0,0,0,0,0,0,0,0,0,0,0,0,0,0,0,0,0,0,0,0,0
G500_01604,228000.0,470000.0,228500.0,470500.0,228250.0,470250.0,500,center_in_cheonan,34011360,병천면,127.31667214213358,36.83050619231041,82.0,64,39,25,0,0,0,0,0,0,0,0,0,0,0,0,0,0,0,0,0,0,0,0,0,0,0,0,0,0,0,0,0,0,0,0,0,0,0,0,0,0,0,0,0,0,0,0,0,0,0,0
G500_01605,228500.0,470000.0,229000.0,470500.0,228750.0,470250.0,500,center_in_cheonan,34011360,병천면,127.32227687899596,36.8304911327928,5.0,4,2,25,0,0,0,0,0,0,0,0,0,0,0,0,0,0,0,0,0,0,0,0,0,0,0,0,0,0,0,0,0,0,0,0,0,0,0,0,0,0,0,0,0,0,0,0,0,0,0,0
G500_01606,229000.0,470000.0,229500.0,470500.0,229250.0,470250.0,500,center_in_cheonan,34011360,병천면,127.32788161165774,36.830475809085115,0.0,0,0,25,0,0,0,0,0,0,0,0,0,0,0,0,0,0,0,0,0,0,0,0,0,0,0,0,0,0,0,0,0,0,0,0,0,0,0,0,0,0,0,0,0,0,0,0,0,0,0,0
G500_01607,229500.0,470000.0,230000.0,470500.0,229750.0,470250.0,500,center_in_cheonan,34011360,병천면,127.33348634004594,36.83046022118801,0.0,0,0,20,0,0,0,0,0,0,0,0,0,0,0,0,0,0,0,0,0,0,0,0,0,0,0,0,0,0,0,0,0,0,0,0,0,0,0,0,0,0,0,0,0,0,0,0,0,0,0,0
G500_01608,230000.0,470000.0,230500.0,470500.0,230250.0,470250.0,500,center_in_cheonan,34011360,병천면,127.33909106408743,36.830444369102096,0.0,0,0,14,0,0,0,0,0,0,0,0,0,0,0,0,0,0,0,0,0,0,0,0,0,0,0,0,0,0,0,0,0,0,0,0,0,0,0,0,0,0,0,0,0,0,0,0,0,0,0,0
G500_01609,231000.0,470000.0,231500.0,470500.0,231250.0,470250.0,500,center_in_cheonan,34011360,병천면,127.35030049883821,36.83041187236647,0.0,0,0,13,0,0,0,0,0,0,0,0,0,0,0,0,0,0,0,0,0,0,0,0,0,0,0,0,0,0,0,0,0,0,0,0,0,0,0,0,0,0,0,0,0,0,0,0,0,0,0,0
G500_01610,209500.0,470500.0,210000.0,471000.0,209750.0,470750.0,500,center_in_cheonan,34012580,백석동,127.10930100262325,36.83538319474245,0.0,0,0,25,0,0,0,0,0,0,0,0,0,0,0,0,0,0,0,0,0,0,0,0,0,0,0,0,0,0,0,0,0,0,0,0,0,0,0,0,0,0,0,0,0,0,0,0,0,0,0,0
G500_01611,210000.0,470500.0,210500.0,471000.0,210250.0,470750.0,500,center_in_cheonan,34012580,백석동,127.11490617225827,36.835377909737936,8.0,8,3,25,0,0,0,0,0,0,0,0,0,0,0,0,0,0,0,0,0,0,0,0,0,0,0,0,0,0,0,0,0,0,0,0,0,0,0,0,0,0,0,0,0,0,0,0,0,0,0,0
G500_01612,210500.0,470500.0,211000.0,471000.0,210750.0,470750.0,500,center_in_cheonan,34012580,백석동,127.12051134039524,36.83537236048474,2069.0,2112,807,25,0,0,0,5,5,0,0,0,0,0,0,0,0,0,0,0,0,0,0,1,1,0,0,0,0,0,0,0,0,0,0,0,0,0,0,0,0,0,0,0,0,0,0,0,0,0,0,0
G500_01613,211000.0,470500.0,211500.0,471000.0,211250.0,470750.0,500,center_in_cheonan,34012580,백석동,127.12611650696117,36.83536654698311,2096.0,2121,845,25,0,0,0,0,0,0,0,0,0,0,0,0,0,0,0,0,0,0,0,1,1,0,0,0,0,0,0,0,0,0,0,0,3,0,0,0,0,0,0,2,0,0,0,1,0,0,1,1
G500_01614,211500.0,470500.0,212000.0,471000.0,211750.0,470750.0,500,center_in_cheonan,34012610,부성2동,127.13172167188293,36.83536046923325,5884.0,5844,2551,25,0,0,0,11,11,2,1,1,0,0,0,0,0,0,0,0,0,0,0,0,0,0,0,0,0,0,0,0,0,0,2,2,4,0,0,0,0,0,0,0,0,0,0,1,0,3,2,2
G500_01615,212000.0,470500.0,212500.0,471000.0,212250.0,470750.0,500,center_in_cheonan,34012610,부성2동,127.13732683508748,36.83535412723544,4136.0,4175,1883,25,0,0,0,10,10,2,0,2,1,0,1,0,1,0,1,0,0,0,0,1,1,0,0,0,0,0,0,1,0,1,1,1,14,2,0,0,0,0,0,4,0,0,0,5,0,3,2,2
G500_01616,212500.0,470500.0,213000.0,471000.0,212750.0,470750.0,500,center_in_cheonan,34012600,부성1동,127.14293199650172,36.83534752098992,8078.0,8825,4554,25,0,0,0,8,8,0,0,0,2,1,1,0,0,0,0,0,0,0,0,2,0,0,0,0,2,0,0,0,0,0,2,2,8,0,0,0,0,0,0,3,0,0,0,3,0,2,3,3
G500_01617,213000.0,470500.0,213500.0,471000.0,213250.0,470750.0,500,center_in_cheonan,34012600,부성1동,127.14853715605258,36.835340650496974,6530.0,7135,3684,25,0,0,0,9,9,0,0,0,2,1,1,0,0,0,0,0,0,0,0,2,0,0,0,0,2,0,0,0,0,0,1,1,11,0,0,0,0,0,0,4,0,0,0,3,0,4,4,4
G500_01618,213500.0,470500.0,214000.0,471000.0,213750.0,470750.0,500,center_in_cheonan,34012600,부성1동,127.15414231366704,36.835333515756865,2397.0,2621,1353,25,0,0,0,2,2,0,0,0,0,0,0,0,0,0,0,0,0,0,0,1,1,0,0,0,0,0,0,0,0,0,0,0,1,0,0,0,0,0,0,0,0,0,0,0,1,0,1,1
G500_01619,214000.0,470500.0,214500.0,471000.0,214250.0,470750.0,500,center_in_cheonan,34012600,부성1동,127.15974746927199,36.83532611676989,341.0,373,192,25,0,0,0,0,0,0,0,0,0,0,0,0,0,0,0,0,0,0,0,0,0,0,0,0,0,0,0,0,0,0,0,0,0,0,0,0,0,0,0,0,0,0,0,0,0,0,0,0
G500_01620,214500.0,470500.0,215000.0,471000.0,214750.0,470750.0,500,center_in_cheonan,34011590,신안동,127.16535262279433,36.83531845353636,0.0,0,0,25,0,0,0,14,14,0,0,0,0,0,0,0,0,0,0,0,0,0,0,0,0,0,0,0,0,0,0,0,0,0,0,0,0,0,0,0,0,0,0,0,0,0,0,0,0,0,0,0
G500_01621,215000.0,470500.0,215500.0,471000.0,215250.0,470750.0,500,center_in_cheonan,34011590,신안동,127.17095777416105,36.83531052605659,168.0,131,72,25,0,0,0,2,2,0,0,0,0,0,0,0,0,0,0,0,0,0,0,0,0,0,0,0,0,0,0,0,0,0,0,0,1,0,0,0,0,0,0,0,0,0,1,0,0,0,1,1
G500_01622,215500.0,470500.0,216000.0,471000.0,215750.0,470750.0,500,center_in_cheonan,34011590,신안동,127.17656292329904,36.83530233433089,337.0,264,146,25,0,0,0,0,0,0,0,0,0,0,0,0,0,0,0,0,0,0,0,0,0,0,0,0,0,0,0,0,0,0,0,0,0,0,0,0,0,0,0,0,0,0,0,0,0,0,0,0
G500_01623,216000.0,470500.0,216500.0,471000.0,216250.0,470750.0,500,center_in_cheonan,34011590,신안동,127.18216807013522,36.835293878359614,0.0,0,0,25,0,0,0,1,1,0,0,0,0,0,0,0,0,0,0,0,0,0,0,0,0,0,0,0,0,0,0,0,0,0,0,0,0,0,0,0,0,0,0,0,0,0,0,0,0,0,0,0
G500_01624,216500.0,470500.0,217000.0,471000.0,216750.0,470750.0,500,center_in_cheonan,34011590,신안동,127.18777321459655,36.83528515814307,5.0,4,2,25,0,0,0,0,0,0,0,0,0,0,0,0,0,0,0,0,0,0,0,0,0,0,0,0,0,0,0,0,0,0,0,0,0,0,0,0,0,0,0,0,0,0,0,0,0,0,0,0
G500_01625,217000.0,470500.0,217500.0,471000.0,217250.0,470750.0,500,center_in_cheonan,34011590,신안동,127.19337835660997,36.83527617368167,125.0,98,54,25,1,0,1,0,0,0,0,0,0,0,0,0,0,0,0,0,0,0,0,0,0,0,0,0,0,0,0,0,0,0,1,1,0,0,0,0,0,0,0,0,0,0,0,0,0,0,0,0
G500_01626,217500.0,470500.0,218000.0,471000.0,217750.0,470750.0,500,center_in_cheonan,34011590,신안동,127.19898349610236,36.83526692497575,14.0,11,6,25,0,0,0,0,0,0,0,0,0,0,0,0,0,0,0,0,0,0,0,0,0,0,0,0,0,0,0,0,0,0,0,0,0,0,0,0,0,0,0,0,0,0,0,0,0,0,0,0
G500_01627,218000.0,470500.0,218500.0,471000.0,218250.0,470750.0,500,center_in_cheonan,34011110,목천읍,127.20458863300068,36.83525741202566,8.0,7,4,25,0,0,0,0,0,0,0,0,0,0,0,0,0,0,0,0,0,0,0,0,0,0,0,0,0,0,0,0,0,0,0,0,0,0,0,0,0,0,0,0,0,0,0,0,0,0,0,0
G500_01628,218500.0,470500.0,219000.0,471000.0,218750.0,470750.0,500,center_in_cheonan,34011110,목천읍,127.21019376723184,36.83524763483184,18.0,15,8,25,0,0,0,0,0,0,0,0,0,0,0,0,0,0,0,0,0,0,0,0,0,0,0,0,0,0,0,0,0,0,0,0,0,0,0,0,0,0,0,0,0,0,0,0,0,0,0,0
G500_01629,219000.0,470500.0,219500.0,471000.0,219250.0,470750.0,500,center_in_cheonan,34011110,목천읍,127.21579889872282,36.835237593394666,10.0,8,4,25,0,0,0,0,0,0,0,0,0,0,0,0,0,0,0,0,0,0,0,0,0,0,0,0,0,0,0,0,0,0,0,0,0,0,0,0,0,0,0,0,0,0,0,0,0,0,0,0
G500_01630,219500.0,470500.0,220000.0,471000.0,219750.0,470750.0,500,center_in_cheonan,34011110,목천읍,127.22140402740048,36.83522728771454,75.0,64,34,25,0,0,0,0,0,0,0,0,0,0,0,0,0,0,0,0,0,0,0,0,0,0,0,0,0,0,0,0,0,0,0,0,0,0,0,0,0,0,0,0,0,0,0,0,0,0,0,0
G500_01631,220000.0,470500.0,220500.0,471000.0,220250.0,470750.0,500,center_in_cheonan,34011110,목천읍,127.2270091531918,36.83521671779191,0.0,0,0,25,0,0,0,0,0,0,0,0,0,0,0,0,0,0,0,0,0,0,0,0,0,0,0,0,0,0,0,0,0,0,0,0,0,0,0,0,0,0,0,0,0,0,0,0,0,0,0,0
G500_01632,220500.0,470500.0,221000.0,471000.0,220750.0,470750.0,500,center_in_cheonan,34011110,목천읍,127.23261427602372,36.83520588362718,18.0,15,8,25,0,0,0,0,0,0,0,0,0,0,0,0,0,0,0,0,0,0,0,0,0,0,0,0,0,0,0,0,0,0,0,0,0,0,0,0,0,0,0,0,0,0,0,0,0,0,0,0
G500_01633,221000.0,470500.0,221500.0,471000.0,221250.0,470750.0,500,center_in_cheonan,34011110,목천읍,127.23821939582314,36.8351947852208,60.0,51,28,25,0,0,0,0,0,0,0,0,0,0,0,0,0,0,0,0,0,0,0,0,0,0,0,0,0,0,0,0,0,0,0,0,0,0,0,0,0,0,0,0,0,0,0,0,0,0,0,0
G500_01634,221500.0,470500.0,222000.0,471000.0,221750.0,470750.0,500,center_in_cheonan,34011110,목천읍,127.24382451251698,36.83518342257323,18.0,15,8,25,0,0,0,0,0,0,0,0,0,0,0,0,0,0,0,0,0,0,0,0,0,0,0,0,0,0,0,0,0,0,0,0,0,0,0,0,0,0,0,0,0,0,0,0,0,0,0,0
G500_01635,222000.0,470500.0,222500.0,471000.0,222250.0,470750.0,500,center_in_cheonan,34011330,북면,127.24942962603222,36.835171795684936,0.0,0,0,25,0,0,0,0,0,0,0,0,0,0,0,0,0,0,0,0,0,0,0,0,0,0,0,0,0,0,0,0,0,0,0,0,0,0,0,0,0,0,0,0,0,0,0,0,0,0,0,0
G500_01636,222500.0,470500.0,223000.0,471000.0,222750.0,470750.0,500,center_in_cheonan,34011330,북면,127.25503473629574,36.83515990455639,0.0,0,0,24,0,0,0,0,0,0,0,0,0,0,0,0,0,0,0,0,0,0,0,0,0,0,0,0,0,0,0,0,0,0,0,0,0,0,0,0,0,0,0,0,0,0,0,0,0,0,0,0
G500_01637,223000.0,470500.0,223500.0,471000.0,223250.0,470750.0,500,center_in_cheonan,34011330,북면,127.26063984323451,36.83514774918807,39.0,30,18,25,0,0,0,0,0,0,0,0,0,0,0,0,0,0,0,0,0,0,0,0,0,0,0,0,0,0,0,0,0,0,0,0,0,0,0,0,0,0,0,0,0,0,0,0,0,0,0,0
G500_01638,223500.0,470500.0,224000.0,471000.0,223750.0,470750.0,500,center_in_cheonan,34011330,북면,127.26624494677546,36.83513532958048,51.0,40,22,25,0,0,0,0,0,0,0,0,0,0,0,0,0,0,0,0,0,0,0,0,0,0,0,0,0,0,0,0,0,0,0,0,0,0,0,0,0,0,0,0,0,0,0,0,0,0,0,0
G500_01639,224000.0,470500.0,224500.0,471000.0,224250.0,470750.0,500,center_in_cheonan,34011330,북면,127.27185004684551,36.83512264573414,38.0,29,16,25,0,0,0,0,0,0,0,0,0,0,0,0,0,0,0,0,0,0,0,0,0,0,0,0,0,0,0,0,0,0,0,0,0,0,0,0,0,0,0,0,0,0,0,0,0,0,0,0
G500_01640,224500.0,470500.0,225000.0,471000.0,224750.0,470750.0,500,center_in_cheonan,34011330,북면,127.27745514337158,36.83510969764953,5.0,4,2,25,0,0,0,0,0,0,0,0,0,0,0,0,0,0,0,0,0,0,0,0,0,0,0,0,0,0,0,0,0,0,0,0,0,0,0,0,0,0,0,0,0,0,0,0,0,0,0,0
G500_01641,225000.0,470500.0,225500.0,471000.0,225250.0,470750.0,500,center_in_cheonan,34011330,북면,127.28306023628062,36.83509648532721,0.0,0,0,25,0,0,0,0,0,0,0,0,0,0,0,0,0,0,0,0,0,0,0,0,0,0,0,0,0,0,0,0,0,0,0,0,0,0,0,0,0,0,0,0,0,0,0,0,0,0,0,0
G500_01642,225500.0,470500.0,226000.0,471000.0,225750.0,470750.0,500,center_in_cheonan,34011330,북면,127.28866532549958,36.83508300876773,0.0,0,0,25,0,0,0,0,0,0,0,0,0,0,0,0,0,0,0,0,0,0,0,0,0,0,0,0,0,0,0,0,0,0,0,0,0,0,0,0,0,0,0,0,0,0,0,0,0,0,0,0
G500_01643,226000.0,470500.0,226500.0,471000.0,226250.0,470750.0,500,center_in_cheonan,34011360,병천면,127.29427041095536,36.83506926797162,0.0,0,0,25,0,0,0,0,0,0,0,0,0,0,0,0,0,0,0,0,0,0,0,0,0,0,0,0,0,0,0,0,0,0,0,0,0,0,0,0,0,0,0,0,0,0,0,0,0,0,0,0
G500_01644,226500.0,470500.0,227000.0,471000.0,226750.0,470750.0,500,center_in_cheonan,34011360,병천면,127.2998754925749,36.83505526293944,0.0,0,0,25,0,0,0,0,0,0,0,0,0,0,0,0,0,0,0,0,0,0,0,0,0,0,0,0,0,0,0,0,0,0,0,0,0,0,0,0,0,0,0,0,0,0,0,0,0,0,0,0
G500_01645,227000.0,470500.0,227500.0,471000.0,227250.0,470750.0,500,center_in_cheonan,34011360,병천면,127.30548057028517,36.835040993671775,5.0,4,2,25,0,0,0,0,0,0,0,0,0,0,0,0,0,0,0,0,0,0,0,0,0,0,0,0,0,0,0,0,0,0,0,0,0,0,0,0,0,0,0,0,0,0,0,0,0,0,0,0
G500_01646,227500.0,470500.0,228000.0,471000.0,227750.0,470750.0,500,center_in_cheonan,34011360,병천면,127.31108564401308,36.835026460169196,15.0,12,6,25,0,0,0,0,0,0,0,0,0,0,0,0,0,0,0,0,0,0,0,0,0,0,0,0,0,0,0,0,0,0,0,0,0,0,0,0,0,0,0,0,0,0,0,0,0,0,0,0
G500_01647,228000.0,470500.0,228500.0,471000.0,228250.0,470750.0,500,center_in_cheonan,34011360,병천면,127.31669071368556,36.83501166243231,28.0,22,12,25,0,0,0,0,0,0,0,0,0,0,0,0,0,0,0,0,0,0,0,0,0,0,0,0,0,0,0,0,0,0,0,0,0,0,0,0,0,0,0,0,0,0,0,0,0,0,0,0
G500_01648,228500.0,470500.0,229000.0,471000.0,228750.0,470750.0,500,center_in_cheonan,34011360,병천면,127.32229577922955,36.83499660046171,0.0,0,0,25,0,0,0,0,0,0,0,0,0,0,0,0,0,0,0,0,0,0,0,0,0,0,0,0,0,0,0,0,0,0,0,0,0,0,0,0,0,0,0,0,0,0,0,0,0,0,0,0
G500_01649,229000.0,470500.0,229500.0,471000.0,229250.0,470750.0,500,center_in_cheonan,34011360,병천면,127.32790084057198,36.83498127425801,0.0,0,0,25,0,0,0,0,0,0,0,0,0,0,0,0,0,0,0,0,0,0,0,0,0,0,0,0,0,0,0,0,0,0,0,0,0,0,0,0,0,0,0,0,0,0,0,0,0,0,0,0
G500_01650,229500.0,470500.0,230000.0,471000.0,229750.0,470750.0,500,center_in_cheonan,34011360,병천면,127.33350589763981,36.83496568382185,0.0,0,0,19,0,0,0,0,0,0,0,0,0,0,0,0,0,0,0,0,0,0,0,0,0,0,0,0,0,0,0,0,0,0,0,0,0,0,0,0,0,0,0,0,0,0,0,0,0,0,0,0
G500_01651,209000.0,471000.0,209500.0,471500.0,209250.0,471250.0,500,center_in_cheonan,34012610,부성2동,127.10370191401408,36.83989374352225,2244.0,2231,975,24,0,0,0,3,3,0,0,0,0,0,0,0,0,0,0,0,0,0,0,1,0,0,0,0,1,0,0,0,0,0,0,0,8,0,0,0,0,0,0,4,0,0,0,3,0,1,3,3
G500_01652,209500.0,471000.0,210000.0,471500.0,209750.0,471250.0,500,center_in_cheonan,34012610,부성2동,127.10930741385303,36.839888721948846,0.0,0,0,25,0,0,0,0,0,0,0,0,0,0,0,0,0,0,0,0,0,0,0,0,0,0,0,0,0,0,0,0,0,0,0,0,0,0,0,0,0,0,0,0,0,0,0,0,0,0,0,0
G500_01653,210000.0,471000.0,210500.0,471500.0,210250.0,471250.0,500,center_in_cheonan,34012610,부성2동,127.11491291226673,36.83988343608352,28.0,28,12,25,0,0,0,3,3,0,0,0,0,0,0,0,0,0,0,0,0,0,0,0,0,0,0,0,0,0,0,0,0,0,0,0,0,0,0,0,0,0,0,0,0,0,0,0,0,0,0,0
G500_01654,210500.0,471000.0,211000.0,471500.0,210750.0,471250.0,500,center_in_cheonan,34012610,부성2동,127.1205184091821,36.83987788592647,2295.0,2280,994,25,2,0,2,3,3,0,0,0,0,0,0,0,0,0,0,0,0,0,0,1,1,0,0,0,0,0,0,0,0,0,0,0,4,0,0,0,0,0,0,2,0,0,0,2,0,0,2,2
G500_01655,211000.0,471000.0,211500.0,471500.0,211250.0,471250.0,500,center_in_cheonan,34012610,부성2동,127.12612390452598,36.83987207147792,3020.0,3000,1309,25,0,0,0,3,3,1,0,1,1,1,0,0,0,0,0,0,0,0,0,0,0,0,0,0,0,0,0,1,0,1,0,0,6,0,0,0,0,0,0,5,0,0,0,1,0,0,3,3
G500_01656,211500.0,471000.0,212000.0,471500.0,211750.0,471250.0,500,center_in_cheonan,34012610,부성2동,127.13172939822536,36.839865992738126,6719.0,6671,2914,25,0,0,0,7,7,0,0,0,0,0,0,0,0,0,0,0,0,0,0,1,1,0,0,0,0,0,0,0,0,0,0,0,11,0,0,0,0,0,0,6,0,0,0,3,1,1,5,5
G500_01657,212000.0,471000.0,212500.0,471500.0,212250.0,471250.0,500,center_in_cheonan,34012610,부성2동,127.13733489020713,36.83985964970733,4806.0,4854,2190,25,0,0,0,6,6,0,0,0,3,2,1,0,0,0,0,0,0,0,0,1,0,0,0,0,1,0,0,0,0,0,3,3,1,0,0,0,0,0,0,1,0,0,0,0,0,0,1,1
G500_01658,212500.0,471000.0,213000.0,471500.0,212750.0,471250.0,500,center_in_cheonan,34012600,부성1동,127.14294038039819,36.83985304238578,1933.0,2111,1089,25,0,0,0,3,3,1,1,0,0,0,0,0,0,0,0,0,0,0,0,0,0,0,0,0,0,0,0,0,0,0,1,1,0,0,0,0,0,0,0,0,0,0,0,0,0,0,0,0
G500_01659,213000.0,471000.0,213500.0,471500.0,213250.0,471250.0,500,center_in_cheonan,34012600,부성1동,127.14854586872546,36.83984617077376,1593.0,1741,899,25,0,0,0,2,2,0,0,0,0,0,0,0,0,0,0,0,0,0,0,0,0,0,0,0,0,0,0,0,0,0,1,1,0,0,0,0,0,0,0,0,0,0,0,0,0,0,0,0
G500_01660,213500.0,471000.0,214000.0,471500.0,213750.0,471250.0,500,center_in_cheonan,34012600,부성1동,127.15415135511583,36.83983903487155,18.0,21,11,25,0,0,0,0,0,0,0,0,0,0,0,0,0,0,0,0,0,0,0,0,0,0,0,0,0,0,0,0,0,0,0,0,0,0,0,0,0,0,0,0,0,0,0,0,0,0,0,0
G500_01661,214000.0,471000.0,214500.0,471500.0,214250.0,471250.0,500,center_in_cheonan,34012600,부성1동,127.15975683949624,36.839831634679435,215.0,234,121,25,0,0,0,0,0,0,0,0,0,0,0,0,0,0,0,0,0,0,0,0,0,0,0,0,0,0,0,0,0,0,0,0,0,0,0,0,0,0,0,0,0,0,0,0,0,0,0,0
G500_01662,214500.0,471000.0,215000.0,471500.0,214750.0,471250.0,500,center_in_cheonan,34012600,부성1동,127.1653623217936,36.83982397019773,0.0,0,0,25,0,0,0,0,0,0,0,0,0,0,0,0,0,0,0,0,0,0,0,0,0,0,0,0,0,0,0,0,0,0,0,0,0,0,0,0,0,0,0,0,0,0,0,0,0,0,0,0
G500_01663,215000.0,471000.0,215500.0,471500.0,215250.0,471250.0,500,center_in_cheonan,34011590,신안동,127.1709678019348,36.83981604142674,1840.0,1436,790,25,0,0,0,0,0,0,0,0,0,0,0,0,0,0,0,0,0,0,0,0,0,0,0,0,0,0,0,0,0,0,0,0,1,0,0,0,0,1,0,0,0,0,0,0,0,0,0,0
G500_01664,215500.0,471000.0,216000.0,471500.0,215750.0,471250.0,500,center_in_cheonan,34011590,신안동,127.17657327984674,36.839807848366775,2390.0,1876,1030,25,0,0,0,3,3,0,0,0,0,0,0,0,0,0,0,0,0,0,0,0,0,0,0,0,0,0,0,0,0,0,0,0,0,0,0,0,0,0,0,0,0,0,0,0,0,0,6,6
G500_01665,216000.0,471000.0,216500.0,471500.0,216250.0,471250.0,500,center_in_cheonan,34011590,신안동,127.18217875545638,36.839799391018175,1299.0,1014,557,25,0,0,0,12,12,0,0,0,0,0,0,0,2,0,0,0,2,0,0,0,0,0,0,0,0,0,0,0,0,0,0,0,0,0,0,0,0,0,0,0,0,0,0,0,0,0,0,0
G500_01666,216500.0,471000.0,217000.0,471500.0,216750.0,471250.0,500,center_in_cheonan,34011590,신안동,127.1877842286906,36.83979066938131,40.0,31,17,25,0,0,0,0,0,0,0,0,0,0,0,0,0,0,0,0,0,0,0,0,0,0,0,0,0,0,0,0,0,0,0,0,0,0,0,0,0,0,0,0,0,0,0,0,0,0,0,0
G500_01667,217000.0,471000.0,217500.0,471500.0,217250.0,471250.0,500,center_in_cheonan,34011590,신안동,127.19338969947633,36.83978168345651,0.0,0,0,25,0,0,0,0,0,0,0,0,0,0,0,0,0,0,0,0,0,0,0,0,0,0,0,0,0,0,0,0,0,0,0,0,0,0,0,0,0,0,0,0,0,0,0,0,0,0,0,0
G500_01668,217500.0,471000.0,218000.0,471500.0,217750.0,471250.0,500,center_in_cheonan,34011590,신안동,127.19899516774049,36.83977243324415,0.0,0,0,25,0,0,0,0,0,0,0,0,0,0,0,0,0,0,0,0,0,0,0,0,0,0,0,0,0,0,0,0,0,0,0,0,0,0,0,0,0,0,0,0,0,0,0,0,0,0,0,0
G500_01669,218000.0,471000.0,218500.0,471500.0,218250.0,471250.0,500,center_in_cheonan,34011110,목천읍,127.20460063340995,36.83976291874462,5.0,4,2,25,0,0,0,0,0,0,0,0,0,0,0,0,0,0,0,0,0,0,0,0,0,0,0,0,0,0,0,0,0,0,0,0,0,0,0,0,0,0,0,0,0,0,0,0,0,0,0,0
G500_01670,218500.0,471000.0,219000.0,471500.0,218750.0,471250.0,500,center_in_cheonan,34011110,목천읍,127.21020609641164,36.83975313995828,31.0,26,14,25,0,0,0,0,0,0,0,0,0,0,0,0,0,0,0,0,0,0,0,0,0,0,0,0,0,0,0,0,0,0,0,0,0,0,0,0,0,0,0,0,0,0,0,0,0,0,0,0
G500_01671,219000.0,471000.0,219500.0,471500.0,219250.0,471250.0,500,center_in_cheonan,34011110,목천읍,127.2158115566725,36.83974309688557,23.0,19,10,25,0,0,0,0,0,0,0,0,0,0,0,0,0,0,0,0,0,0,0,0,0,0,0,0,0,0,0,0,0,0,0,0,0,0,0,0,0,0,0,0,0,0,0,0,0,0,0,0
G500_01672,219500.0,471000.0,220000.0,471500.0,219750.0,471250.0,500,center_in_cheonan,34011110,목천읍,127.22141701411945,36.83973278952686,8.0,7,4,25,0,0,0,0,0,0,0,0,0,0,0,0,0,0,0,0,0,0,0,0,0,0,0,0,0,0,0,0,0,0,0,0,0,0,0,0,0,0,0,0,0,0,0,0,0,0,0,0
G500_01673,220000.0,471000.0,220500.0,471500.0,220250.0,471250.0,500,center_in_cheonan,34011110,목천읍,127.22702246867934,36.8397222178826,0.0,0,0,25,0,0,0,0,0,0,0,0,0,0,0,0,0,0,0,0,0,0,0,0,0,0,0,0,0,0,0,0,0,0,0,0,0,0,0,0,0,0,0,0,0,0,0,0,0,0,0,0
G500_01674,220500.0,471000.0,221000.0,471500.0,220750.0,471250.0,500,center_in_cheonan,34011110,목천읍,127.23262792027916,36.839711381953215,13.0,11,6,25,0,0,0,0,0,0,0,0,0,0,0,0,0,0,0,0,0,0,0,0,0,0,0,0,0,0,0,0,0,0,0,0,0,0,0,0,0,0,0,0,0,0,0,0,0,0,0,0
G500_01675,221000.0,471000.0,221500.0,471500.0,221250.0,471250.0,500,center_in_cheonan,34011110,목천읍,127.23823336884578,36.839700281739134,5.0,4,2,25,0,0,0,0,0,0,0,0,0,0,0,0,0,0,0,0,0,0,0,0,0,0,0,0,0,0,0,0,0,0,0,0,0,0,0,0,0,0,0,0,0,0,0,0,0,0,0,0
G500_01676,221500.0,471000.0,222000.0,471500.0,221750.0,471250.0,500,center_in_cheonan,34011110,목천읍,127.2438388143061,36.839688917240835,10.0,8,4,25,0,0,0,0,0,0,0,0,0,0,0,0,0,0,0,0,0,0,0,0,0,0,0,0,0,0,0,0,0,0,0,0,0,0,0,0,0,0,0,0,0,0,0,0,0,0,0,0
G500_01677,222000.0,471000.0,222500.0,471500.0,222250.0,471250.0,500,center_in_cheonan,34011330,북면,127.24944425658708,36.839677288458766,0.0,0,0,25,0,0,0,0,0,0,0,0,0,0,0,0,0,0,0,0,0,0,0,0,0,0,0,0,0,0,0,0,0,0,0,0,0,0,0,0,0,0,0,0,0,0,0,0,0,0,0,0
G500_01678,222500.0,471000.0,223000.0,471500.0,222750.0,471250.0,500,center_in_cheonan,34011330,북면,127.25504969561561,36.8396653953934,5.0,4,2,25,0,0,0,0,0,0,0,0,0,0,0,0,0,0,0,0,0,0,0,0,0,0,0,0,0,0,0,0,0,0,0,0,0,0,0,0,0,0,0,0,0,0,0,0,0,0,0,0
G500_01679,223000.0,471000.0,223500.0,471500.0,223250.0,471250.0,500,center_in_cheonan,34011330,북면,127.2606551313186,36.839653238045216,42.0,32,20,25,0,0,0,0,0,0,0,0,0,0,0,0,0,0,0,0,0,0,0,0,0,0,0,0,0,0,0,0,0,0,0,0,0,0,0,0,0,0,0,0,0,0,0,0,0,0,0,0
G500_01680,223500.0,471000.0,224000.0,471500.0,223750.0,471250.0,500,center_in_cheonan,34011330,북면,127.266260563623,36.839640816414736,26.0,20,12,25,0,0,0,0,0,0,0,0,0,0,0,0,0,0,0,0,0,0,0,0,0,0,0,0,0,0,0,0,0,0,0,0,0,0,0,0,0,0,0,0,0,0,0,0,0,0,0,0
G500_01681,224000.0,471000.0,224500.0,471500.0,224250.0,471250.0,500,center_in_cheonan,34011330,북면,127.2718659924557,36.83962813050246,18.0,14,8,25,0,0,0,0,0,0,0,0,0,0,0,0,0,0,0,0,0,0,0,0,0,0,0,0,0,0,0,0,0,0,0,0,0,0,0,0,0,0,0,0,0,0,0,0,0,0,0,0
G500_01682,224500.0,471000.0,225000.0,471500.0,224750.0,471250.0,500,center_in_cheonan,34011330,북면,127.27747141774358,36.8396151803089,0.0,0,0,25,0,0,0,0,0,0,0,0,0,0,0,0,0,0,0,0,0,0,0,0,0,0,0,0,0,0,0,0,0,0,0,0,0,0,0,0,0,0,0,0,0,0,0,0,0,0,0,0
G500_01683,225000.0,471000.0,225500.0,471500.0,225250.0,471250.0,500,center_in_cheonan,34011330,북면,127.28307683941361,36.83960196583458,0.0,0,0,25,0,0,0,0,0,0,0,0,0,0,0,0,0,0,0,0,0,0,0,0,0,0,0,0,0,0,0,0,0,0,0,0,0,0,0,0,0,0,0,0,0,0,0,0,0,0,0,0
G500_01684,225500.0,471000.0,226000.0,471500.0,225750.0,471250.0,500,center_in_cheonan,34011330,북면,127.28868225739272,36.83958848708004,0.0,0,0,25,0,0,0,0,0,0,0,0,0,0,0,0,0,0,0,0,0,0,0,0,0,0,0,0,0,0,0,0,0,0,0,0,0,0,0,0,0,0,0,0,0,0,0,0,0,0,0,0
G500_01685,226000.0,471000.0,226500.0,471500.0,226250.0,471250.0,500,center_in_cheonan,34011330,북면,127.29428767160776,36.839574744045855,0.0,0,0,25,0,0,0,0,0,0,0,0,0,0,0,0,0,0,0,0,0,0,0,0,0,0,0,0,0,0,0,0,0,0,0,0,0,0,0,0,0,0,0,0,0,0,0,0,0,0,0,0
G500_01686,226500.0,471000.0,227000.0,471500.0,226750.0,471250.0,500,center_in_cheonan,34011360,병천면,127.29989308198573,36.83956073673256,0.0,0,0,25,0,0,0,0,0,0,0,0,0,0,0,0,0,0,0,0,0,0,0,0,0,0,0,0,0,0,0,0,0,0,0,0,0,0,0,0,0,0,0,0,0,0,0,0,0,0,0,0
G500_01687,227000.0,471000.0,227500.0,471500.0,227250.0,471250.0,500,center_in_cheonan,34011360,병천면,127.30549848845347,36.83954646514073,5.0,4,2,25,0,0,0,0,0,0,0,0,0,0,0,0,0,0,0,0,0,0,0,0,0,0,0,0,0,0,0,0,0,0,0,0,0,0,0,0,0,0,0,0,0,0,0,0,0,0,0,0
G500_01688,227500.0,471000.0,228000.0,471500.0,227750.0,471250.0,500,center_in_cheonan,34011360,병천면,127.31110389093793,36.839531929270954,5.0,4,2,25,0,0,0,0,0,0,0,0,0,0,0,0,0,0,0,0,0,0,0,0,0,0,0,0,0,0,0,0,0,0,0,0,0,0,0,0,0,0,0,0,0,0,0,0,0,0,0,0
G500_01689,228000.0,471000.0,228500.0,471500.0,228250.0,471250.0,500,center_in_cheonan,34011360,병천면,127.31670928936603,36.839517129123834,44.0,34,20,25,0,0,0,0,0,0,0,0,0,0,0,0,0,0,0,0,0,0,0,0,0,0,0,0,0,0,0,0,0,0,0,0,0,0,0,0,0,0,0,0,0,0,0,0,0,0,0,0
G500_01690,228500.0,471000.0,229000.0,471500.0,228750.0,471250.0,500,center_in_cheonan,34011360,병천면,127.32231468366469,36.839502064699964,0.0,0,0,25,0,0,0,0,0,0,0,0,0,0,0,0,0,0,0,0,0,0,0,0,0,0,0,0,0,0,0,0,0,0,0,0,0,0,0,0,0,0,0,0,0,0,0,0,0,0,0,0
G500_01691,229000.0,471000.0,229500.0,471500.0,229250.0,471250.0,500,center_in_cheonan,34011360,병천면,127.32792007376082,36.83948673599997,5.0,4,2,25,0,0,0,0,0,0,0,0,0,0,0,0,0,0,0,0,0,0,0,0,0,0,0,0,0,0,0,0,0,0,0,0,0,0,0,0,0,0,0,0,0,0,0,0,0,0,0,0
G500_01692,229500.0,471000.0,230000.0,471500.0,229750.0,471250.0,500,center_in_cheonan,34011360,병천면,127.33352545958137,36.839471143024454,0.0,0,0,17,0,0,0,0,0,0,0,0,0,0,0,0,0,0,0,0,0,0,0,0,0,0,0,0,0,0,0,0,0,0,0,0,0,0,0,0,0,0,0,0,0,0,0,0,0,0,0,0
G500_01693,209000.0,471500.0,209500.0,472000.0,209250.0,471750.0,500,center_in_cheonan,34012610,부성2동,127.10370799781698,36.844399268122984,3672.0,3646,1594,15,1,0,1,0,0,0,0,0,2,1,1,0,0,0,0,0,0,0,0,1,0,0,1,0,0,0,0,0,0,0,0,0,0,0,0,0,0,0,0,0,0,0,0,0,0,0,0,0
G500_01694,209500.0,471500.0,210000.0,472000.0,209750.0,471750.0,500,center_in_cheonan,34012610,부성2동,127.10931382650806,36.844394245731706,2645.0,2628,1147,25,0,0,0,2,2,0,0,0,0,0,0,0,0,0,0,0,0,0,0,1,1,0,0,0,0,0,0,0,0,0,0,0,0,0,0,0,0,0,0,0,0,0,0,0,0,0,0,0
G500_01695,210000.0,471500.0,210500.0,472000.0,210250.0,471750.0,500,center_in_cheonan,34012610,부성2동,127.11491965377357,36.84438895900545,0.0,0,0,25,0,0,0,0,0,0,0,0,0,0,0,0,0,0,0,0,0,0,0,0,0,0,0,0,0,0,0,0,0,0,0,0,0,0,0,0,0,0,0,0,0,0,0,0,0,0,0,0
G500_01696,210500.0,471500.0,211000.0,472000.0,210750.0,471750.0,500,center_in_cheonan,34012610,부성2동,127.12052547954036,36.84438340794443,2019.0,2005,875,25,0,0,0,1,1,0,0,0,0,0,0,0,0,0,0,0,0,0,0,0,0,0,0,0,0,0,0,0,0,0,0,0,1,0,0,0,0,0,0,1,0,0,0,0,0,0,1,1
G500_01697,211000.0,471500.0,211500.0,472000.0,211250.0,471750.0,500,center_in_cheonan,34012610,부성2동,127.12613130373536,36.844377592548874,3937.0,3911,1707,25,0,0,0,0,0,0,0,0,2,1,1,0,0,0,0,0,0,0,0,1,0,0,0,0,1,0,0,0,0,0,0,0,0,0,0,0,0,0,0,0,0,0,0,0,0,0,0,0
G500_01698,211500.0,471500.0,212000.0,472000.0,211750.0,471750.0,500,center_in_cheonan,34012610,부성2동,127.13173712628543,36.84437151281903,2931.0,2912,1270,25,0,0,0,1,1,0,0,0,0,0,0,0,0,0,0,0,0,0,0,0,0,0,0,0,0,0,0,0,0,0,0,0,0,0,0,0,0,0,0,0,0,0,0,0,0,0,0,0
G500_01699,212000.0,471500.0,212500.0,472000.0,212250.0,471750.0,500,center_in_cheonan,34012610,부성2동,127.13734294711752,36.84436516875513,2723.0,2705,1179,25,0,0,0,2,2,0,0,0,0,0,0,0,0,0,0,0,0,0,0,0,0,0,0,0,0,0,0,0,0,0,0,0,1,0,0,0,0,0,0,0,0,0,0,1,0,0,0,0
G500_01700,212500.0,471500.0,213000.0,472000.0,212750.0,471750.0,500,center_in_cheonan,34012600,부성1동,127.14294876615848,36.844358560357435,0.0,0,0,25,0,0,0,0,0,0,0,0,0,0,0,0,0,0,0,0,0,0,0,0,0,0,0,0,0,0,0,0,0,0,0,0,0,0,0,0,0,0,0,0,0,0,0,0,0,0,0,0
G500_01701,213000.0,471500.0,213500.0,472000.0,213250.0,471750.0,500,center_in_cheonan,34012600,부성1동,127.14855458333518,36.84435168762622,163.0,177,93,25,0,0,0,1,1,0,0,0,0,0,0,0,0,0,0,0,0,0,0,1,0,0,0,0,1,0,0,0,0,0,0,0,0,0,0,0,0,0,0,0,0,0,0,0,0,0,0,0
G500_01702,213500.0,471500.0,214000.0,472000.0,213750.0,471750.0,500,center_in_cheonan,34012600,부성1동,127.1541603985746,36.84434455056177,1183.0,1294,670,25,0,0,0,1,1,0,0,0,0,0,0,0,0,0,0,0,0,0,0,1,0,0,1,0,0,0,0,0,0,0,0,0,0,0,0,0,0,0,0,0,0,0,0,0,0,0,0,0
G500_01703,214000.0,471500.0,214500.0,472000.0,214250.0,471750.0,500,center_in_cheonan,34012600,부성1동,127.15976621180356,36.84433714916437,252.0,275,143,25,0,0,0,0,0,0,0,0,0,0,0,0,0,0,0,0,0,0,0,0,0,0,0,0,0,0,0,0,0,0,0,0,0,0,0,0,0,0,0,0,0,0,0,0,0,0,0,0
G500_01704,214500.0,471500.0,215000.0,472000.0,214750.0,471750.0,500,center_in_cheonan,34012600,부성1동,127.165372022949,36.84432948343432,77.0,84,44,25,0,0,0,0,0,0,0,0,0,0,0,0,0,0,0,0,0,0,0,0,0,0,0,0,0,0,0,0,0,0,0,0,0,0,0,0,0,0,0,0,0,0,0,0,0,0,0,0
G500_01705,215000.0,471500.0,215500.0,472000.0,215250.0,471750.0,500,center_in_cheonan,34011590,신안동,127.17097783193776,36.84432155337196,0.0,0,0,25,0,0,0,0,0,0,0,0,0,0,0,0,0,0,0,0,0,0,0,0,0,0,0,0,0,0,0,0,0,0,0,0,0,0,0,0,0,0,0,0,0,0,0,0,0,0,0,0
G500_01706,215500.0,471500.0,216000.0,472000.0,215750.0,471750.0,500,center_in_cheonan,34012120,성거읍,127.17658363869678,36.84431335897757,34.0,31,16,25,0,0,0,0,0,0,0,0,0,0,0,0,0,0,0,0,0,0,0,0,0,0,0,0,0,0,0,0,0,0,0,0,0,0,0,0,0,0,0,0,0,0,0,0,0,0,0,0
G500_01707,216000.0,471500.0,216500.0,472000.0,216250.0,471750.0,500,center_in_cheonan,34012120,성거읍,127.18218944315295,36.84430490025152,464.0,374,202,25,0,0,0,2,2,0,0,0,0,0,0,0,0,0,0,0,0,0,0,0,0,0,0,0,0,0,0,0,0,0,0,0,0,0,0,0,0,0,0,0,0,0,0,0,0,0,0,0
G500_01708,216500.0,471500.0,217000.0,472000.0,216750.0,471750.0,500,center_in_cheonan,34011590,신안동,127.18779524523316,36.84429617719413,2655.0,2070,1139,25,0,0,0,3,3,0,0,0,0,0,0,0,0,0,0,0,0,0,0,0,0,0,0,0,0,0,0,0,0,0,0,0,0,0,0,0,0,0,0,0,0,0,0,0,0,0,0,0
G500_01709,217000.0,471500.0,217500.0,472000.0,217250.0,471750.0,500,center_in_cheonan,34011590,신안동,127.1934010448643,36.84428718980579,5.0,4,2,25,0,0,0,0,0,0,0,0,0,0,0,0,0,0,0,0,0,0,0,0,0,0,0,0,0,0,0,0,0,0,0,0,0,0,0,0,0,0,0,0,0,0,0,0,0,0,0,0
G500_01710,217500.0,471500.0,218000.0,472000.0,217750.0,471750.0,500,center_in_cheonan,34011590,신안동,127.19900684197327,36.84427793808683,0.0,0,0,25,0,0,0,0,0,0,0,0,0,0,0,0,0,0,0,0,0,0,0,0,0,0,0,0,0,0,0,0,0,0,0,0,0,0,0,0,0,0,0,0,0,0,0,0,0,0,0,0
G500_01711,218000.0,471500.0,218500.0,472000.0,218250.0,471750.0,500,center_in_cheonan,34011590,신안동,127.20461263648697,36.84426842203765,0.0,0,0,25,0,0,0,0,0,0,0,0,0,0,0,0,0,0,0,0,0,0,0,0,0,0,0,0,0,0,0,0,0,0,0,0,0,0,0,0,0,0,0,0,0,0,0,0,0,0,0,0
G500_01712,218500.0,471500.0,219000.0,472000.0,218750.0,471750.0,500,center_in_cheonan,34011590,신안동,127.21021842833233,36.844258641658634,0.0,0,0,25,0,0,0,0,0,0,0,0,0,0,0,0,0,0,0,0,0,0,0,0,0,0,0,0,0,0,0,0,0,0,0,0,0,0,0,0,0,0,0,0,0,0,0,0,0,0,0,0
G500_01713,219000.0,471500.0,219500.0,472000.0,219250.0,471750.0,500,center_in_cheonan,34011110,목천읍,127.21582421743615,36.84424859695019,0.0,0,0,25,0,0,0,0,0,0,0,0,0,0,0,0,0,0,0,0,0,0,0,0,0,0,0,0,0,0,0,0,0,0,0,0,0,0,0,0,0,0,0,0,0,0,0,0,0,0,0,0
G500_01714,219500.0,471500.0,220000.0,472000.0,219750.0,471750.0,500,center_in_cheonan,34011110,목천읍,127.22143000372543,36.84423828791271,0.0,0,0,25,0,0,0,0,0,0,0,0,0,0,0,0,0,0,0,0,0,0,0,0,0,0,0,0,0,0,0,0,0,0,0,0,0,0,0,0,0,0,0,0,0,0,0,0,0,0,0,0
G500_01715,220000.0,471500.0,220500.0,472000.0,220250.0,471750.0,500,center_in_cheonan,34011110,목천읍,127.22703578712701,36.84422771454662,0.0,0,0,25,0,0,0,0,0,0,0,0,0,0,0,0,0,0,0,0,0,0,0,0,0,0,0,0,0,0,0,0,0,0,0,0,0,0,0,0,0,0,0,0,0,0,0,0,0,0,0,0
G500_01716,220500.0,471500.0,221000.0,472000.0,220750.0,471750.0,500,center_in_cheonan,34011110,목천읍,127.23264156756778,36.84421687685238,0.0,0,0,25,0,0,0,0,0,0,0,0,0,0,0,0,0,0,0,0,0,0,0,0,0,0,0,0,0,0,0,0,0,0,0,0,0,0,0,0,0,0,0,0,0,0,0,0,0,0,0,0
G500_01717,221000.0,471500.0,221500.0,472000.0,221250.0,471750.0,500,center_in_cheonan,34011110,목천읍,127.23824734497468,36.84420577483039,5.0,4,2,25,0,0,0,0,0,0,0,0,0,0,0,0,0,0,0,0,0,0,0,0,0,0,0,0,0,0,0,0,0,0,0,0,0,0,0,0,0,0,0,0,0,0,0,0,0,0,0,0
G500_01718,221500.0,471500.0,222000.0,472000.0,221750.0,471750.0,500,center_in_cheonan,34011110,목천읍,127.24385311927459,36.84419440848113,0.0,0,0,25,0,0,0,0,0,0,0,0,0,0,0,0,0,0,0,0,0,0,0,0,0,0,0,0,0,0,0,0,0,0,0,0,0,0,0,0,0,0,0,0,0,0,0,0,0,0,0,0
G500_01719,222000.0,471500.0,222500.0,472000.0,222250.0,471750.0,500,center_in_cheonan,34011330,북면,127.2494588903944,36.84418277780506,5.0,4,2,25,0,0,0,0,0,0,0,0,0,0,0,0,0,0,0,0,0,0,0,0,0,0,0,0,0,0,0,0,0,0,0,0,0,0,0,0,0,0,0,0,0,0,0,0,0,0,0,0
G500_01720,222500.0,471500.0,223000.0,472000.0,222750.0,471750.0,500,center_in_cheonan,34011330,북면,127.25506465826103,36.844170882802665,5.0,4,2,24,0,0,0,0,0,0,0,0,0,0,0,0,0,0,0,0,0,0,0,0,0,0,0,0,0,0,0,0,0,0,0,0,0,0,0,0,0,0,0,0,0,0,0,0,0,0,0,0
G500_01721,223000.0,471500.0,223500.0,472000.0,223250.0,471750.0,500,center_in_cheonan,34011330,북면,127.26067042280134,36.84415872347441,5.0,4,2,25,0,0,0,0,0,0,0,0,0,0,0,0,0,0,0,0,0,0,0,0,0,0,0,0,0,0,0,0,0,0,0,0,0,0,0,0,0,0,0,0,0,0,0,0,0,0,0,0
G500_01722,223500.0,471500.0,224000.0,472000.0,223750.0,471750.0,500,center_in_cheonan,34011330,북면,127.26627618394224,36.8441462998208,15.0,12,6,25,0,0,0,0,0,0,0,0,0,0,0,0,0,0,0,0,0,0,0,0,0,0,0,0,0,0,0,0,0,0,0,0,0,0,0,0,0,0,0,0,0,0,0,0,0,0,0,0
G500_01723,224000.0,471500.0,224500.0,472000.0,224250.0,471750.0,500,center_in_cheonan,34011330,북면,127.27188194161064,36.844133611842345,75.0,57,34,25,0,0,0,0,0,0,0,0,0,0,0,0,0,0,0,0,0,0,0,0,0,0,0,0,0,0,0,0,0,0,0,0,0,0,0,0,0,0,0,0,0,0,0,0,0,0,0,0
G500_01724,224500.0,471500.0,225000.0,472000.0,224750.0,471750.0,500,center_in_cheonan,34011330,북면,127.27748769573347,36.84412065953958,0.0,0,0,25,0,0,0,0,0,0,0,0,0,0,0,0,0,0,0,0,0,0,0,0,0,0,0,0,0,0,0,0,0,0,0,0,0,0,0,0,0,0,0,0,0,0,0,0,0,0,0,0
G500_01725,225000.0,471500.0,225500.0,472000.0,225250.0,471750.0,500,center_in_cheonan,34011330,북면,127.28309344623759,36.84410744291299,0.0,0,0,25,0,0,0,0,0,0,0,0,0,0,0,0,0,0,0,0,0,0,0,0,0,0,0,0,0,0,0,0,0,0,0,0,0,0,0,0,0,0,0,0,0,0,0,0,0,0,0,0
G500_01726,225500.0,471500.0,226000.0,472000.0,225750.0,471750.0,500,center_in_cheonan,34011330,북면,127.2886991930499,36.84409396196316,0.0,0,0,25,0,0,0,0,0,0,0,0,0,0,0,0,0,0,0,0,0,0,0,0,0,0,0,0,0,0,0,0,0,0,0,0,0,0,0,0,0,0,0,0,0,0,0,0,0,0,0,0
G500_01727,226000.0,471500.0,226500.0,472000.0,226250.0,471750.0,500,center_in_cheonan,34011330,북면,127.2943049360973,36.84408021669063,0.0,0,0,25,0,0,0,0,0,0,0,0,0,0,0,0,0,0,0,0,0,0,0,0,0,0,0,0,0,0,0,0,0,0,0,0,0,0,0,0,0,0,0,0,0,0,0,0,0,0,0,0
G500_01728,226500.0,471500.0,227000.0,472000.0,226750.0,471750.0,500,center_in_cheonan,34011360,병천면,127.29991067530672,36.844066207095956,0.0,0,0,25,0,0,0,0,0,0,0,0,0,0,0,0,0,0,0,0,0,0,0,0,0,0,0,0,0,0,0,0,0,0,0,0,0,0,0,0,0,0,0,0,0,0,0,0,0,0,0,0
G500_01729,227000.0,471500.0,227500.0,472000.0,227250.0,471750.0,500,center_in_cheonan,34011360,병천면,127.30551641060501,36.8440519331797,0.0,0,0,25,0,0,0,0,0,0,0,0,0,0,0,0,0,0,0,0,0,0,0,0,0,0,0,0,0,0,0,0,0,0,0,0,0,0,0,0,0,0,0,0,0,0,0,0,0,0,0,0
G500_01730,227500.0,471500.0,228000.0,472000.0,227750.0,471750.0,500,center_in_cheonan,34011360,병천면,127.31112214191913,36.844037394942454,0.0,0,0,25,0,0,0,0,0,0,0,0,0,0,0,0,0,0,0,0,0,0,0,0,0,0,0,0,0,0,0,0,0,0,0,0,0,0,0,0,0,0,0,0,0,0,0,0,0,0,0,0
G500_01731,228000.0,471500.0,228500.0,472000.0,228250.0,471750.0,500,center_in_cheonan,34011360,병천면,127.31672786917593,36.84402259238483,68.0,54,32,25,0,0,0,0,0,0,0,0,0,0,0,0,0,0,0,0,0,0,0,0,0,0,0,0,0,0,0,0,0,0,1,1,0,0,0,0,0,0,0,0,0,0,0,0,0,0,0,0
G500_01732,228500.0,471500.0,229000.0,472000.0,228750.0,471750.0,500,center_in_cheonan,34011360,병천면,127.32233359230234,36.8440075255074,8.0,6,4,25,0,0,0,0,0,0,0,0,0,0,0,0,0,0,0,0,0,0,0,0,0,0,0,0,0,0,0,0,0,0,0,0,0,0,0,0,0,0,0,0,0,0,0,0,0,0,0,0
G500_01733,229000.0,471500.0,229500.0,472000.0,229250.0,471750.0,500,center_in_cheonan,34011360,병천면,127.32793931122528,36.84399219431081,0.0,0,0,25,0,0,0,0,0,0,0,0,0,0,0,0,0,0,0,0,0,0,0,0,0,0,0,0,0,0,0,0,0,0,0,0,0,0,0,0,0,0,0,0,0,0,0,0,0,0,0,0
G500_01734,229500.0,471500.0,230000.0,472000.0,229750.0,471750.0,500,center_in_cheonan,34011360,병천면,127.33354502587162,36.84397659879566,0.0,0,0,22,0,0,0,0,0,0,0,0,0,0,0,0,0,0,0,0,0,0,0,0,0,0,0,0,0,0,0,0,0,0,0,0,0,0,0,0,0,0,0,0,0,0,0,0,0,0,0,0
G500_01735,209500.0,472000.0,210000.0,472500.0,209750.0,472250.0,500,center_in_cheonan,34012610,부성2동,127.10932024058867,36.84889976609085,2968.0,2948,1287,22,0,0,0,0,0,0,0,0,0,0,0,0,0,0,0,0,0,0,0,0,0,0,0,0,0,0,0,0,0,0,0,0,0,0,0,0,0,0,0,0,0,0,0,0,0,0,0,0
G500_01736,210000.0,472000.0,210500.0,472500.0,210250.0,472250.0,500,center_in_cheonan,34012610,부성2동,127.11492639677907,36.84889447850357,385.0,383,166,25,0,0,0,5,5,0,0,0,0,0,0,0,0,0,0,0,0,0,0,0,0,0,0,0,0,0,0,0,0,0,0,0,0,0,0,0,0,0,0,0,0,0,0,0,0,0,0,0
G500_01737,210500.0,472000.0,211000.0,472500.0,210750.0,472250.0,500,center_in_cheonan,34012610,부성2동,127.12053255147042,36.84888892653848,206.0,206,89,25,0,0,0,1,1,0,0,0,0,0,0,0,0,0,0,0,0,0,0,0,0,0,0,0,0,0,0,0,0,0,0,0,0,0,0,0,0,0,0,0,0,0,0,0,0,0,0,0
G500_01738,211000.0,472000.0,211500.0,472500.0,211250.0,472250.0,500,center_in_cheonan,34012610,부성2동,127.12613870458964,36.8488831101958,21.0,21,8,25,0,0,0,0,0,0,0,0,0,0,0,0,0,0,0,0,0,0,0,0,0,0,0,0,0,0,0,0,0,0,0,0,0,0,0,0,0,0,0,0,0,0,0,0,0,0,0,0
G500_01739,211500.0,472000.0,212000.0,472500.0,211750.0,472250.0,500,center_in_cheonan,34012600,부성1동,127.13174485606352,36.84887702947579,5.0,5,2,25,0,0,0,0,0,0,0,0,0,0,0,0,0,0,0,0,0,0,0,0,0,0,0,0,0,0,0,0,0,0,0,0,0,0,0,0,0,0,0,0,0,0,0,0,0,0,0,0
G500_01740,212000.0,472000.0,212500.0,472500.0,212250.0,472250.0,500,center_in_cheonan,34012610,부성2동,127.137351005819,36.84887068437865,0.0,0,0,25,0,0,0,0,0,0,0,0,0,0,0,0,0,0,0,0,0,0,0,0,0,0,0,0,0,0,0,0,0,0,0,0,1,0,0,0,0,0,0,0,0,0,0,0,0,1,0,0
G500_01741,212500.0,472000.0,213000.0,472500.0,212750.0,472250.0,500,center_in_cheonan,34012600,부성1동,127.14295715378297,36.8488640749047,20.0,20,10,25,0,0,0,0,0,0,0,0,0,0,0,0,0,0,0,0,0,0,0,0,0,0,0,0,0,0,0,0,0,0,0,0,4,0,0,0,0,0,0,2,0,0,0,1,0,1,1,1
G500_01742,213000.0,472000.0,213500.0,472500.0,213250.0,472250.0,500,center_in_cheonan,34012600,부성1동,127.14856329988228,36.84885720105416,200.0,218,113,25,0,0,0,1,1,1,0,1,0,0,0,0,0,0,0,0,0,0,0,1,0,0,0,0,1,0,0,0,0,0,0,0,0,0,0,0,0,0,0,0,0,0,0,0,0,0,0,0
G500_01743,213500.0,472000.0,214000.0,472500.0,213750.0,472250.0,500,center_in_cheonan,34012600,부성1동,127.1541694440438,36.848850062827346,2166.0,2365,1222,25,0,0,0,4,4,0,0,0,2,1,1,0,0,0,0,0,0,0,0,0,0,0,0,0,0,0,0,0,0,0,1,1,0,0,0,0,0,0,0,0,0,0,0,0,0,0,0,0
G500_01744,214000.0,472000.0,214500.0,472500.0,214250.0,472250.0,500,center_in_cheonan,34012600,부성1동,127.15977558619443,36.84884266022452,42.0,45,24,25,0,0,0,0,0,0,0,0,0,0,0,0,0,0,0,0,0,0,0,0,0,0,0,0,0,0,0,0,0,0,0,0,0,0,0,0,0,0,0,0,0,0,0,0,0,0,0,0
G500_01745,214500.0,472000.0,215000.0,472500.0,214750.0,472250.0,500,center_in_cheonan,34012600,부성1동,127.16538172626102,36.848834993246,18.0,19,11,25,0,0,0,0,0,0,0,0,0,0,0,0,0,0,0,0,0,0,0,0,0,0,0,0,0,0,0,0,0,0,0,0,0,0,0,0,0,0,0,0,0,0,0,0,0,0,0,0
G500_01746,215000.0,472000.0,215500.0,472500.0,215250.0,472250.0,500,center_in_cheonan,34012120,성거읍,127.17098786417048,36.84882706189211,5.0,5,2,25,0,0,0,0,0,0,0,0,0,0,0,0,0,0,0,0,0,0,0,0,0,0,0,0,0,0,0,0,0,0,0,0,0,0,0,0,0,0,0,0,0,0,0,0,0,0,0,0
G500_01747,215500.0,472000.0,216000.0,472500.0,215750.0,472250.0,500,center_in_cheonan,34012120,성거읍,127.17659399984967,36.84881886616315,199.0,181,90,25,0,0,0,0,0,0,0,0,0,0,0,0,0,0,0,0,0,0,0,0,0,0,0,0,0,0,0,0,0,0,0,0,0,0,0,0,0,0,0,0,0,0,0,0,0,0,0,0
G500_01748,216000.0,472000.0,216500.0,472500.0,216250.0,472250.0,500,center_in_cheonan,34012120,성거읍,127.18220013322546,36.84881040605947,376.0,342,170,25,0,0,0,2,2,0,0,0,0,0,0,0,0,0,0,0,0,0,0,0,0,0,0,0,0,0,0,0,0,0,0,0,0,0,0,0,0,0,0,0,0,0,0,0,0,0,0,0
G500_01749,216500.0,472000.0,217000.0,472500.0,216750.0,472250.0,500,center_in_cheonan,34012120,성거읍,127.18780626422479,36.84880168158142,66.0,61,28,25,0,0,0,0,0,0,0,0,0,0,0,0,0,0,0,0,0,0,0,0,0,0,0,0,0,0,0,0,0,0,0,0,0,0,0,0,0,0,0,0,0,0,0,0,0,0,0,0
G500_01750,217000.0,472000.0,217500.0,472500.0,217250.0,472250.0,500,center_in_cheonan,34011590,신안동,127.19341239277443,36.84879269272935,62.0,48,25,25,0,0,0,0,0,0,0,0,0,0,0,0,0,0,0,0,0,0,0,0,0,0,0,0,0,0,0,0,0,0,0,0,0,0,0,0,0,0,0,0,0,0,0,0,0,0,0,0
G500_01751,217500.0,472000.0,218000.0,472500.0,217750.0,472250.0,500,center_in_cheonan,34011590,신안동,127.19901851880135,36.84878343950361,18.0,14,7,25,0,0,0,0,0,0,0,0,0,0,0,0,1,0,0,0,1,0,0,0,0,0,0,0,0,0,0,0,0,0,0,0,0,0,0,0,0,0,0,0,0,0,0,0,0,0,0,0
G500_01752,218000.0,472000.0,218500.0,472500.0,218250.0,472250.0,500,center_in_cheonan,34011590,신안동,127.2046246422324,36.848773921904616,5.0,4,2,25,0,0,0,0,0,0,0,0,0,0,0,0,0,0,0,0,0,0,0,0,0,0,0,0,0,0,0,0,0,0,0,0,0,0,0,0,0,0,0,0,0,0,0,0,0,0,0,0
G500_01753,218500.0,472000.0,219000.0,472500.0,218750.0,472250.0,500,center_in_cheonan,34012120,성거읍,127.21023076299446,36.84876413993273,0.0,0,0,25,0,0,0,0,0,0,0,0,0,0,0,0,0,0,0,0,0,0,0,0,0,0,0,0,0,0,0,0,0,0,0,0,0,0,0,0,0,0,0,0,0,0,0,0,0,0,0,0
G500_01754,219000.0,472000.0,219500.0,472500.0,219250.0,472250.0,500,center_in_cheonan,34012120,성거읍,127.21583688101438,36.84875409358836,0.0,0,0,25,0,0,0,0,0,0,0,0,0,0,0,0,0,0,0,0,0,0,0,0,0,0,0,0,0,0,0,0,0,0,0,0,0,0,0,0,0,0,0,0,0,0,0,0,0,0,0,0
G500_01755,219500.0,472000.0,220000.0,472500.0,219750.0,472250.0,500,center_in_cheonan,34011110,목천읍,127.2214429962191,36.8487437828719,0.0,0,0,25,0,0,0,0,0,0,0,0,0,0,0,0,0,0,0,0,0,0,0,0,0,0,0,0,0,0,0,0,0,0,0,0,0,0,0,0,0,0,0,0,0,0,0,0,0,0,0,0
G500_01756,220000.0,472000.0,220500.0,472500.0,220250.0,472250.0,500,center_in_cheonan,34011110,목천읍,127.22704910853543,36.84873320778381,0.0,0,0,25,0,0,0,0,0,0,0,0,0,0,0,0,0,0,0,0,0,0,0,0,0,0,0,0,0,0,0,0,0,0,0,0,0,0,0,0,0,0,0,0,0,0,0,0,0,0,0,0
G500_01757,220500.0,472000.0,221000.0,472500.0,220750.0,472250.0,500,center_in_cheonan,34011110,목천읍,127.2326552178903,36.848722368324495,0.0,0,0,25,0,0,0,0,0,0,0,0,0,0,0,0,0,0,0,0,0,0,0,0,0,0,0,0,0,0,0,0,0,0,0,0,0,0,0,0,0,0,0,0,0,0,0,0,0,0,0,0
G500_01758,221000.0,472000.0,221500.0,472500.0,221250.0,472250.0,500,center_in_cheonan,34011110,목천읍,127.2382613242106,36.84871126449439,0.0,0,0,25,0,0,0,0,0,0,0,0,0,0,0,0,0,0,0,0,0,0,0,0,0,0,0,0,0,0,0,0,0,0,0,0,0,0,0,0,0,0,0,0,0,0,0,0,0,0,0,0
G500_01759,221500.0,472000.0,222000.0,472500.0,221750.0,472250.0,500,center_in_cheonan,34011330,북면,127.24386742742317,36.84869989629395,0.0,0,0,25,0,0,0,0,0,0,0,0,0,0,0,0,0,0,0,0,0,0,0,0,0,0,0,0,0,0,0,0,0,0,0,0,0,0,0,0,0,0,0,0,0,0,0,0,0,0,0,0
G500_01760,222000.0,472000.0,222500.0,472500.0,222250.0,472250.0,500,center_in_cheonan,34011330,북면,127.24947352745492,36.84868826372368,20.0,16,8,25,0,0,0,0,0,0,0,0,0,0,0,0,0,0,0,0,0,0,0,0,0,0,0,0,0,0,0,0,0,0,0,0,0,0,0,0,0,0,0,0,0,0,0,0,0,0,0,0
G500_01761,222500.0,472000.0,223000.0,472500.0,222750.0,472250.0,500,center_in_cheonan,34011330,북면,127.25507962423272,36.84867636678401,8.0,6,4,25,0,0,0,0,0,0,0,0,0,0,0,0,0,0,0,0,0,0,0,0,0,0,0,0,0,0,0,0,0,0,0,0,0,0,0,0,0,0,0,0,0,0,0,0,0,0,0,0
G500_01762,223000.0,472000.0,223500.0,472500.0,223250.0,472250.0,500,center_in_cheonan,34011330,북면,127.26068571768344,36.84866420547545,33.0,25,15,25,0,0,0,0,0,0,0,0,0,0,0,0,0,0,0,0,0,0,0,0,0,0,0,0,0,0,0,0,0,0,0,0,0,0,0,0,0,0,0,0,0,0,0,0,0,0,0,0
G500_01763,223500.0,472000.0,224000.0,472500.0,223750.0,472250.0,500,center_in_cheonan,34011330,북면,127.26629180773398,36.84865177979848,37.0,28,18,25,0,0,0,0,0,0,0,0,0,0,0,0,0,0,0,0,0,0,0,0,0,0,0,0,0,0,0,0,0,0,0,0,0,0,0,0,0,0,0,0,0,0,0,0,0,0,0,0
G500_01764,224000.0,472000.0,224500.0,472500.0,224250.0,472250.0,500,center_in_cheonan,34011330,북면,127.27189789431124,36.84863908975362,13.0,10,6,25,0,0,0,0,0,0,0,0,0,0,0,0,0,0,0,0,0,0,0,0,0,0,0,0,0,0,0,0,0,0,0,0,0,0,0,0,0,0,0,0,0,0,0,0,0,0,0,0
G500_01765,224500.0,472000.0,225000.0,472500.0,224750.0,472250.0,500,center_in_cheonan,34011330,북면,127.27750397734206,36.848626135341384,15.0,12,6,25,0,0,0,0,0,0,0,0,0,0,0,0,0,0,0,0,0,0,0,0,0,0,0,0,0,0,0,0,0,0,0,0,0,0,0,0,0,0,0,0,0,0,0,0,0,0,0,0
G500_01766,225000.0,472000.0,225500.0,472500.0,225250.0,472250.0,500,center_in_cheonan,34011330,북면,127.28311005675334,36.84861291656231,46.0,35,21,25,0,0,0,0,0,0,0,0,0,0,0,0,0,0,0,0,0,0,0,0,0,0,0,0,0,0,0,0,0,0,0,0,0,0,0,0,0,0,0,0,0,0,0,0,0,0,0,0
G500_01767,225500.0,472000.0,226000.0,472500.0,225750.0,472250.0,500,center_in_cheonan,34011330,북면,127.28871613247196,36.84859943341692,13.0,10,6,25,0,0,0,0,0,0,0,0,0,0,0,0,0,0,0,0,0,0,0,0,0,0,0,0,0,0,0,0,0,0,0,0,0,0,0,0,0,0,0,0,0,0,0,0,0,0,0,0
G500_01768,226000.0,472000.0,226500.0,472500.0,226250.0,472250.0,500,center_in_cheonan,34011330,북면,127.29432220442482,36.84858568590579,0.0,0,0,25,0,0,0,0,0,0,0,0,0,0,0,0,0,0,0,0,0,0,0,0,0,0,0,0,0,0,0,0,0,0,0,0,0,0,0,0,0,0,0,0,0,0,0,0,0,0,0,0
G500_01769,226500.0,472000.0,227000.0,472500.0,226750.0,472250.0,500,center_in_cheonan,34011330,북면,127.29992827253879,36.848571674029465,0.0,0,0,25,0,0,0,0,0,0,0,0,0,0,0,0,0,0,0,0,0,0,0,0,0,0,0,0,0,0,0,0,0,0,0,0,0,0,0,0,0,0,0,0,0,0,0,0,0,0,0,0
G500_01770,227000.0,472000.0,227500.0,472500.0,227250.0,472250.0,500,center_in_cheonan,34011360,병천면,127.30553433674076,36.84855739778851,0.0,0,0,25,0,0,0,0,0,0,0,0,0,0,0,0,0,0,0,0,0,0,0,0,0,0,0,0,0,0,0,0,0,0,0,0,0,0,0,0,0,0,0,0,0,0,0,0,0,0,0,0
G500_01771,227500.0,472000.0,228000.0,472500.0,227750.0,472250.0,500,center_in_cheonan,34011360,병천면,127.31114039695763,36.84854285718354,0.0,0,0,25,0,0,0,0,0,0,0,0,0,0,0,0,0,0,0,0,0,0,0,0,0,0,0,0,0,0,0,0,0,0,0,0,0,0,0,0,0,0,0,0,0,0,0,0,0,0,0,0
G500_01772,228000.0,472000.0,228500.0,472500.0,228250.0,472250.0,500,center_in_cheonan,34011360,병천면,127.31674645311625,36.84852805221512,10.0,8,4,25,0,0,0,0,0,0,0,0,0,0,0,0,0,0,0,0,0,0,0,0,0,0,0,0,0,0,0,0,0,0,0,0,0,0,0,0,0,0,0,0,0,0,0,0,0,0,0,0
G500_01773,228500.0,472000.0,229000.0,472500.0,228750.0,472250.0,500,center_in_cheonan,34011360,병천면,127.32235250514351,36.848512982883854,26.0,20,12,25,0,0,0,0,0,0,0,0,0,0,0,0,0,0,0,0,0,0,0,0,0,0,0,0,0,0,0,0,0,0,0,0,0,0,0,0,0,0,0,0,0,0,0,0,0,0,0,0
G500_01774,229000.0,472000.0,229500.0,472500.0,229250.0,472250.0,500,center_in_cheonan,34011360,병천면,127.32795855296631,36.848497649190385,0.0,0,0,25,0,0,0,0,0,0,0,0,0,0,0,0,0,0,0,0,0,0,0,0,0,0,0,0,0,0,0,0,0,0,0,0,0,0,0,0,0,0,0,0,0,0,0,0,0,0,0,0
G500_01775,229500.0,472000.0,230000.0,472500.0,229750.0,472250.0,500,center_in_cheonan,34011360,병천면,127.33356459651152,36.84848205113531,0.0,0,0,25,0,0,0,0,0,0,0,0,0,0,0,0,0,0,0,0,0,0,0,0,0,0,0,0,0,0,0,0,0,0,0,0,0,0,0,0,0,0,0,0,0,0,0,0,0,0,0,0
G500_01776,210000.0,472500.0,210500.0,473000.0,210250.0,472750.0,500,center_in_cheonan,34012610,부성2동,127.11493314128361,36.85339999457775,144.0,144,60,25,0,0,0,0,0,0,0,0,0,0,0,0,0,0,0,0,0,0,0,0,0,0,0,0,0,0,0,0,0,0,0,0,0,0,0,0,0,0,0,0,0,0,0,0,0,0,0,0
G500_01777,210500.0,472500.0,211000.0,473000.0,210750.0,472750.0,500,center_in_cheonan,34012610,부성2동,127.12053962497266,36.85339444170849,13.0,13,6,25,0,0,0,1,1,0,0,0,0,0,0,0,1,0,1,0,0,0,0,0,0,0,0,0,0,0,0,0,0,0,0,0,0,0,0,0,0,0,0,0,0,0,0,0,0,0,0,0
G500_01778,211000.0,472500.0,211500.0,473000.0,211250.0,472750.0,500,center_in_cheonan,34012600,부성1동,127.12614610708918,36.85338862441858,10.0,10,6,25,0,0,0,1,1,0,0,0,0,0,0,0,0,0,0,0,0,0,0,0,0,0,0,0,0,0,0,0,0,0,0,0,0,0,0,0,0,0,0,0,0,0,0,0,0,0,0,0
G500_01779,211500.0,472500.0,212000.0,473000.0,211750.0,472750.0,500,center_in_cheonan,34012600,부성1동,127.13175258756002,36.853382542708275,44.0,48,24,25,0,0,0,0,0,0,0,0,0,0,0,0,0,0,0,0,0,0,0,0,0,0,0,0,0,0,0,0,0,0,0,0,0,0,0,0,0,0,0,0,0,0,0,0,0,0,0,0
G500_01780,212000.0,472500.0,212500.0,473000.0,212250.0,472750.0,500,center_in_cheonan,34012600,부성1동,127.13735906631204,36.853376196577806,36.0,38,20,25,0,0,0,0,0,0,0,0,0,0,0,0,0,0,0,0,0,0,0,0,0,0,0,0,0,0,0,0,0,0,0,0,0,0,0,0,0,0,0,0,0,0,0,0,0,0,0,0
G500_01781,212500.0,472500.0,213000.0,473000.0,212750.0,472750.0,500,center_in_cheonan,34012600,부성1동,127.14296554327213,36.85336958602745,5.0,5,3,25,0,0,0,0,0,0,0,0,0,0,0,0,0,0,0,0,0,0,0,0,0,0,0,0,0,0,0,0,0,0,0,0,0,0,0,0,0,0,0,0,0,0,0,0,0,0,0,0
G500_01782,213000.0,472500.0,213500.0,473000.0,213250.0,472750.0,500,center_in_cheonan,34012600,부성1동,127.14857201836712,36.85336271105745,975.0,1065,551,25,0,0,0,0,0,0,0,0,0,0,0,0,0,0,0,0,0,0,0,0,0,0,0,0,0,0,0,0,0,0,0,0,0,0,0,0,0,0,0,0,0,0,0,0,0,0,0,0
G500_01783,213500.0,472500.0,214000.0,473000.0,213750.0,472750.0,500,center_in_cheonan,34012600,부성1동,127.1541784915239,36.853355571668125,31.0,33,18,25,0,0,0,0,0,0,0,0,0,0,0,0,0,0,0,0,0,0,0,0,0,0,0,0,0,0,0,0,0,0,0,0,0,0,0,0,0,0,0,0,0,0,0,0,0,0,0,0
G500_01784,214000.0,472500.0,214500.0,473000.0,214250.0,472750.0,500,center_in_cheonan,34012600,부성1동,127.15978496266932,36.85334816785974,1444.0,1579,811,25,0,0,0,1,1,1,1,0,0,0,0,0,0,0,0,0,0,0,0,0,0,0,0,0,0,0,0,0,0,0,3,3,0,0,0,0,0,0,0,0,0,0,0,0,0,0,0,0
G500_01785,214500.0,472500.0,215000.0,473000.0,214750.0,472750.0,500,center_in_cheonan,34012600,부성1동,127.16539143173021,36.8533404996326,93.0,101,51,25,0,0,0,0,0,0,0,0,0,0,0,0,0,0,0,0,0,0,0,0,0,0,0,0,0,0,0,0,0,0,0,0,0,0,0,0,0,0,0,0,0,0,0,0,0,0,0,0
G500_01786,215000.0,472500.0,215500.0,473000.0,215250.0,472750.0,500,center_in_cheonan,34012600,부성1동,127.17099789863349,36.85333256698704,0.0,0,0,25,0,0,0,0,0,0,0,0,0,0,0,0,0,0,0,0,0,0,0,0,0,0,0,0,0,0,0,0,0,0,0,0,0,0,0,0,0,0,0,0,0,0,0,0,0,0,0,0
G500_01787,215500.0,472500.0,216000.0,473000.0,215750.0,472750.0,500,center_in_cheonan,34012120,성거읍,127.17660436330597,36.85332436992336,71.0,67,31,25,0,0,0,1,1,0,0,0,0,0,0,0,0,0,0,0,0,0,0,0,0,0,0,0,0,0,0,0,0,0,0,0,0,0,0,0,0,0,0,0,0,0,0,0,0,0,0,0
G500_01788,216000.0,472500.0,216500.0,473000.0,216250.0,472750.0,500,center_in_cheonan,34012120,성거읍,127.18221082567453,36.8533159084419,519.0,473,232,25,0,0,0,0,0,0,0,0,0,0,0,0,0,0,0,0,0,0,0,0,0,0,0,0,0,0,0,0,0,0,1,1,0,0,0,0,0,0,0,0,0,0,0,0,0,0,0,0
G500_01789,216500.0,472500.0,217000.0,473000.0,216750.0,472750.0,500,center_in_cheonan,34012120,성거읍,127.18781728566601,36.853307182543006,180.0,165,80,25,0,0,0,0,0,0,0,0,0,0,0,0,0,0,0,0,0,0,0,0,0,0,0,0,0,0,0,0,0,0,0,0,0,0,0,0,0,0,0,0,0,0,0,0,0,0,0,0
G500_01790,217000.0,472500.0,217500.0,473000.0,217250.0,472750.0,500,center_in_cheonan,34012120,성거읍,127.19342374320733,36.853298192227044,5.0,5,2,25,0,0,0,0,0,0,0,0,0,0,0,0,0,0,0,0,0,0,0,0,0,0,0,0,0,0,0,0,0,0,0,0,0,0,0,0,0,0,0,0,0,0,0,0,0,0,0,0
G500_01791,217500.0,472500.0,218000.0,473000.0,217750.0,472750.0,500,center_in_cheonan,34012120,성거읍,127.1990301982253,36.85328893749436,0.0,0,0,25,0,0,0,0,0,0,0,0,0,0,0,0,0,0,0,0,0,0,0,0,0,0,0,0,0,0,0,0,0,0,0,0,0,0,0,0,0,0,0,0,0,0,0,0,0,0,0,0
G500_01792,218000.0,472500.0,218500.0,473000.0,218250.0,472750.0,500,center_in_cheonan,34012120,성거읍,127.20463665064679,36.85327941834536,0.0,0,0,25,0,0,0,0,0,0,0,0,0,0,0,0,0,0,0,0,0,0,0,0,0,0,0,0,0,0,0,0,0,0,0,0,0,0,0,0,0,0,0,0,0,0,0,0,0,0,0,0
G500_01793,218500.0,472500.0,219000.0,473000.0,218750.0,472750.0,500,center_in_cheonan,34012120,성거읍,127.21024310039869,36.85326963478042,0.0,0,0,25,0,0,0,0,0,0,0,0,0,0,0,0,0,0,0,0,0,0,0,0,0,0,0,0,0,0,0,0,0,0,0,0,0,0,0,0,0,0,0,0,0,0,0,0,0,0,0,0
G500_01794,219000.0,472500.0,219500.0,473000.0,219250.0,472750.0,500,center_in_cheonan,34012120,성거읍,127.21584954740783,36.85325958679993,0.0,0,0,25,0,0,0,0,0,0,0,0,0,0,0,0,0,0,0,0,0,0,0,0,0,0,0,0,0,0,0,0,0,0,0,0,0,0,0,0,0,0,0,0,0,0,0,0,0,0,0,0
G500_01795,219500.0,472500.0,220000.0,473000.0,219750.0,472750.0,500,center_in_cheonan,34012120,성거읍,127.2214559916011,36.85324927440433,0.0,0,0,25,0,0,0,0,0,0,0,0,0,0,0,0,0,0,0,0,0,0,0,0,0,0,0,0,0,0,0,0,0,0,0,0,0,0,0,0,0,0,0,0,0,0,0,0,0,0,0,0
G500_01796,220000.0,472500.0,220500.0,473000.0,220250.0,472750.0,500,center_in_cheonan,34012120,성거읍,127.22706243290533,36.853238697594016,0.0,0,0,25,0,0,0,0,0,0,0,0,0,0,0,0,0,0,0,0,0,0,0,0,0,0,0,0,0,0,0,0,0,0,0,0,0,0,0,0,0,0,0,0,0,0,0,0,0,0,0,0
G500_01797,220500.0,472500.0,221000.0,473000.0,220750.0,472750.0,500,center_in_cheonan,34011330,북면,127.23266887124743,36.853227856369415,0.0,0,0,25,0,0,0,0,0,0,0,0,0,0,0,0,0,0,0,0,0,0,0,0,0,0,0,0,0,0,0,0,0,0,0,0,0,0,0,0,0,0,0,0,0,0,0,0,0,0,0,0
G500_01798,221000.0,472500.0,221500.0,473000.0,221250.0,472750.0,500,center_in_cheonan,34011330,북면,127.23827530655423,36.853216750730994,0.0,0,0,25,0,0,0,0,0,0,0,0,0,0,0,0,0,0,0,0,0,0,0,0,0,0,0,0,0,0,0,0,0,0,0,0,0,0,0,0,0,0,0,0,0,0,0,0,0,0,0,0
G500_01799,221500.0,472500.0,222000.0,473000.0,221750.0,472750.0,500,center_in_cheonan,34011330,북면,127.24388173875258,36.85320538067919,0.0,0,0,25,0,0,0,0,0,0,0,0,0,0,0,0,0,0,0,0,0,0,0,0,0,0,0,0,0,0,0,0,0,0,0,0,0,0,0,0,0,0,0,0,0,0,0,0,0,0,0,0
G500_01800,222000.0,472500.0,222500.0,473000.0,222250.0,472750.0,500,center_in_cheonan,34011330,북면,127.24948816776939,36.85319374621447,54.0,42,24,25,0,0,0,0,0,0,0,0,0,0,0,0,0,0,0,0,0,0,0,0,0,0,0,0,0,0,0,0,0,0,0,0,0,0,0,0,0,0,0,0,0,0,0,0,0,0,0,0
G500_01801,222500.0,472500.0,223000.0,473000.0,222750.0,472750.0,500,center_in_cheonan,34011330,북면,127.2550945935315,36.853181847337304,39.0,30,18,25,0,0,0,0,0,0,0,0,0,0,0,0,0,0,0,0,0,0,0,0,0,0,0,0,0,0,0,0,0,0,0,0,0,0,0,0,0,0,0,0,0,0,0,0,0,0,0,0
G500_01802,223000.0,472500.0,223500.0,473000.0,223250.0,472750.0,500,center_in_cheonan,34011330,북면,127.26070101596575,36.853169684048204,5.0,4,2,25,0,0,0,0,0,0,0,0,0,0,0,0,0,0,0,0,0,0,0,0,0,0,0,0,0,0,0,0,0,0,0,0,0,0,0,0,0,0,0,0,0,0,0,0,0,0,0,0
G500_01803,223500.0,472500.0,224000.0,473000.0,223750.0,472750.0,500,center_in_cheonan,34011330,북면,127.26630743499905,36.85315725634765,39.0,30,18,25,0,0,0,0,0,0,0,0,0,0,0,0,0,0,0,0,0,0,0,0,0,0,0,0,0,0,0,0,0,0,0,0,0,0,0,0,0,0,0,0,0,0,0,0,0,0,0,0
G500_01804,224000.0,472500.0,224500.0,473000.0,224250.0,472750.0,500,center_in_cheonan,34011330,북면,127.27191385055824,36.85314456423614,0.0,0,0,25,0,0,0,0,0,0,0,0,0,0,0,0,0,0,0,0,0,0,0,0,0,0,0,0,0,0,0,0,0,0,0,0,0,0,0,0,0,0,0,0,0,0,0,0,0,0,0,0
G500_01805,224500.0,472500.0,225000.0,473000.0,224750.0,472750.0,500,center_in_cheonan,34011330,북면,127.27752026257016,36.85313160771421,5.0,4,2,25,0,0,0,0,0,0,0,0,0,0,0,0,0,0,0,0,0,0,0,0,0,0,0,0,0,0,0,0,0,0,0,0,0,0,0,0,0,0,0,0,0,0,0,0,0,0,0,0
G500_01806,225000.0,472500.0,225500.0,473000.0,225250.0,472750.0,500,center_in_cheonan,34011330,북면,127.28312667096176,36.853118386782384,86.0,65,41,25,0,0,0,0,0,0,0,0,0,0,0,0,0,0,0,0,0,0,0,0,0,0,0,0,0,0,0,0,0,0,0,0,0,0,0,0,0,0,0,0,0,0,0,0,0,0,0,0
G500_01807,225500.0,472500.0,226000.0,473000.0,225750.0,472750.0,500,center_in_cheonan,34011330,북면,127.28873307565982,36.85310490144119,15.0,12,6,25,0,0,0,0,0,0,0,0,0,0,0,0,0,0,0,0,0,0,0,0,0,0,0,0,0,0,0,0,0,0,0,0,0,0,0,0,0,0,0,0,0,0,0,0,0,0,0,0
G500_01808,226000.0,472500.0,226500.0,473000.0,226250.0,472750.0,500,center_in_cheonan,34011330,북면,127.29433947659126,36.853091151691196,0.0,0,0,25,0,0,0,0,0,0,0,0,0,0,0,0,0,0,0,0,0,0,0,0,0,0,0,0,0,0,0,0,0,0,0,0,0,0,0,0,0,0,0,0,0,0,0,0,0,0,0,0
G500_01809,226500.0,472500.0,227000.0,473000.0,226750.0,472750.0,500,center_in_cheonan,34011330,북면,127.2999458736829,36.85307713753296,0.0,0,0,25,0,0,0,0,0,0,0,0,0,0,0,0,0,0,0,0,0,0,0,0,0,0,0,0,0,0,0,0,0,0,0,0,0,0,0,0,0,0,0,0,0,0,0,0,0,0,0,0
G500_01810,227000.0,472500.0,227500.0,473000.0,227250.0,472750.0,500,center_in_cheonan,34011360,병천면,127.30555226686165,36.85306285896704,0.0,0,0,25,0,0,0,0,0,0,0,0,0,0,0,0,0,0,0,0,0,0,0,0,0,0,0,0,0,0,0,0,0,0,0,0,0,0,0,0,0,0,0,0,0,0,0,0,0,0,0,0
G500_01811,227500.0,472500.0,228000.0,473000.0,227750.0,472750.0,500,center_in_cheonan,34011360,병천면,127.31115865605436,36.85304831599405,0.0,0,0,25,0,0,0,0,0,0,0,0,0,0,0,0,0,0,0,0,0,0,0,0,0,0,0,0,0,0,0,0,0,0,0,0,0,0,0,0,0,0,0,0,0,0,0,0,0,0,0,0
G500_01812,228000.0,472500.0,228500.0,473000.0,228250.0,472750.0,500,center_in_cheonan,34011360,병천면,127.3167650411879,36.85303350861457,5.0,4,2,25,0,0,0,0,0,0,0,0,0,0,0,0,0,0,0,0,0,0,0,0,0,0,0,0,0,0,0,0,0,0,0,0,0,0,0,0,0,0,0,0,0,0,0,0,0,0,0,0
G500_01813,228500.0,472500.0,229000.0,473000.0,228750.0,472750.0,500,center_in_cheonan,34011360,병천면,127.32237142218912,36.85301843682918,0.0,0,0,25,0,0,0,0,0,0,0,0,0,0,0,0,0,0,0,0,0,0,0,0,0,0,0,0,0,0,0,0,0,0,0,0,0,0,0,0,0,0,0,0,0,0,0,0,0,0,0,0
G500_01814,229000.0,472500.0,229500.0,473000.0,229250.0,472750.0,500,center_in_cheonan,34011360,병천면,127.32797779898492,36.85300310063854,20.0,16,8,25,0,0,0,0,0,0,0,0,0,0,0,0,0,0,0,0,0,0,0,0,0,0,0,0,0,0,0,0,0,0,0,0,0,0,0,0,0,0,0,0,0,0,0,0,0,0,0,0
G500_01815,229500.0,472500.0,230000.0,473000.0,229750.0,472750.0,500,center_in_cheonan,34011360,병천면,127.33358417150214,36.85298750004324,0.0,0,0,25,0,0,0,0,0,0,0,0,0,0,0,0,0,0,0,0,0,0,0,0,0,0,0,0,0,0,0,0,0,0,0,0,0,0,0,0,0,0,0,0,0,0,0,0,0,0,0,0
G500_01816,209500.0,473000.0,210000.0,473500.0,209750.0,473250.0,500,center_in_cheonan,34012130,직산읍,127.109333073028,36.85791079653744,47.0,44,19,13,0,0,0,0,0,0,0,0,0,0,0,0,0,0,0,0,0,0,0,0,0,0,0,0,0,0,0,0,0,0,0,0,0,0,0,0,0,0,0,0,0,0,0,0,0,0,0,0
G500_01817,210000.0,473000.0,210500.0,473500.0,210250.0,473250.0,500,center_in_cheonan,34012610,부성2동,127.11493988728758,36.85790550722782,90.0,80,40,25,0,0,0,0,0,0,0,0,0,0,0,0,0,0,0,0,0,0,0,0,0,0,0,0,0,0,0,0,0,0,0,0,0,0,0,0,0,0,0,0,0,0,0,0,0,0,0,0
G500_01818,210500.0,473000.0,211000.0,473500.0,210750.0,473250.0,500,center_in_cheonan,34012610,부성2동,127.12054670004744,36.85789995345427,75.0,77,35,25,0,0,0,1,1,0,0,0,0,0,0,0,0,0,0,0,0,0,0,0,0,0,0,0,0,0,0,0,0,0,0,0,0,0,0,0,0,0,0,0,0,0,0,0,0,0,0,0
G500_01819,211000.0,473000.0,211500.0,473500.0,211250.0,473250.0,500,center_in_cheonan,34012600,부성1동,127.1261535112344,36.85789413521703,5.0,5,3,25,0,0,0,0,0,0,0,0,0,0,0,0,0,0,0,0,0,0,0,0,0,0,0,0,0,0,0,0,0,0,0,0,0,0,0,0,0,0,0,0,0,0,0,0,0,0,0,0
G500_01820,211500.0,473000.0,212000.0,473500.0,211750.0,473250.0,500,center_in_cheonan,34012600,부성1동,127.13176032077531,36.85788805251632,44.0,48,24,25,0,0,0,0,0,0,0,0,0,0,0,0,0,0,0,0,0,0,0,0,0,0,0,0,0,0,0,0,0,0,0,0,0,0,0,0,0,0,0,0,0,0,0,0,0,0,0,0
G500_01821,212000.0,473000.0,212500.0,473500.0,212250.0,473250.0,500,center_in_cheonan,34012600,부성1동,127.13736712859702,36.85788170535239,120.0,129,68,25,0,0,0,2,2,0,0,0,0,0,0,0,0,0,0,0,0,0,0,0,0,0,0,0,0,0,0,0,0,0,0,0,0,0,0,0,0,0,0,0,0,0,0,0,0,0,0,0
G500_01822,212500.0,473000.0,213000.0,473500.0,212750.0,473250.0,500,center_in_cheonan,34012600,부성1동,127.14297393462638,36.85787509372551,144.0,156,80,25,0,0,0,0,0,0,0,0,0,0,0,0,0,0,0,0,0,0,0,0,0,0,0,0,0,0,0,0,0,0,0,0,0,0,0,0,0,0,0,0,0,0,0,0,0,0,0,0
G500_01823,213000.0,473000.0,213500.0,473500.0,213250.0,473250.0,500,center_in_cheonan,34012600,부성1동,127.14858073879022,36.85786821763595,394.0,430,222,25,0,0,0,1,1,0,0,0,0,0,0,0,0,0,0,0,0,0,0,0,0,0,0,0,0,0,0,0,0,0,0,0,0,0,0,0,0,0,0,0,0,0,0,0,0,0,0,0
G500_01824,213500.0,473000.0,214000.0,473500.0,213750.0,473250.0,500,center_in_cheonan,34012600,부성1동,127.15418754101538,36.85786107708396,43.0,44,25,25,0,0,0,3,3,0,0,0,0,0,0,0,0,0,0,0,0,0,0,0,0,0,0,0,0,0,0,0,0,0,0,0,0,0,0,0,0,0,0,0,0,0,0,0,0,0,0,0
G500_01825,214000.0,473000.0,214500.0,473500.0,214250.0,473250.0,500,center_in_cheonan,34012600,부성1동,127.15979434122872,36.85785367206989,44.0,48,24,25,0,0,0,0,0,1,1,0,0,0,0,0,0,0,0,0,0,0,0,0,0,0,0,0,0,0,0,0,0,0,0,0,1,0,0,0,0,0,0,1,0,0,0,0,0,0,0,0
G500_01826,214500.0,473000.0,215000.0,473500.0,214750.0,473250.0,500,center_in_cheonan,34012600,부성1동,127.16540113935706,36.85784600259399,5.0,5,3,25,0,0,0,0,0,0,0,0,0,0,0,0,0,0,0,0,0,0,0,0,0,0,0,0,0,0,0,0,0,0,0,0,0,0,0,0,0,0,0,0,0,0,0,0,0,0,0,0
G500_01827,215000.0,473000.0,215500.0,473500.0,215250.0,473250.0,500,center_in_cheonan,34012120,성거읍,127.17100793532725,36.857838068656605,0.0,0,0,25,0,0,0,0,0,0,0,0,0,0,0,0,0,0,0,0,0,0,0,0,0,0,0,0,0,0,0,0,0,0,0,0,0,0,0,0,0,0,0,0,0,0,0,0,0,0,0,0
G500_01828,215500.0,473000.0,216000.0,473500.0,215750.0,473250.0,500,center_in_cheonan,34012120,성거읍,127.17661472906616,36.85782987025804,39.0,36,18,25,0,0,0,0,0,0,0,0,0,0,0,0,0,0,0,0,0,0,0,0,0,0,0,0,0,0,0,0,0,0,0,0,0,0,0,0,0,0,0,0,0,0,0,0,0,0,0,0
G500_01829,216000.0,473000.0,216500.0,473500.0,216250.0,473250.0,500,center_in_cheonan,34012120,성거읍,127.1822215205006,36.857821407398625,108.0,98,50,25,0,0,0,1,1,0,0,0,0,0,0,0,0,0,0,0,0,0,0,0,0,0,0,0,0,0,0,0,0,0,0,0,0,0,0,0,0,0,0,0,0,0,0,0,0,0,0,0
G500_01830,216500.0,473000.0,217000.0,473500.0,216750.0,473250.0,500,center_in_cheonan,34012120,성거읍,127.18782830955745,36.85781268007874,369.0,337,166,25,0,0,0,0,0,0,0,0,0,0,0,0,0,0,0,0,0,0,0,0,0,0,0,0,0,0,0,0,0,0,0,0,0,0,0,0,0,0,0,0,0,0,0,0,0,0,0,0
G500_01831,217000.0,473000.0,217500.0,473500.0,217250.0,473250.0,500,center_in_cheonan,34012120,성거읍,127.19343509616353,36.8578036882987,5.0,5,2,25,0,0,0,0,0,0,0,0,0,0,0,0,0,0,0,0,0,0,0,0,0,0,0,0,0,0,0,0,0,0,0,0,0,0,0,0,0,0,0,0,0,0,0,0,0,0,0,0
G500_01832,217500.0,473000.0,218000.0,473500.0,217750.0,473250.0,500,center_in_cheonan,34012120,성거읍,127.19904188024572,36.85779443205892,0.0,0,0,25,0,0,0,0,0,0,0,0,0,0,0,0,0,0,0,0,0,0,0,0,0,0,0,0,0,0,0,0,0,0,0,0,0,0,0,0,0,0,0,0,0,0,0,0,0,0,0,0
G500_01833,218000.0,473000.0,218500.0,473500.0,218250.0,473250.0,500,center_in_cheonan,34012120,성거읍,127.20464866173081,36.85778491135974,15.0,15,6,25,0,0,0,0,0,0,0,0,0,0,0,0,0,0,0,0,0,0,0,0,0,0,0,0,0,0,0,0,0,0,0,0,0,0,0,0,0,0,0,0,0,0,0,0,0,0,0,0
G500_01834,218500.0,473000.0,219000.0,473500.0,218750.0,473250.0,500,center_in_cheonan,34012120,성거읍,127.2102554405457,36.85777512620155,5.0,5,2,25,0,0,0,0,0,0,0,0,0,0,0,0,0,0,0,0,0,0,0,0,0,0,0,0,0,0,0,0,0,0,0,0,0,0,0,0,0,0,0,0,0,0,0,0,0,0,0,0
G500_01835,219000.0,473000.0,219500.0,473500.0,219250.0,473250.0,500,center_in_cheonan,34012120,성거읍,127.21586221661717,36.85776507658477,5.0,5,2,25,0,0,0,0,0,0,0,0,0,0,0,0,0,0,0,0,0,0,0,0,0,0,0,0,0,0,0,0,0,0,0,0,0,0,0,0,0,0,0,0,0,0,0,0,0,0,0,0
G500_01836,219500.0,473000.0,220000.0,473500.0,219750.0,473250.0,500,center_in_cheonan,34012120,성거읍,127.22146898987212,36.8577547625098,0.0,0,0,25,0,0,0,0,0,0,0,0,0,0,0,0,0,0,0,0,0,0,0,0,0,0,0,0,0,0,0,0,0,0,0,0,0,0,0,0,0,0,0,0,0,0,0,0,0,0,0,0
G500_01837,220000.0,473000.0,220500.0,473500.0,220250.0,473250.0,500,center_in_cheonan,34012120,성거읍,127.22707576023741,36.85774418397706,0.0,0,0,25,0,0,0,0,0,0,0,0,0,0,0,0,0,0,0,0,0,0,0,0,0,0,0,0,0,0,0,0,0,0,0,0,0,0,0,0,0,0,0,0,0,0,0,0,0,0,0,0
G500_01838,220500.0,473000.0,221000.0,473500.0,220750.0,473250.0,500,center_in_cheonan,34011330,북면,127.23268252763984,36.857733340987,0.0,0,0,25,0,0,0,0,0,0,0,0,0,0,0,0,0,0,0,0,0,0,0,0,0,0,0,0,0,0,0,0,0,0,0,0,0,0,0,0,0,0,0,0,0,0,0,0,0,0,0,0
G500_01839,221000.0,473000.0,221500.0,473500.0,221250.0,473250.0,500,center_in_cheonan,34011330,북면,127.23828929200627,36.85772223354004,0.0,0,0,25,0,0,0,0,0,0,0,0,0,0,0,0,0,0,0,0,0,0,0,0,0,0,0,0,0,0,0,0,0,0,0,0,0,0,0,0,0,0,0,0,0,0,0,0,0,0,0,0
G500_01840,221500.0,473000.0,222000.0,473500.0,221750.0,473250.0,500,center_in_cheonan,34011330,북면,127.24389605326357,36.85771086163663,18.0,14,8,25,0,0,0,0,0,0,0,0,0,0,0,0,0,0,0,0,0,0,0,0,0,0,0,0,0,0,0,0,0,0,0,0,0,0,0,0,0,0,0,0,0,0,0,0,0,0,0,0
G500_01841,222000.0,473000.0,222500.0,473500.0,222250.0,473250.0,500,center_in_cheonan,34011330,북면,127.24950281133854,36.85769922527726,13.0,10,6,24,0,0,0,0,0,0,0,0,0,0,0,0,0,0,0,0,0,0,0,0,0,0,0,0,0,0,0,0,0,0,0,0,0,0,0,0,0,0,0,0,0,0,0,0,0,0,0,0
G500_01842,222500.0,473000.0,223000.0,473500.0,222750.0,473250.0,500,center_in_cheonan,34011330,북면,127.2551095661581,36.8576873244624,8.0,6,4,25,0,0,0,0,0,0,0,0,0,0,0,0,0,0,0,0,0,0,0,0,0,0,0,0,0,0,0,0,0,0,0,0,0,0,0,0,0,0,0,0,0,0,0,0,0,0,0,0
G500_01843,223000.0,473000.0,223500.0,473500.0,223250.0,473250.0,500,center_in_cheonan,34011330,북면,127.26071631764903,36.857675159192524,40.0,32,16,25,0,0,0,0,0,0,0,0,0,0,0,0,0,0,0,0,0,0,0,0,0,0,0,0,0,0,0,0,0,0,0,0,0,0,0,0,0,0,0,0,0,0,0,0,0,0,0,0
G500_01844,223500.0,473000.0,224000.0,473500.0,223750.0,473250.0,500,center_in_cheonan,34011330,북면,127.26632306573818,36.85766272946814,41.0,31,19,25,0,0,0,0,0,0,0,0,0,0,0,0,0,0,0,0,0,0,0,0,0,0,0,0,0,0,0,0,0,0,0,0,0,0,0,0,0,0,0,0,0,0,0,0,0,0,0,0
G500_01845,224000.0,473000.0,224500.0,473500.0,224250.0,473250.0,500,center_in_cheonan,34011330,북면,127.27192981035245,36.85765003528975,10.0,8,4,25,0,0,0,0,0,0,0,0,0,0,0,0,0,0,0,0,0,0,0,0,0,0,0,0,0,0,0,0,0,0,0,0,0,0,0,0,0,0,0,0,0,0,0,0,0,0,0,0
G500_01846,224500.0,473000.0,225000.0,473500.0,224750.0,473250.0,500,center_in_cheonan,34011330,북면,127.27753655141866,36.85763707665788,0.0,0,0,25,0,0,0,0,0,0,0,0,0,0,0,0,0,0,0,0,0,0,0,0,0,0,0,0,0,0,0,0,0,0,0,0,0,0,0,0,0,0,0,0,0,0,0,0,0,0,0,0
G500_01847,225000.0,473000.0,225500.0,473500.0,225250.0,473250.0,500,center_in_cheonan,34011330,북면,127.28314328886368,36.857623853573045,5.0,4,2,25,0,0,0,0,0,0,0,0,0,0,0,0,0,0,0,0,0,0,0,0,0,0,0,0,0,0,0,0,0,0,0,0,0,0,0,0,0,0,0,0,0,0,0,0,0,0,0,0
G500_01848,225500.0,473000.0,226000.0,473500.0,225750.0,473250.0,500,center_in_cheonan,34011330,북면,127.28875002261432,36.85761036603579,5.0,4,2,25,0,0,0,0,0,0,0,0,0,0,0,0,0,0,0,0,0,0,0,0,0,0,0,0,0,0,0,0,0,0,0,0,0,0,0,0,0,0,0,0,0,0,0,0,0,0,0,0
G500_01849,226000.0,473000.0,226500.0,473500.0,226250.0,473250.0,500,center_in_cheonan,34011330,북면,127.29435675259745,36.85759661404668,0.0,0,0,25,0,0,0,0,0,0,0,0,0,0,0,0,0,0,0,0,0,0,0,0,0,0,0,0,0,0,0,0,0,0,0,0,0,0,0,0,0,0,0,0,0,0,0,0,0,0,0,0
G500_01850,226500.0,473000.0,227000.0,473500.0,226750.0,473250.0,500,center_in_cheonan,34011330,북면,127.29996347873991,36.85758259760627,0.0,0,0,25,0,0,0,0,0,0,0,0,0,0,0,0,0,0,0,0,0,0,0,0,0,0,0,0,0,0,0,0,0,0,0,0,0,0,0,0,0,0,0,0,0,0,0,0,0,0,0,0
G500_01851,227000.0,473000.0,227500.0,473500.0,227250.0,473250.0,500,center_in_cheonan,34011330,북면,127.30557020096857,36.85756831671513,0.0,0,0,25,0,0,0,0,0,0,0,0,0,0,0,0,0,0,0,0,0,0,0,0,0,0,0,0,0,0,0,0,0,0,0,0,0,0,0,0,0,0,0,0,0,0,0,0,0,0,0,0
G500_01852,227500.0,473000.0,228000.0,473500.0,227750.0,473250.0,500,center_in_cheonan,34011360,병천면,127.31117691921027,36.85755377137384,0.0,0,0,20,0,0,0,0,0,0,0,0,0,0,0,0,0,0,0,0,0,0,0,0,0,0,0,0,0,0,0,0,0,0,0,0,0,0,0,0,0,0,0,0,0,0,0,0,0,0,0,0
G500_01853,228000.0,473000.0,228500.0,473500.0,228250.0,473250.0,500,center_in_cheonan,34011360,병천면,127.31678363339186,36.857538961583,0.0,0,0,20,0,0,0,0,0,0,0,0,0,0,0,0,0,0,0,0,0,0,0,0,0,0,0,0,0,0,0,0,0,0,0,0,0,0,0,0,0,0,0,0,0,0,0,0,0,0,0,0
G500_01854,228500.0,473000.0,229000.0,473500.0,228750.0,473250.0,500,center_in_cheonan,34011360,병천면,127.32239034344019,36.85752388734323,0.0,0,0,14,0,0,0,0,0,0,0,0,0,0,0,0,0,0,0,0,0,0,0,0,0,0,0,0,0,0,0,0,0,0,0,0,0,0,0,0,0,0,0,0,0,0,0,0,0,0,0,0
G500_01855,229000.0,473000.0,229500.0,473500.0,229250.0,473250.0,500,center_in_cheonan,34011360,병천면,127.32799704928209,36.85750854865512,0.0,0,0,15,0,0,0,0,0,0,0,0,0,0,0,0,0,0,0,0,0,0,0,0,0,0,0,0,0,0,0,0,0,0,0,0,0,0,0,0,0,0,0,0,0,0,0,0,0,0,0,0
G500_01856,208000.0,473500.0,208500.0,474000.0,208250.0,473750.0,500,center_in_cheonan,34012130,직산읍,127.09251805290687,36.862430590093275,10.0,8,4,18,0,0,0,0,0,0,0,0,0,0,0,0,0,0,0,0,0,0,0,0,0,0,0,0,0,0,0,0,0,0,0,0,0,0,0,0,0,0,0,0,0,0,0,0,0,0,0,0
G500_01857,208500.0,473500.0,209000.0,474000.0,208750.0,473750.0,500,center_in_cheonan,34012130,직산읍,127.09812520037197,36.862426093444576,18.0,15,8,16,0,0,0,0,0,0,0,0,0,0,0,0,0,0,0,0,0,0,0,0,0,0,0,0,0,0,0,0,0,0,0,0,0,0,0,0,0,0,0,0,0,0,0,0,0,0,0,0
G500_01858,209000.0,473500.0,209500.0,474000.0,209250.0,473750.0,500,center_in_cheonan,34012130,직산읍,127.10373234655653,36.86242133228828,66.0,55,28,20,0,0,0,0,0,0,0,0,0,0,0,0,0,0,0,0,0,0,0,0,0,0,0,0,0,0,0,0,0,0,0,0,0,0,0,0,0,0,0,0,0,0,0,0,0,0,0,0
G500_01859,209500.0,473500.0,210000.0,474000.0,209750.0,473750.0,500,center_in_cheonan,34012130,직산읍,127.10933949138735,36.86241630662455,67.0,55,29,25,0,0,0,0,0,0,0,0,0,0,0,0,0,0,0,0,0,0,0,0,0,0,0,0,0,0,0,0,0,0,0,0,0,0,0,0,0,0,0,0,0,0,0,0,0,0,0,0
G500_01860,210000.0,473500.0,210500.0,474000.0,210250.0,473750.0,500,center_in_cheonan,34012130,직산읍,127.11494663479125,36.86241101645361,31.0,26,14,25,0,0,0,1,1,0,0,0,0,0,0,0,0,0,0,0,0,0,0,1,1,0,0,0,0,0,0,0,0,0,0,0,0,0,0,0,0,0,0,0,0,0,0,0,0,0,0,0
G500_01861,210500.0,473500.0,211000.0,474000.0,210750.0,473750.0,500,center_in_cheonan,34012130,직산읍,127.12055377669509,36.86240546177568,739.0,606,320,25,0,0,0,1,1,0,0,0,0,0,0,0,0,0,0,0,0,0,0,2,2,0,0,0,0,0,0,0,0,0,0,0,0,0,0,0,0,0,0,0,0,0,0,0,0,0,0,0
G500_01862,211000.0,473500.0,211500.0,474000.0,211250.0,473750.0,500,center_in_cheonan,34012600,부성1동,127.12616091702569,36.862399642590994,26.0,24,14,25,0,0,0,2,2,0,0,0,0,0,0,0,0,0,0,0,0,0,0,0,0,0,0,0,0,0,0,0,0,0,0,0,0,0,0,0,0,0,0,0,0,0,0,0,0,0,0,0
G500_01863,211500.0,473500.0,212000.0,474000.0,211750.0,473750.0,500,center_in_cheonan,34012600,부성1동,127.13176805570983,36.86239355889977,18.0,19,10,25,0,0,0,0,0,0,0,0,0,0,0,0,0,0,0,0,0,0,0,0,0,0,0,0,0,0,0,0,0,0,0,0,0,0,0,0,0,0,0,0,0,0,0,0,0,0,0,0
G500_01864,212000.0,473500.0,212500.0,474000.0,212250.0,473750.0,500,center_in_cheonan,34012600,부성1동,127.13737519267437,36.86238721070226,77.0,84,42,25,0,0,0,0,0,1,1,0,0,0,0,0,0,0,0,0,0,0,0,0,0,0,0,0,0,0,0,0,0,0,0,0,0,0,0,0,0,0,0,0,0,0,0,0,0,0,0,0
G500_01865,212500.0,473500.0,213000.0,474000.0,212750.0,473750.0,500,center_in_cheonan,34012600,부성1동,127.14298232784614,36.86238059799873,227.0,250,124,25,0,0,0,0,0,0,0,0,2,1,1,0,0,0,0,0,0,0,0,0,0,0,0,0,0,0,0,0,0,0,1,1,0,0,0,0,0,0,0,0,0,0,0,0,0,0,0,0
G500_01866,213000.0,473500.0,213500.0,474000.0,213250.0,473750.0,500,center_in_cheonan,34012600,부성1동,127.14858946115196,36.86237372078945,75.0,83,41,25,0,0,0,0,0,0,0,0,0,0,0,0,0,0,0,0,0,0,0,0,0,0,0,0,0,0,0,0,0,0,2,2,0,0,0,0,0,0,0,0,0,0,0,0,0,0,0,0
G500_01867,213500.0,473500.0,214000.0,474000.0,213750.0,473750.0,500,center_in_cheonan,34012600,부성1동,127.15419659251867,36.8623665790747,323.0,353,181,25,1,0,1,0,0,0,0,0,0,0,0,0,0,0,0,0,0,0,0,0,0,0,0,0,0,0,0,0,0,0,0,0,0,0,0,0,0,0,0,0,0,0,0,0,0,0,0,0
G500_01868,214000.0,473500.0,214500.0,474000.0,214250.0,473750.0,500,center_in_cheonan,34012600,부성1동,127.15980372187308,36.862359172854774,62.0,67,34,25,0,0,0,0,0,0,0,0,0,0,0,0,0,0,0,0,0,0,0,0,0,0,0,0,0,0,0,0,0,0,0,0,0,0,0,0,0,0,0,0,0,0,0,0,0,0,0,0
G500_01869,214500.0,473500.0,215000.0,474000.0,214750.0,473750.0,500,center_in_cheonan,34012120,성거읍,127.16541084914202,36.862351502129975,64.0,70,36,25,0,0,0,0,0,0,0,0,0,0,0,0,0,0,0,0,0,0,0,0,0,0,0,0,0,0,0,0,0,0,0,0,1,0,0,0,0,0,0,1,0,0,0,0,0,0,0,0
G500_01870,215000.0,473500.0,215500.0,474000.0,215250.0,473750.0,500,center_in_cheonan,34012120,성거읍,127.17101797425232,36.862343566900606,0.0,0,0,25,0,0,0,0,0,0,0,0,0,0,0,0,0,0,0,0,0,0,0,0,0,0,0,0,0,0,0,0,0,0,0,0,0,0,0,0,0,0,0,0,0,0,0,0,0,0,0,0
G500_01871,215500.0,473500.0,216000.0,474000.0,215750.0,473750.0,500,center_in_cheonan,34012120,성거읍,127.1766250971308,36.86233536716701,0.0,0,0,25,0,0,0,0,0,0,0,0,0,0,0,0,0,0,0,0,0,0,0,0,0,0,0,0,0,0,0,0,0,0,0,0,0,0,0,0,0,0,0,0,0,0,0,0,0,0,0,0
G500_01872,216000.0,473500.0,216500.0,474000.0,216250.0,473750.0,500,center_in_cheonan,34012120,성거읍,127.18223221770431,36.86232690292952,95.0,87,42,25,0,0,0,0,0,0,0,0,0,0,0,0,0,0,0,0,0,0,0,0,0,0,0,0,0,0,0,0,0,0,0,0,0,0,0,0,0,0,0,0,0,0,0,0,0,0,0,0
G500_01873,216500.0,473500.0,217000.0,474000.0,216750.0,473750.0,500,center_in_cheonan,34012120,성거읍,127.18783933589965,36.862318174188445,33.0,31,14,25,0,0,0,0,0,0,0,0,0,0,0,0,0,0,0,0,0,0,0,0,0,0,0,0,0,0,0,0,0,0,0,0,0,0,0,0,0,0,0,0,0,0,0,0,0,0,0,0
G500_01874,217000.0,473500.0,217500.0,474000.0,217250.0,473750.0,500,center_in_cheonan,34012120,성거읍,127.1934464516437,36.862309180944195,34.0,31,16,25,0,0,0,0,0,0,0,0,0,0,0,0,0,0,0,0,0,0,0,0,0,0,0,0,0,0,0,0,0,0,0,0,0,0,0,0,0,0,0,0,0,0,0,0,0,0,0,0
G500_01875,217500.0,473500.0,218000.0,474000.0,217750.0,473750.0,500,center_in_cheonan,34012120,성거읍,127.1990535648632,36.8622999231971,191.0,176,85,25,0,0,0,0,0,0,0,0,0,0,0,0,0,0,0,0,0,0,0,0,0,0,0,0,0,0,0,0,0,0,0,0,0,0,0,0,0,0,0,0,0,0,0,0,0,0,0,0
G500_01876,218000.0,473500.0,218500.0,474000.0,218250.0,473750.0,500,center_in_cheonan,34012120,성거읍,127.20466067548504,36.86229040094756,0.0,0,0,25,0,0,0,0,0,0,0,0,0,0,0,0,0,0,0,0,0,0,0,0,0,0,0,0,0,0,0,0,0,0,0,0,0,0,0,0,0,0,0,0,0,0,0,0,0,0,0,0
G500_01877,218500.0,473500.0,219000.0,474000.0,218750.0,473750.0,500,center_in_cheonan,34012120,성거읍,127.21026778343605,36.86228061419595,0.0,0,0,25,0,0,0,0,0,0,0,0,0,0,0,0,0,0,0,0,0,0,0,0,0,0,0,0,0,0,0,0,0,0,0,0,0,0,0,0,0,0,0,0,0,0,0,0,0,0,0,0
G500_01878,219000.0,473500.0,219500.0,474000.0,219250.0,473750.0,500,center_in_cheonan,34012120,성거읍,127.21587488864306,36.86227056294269,8.0,7,4,25,0,0,0,0,0,0,0,0,0,0,0,0,0,0,0,0,0,0,0,0,0,0,0,0,0,0,0,0,0,0,0,0,0,0,0,0,0,0,0,0,0,0,0,0,0,0,0,0
G500_01879,219500.0,473500.0,220000.0,474000.0,219750.0,473750.0,500,center_in_cheonan,34012120,성거읍,127.22148199103286,36.86226024718816,8.0,7,4,25,0,0,0,0,0,0,0,0,0,0,0,0,0,0,0,0,0,0,0,0,0,0,0,0,0,0,0,0,0,0,0,0,0,0,0,0,0,0,0,0,0,0,0,0,0,0,0,0
G500_01880,220000.0,473500.0,220500.0,474000.0,220250.0,473750.0,500,center_in_cheonan,34012120,성거읍,127.22708909053232,36.86224966693281,18.0,17,8,25,0,0,0,0,0,0,0,0,0,0,0,0,0,0,0,0,0,0,0,0,0,0,0,0,0,0,0,0,0,0,0,0,0,0,0,0,0,0,0,0,0,0,0,0,0,0,0,0
G500_01881,220500.0,473500.0,221000.0,474000.0,220750.0,473750.0,500,center_in_cheonan,34011330,북면,127.23269618706824,36.86223882217706,8.0,6,4,25,0,0,0,0,0,0,0,0,0,0,0,0,0,0,0,0,0,0,0,0,0,0,0,0,0,0,0,0,0,0,0,0,0,0,0,0,0,0,0,0,0,0,0,0,0,0,0,0
G500_01882,221000.0,473500.0,221500.0,474000.0,221250.0,473750.0,500,center_in_cheonan,34011330,북면,127.23830328056748,36.86222771292136,5.0,4,2,25,0,0,0,0,0,0,0,0,0,0,0,0,0,0,0,0,0,0,0,0,0,0,0,0,0,0,0,0,0,0,0,0,0,0,0,0,0,0,0,0,0,0,0,0,0,0,0,0
G500_01883,221500.0,473500.0,222000.0,474000.0,221750.0,473750.0,500,center_in_cheonan,34011330,북면,127.24391037095684,36.86221633916616,5.0,4,2,25,0,0,0,0,0,0,0,0,0,0,0,0,0,0,0,0,0,0,0,0,0,0,0,0,0,0,0,0,0,0,0,0,0,0,0,0,0,0,0,0,0,0,0,0,0,0,0,0
G500_01884,222000.0,473500.0,222500.0,474000.0,222250.0,473750.0,500,center_in_cheonan,34011330,북면,127.24951745816315,36.862204700911924,0.0,0,0,25,0,0,0,0,0,0,0,0,0,0,0,0,0,0,0,0,0,0,0,0,0,0,0,0,0,0,0,0,0,0,0,0,0,0,0,0,0,0,0,0,0,0,0,0,0,0,0,0
G500_01885,222500.0,473500.0,223000.0,474000.0,222750.0,473750.0,500,center_in_cheonan,34011330,북면,127.25512454211328,36.862192798159114,0.0,0,0,25,0,0,0,0,0,0,0,0,0,0,0,0,0,0,0,0,0,0,0,0,0,0,0,0,0,0,0,0,0,0,0,0,0,0,0,0,0,0,0,0,0,0,0,0,0,0,0,0
G500_01886,223000.0,473500.0,223500.0,474000.0,223250.0,473750.0,500,center_in_cheonan,34011330,북면,127.26073162273404,36.86218063090825,18.0,14,8,25,0,0,0,0,0,0,0,0,0,0,0,0,0,0,0,0,0,0,0,0,0,0,0,0,0,0,0,0,0,0,0,0,0,0,0,0,0,0,0,0,0,0,0,0,0,0,0,0
G500_01887,223500.0,473500.0,224000.0,474000.0,223750.0,473750.0,500,center_in_cheonan,34011330,북면,127.26633869995224,36.8621681991598,0.0,0,0,25,0,0,0,0,0,0,0,0,0,0,0,0,0,0,0,0,0,0,0,0,0,0,0,0,0,0,0,0,0,0,0,0,0,0,0,0,0,0,0,0,0,0,0,0,0,0,0,0
G500_01888,224000.0,473500.0,224500.0,474000.0,224250.0,473750.0,500,center_in_cheonan,34011330,북면,127.27194577369477,36.862155502914284,75.0,58,34,25,0,0,0,0,0,0,0,0,0,0,0,0,0,0,0,0,0,0,0,0,0,0,0,0,0,0,0,0,0,0,0,0,0,0,0,0,0,0,0,0,0,0,0,0,0,0,0,0
G500_01889,224500.0,473500.0,225000.0,474000.0,224750.0,473750.0,500,center_in_cheonan,34011330,북면,127.27755284388837,36.862142542172215,0.0,0,0,25,0,0,0,0,0,0,0,0,0,0,0,0,0,0,0,0,0,0,0,0,0,0,0,0,0,0,0,0,0,0,0,0,0,0,0,0,0,0,0,0,0,0,0,0,0,0,0,0
G500_01890,225000.0,473500.0,225500.0,474000.0,225250.0,473750.0,500,center_in_cheonan,34011330,북면,127.28315991045996,36.86212931693414,0.0,0,0,25,0,0,0,0,0,0,0,0,0,0,0,0,0,0,0,0,0,0,0,0,0,0,0,0,0,0,0,0,0,0,0,0,0,0,0,0,0,0,0,0,0,0,0,0,0,0,0,0
G500_01891,225500.0,473500.0,226000.0,474000.0,225750.0,473750.0,500,center_in_cheonan,34011330,북면,127.28876697333632,36.86211582720057,0.0,0,0,25,0,0,0,0,0,0,0,0,0,0,0,0,0,0,0,0,0,0,0,0,0,0,0,0,0,0,0,0,0,0,0,0,0,0,0,0,0,0,0,0,0,0,0,0,0,0,0,0
G500_01892,226000.0,473500.0,226500.0,474000.0,226250.0,473750.0,500,center_in_cheonan,34011330,북면,127.2943740324443,36.862102072972085,0.0,0,0,25,0,0,0,0,0,0,0,0,0,0,0,0,0,0,0,0,0,0,0,0,0,0,0,0,0,0,0,0,0,0,0,0,0,0,0,0,0,0,0,0,0,0,0,0,0,0,0,0
G500_01893,226500.0,473500.0,227000.0,474000.0,226750.0,473750.0,500,center_in_cheonan,34011330,북면,127.29998108771073,36.86208805424924,0.0,0,0,25,0,0,0,0,0,0,0,0,0,0,0,0,0,0,0,0,0,0,0,0,0,0,0,0,0,0,0,0,0,0,0,0,0,0,0,0,0,0,0,0,0,0,0,0,0,0,0,0
G500_01894,227000.0,473500.0,227500.0,474000.0,227250.0,473750.0,500,center_in_cheonan,34011330,북면,127.30558813906245,36.8620737710326,0.0,0,0,18,0,0,0,0,0,0,0,0,0,0,0,0,0,0,0,0,0,0,0,0,0,0,0,0,0,0,0,0,0,0,0,0,0,0,0,0,0,0,0,0,0,0,0,0,0,0,0,0
G500_01895,208000.0,474000.0,208500.0,474500.0,208250.0,474250.0,500,center_in_cheonan,34012130,직산읍,127.09252348503873,36.8669360990819,0.0,0,0,25,0,0,0,0,0,0,0,0,0,0,0,0,0,0,0,0,0,0,0,0,0,0,0,0,0,0,0,0,0,0,0,0,0,0,0,0,0,0,0,0,0,0,0,0,0,0,0,0
G500_01896,208500.0,474000.0,209000.0,474500.0,208750.0,474250.0,500,center_in_cheonan,34012130,직산읍,127.09813096172228,36.866931601701005,49.0,41,22,25,0,0,0,1,1,0,0,0,0,0,0,0,0,0,0,0,0,0,0,0,0,0,0,0,0,0,0,0,0,0,0,0,0,0,0,0,0,0,0,0,0,0,0,0,0,0,0,0
G500_01897,209000.0,474000.0,209500.0,474500.0,209250.0,474250.0,500,center_in_cheonan,34012130,직산읍,127.10373843712496,36.86692683976942,56.0,46,25,25,0,0,0,0,0,0,0,0,0,0,0,0,0,0,0,0,0,0,0,0,0,0,0,0,0,0,0,0,0,0,0,0,0,0,0,0,0,0,0,0,0,0,0,0,0,0,0,0
G500_01898,209500.0,474000.0,210000.0,474500.0,209750.0,474250.0,500,center_in_cheonan,34012130,직산읍,127.1093459111736,36.86692181328735,31.0,26,14,25,0,0,0,0,0,0,0,0,0,0,0,0,0,0,0,0,0,0,0,0,0,0,0,0,0,0,0,0,0,0,0,0,0,0,0,0,0,0,0,0,0,0,0,0,0,0,0,0
G500_01899,210000.0,474000.0,210500.0,474500.0,210250.0,474250.0,500,center_in_cheonan,34012130,직산읍,127.11495338379501,36.866916522255,94.0,77,41,25,0,0,0,0,0,0,0,0,0,0,0,0,0,0,0,0,0,0,0,1,1,0,0,0,0,0,0,0,0,0,0,0,0,0,0,0,0,0,0,0,0,0,0,0,0,0,0,0
G500_01900,210500.0,474000.0,211000.0,474500.0,210750.0,474250.0,500,center_in_cheonan,34012130,직산읍,127.12056085491601,36.866910966672584,38.0,31,17,25,0,0,0,1,1,0,0,0,0,0,0,0,0,0,0,0,0,0,0,1,1,0,0,0,0,0,0,0,0,0,0,0,0,0,0,0,0,0,0,0,0,0,0,0,0,0,0,0
G500_01901,211000.0,474000.0,211500.0,474500.0,211250.0,474250.0,500,center_in_cheonan,34012130,직산읍,127.12616832446336,36.866905146540326,247.0,203,106,25,0,0,0,1,1,0,0,0,0,0,0,0,0,0,0,0,0,0,0,0,0,0,0,0,0,0,0,0,0,0,0,0,0,0,0,0,0,0,0,0,0,0,0,0,0,0,0,0
G500_01902,211500.0,474000.0,212000.0,474500.0,211750.0,474250.0,500,center_in_cheonan,34012130,직산읍,127.13177579236392,36.86689906185847,57.0,55,29,25,0,0,0,0,0,0,0,0,0,0,0,0,0,0,0,0,0,0,0,0,0,0,0,0,0,0,0,0,0,0,0,0,0,0,0,0,0,0,0,0,0,0,0,0,0,0,0,0
G500_01903,212000.0,474000.0,212500.0,474500.0,212250.0,474250.0,500,center_in_cheonan,34012130,직산읍,127.13738325854447,36.86689271262726,68.0,58,32,25,0,0,0,0,0,0,0,0,0,0,0,0,0,0,0,0,0,0,0,0,0,0,0,0,0,0,0,0,0,0,0,0,0,0,0,0,0,0,0,0,0,0,0,0,0,0,0,0
G500_01904,212500.0,474000.0,213000.0,474500.0,212750.0,474250.0,500,center_in_cheonan,34012130,직산읍,127.14299072293186,36.86688609884697,28.0,23,12,25,0,0,0,0,0,0,0,0,0,0,0,0,0,0,0,0,0,0,0,0,0,0,0,0,0,0,0,0,0,0,0,0,0,0,0,0,0,0,0,0,0,0,0,0,0,0,0,0
G500_01905,213000.0,474000.0,213500.0,474500.0,213250.0,474250.0,500,center_in_cheonan,34012600,부성1동,127.14859818545283,36.866879220517845,23.0,21,12,25,0,0,0,1,1,0,0,0,0,0,0,0,0,0,0,0,0,0,0,0,0,0,0,0,0,0,0,0,0,0,0,0,0,0,0,0,0,0,0,0,0,0,0,0,0,0,0,0
G500_01906,213500.0,474000.0,214000.0,474500.0,213750.0,474250.0,500,center_in_cheonan,34012120,성거읍,127.15420564603426,36.86687207764018,32.0,29,15,25,0,0,0,0,0,0,0,0,0,0,0,0,0,0,0,0,0,0,0,1,0,0,0,0,1,0,0,0,0,0,0,0,0,0,0,0,0,0,0,0,0,0,0,0,0,0,0,0
G500_01907,214000.0,474000.0,214500.0,474500.0,214250.0,474250.0,500,center_in_cheonan,34012120,성거읍,127.15981310460292,36.86686467021428,15.0,15,6,25,0,0,0,0,0,0,0,0,0,0,0,0,0,0,0,0,0,0,0,0,0,0,0,0,0,0,0,0,0,0,0,0,0,0,0,0,0,0,0,0,0,0,0,0,0,0,0,0
G500_01908,214500.0,474000.0,215000.0,474500.0,214750.0,474250.0,500,center_in_cheonan,34012120,성거읍,127.16542056108563,36.86685699824043,0.0,0,0,25,0,0,0,0,0,0,0,0,0,0,0,0,0,0,0,0,0,0,0,0,0,0,0,0,0,0,0,0,0,0,0,0,0,0,0,0,0,0,0,0,0,0,0,0,0,0,0,0
G500_01909,215000.0,474000.0,215500.0,474500.0,215250.0,474250.0,500,center_in_cheonan,34012120,성거읍,127.17102801540919,36.86684906171895,56.0,52,25,25,0,0,0,0,0,0,0,0,0,0,0,0,0,0,0,0,0,0,0,0,0,0,0,0,0,0,0,0,0,0,0,0,0,0,0,0,0,0,0,0,0,0,0,0,0,0,0,0
G500_01910,215500.0,474000.0,216000.0,474500.0,215750.0,474250.0,500,center_in_cheonan,34012120,성거읍,127.17663546750045,36.86684086065015,5.0,5,2,25,0,0,0,0,0,0,0,0,0,0,0,0,0,0,0,0,0,0,0,0,0,0,0,0,0,0,0,0,0,0,0,0,0,0,0,0,0,0,0,0,0,0,0,0,0,0,0,0
G500_01911,216000.0,474000.0,216500.0,474500.0,216250.0,474250.0,500,center_in_cheonan,34012120,성거읍,127.18224291728617,36.86683239503439,44.0,41,20,25,0,0,0,0,0,0,0,0,0,0,0,0,0,0,0,0,0,0,0,0,0,0,0,0,0,0,0,0,0,0,0,0,0,0,0,0,0,0,0,0,0,0,0,0,0,0,0,0
G500_01912,216500.0,474000.0,217000.0,474500.0,216750.0,474250.0,500,center_in_cheonan,34012120,성거읍,127.18785036469319,36.866823664872,5.0,5,2,25,0,0,0,0,0,0,0,0,0,0,0,0,0,0,0,0,0,0,0,0,0,0,0,0,0,0,0,0,0,0,0,0,0,0,0,0,0,0,0,0,0,0,0,0,0,0,0,0
G500_01913,217000.0,474000.0,217500.0,474500.0,217250.0,474250.0,500,center_in_cheonan,34012120,성거읍,127.19345780964832,36.86681467016334,33.0,30,15,25,0,0,0,0,0,0,0,0,0,0,0,0,0,0,0,0,0,0,0,0,0,0,0,0,0,0,0,0,0,0,0,0,0,0,0,0,0,0,0,0,0,0,0,0,0,0,0,0
G500_01914,217500.0,474000.0,218000.0,474500.0,217750.0,474250.0,500,center_in_cheonan,34012120,성거읍,127.19906525207837,36.86680541090879,2887.0,2630,1289,25,0,0,0,0,0,0,0,0,0,0,0,0,0,0,0,0,0,0,0,0,0,0,0,0,0,0,0,0,0,0,0,0,0,0,0,0,0,0,0,0,0,0,0,0,0,0,0,0
G500_01915,218000.0,474000.0,218500.0,474500.0,218250.0,474250.0,500,center_in_cheonan,34012120,성거읍,127.20467269191013,36.86679588710871,207.0,188,94,25,0,0,0,0,0,1,1,0,0,0,0,0,0,0,0,0,0,0,0,0,0,0,0,0,0,0,0,0,0,0,0,0,0,0,0,0,0,0,0,0,0,0,0,0,0,0,0,0
G500_01916,218500.0,474000.0,219000.0,474500.0,218750.0,474250.0,500,center_in_cheonan,34012120,성거읍,127.21028012907044,36.866786098763505,0.0,0,0,25,0,0,0,0,0,0,0,0,0,0,0,0,0,0,0,0,0,0,0,0,0,0,0,0,0,0,0,0,0,0,0,0,0,0,0,0,0,0,0,0,0,0,0,0,0,0,0,0
G500_01917,219000.0,474000.0,219500.0,474500.0,219250.0,474250.0,500,center_in_cheonan,34012120,성거읍,127.21588756348609,36.86677604587355,10.0,10,4,25,0,0,0,0,0,0,0,0,0,0,0,0,0,0,0,0,0,0,0,0,0,0,0,0,0,0,0,0,0,0,0,0,0,0,0,0,0,0,0,0,0,0,0,0,0,0,0,0
G500_01918,219500.0,474000.0,220000.0,474500.0,219750.0,474250.0,500,center_in_cheonan,34012120,성거읍,127.22149499508394,36.86676572843928,56.0,53,24,25,0,0,0,0,0,0,0,0,0,0,0,0,0,0,0,0,0,0,0,0,0,0,0,0,0,0,0,0,0,0,0,0,0,0,0,0,0,0,0,0,0,0,0,0,0,0,0,0
G500_01919,220000.0,474000.0,220500.0,474500.0,220250.0,474250.0,500,center_in_cheonan,34012120,성거읍,127.22710242379074,36.86675514646112,5.0,5,2,25,0,0,0,0,0,0,0,0,0,0,0,0,0,0,0,0,0,0,0,0,0,0,0,0,0,0,0,0,0,0,0,0,0,0,0,0,0,0,0,0,0,0,0,0,0,0,0,0
G500_01920,220500.0,474000.0,221000.0,474500.0,220750.0,474250.0,500,center_in_cheonan,34012120,성거읍,127.23270984953334,36.86674429993948,5.0,4,2,25,0,0,0,0,0,0,0,0,0,0,0,0,0,0,0,0,0,0,0,0,0,0,0,0,0,0,0,0,0,0,0,0,0,0,0,0,0,0,0,0,0,0,0,0,0,0,0,0
G500_01921,221000.0,474000.0,221500.0,474500.0,221250.0,474250.0,500,center_in_cheonan,34011330,북면,127.23831727223852,36.866733188874825,0.0,0,0,25,0,0,0,0,0,0,0,0,0,0,0,0,0,0,0,0,0,0,0,0,0,0,0,0,0,0,0,0,0,0,0,0,0,0,0,0,0,0,0,0,0,0,0,0,0,0,0,0
G500_01922,221500.0,474000.0,222000.0,474500.0,221750.0,474250.0,500,center_in_cheonan,34011330,북면,127.24392469183313,36.866721813267596,0.0,0,0,25,0,0,0,0,0,0,0,0,0,0,0,0,0,0,0,0,0,0,0,0,0,0,0,0,0,0,0,0,0,0,0,0,0,0,0,0,0,0,0,0,0,0,0,0,0,0,0,0
G500_01923,222000.0,474000.0,222500.0,474500.0,222250.0,474250.0,500,center_in_cheonan,34011330,북면,127.24953210824397,36.86671017311827,0.0,0,0,25,0,0,0,0,0,0,0,0,0,0,0,0,0,0,0,0,0,0,0,0,0,0,0,0,0,0,0,0,0,0,0,0,0,0,0,0,0,0,0,0,0,0,0,0,0,0,0,0
G500_01924,222500.0,474000.0,223000.0,474500.0,222750.0,474250.0,500,center_in_cheonan,34011330,북면,127.25513952139787,36.86669826842731,0.0,0,0,25,0,0,0,0,0,0,0,0,0,0,0,0,0,0,0,0,0,0,0,0,0,0,0,0,0,0,0,0,0,0,0,0,0,0,0,0,0,0,0,0,0,0,0,0,0,0,0,0
G500_01925,223000.0,474000.0,223500.0,474500.0,223250.0,474250.0,500,center_in_cheonan,34011330,북면,127.2607469312216,36.86668609919521,0.0,0,0,25,0,0,0,0,0,0,0,0,0,0,0,0,0,0,0,0,0,0,0,0,0,0,0,0,0,0,0,0,0,0,0,0,0,0,0,0,0,0,0,0,0,0,0,0,0,0,0,0
G500_01926,223500.0,474000.0,224000.0,474500.0,223750.0,474250.0,500,center_in_cheonan,34011330,북면,127.26635433764201,36.86667366542247,5.0,4,2,25,0,0,0,0,0,0,0,0,0,0,0,0,0,0,0,0,0,0,0,0,0,0,0,0,0,0,0,0,0,0,0,0,0,0,0,0,0,0,0,0,0,0,0,0,0,0,0,0
G500_01927,224000.0,474000.0,224500.0,474500.0,224250.0,474250.0,500,center_in_cheonan,34011330,북면,127.27196174058591,36.86666096710958,5.0,4,2,25,0,0,0,0,0,0,0,0,0,0,0,0,0,0,0,0,0,0,0,0,0,0,0,0,0,0,0,0,0,0,0,0,0,0,0,0,0,0,0,0,0,0,0,0,0,0,0,0
G500_01928,224500.0,474000.0,225000.0,474500.0,224750.0,474250.0,500,center_in_cheonan,34011330,북면,127.27756913998013,36.86664800425709,5.0,4,2,25,0,0,0,0,0,0,0,0,0,0,0,0,0,0,0,0,0,0,0,0,0,0,0,0,0,0,0,0,0,0,0,0,0,0,0,0,0,0,0,0,0,0,0,0,0,0,0,0
G500_01929,225000.0,474000.0,225500.0,474500.0,225250.0,474250.0,500,center_in_cheonan,34011330,북면,127.28317653575144,36.86663477686551,46.0,36,20,25,0,0,0,0,0,0,0,0,0,0,0,0,0,0,0,0,0,0,0,0,0,0,0,0,0,0,0,0,0,0,0,0,1,0,0,0,1,0,0,0,0,0,0,0,0,0,0,0
G500_01930,225500.0,474000.0,226000.0,474500.0,225750.0,474250.0,500,center_in_cheonan,34011330,북면,127.2887839278267,36.866621284935384,18.0,14,8,25,0,0,0,0,0,0,0,0,0,0,0,0,0,0,0,0,0,0,0,0,0,0,0,0,0,0,0,0,0,0,0,0,0,0,0,0,0,0,0,0,0,0,0,0,0,0,0,0
G500_01931,226000.0,474000.0,226500.0,474500.0,226250.0,474250.0,500,center_in_cheonan,34011330,북면,127.29439131613269,36.86660752846727,0.0,0,0,25,0,0,0,0,0,0,0,0,0,0,0,0,0,0,0,0,0,0,0,0,0,0,0,0,0,0,0,0,0,0,0,0,0,0,0,0,0,0,0,0,0,0,0,0,0,0,0,0
G500_01932,226500.0,474000.0,227000.0,474500.0,226750.0,474250.0,500,center_in_cheonan,34011330,북면,127.29999870059626,36.866593507461715,0.0,0,0,25,0,0,0,0,0,0,0,0,0,0,0,0,0,0,0,0,0,0,0,0,0,0,0,0,0,0,0,0,0,0,0,0,0,0,0,0,0,0,0,0,0,0,0,0,0,0,0,0
G500_01933,227000.0,474000.0,227500.0,474500.0,227250.0,474250.0,500,center_in_cheonan,34011330,북면,127.30560608114419,36.86657922191931,0.0,0,0,24,0,0,0,0,0,0,0,0,0,0,0,0,0,0,0,0,0,0,0,0,0,0,0,0,0,0,0,0,0,0,0,0,0,0,0,0,0,0,0,0,0,0,0,0,0,0,0,0
G500_01934,208000.0,474500.0,208500.0,475000.0,208250.0,474750.0,500,center_in_cheonan,34012130,직산읍,127.09252891837825,36.871441604646336,5.0,4,2,25,0,0,0,0,0,0,0,0,0,0,0,0,0,0,0,0,0,0,0,0,0,0,0,0,0,0,0,0,0,0,0,0,0,0,0,0,0,0,0,0,0,0,0,0,0,0,0,0
G500_01935,208500.0,474500.0,209000.0,475000.0,208750.0,474750.0,500,center_in_cheonan,34012130,직산읍,127.09813672435341,36.871437106533136,31.0,26,14,25,0,0,0,0,0,0,0,0,0,0,0,0,0,0,0,0,0,0,0,0,0,0,0,0,0,0,0,0,0,0,0,0,0,0,0,0,0,0,0,0,0,0,0,0,0,0,0,0
G500_01936,209000.0,474500.0,209500.0,475000.0,209250.0,474750.0,500,center_in_cheonan,34012130,직산읍,127.10374452904743,36.87143234382619,5.0,4,2,25,0,0,0,0,0,0,0,0,0,0,0,0,0,0,0,0,0,0,0,0,0,0,0,0,0,0,0,0,0,0,0,0,0,0,0,0,0,0,0,0,0,0,0,0,0,0,0,0
G500_01937,209500.0,474500.0,210000.0,475000.0,209750.0,474750.0,500,center_in_cheonan,34012130,직산읍,127.10935233238712,36.871427316525676,28.0,23,12,25,0,0,0,0,0,0,0,0,0,0,0,0,0,0,0,0,0,0,0,0,0,0,0,0,0,0,0,0,0,0,0,0,0,0,0,0,0,0,0,0,0,0,0,0,0,0,0,0
G500_01938,210000.0,474500.0,210500.0,475000.0,210250.0,474750.0,500,center_in_cheonan,34012130,직산읍,127.1149601342992,36.871422024631805,71.0,59,31,25,0,0,0,0,0,0,0,0,0,0,0,0,0,0,0,0,0,0,0,0,0,0,0,0,0,0,0,0,0,0,0,0,0,0,0,0,0,0,0,0,0,0,0,0,0,0,0,0
G500_01939,210500.0,474500.0,211000.0,475000.0,210750.0,474750.0,500,center_in_cheonan,34012130,직산읍,127.12056793471052,36.8714164681448,670.0,550,290,25,0,0,0,3,3,0,0,0,0,0,0,0,0,0,0,0,0,0,0,0,0,0,0,0,0,0,0,0,0,0,0,0,0,0,0,0,0,0,0,0,0,0,0,0,0,0,1,1
G500_01940,211000.0,474500.0,211500.0,475000.0,211250.0,474750.0,500,center_in_cheonan,34012130,직산읍,127.12617573354788,36.87141064706488,1579.0,1298,684,25,0,0,0,1,1,0,0,0,1,1,0,0,0,0,0,0,0,0,0,0,0,0,0,0,0,0,0,0,0,0,0,0,0,0,0,0,0,0,0,0,0,0,0,0,0,0,0,0
G500_01941,211500.0,474500.0,212000.0,475000.0,211750.0,474750.0,500,center_in_cheonan,34012130,직산읍,127.13178353073802,36.871404561392275,10.0,8,4,25,0,0,0,0,0,0,0,0,0,0,0,0,0,0,0,0,0,0,0,0,0,0,0,0,0,0,0,0,0,0,0,0,0,0,0,0,0,0,0,0,0,0,0,0,0,0,0,0
G500_01942,212000.0,474500.0,212500.0,475000.0,212250.0,474750.0,500,center_in_cheonan,34012130,직산읍,127.13739132620778,36.87139821112724,36.0,30,16,25,0,0,0,0,0,0,0,0,0,0,0,0,0,0,0,0,0,0,0,0,0,0,0,0,0,0,0,0,0,0,0,0,0,0,0,0,0,0,0,0,0,0,0,0,0,0,0,0
G500_01943,212500.0,474500.0,213000.0,475000.0,212750.0,474750.0,500,center_in_cheonan,34012130,직산읍,127.14299911988394,36.87139159627006,10.0,8,4,25,0,0,0,0,0,0,0,0,0,0,0,0,0,0,0,0,0,0,0,0,0,0,0,0,0,0,0,0,0,0,0,0,0,0,0,0,0,0,0,0,0,0,0,0,0,0,0,0
G500_01944,213000.0,474500.0,213500.0,475000.0,213250.0,474750.0,500,center_in_cheonan,34012120,성거읍,127.14860691169329,36.87138471682097,1873.0,1701,836,25,0,0,0,2,2,0,0,0,0,0,0,0,0,0,0,0,0,0,0,0,0,0,0,0,0,0,0,0,0,0,0,0,0,0,0,0,0,0,0,0,0,0,0,0,0,0,0,0
G500_01945,213500.0,474500.0,214000.0,475000.0,213750.0,474750.0,500,center_in_cheonan,34012120,성거읍,127.15421470156261,36.87137757278026,661.0,604,295,25,0,0,0,0,0,0,0,0,0,0,0,0,0,0,0,0,0,0,0,0,0,0,0,0,0,0,0,0,0,0,0,0,0,0,0,0,0,0,0,0,0,0,0,0,0,0,0,0
G500_01946,214000.0,474500.0,214500.0,475000.0,214250.0,474750.0,500,center_in_cheonan,34012120,성거읍,127.1598224894187,36.87137016414823,195.0,178,89,25,0,0,0,0,0,0,0,0,0,0,0,0,0,0,0,0,0,0,0,0,0,0,0,0,0,0,0,0,0,0,0,0,0,0,0,0,0,0,0,0,0,0,0,0,0,0,0,0
G500_01947,214500.0,474500.0,215000.0,475000.0,214750.0,474750.0,500,center_in_cheonan,34012120,성거읍,127.16543027518838,36.871362490925186,26.0,24,12,25,0,0,0,0,0,0,0,0,0,0,0,0,0,0,0,0,0,0,0,0,0,0,0,0,0,0,0,0,0,0,0,0,0,0,0,0,0,0,0,0,0,0,0,0,0,0,0,0
G500_01948,215000.0,474500.0,215500.0,475000.0,215250.0,474750.0,500,center_in_cheonan,34012120,성거읍,127.17103805879842,36.87135455311143,72.0,65,33,25,0,0,0,0,0,0,0,0,0,0,0,0,0,0,0,0,0,0,0,0,0,0,0,0,0,0,0,0,0,0,0,0,0,0,0,0,0,0,0,0,0,0,0,0,0,0,0,0
G500_01949,215500.0,474500.0,216000.0,475000.0,215750.0,474750.0,500,center_in_cheonan,34012120,성거읍,127.1766458401756,36.8713463507073,18.0,17,8,25,0,0,0,0,0,0,0,0,0,0,0,0,0,0,0,0,0,0,0,0,0,0,0,0,0,0,0,0,0,0,0,0,0,0,0,0,0,0,0,0,0,0,0,0,0,0,0,0
G500_01950,216000.0,474500.0,216500.0,475000.0,216250.0,474750.0,500,center_in_cheonan,34012120,성거읍,127.18225361924672,36.87133788371312,5.0,5,2,25,0,0,0,0,0,0,0,0,0,0,0,0,0,0,0,0,0,0,0,0,0,0,0,0,0,0,0,0,0,0,0,0,0,0,0,0,0,0,0,0,0,0,0,0,0,0,0,0
G500_01951,216500.0,474500.0,217000.0,475000.0,216750.0,474750.0,500,center_in_cheonan,34012120,성거읍,127.18786139593861,36.871329152129235,23.0,22,10,25,0,0,0,0,0,0,0,0,0,0,0,0,0,0,0,0,0,0,0,0,0,0,0,0,0,0,0,0,0,0,0,0,0,0,0,0,0,0,0,0,0,0,0,0,0,0,0,0
G500_01952,217000.0,474500.0,217500.0,475000.0,217250.0,474750.0,500,center_in_cheonan,34012120,성거읍,127.19346917017802,36.87132015595601,187.0,170,82,25,0,0,0,0,0,0,0,0,1,1,0,0,0,0,0,0,0,0,0,0,0,0,0,0,0,0,0,0,0,0,0,0,0,0,0,0,0,0,0,0,0,0,0,0,0,0,0,0
G500_01953,217500.0,474500.0,218000.0,475000.0,217750.0,474750.0,500,center_in_cheonan,34012120,성거읍,127.19907694189179,36.87131089519381,332.0,303,148,25,0,0,0,1,1,0,0,0,2,1,1,0,1,0,1,0,0,0,0,0,0,0,0,0,0,0,0,0,0,0,0,0,5,0,0,0,0,0,0,2,0,0,0,1,0,2,2,2
G500_01954,218000.0,474500.0,218500.0,475000.0,218250.0,474750.0,500,center_in_cheonan,34012120,성거읍,127.20468471100666,36.87130136984301,1406.0,1279,628,25,0,0,0,0,0,0,0,0,0,0,0,0,0,0,0,0,0,0,0,0,0,0,0,0,0,0,0,0,0,0,1,1,0,0,0,0,0,0,0,0,0,0,0,0,0,0,0,0
G500_01955,218500.0,474500.0,219000.0,475000.0,218750.0,474750.0,500,center_in_cheonan,34012120,성거읍,127.21029247744946,36.87129157990401,438.0,399,196,25,0,0,0,1,1,0,0,0,0,0,0,0,0,0,0,0,0,0,0,0,0,0,0,0,0,0,0,0,0,0,1,1,0,0,0,0,0,0,0,0,0,0,0,0,0,0,0,0
G500_01956,219000.0,474500.0,219500.0,475000.0,219250.0,474750.0,500,center_in_cheonan,34012120,성거읍,127.21590024114698,36.87128152537719,161.0,148,71,25,0,0,0,0,0,0,0,0,0,0,0,0,0,0,0,0,0,0,0,0,0,0,0,0,0,0,0,0,0,0,0,0,0,0,0,0,0,0,0,0,0,0,0,0,0,0,0,0
G500_01957,219500.0,474500.0,220000.0,475000.0,219750.0,474750.0,500,center_in_cheonan,34012120,성거읍,127.22150800202603,36.87127120626298,18.0,17,8,25,0,0,0,0,0,0,0,0,0,0,0,0,0,0,0,0,0,0,0,0,0,0,0,0,0,0,0,0,0,0,0,0,0,0,0,0,0,0,0,0,0,0,0,0,0,0,0,0
G500_01958,220000.0,474500.0,220500.0,475000.0,220250.0,474750.0,500,center_in_cheonan,34012120,성거읍,127.22711576001338,36.871260622561806,0.0,0,0,25,0,0,0,0,0,0,0,0,0,0,0,0,0,0,0,0,0,0,0,0,0,0,0,0,0,0,0,0,0,0,0,0,0,0,0,0,0,0,0,0,0,0,0,0,0,0,0,0
G500_01959,220500.0,474500.0,221000.0,475000.0,220750.0,474750.0,500,center_in_cheonan,34012120,성거읍,127.23272351503583,36.871249774274084,0.0,0,0,25,0,0,0,0,0,0,0,0,0,0,0,0,0,0,0,0,0,0,0,0,0,0,0,0,0,0,0,0,0,0,0,0,0,0,0,0,0,0,0,0,0,0,0,0,0,0,0,0
G500_01960,221000.0,474500.0,221500.0,475000.0,221250.0,474750.0,500,center_in_cheonan,34012310,입장면,127.23833126702017,36.871238661400255,0.0,0,0,25,0,0,0,0,0,0,0,0,0,0,0,0,0,0,0,0,0,0,0,0,0,0,0,0,0,0,0,0,0,0,0,0,0,0,0,0,0,0,0,0,0,0,0,0,0,0,0,0
G500_01961,221500.0,474500.0,222000.0,475000.0,221750.0,474750.0,500,center_in_cheonan,34012310,입장면,127.2439390158932,36.871227283940804,0.0,0,0,25,0,0,0,0,0,0,0,0,0,0,0,0,0,0,0,0,0,0,0,0,0,0,0,0,0,0,0,0,0,0,0,0,0,0,0,0,0,0,0,0,0,0,0,0,0,0,0,0
G500_01962,222000.0,474500.0,222500.0,475000.0,222250.0,474750.0,500,center_in_cheonan,34011330,북면,127.24954676158177,36.871215641896164,0.0,0,0,24,0,0,0,0,0,0,0,0,0,0,0,0,0,0,0,0,0,0,0,0,0,0,0,0,0,0,0,0,0,0,0,0,0,0,0,0,0,0,0,0,0,0,0,0,0,0,0,0
G500_01963,222500.0,474500.0,223000.0,475000.0,222750.0,474750.0,500,center_in_cheonan,34011330,북면,127.25515450401257,36.871203735266825,0.0,0,0,25,0,0,0,0,0,0,0,0,0,0,0,0,0,0,0,0,0,0,0,0,0,0,0,0,0,0,0,0,0,0,0,0,0,0,0,0,0,0,0,0,0,0,0,0,0,0,0,0
G500_01964,223000.0,474500.0,223500.0,475000.0,223250.0,474750.0,500,center_in_cheonan,34011330,북면,127.2607622431125,36.87119156405326,0.0,0,0,25,0,0,0,0,0,0,0,0,0,0,0,0,0,0,0,0,0,0,0,0,0,0,0,0,0,0,0,0,0,0,0,0,0,0,0,0,0,0,0,0,0,0,0,0,0,0,0,0
G500_01965,223500.0,474500.0,224000.0,475000.0,223750.0,474750.0,500,center_in_cheonan,34011330,북면,127.26636997880831,36.87117912825599,56.0,40,24,25,0,0,0,0,0,0,0,0,0,0,0,0,0,0,0,0,0,0,0,0,0,0,0,0,0,0,0,0,0,0,0,0,0,0,0,0,0,0,0,0,0,0,0,0,0,0,0,0
G500_01966,224000.0,474500.0,224500.0,475000.0,224250.0,474750.0,500,center_in_cheonan,34011330,북면,127.27197771102679,36.871166427875515,25.0,17,10,25,0,0,0,0,0,0,0,0,0,0,0,0,0,0,0,0,0,0,0,0,0,0,0,0,0,0,0,0,0,0,0,0,0,0,0,0,0,0,0,0,0,0,0,0,0,0,0,0
G500_01967,224500.0,474500.0,225000.0,475000.0,224750.0,474750.0,500,center_in_cheonan,34011330,북면,127.27758543969475,36.871153462912346,8.0,6,4,25,0,0,0,0,0,0,0,0,0,0,0,0,0,0,0,0,0,0,0,0,0,0,0,0,0,0,0,0,0,0,0,0,0,0,0,0,0,0,0,0,0,0,0,0,0,0,0,0
G500_01968,225000.0,474500.0,225500.0,475000.0,225250.0,474750.0,500,center_in_cheonan,34011330,북면,127.28319316473902,36.871140233367015,25.0,20,10,25,0,0,0,0,0,0,0,0,0,0,0,0,0,0,0,0,0,0,0,0,0,0,0,0,0,0,0,0,0,0,0,0,0,0,0,0,0,0,0,0,0,0,0,0,0,0,0,0
G500_01969,225500.0,474500.0,226000.0,475000.0,225750.0,474750.0,500,center_in_cheonan,34011330,북면,127.28880088608634,36.87112673924006,10.0,7,4,25,0,0,0,0,0,0,0,0,0,0,0,0,0,0,0,0,0,0,0,0,0,0,0,0,0,0,0,0,0,0,0,0,0,0,0,0,0,0,0,0,0,0,0,0,0,0,0,0
G500_01970,226000.0,474500.0,226500.0,475000.0,226250.0,474750.0,500,center_in_cheonan,34011330,북면,127.29440860366356,36.87111298053204,0.0,0,0,25,0,0,0,0,0,0,0,0,0,0,0,0,0,0,0,0,0,0,0,0,0,0,0,0,0,0,0,0,0,0,0,0,0,0,0,0,0,0,0,0,0,0,0,0,0,0,0,0
G500_01971,226500.0,474500.0,227000.0,475000.0,226750.0,474750.0,500,center_in_cheonan,34011330,북면,127.30001631739741,36.871098957243525,10.0,6,4,25,0,0,0,0,0,0,0,0,0,0,0,0,0,0,0,0,0,0,0,0,0,0,0,0,0,0,0,0,0,0,0,0,0,0,0,0,0,0,0,0,0,0,0,0,0,0,0,0
G500_01972,227000.0,474500.0,227500.0,475000.0,227250.0,474750.0,500,center_in_cheonan,34011330,북면,127.30562402721478,36.87108466937508,0.0,0,0,25,0,0,0,0,0,0,0,0,0,0,0,0,0,0,0,0,0,0,0,0,0,0,0,0,0,0,0,0,0,0,0,0,0,0,0,0,0,0,0,0,0,0,0,0,0,0,0,0
G500_01973,207500.0,475000.0,208000.0,475500.0,207750.0,475250.0,500,center_in_cheonan,34012130,직산읍,127.08692621637748,36.87595134099495,0.0,0,0,11,0,0,0,0,0,0,0,0,0,0,0,0,0,0,0,0,0,0,0,0,0,0,0,0,0,0,0,0,0,0,0,0,0,0,0,0,0,0,0,0,0,0,0,0,0,0,0,0
G500_01974,208000.0,475000.0,208500.0,475500.0,208250.0,475250.0,500,center_in_cheonan,34012130,직산읍,127.0925343529257,36.875947106786406,18.0,15,8,25,0,0,0,0,0,0,0,0,0,0,0,0,0,0,0,0,0,0,0,0,0,0,0,0,0,0,0,0,0,0,0,0,0,0,0,0,0,0,0,0,0,0,0,0,0,0,0,0
G500_01975,208500.0,475000.0,209000.0,475500.0,208750.0,475250.0,500,center_in_cheonan,34012130,직산읍,127.09814248826572,36.87594260794084,85.0,71,38,25,0,0,0,1,1,0,0,0,0,0,0,0,0,0,0,0,0,0,0,0,0,0,0,0,0,0,0,0,0,0,0,0,0,0,0,0,0,0,0,0,0,0,0,0,0,0,0,0
G500_01976,209000.0,475000.0,209500.0,475500.0,209250.0,475250.0,500,center_in_cheonan,34012130,직산읍,127.10375062232427,36.875937844458434,5.0,4,2,25,0,0,0,0,0,0,0,0,0,0,0,0,0,0,0,0,0,0,0,0,0,0,0,0,0,0,0,0,0,0,0,0,0,0,0,0,0,0,0,0,0,0,0,0,0,0,0,0
G500_01977,209500.0,475000.0,210000.0,475500.0,209750.0,475250.0,500,center_in_cheonan,34012130,직산읍,127.10935875502817,36.875932816339386,44.0,37,20,25,0,0,0,0,0,0,0,0,0,0,0,0,0,0,0,0,0,0,0,0,0,0,0,0,0,0,0,0,0,0,0,0,0,0,0,0,0,0,0,0,0,0,0,0,0,0,0,0
G500_01978,210000.0,475000.0,210500.0,475500.0,210250.0,475250.0,500,center_in_cheonan,34012130,직산읍,127.11496688630417,36.8759275235839,52.0,44,24,25,0,0,0,0,0,0,0,0,0,0,0,0,0,0,0,0,0,0,0,0,0,0,0,0,0,0,0,0,0,0,0,0,1,0,0,0,1,0,0,0,0,0,0,0,0,0,0,0
G500_01979,210500.0,475000.0,211000.0,475500.0,210750.0,475250.0,500,center_in_cheonan,34012130,직산읍,127.12057501607904,36.87592196619219,49.0,41,22,25,0,0,0,1,1,0,0,0,0,0,0,0,0,0,0,0,0,0,0,0,0,0,0,0,0,0,0,0,0,0,0,0,0,0,0,0,0,0,0,0,0,0,0,0,0,0,0,0
G500_01980,211000.0,475000.0,211500.0,475500.0,211250.0,475250.0,500,center_in_cheonan,34012130,직산읍,127.12618314427958,36.875916144164485,106.0,87,45,25,0,0,0,0,0,0,0,0,0,0,0,0,0,0,0,0,0,0,0,0,0,0,0,0,0,0,0,0,0,0,0,0,0,0,0,0,0,0,0,0,0,0,0,0,0,0,0,0
G500_01981,211500.0,475000.0,212000.0,475500.0,211750.0,475250.0,500,center_in_cheonan,34012130,직산읍,127.13179127083254,36.87591005750102,350.0,288,152,25,0,0,0,1,1,0,0,0,0,0,0,0,0,0,0,0,0,0,0,0,0,0,0,0,0,0,0,0,0,0,0,0,0,0,0,0,0,0,0,0,0,0,0,0,0,0,0,0
G500_01982,212000.0,475000.0,212500.0,475500.0,212250.0,475250.0,500,center_in_cheonan,34012130,직산읍,127.13739939566469,36.87590370620207,670.0,550,290,25,0,0,0,2,2,0,0,0,0,0,0,0,0,0,0,0,0,0,0,0,0,0,0,0,0,0,0,0,0,0,0,0,0,0,0,0,0,0,0,0,0,0,0,0,0,0,0,0
G500_01983,212500.0,475000.0,213000.0,475500.0,212750.0,475250.0,500,center_in_cheonan,34012130,직산읍,127.14300751870286,36.87589709026785,106.0,87,46,25,0,0,0,0,0,0,0,0,0,0,0,0,0,0,0,0,0,0,0,0,0,0,0,0,0,0,0,0,0,0,0,0,0,0,0,0,0,0,0,0,0,0,0,0,0,0,0,0
G500_01984,213000.0,475000.0,213500.0,475500.0,213250.0,475250.0,500,center_in_cheonan,34012130,직산읍,127.14861563987375,36.87589020969867,520.0,431,228,25,0,0,0,1,1,0,0,0,2,1,1,0,0,0,0,0,0,0,0,0,0,0,0,0,0,0,0,0,0,0,4,4,6,0,0,0,0,0,0,3,0,0,0,2,0,1,3,3
G500_01985,213500.0,475000.0,214000.0,475500.0,213750.0,475250.0,500,center_in_cheonan,34012120,성거읍,127.1542237591042,36.87588306449478,1079.0,932,475,25,0,0,0,2,2,0,0,0,1,1,0,0,0,0,0,0,0,0,0,0,0,0,0,0,0,0,0,0,0,0,4,4,5,0,0,0,0,0,0,2,0,0,0,2,0,1,2,2
G500_01986,214000.0,475000.0,214500.0,475500.0,214250.0,475250.0,500,center_in_cheonan,34012120,성거읍,127.15983187632092,36.87587565465649,2344.0,2136,1047,25,0,0,0,1,1,0,0,0,2,1,1,0,0,0,0,0,0,0,0,0,0,0,0,0,0,0,0,0,0,0,0,0,0,0,0,0,0,0,0,0,0,0,0,0,0,0,0,0
G500_01987,214500.0,475000.0,215000.0,475500.0,214750.0,475250.0,500,center_in_cheonan,34012120,성거읍,127.16543999145075,36.87586798018411,31.0,29,14,25,0,0,0,0,0,0,0,0,0,0,0,0,0,0,0,0,0,0,0,0,0,0,0,0,0,0,0,0,0,0,0,0,0,0,0,0,0,0,0,0,0,0,0,0,0,0,0,0
G500_01988,215000.0,475000.0,215500.0,475500.0,215250.0,475250.0,500,center_in_cheonan,34012120,성거읍,127.17104810442046,36.875860041077935,5.0,5,2,25,0,0,0,0,0,0,0,0,0,0,0,0,0,0,0,0,0,0,0,0,0,0,0,0,0,0,0,0,0,0,0,0,0,0,0,0,0,0,0,0,0,0,0,0,0,0,0,0
G500_01989,215500.0,475000.0,216000.0,475500.0,215750.0,475250.0,500,center_in_cheonan,34012120,성거읍,127.1766562151568,36.875851837338296,44.0,40,20,25,0,0,0,0,0,0,0,0,0,0,0,0,0,0,0,0,0,0,0,0,0,0,0,0,0,0,0,0,0,0,0,0,0,0,0,0,0,0,0,0,0,0,0,0,0,0,0,0
G500_01990,216000.0,475000.0,216500.0,475500.0,216250.0,475250.0,500,center_in_cheonan,34012120,성거읍,127.18226432358655,36.87584336896554,1064.0,972,473,25,0,0,0,1,1,0,0,0,0,0,0,0,0,0,0,0,0,0,0,0,0,0,0,0,0,0,0,0,0,0,2,2,0,0,0,0,0,0,0,0,0,0,0,0,0,0,0,0
G500_01991,216500.0,475000.0,217000.0,475500.0,216750.0,475250.0,500,center_in_cheonan,34012120,성거읍,127.18787242963651,36.87583463596,108.0,100,48,25,0,0,0,0,0,0,0,0,0,0,0,0,0,0,0,0,0,0,0,0,0,0,0,0,0,0,0,0,0,0,0,0,0,0,0,0,0,0,0,0,0,0,0,0,0,0,0,0
G500_01992,217000.0,475000.0,217500.0,475500.0,217250.0,475250.0,500,center_in_cheonan,34012120,성거읍,127.19348053323343,36.87582563832203,28.0,27,12,25,0,0,0,0,0,0,0,0,0,0,0,0,0,0,0,0,0,0,0,0,0,0,0,0,0,0,0,0,0,0,0,0,0,0,0,0,0,0,0,0,0,0,0,0,0,0,0,0
G500_01993,217500.0,475000.0,218000.0,475500.0,217750.0,475250.0,500,center_in_cheonan,34012120,성거읍,127.19908863430409,36.875816376052015,1291.0,1177,576,25,0,0,0,1,1,0,0,0,0,0,0,0,0,0,0,0,0,0,0,0,0,0,0,0,0,0,0,1,0,1,0,0,2,0,0,1,0,0,0,1,0,0,0,0,0,0,1,1
G500_01994,218000.0,475000.0,218500.0,475500.0,218250.0,475250.0,500,center_in_cheonan,34012120,성거읍,127.20469673277529,36.875806849150315,802.0,730,359,25,0,0,0,2,2,0,0,0,0,0,0,0,0,0,0,0,0,0,0,0,0,0,0,0,0,0,0,0,0,0,0,0,5,0,0,0,0,0,0,2,0,0,0,2,0,1,2,2
G500_01995,218500.0,475000.0,219000.0,475500.0,218750.0,475250.0,500,center_in_cheonan,34012120,성거읍,127.21030482857378,36.87579705761733,194.0,176,88,25,0,0,0,0,0,0,0,0,0,0,0,0,0,0,0,0,0,0,0,0,0,0,0,0,0,0,0,0,0,0,0,0,0,0,0,0,0,0,0,0,0,0,0,0,0,0,0,0
G500_01996,219000.0,475000.0,219500.0,475500.0,219250.0,475250.0,500,center_in_cheonan,34012120,성거읍,127.21591292162637,36.87578700145347,36.0,34,16,25,0,0,0,0,0,0,0,0,0,0,0,0,0,0,0,0,0,0,0,0,0,0,0,0,0,0,0,0,0,0,0,0,0,0,0,0,0,0,0,0,0,0,0,0,0,0,0,0
G500_01997,219500.0,475000.0,220000.0,475500.0,219750.0,475250.0,500,center_in_cheonan,34012120,성거읍,127.22152101185982,36.87577668065912,5.0,5,2,25,0,0,0,0,0,0,0,0,0,0,0,0,0,0,0,0,0,0,0,0,0,0,0,0,0,0,0,0,0,0,0,0,0,0,0,0,0,0,0,0,0,0,0,0,0,0,0,0
G500_01998,220000.0,475000.0,220500.0,475500.0,220250.0,475250.0,500,center_in_cheonan,34012120,성거읍,127.22712909920091,36.87576609523473,0.0,0,0,25,0,0,0,0,0,0,0,0,0,0,0,0,0,0,0,0,0,0,0,0,0,0,0,0,0,0,0,0,0,0,0,0,0,0,0,0,0,0,0,0,0,0,0,0,0,0,0,0
G500_01999,220500.0,475000.0,221000.0,475500.0,220750.0,475250.0,500,center_in_cheonan,34012310,입장면,127.2327371835764,36.87575524518072,0.0,0,0,25,0,0,0,0,0,0,0,0,0,0,0,0,0,0,0,0,0,0,0,0,0,0,0,0,0,0,0,0,0,0,0,0,0,0,0,0,0,0,0,0,0,0,0,0,0,0,0,0
G500_02000,221000.0,475000.0,221500.0,475500.0,221250.0,475250.0,500,center_in_cheonan,34012310,입장면,127.23834526491312,36.87574413049753,13.0,9,5,25,0,0,0,0,0,0,0,0,0,0,0,0,0,0,0,0,0,0,0,0,0,0,0,0,0,0,0,0,0,0,0,0,0,0,0,0,0,0,0,0,0,0,0,0,0,0,0,0
G500_02001,221500.0,475000.0,222000.0,475500.0,221750.0,475250.0,500,center_in_cheonan,34012310,입장면,127.24395334313779,36.875732751185616,0.0,0,0,25,0,0,0,0,0,0,0,0,0,0,0,0,0,0,0,0,0,0,0,0,0,0,0,0,0,0,0,0,0,0,0,0,0,0,0,0,0,0,0,0,0,0,0,0,0,0,0,0
G500_02002,222000.0,475000.0,222500.0,475500.0,222250.0,475250.0,500,center_in_cheonan,34012310,입장면,127.24956141817724,36.87572110724544,0.0,0,0,25,0,0,0,0,0,0,0,0,0,0,0,0,0,0,0,0,0,0,0,0,0,0,0,0,0,0,0,0,0,0,0,0,0,0,0,0,0,0,0,0,0,0,0,0,0,0,0,0
G500_02003,222500.0,475000.0,223000.0,475500.0,222750.0,475250.0,500,center_in_cheonan,34011330,북면,127.25516948995822,36.875709198677505,0.0,0,0,25,0,0,0,0,0,0,0,0,0,0,0,0,0,0,0,0,0,0,0,0,0,0,0,0,0,0,0,0,0,0,0,0,0,0,0,0,0,0,0,0,0,0,0,0,0,0,0,0
G500_02004,223000.0,475000.0,223500.0,475500.0,223250.0,475250.0,500,center_in_cheonan,34011330,북면,127.26077755840751,36.87569702548227,0.0,0,0,25,0,0,0,0,0,0,0,0,0,0,0,0,0,0,0,0,0,0,0,0,0,0,0,0,0,0,0,0,0,0,0,0,0,0,0,0,0,0,0,0,0,0,0,0,0,0,0,0
G500_02005,223500.0,475000.0,224000.0,475500.0,223750.0,475250.0,500,center_in_cheonan,34011330,북면,127.2663856234519,36.875684587660224,0.0,0,0,25,0,0,0,0,0,0,0,0,0,0,0,0,0,0,0,0,0,0,0,0,0,0,0,0,0,0,0,0,0,0,0,0,0,0,0,0,0,0,0,0,0,0,0,0,0,0,0,0
G500_02006,224000.0,475000.0,224500.0,475500.0,224250.0,475250.0,500,center_in_cheonan,34011330,북면,127.27199368501819,36.87567188521191,5.0,3,2,25,0,0,0,0,0,0,0,0,0,0,0,0,0,0,0,0,0,0,0,0,0,0,0,0,0,0,0,0,0,0,0,0,0,0,0,0,0,0,0,0,0,0,0,0,0,0,0,0
G500_02007,224500.0,475000.0,225000.0,475500.0,224750.0,475250.0,500,center_in_cheonan,34011330,북면,127.27760174303312,36.87565891813781,0.0,0,0,25,0,0,0,0,0,0,0,0,0,0,0,0,0,0,0,0,0,0,0,0,0,0,0,0,0,0,0,0,0,0,0,0,0,0,0,0,0,0,0,0,0,0,0,0,0,0,0,0
G500_02008,225000.0,475000.0,225500.0,475500.0,225250.0,475250.0,500,center_in_cheonan,34011330,북면,127.2832097974235,36.87564568643848,0.0,0,0,25,0,0,0,0,0,0,0,0,0,0,0,0,0,0,0,0,0,0,0,0,0,0,0,0,0,0,0,0,0,0,0,0,0,0,0,0,0,0,0,0,0,0,0,0,0,0,0,0
G500_02009,225500.0,475000.0,226000.0,475500.0,225750.0,475250.0,500,center_in_cheonan,34011330,북면,127.2888178481161,36.875632190114466,5.0,3,2,25,0,0,0,0,0,0,0,0,0,0,0,0,0,0,0,0,0,0,0,0,0,0,0,0,0,0,0,0,0,0,0,0,0,0,0,0,0,0,0,0,0,0,0,0,0,0,0,0
G500_02010,226000.0,475000.0,226500.0,475500.0,226250.0,475250.0,500,center_in_cheonan,34011330,북면,127.29442589503769,36.8756184291663,13.0,9,6,25,0,0,0,0,0,0,0,0,0,0,0,0,0,0,0,0,0,0,0,0,0,0,0,0,0,0,0,0,0,0,0,0,0,0,0,0,0,0,0,0,0,0,0,0,0,0,0,0
G500_02011,226500.0,475000.0,227000.0,475500.0,226750.0,475250.0,500,center_in_cheonan,34011330,북면,127.30003393811508,36.87560440359455,21.0,15,10,25,0,0,0,0,0,0,0,0,0,0,0,0,0,0,0,0,0,0,0,0,0,0,0,0,0,0,0,0,0,0,0,0,0,0,0,0,0,0,0,0,0,0,0,0,0,0,0,0
G500_02012,227000.0,475000.0,227500.0,475500.0,227250.0,475250.0,500,center_in_cheonan,34011330,북면,127.30564197727506,36.875590113399795,0.0,0,0,25,0,0,0,0,0,0,0,0,0,0,0,0,0,0,0,0,0,0,0,0,0,0,0,0,0,0,0,0,0,0,0,0,0,0,0,0,0,0,0,0,0,0,0,0,0,0,0,0
G500_02013,208000.0,475500.0,208500.0,476000.0,208250.0,475750.0,500,center_in_cheonan,34012130,직산읍,127.0925397886814,36.880452605501965,0.0,0,0,24,0,0,0,0,0,0,0,0,0,0,0,0,0,0,0,0,0,0,0,0,0,0,0,0,0,0,0,0,0,0,0,0,0,0,0,0,0,0,0,0,0,0,0,0,0,0,0,0
G500_02014,208500.0,475500.0,209000.0,476000.0,208750.0,475750.0,500,center_in_cheonan,34012130,직산읍,127.09814825345948,36.88044810592393,132.0,111,60,25,0,0,0,0,0,0,0,0,0,0,0,0,0,0,0,0,0,0,0,0,0,0,0,0,0,0,0,0,0,0,0,0,0,0,0,0,0,0,0,0,0,0,0,0,0,0,0,0
G500_02015,209000.0,475500.0,209500.0,476000.0,209250.0,475750.0,500,center_in_cheonan,34012130,직산읍,127.1037567169558,36.88044334166599,36.0,30,16,25,0,0,0,0,0,0,0,0,0,0,0,0,0,0,0,0,0,0,0,0,0,0,0,0,0,0,0,0,0,0,0,0,0,0,0,0,0,0,0,0,0,0,0,0,0,0,0,0
G500_02016,209500.0,475500.0,210000.0,476000.0,209750.0,475750.0,500,center_in_cheonan,34012130,직산읍,127.10936517909715,36.8804383127283,10.0,8,4,25,0,0,0,0,0,0,0,0,0,0,0,0,0,0,0,0,0,0,0,0,0,0,0,0,0,0,0,0,0,0,0,0,0,0,0,0,0,0,0,0,0,0,0,0,0,0,0,0
G500_02017,210000.0,475500.0,210500.0,476000.0,210250.0,475750.0,500,center_in_cheonan,34012130,직산읍,127.11497363981026,36.8804330191111,134.0,112,60,25,0,0,0,1,1,0,0,0,1,0,1,0,0,0,0,0,0,0,0,0,0,0,0,0,0,0,0,0,0,0,0,0,0,0,0,0,0,0,0,0,0,0,0,0,0,0,0,0
G500_02018,210500.0,475500.0,211000.0,476000.0,210750.0,475750.0,500,center_in_cheonan,34012130,직산읍,127.1205820990219,36.88042746081459,98.0,82,44,25,0,0,0,1,1,0,0,0,0,0,0,0,0,0,0,0,0,0,0,0,0,0,0,0,0,0,0,0,0,0,0,0,0,0,0,0,0,0,0,0,0,0,0,0,0,0,0,0
G500_02019,211000.0,475500.0,211500.0,476000.0,211250.0,475750.0,500,center_in_cheonan,34012130,직산읍,127.12619055665886,36.880421637839,99.0,84,46,25,0,0,0,0,0,0,0,0,0,0,0,0,0,0,0,0,0,0,0,0,0,0,0,0,0,0,0,0,0,0,0,0,0,0,0,0,0,0,0,0,0,0,0,0,0,0,0,0
G500_02020,211500.0,475500.0,212000.0,476000.0,211750.0,475750.0,500,center_in_cheonan,34012130,직산읍,127.13179901264783,36.88041555018458,10.0,8,4,25,0,0,0,0,0,0,0,0,0,0,0,0,0,0,0,0,0,0,0,0,0,0,0,0,0,0,0,0,0,0,0,0,0,0,0,0,0,0,0,0,0,0,0,0,0,0,0,0
G500_02021,212000.0,475500.0,212500.0,476000.0,212250.0,475750.0,500,center_in_cheonan,34012130,직산읍,127.13740746691563,36.88040919785155,72.0,59,31,25,0,0,0,0,0,0,0,0,0,0,0,0,0,0,0,0,0,0,0,0,0,0,0,0,0,0,0,0,0,0,0,0,0,0,0,0,0,0,0,0,0,0,0,0,0,0,0,0
G500_02022,212500.0,475500.0,213000.0,476000.0,212750.0,475750.0,500,center_in_cheonan,34012130,직산읍,127.14301591938899,36.88040258084019,0.0,0,0,25,0,0,0,0,0,0,0,0,0,0,0,0,0,0,0,0,0,0,0,0,0,0,0,0,0,0,0,0,0,0,0,0,0,0,0,0,0,0,0,0,0,0,0,0,0,0,0,0
G500_02023,213000.0,475500.0,213500.0,476000.0,213250.0,475750.0,500,center_in_cheonan,34012130,직산읍,127.14862436999468,36.88039569915078,3678.0,3022,1591,25,0,0,0,4,4,0,0,0,0,0,0,0,1,0,1,0,0,0,0,0,0,0,0,0,0,0,0,1,0,1,2,2,0,0,0,0,0,0,0,0,0,0,0,0,0,0,1,1
G500_02024,213500.0,475500.0,214000.0,476000.0,213750.0,475750.0,500,center_in_cheonan,34012130,직산읍,127.15423281865945,36.88038855278357,2827.0,2322,1224,25,0,0,0,6,6,0,0,0,0,0,0,0,0,0,0,0,0,0,0,0,0,0,0,0,0,0,0,1,1,0,1,1,6,0,0,1,0,0,0,3,0,0,0,0,0,2,2,2
G500_02025,214000.0,475500.0,214500.0,476000.0,214250.0,475750.0,500,center_in_cheonan,34012130,직산읍,127.15984126531008,36.880381141738894,3493.0,3020,1536,25,0,0,0,0,0,0,0,0,0,0,0,0,0,0,0,0,0,0,0,1,0,0,0,0,1,0,0,0,0,0,1,1,0,0,0,0,0,0,0,0,0,0,0,0,0,0,0,0
G500_02026,214500.0,475500.0,215000.0,476000.0,214750.0,475750.0,500,center_in_cheonan,34012130,직산읍,127.16544970987329,36.880373466017026,60.0,51,28,25,0,0,0,0,0,0,0,0,0,0,0,0,0,0,0,0,0,0,0,0,0,0,0,0,0,0,0,0,0,0,0,0,0,0,0,0,0,0,0,0,0,0,0,0,0,0,0,0
G500_02027,215000.0,475500.0,215500.0,476000.0,215250.0,475750.0,500,center_in_cheonan,34012120,성거읍,127.17105815227589,36.88036552561828,20.0,18,8,25,0,0,0,0,0,0,0,0,1,0,0,1,0,0,0,0,0,0,0,0,0,0,0,0,0,0,0,0,0,0,0,0,0,0,0,0,0,0,0,0,0,0,0,0,0,0,0,0
G500_02028,215500.0,475500.0,216000.0,476000.0,215750.0,475750.0,500,center_in_cheonan,34012120,성거읍,127.17666659244459,36.88035732054299,35.0,35,14,25,0,0,0,0,0,0,0,0,0,0,0,0,0,0,0,0,0,0,0,0,0,0,0,0,0,0,0,0,0,0,0,0,0,0,0,0,0,0,0,0,0,0,0,0,0,0,0,0
G500_02029,216000.0,475500.0,216500.0,476000.0,216250.0,475750.0,500,center_in_cheonan,34012120,성거읍,127.18227503030617,36.88034885079149,28.0,27,12,25,0,0,0,0,0,0,0,0,0,0,0,0,0,0,0,0,0,0,0,0,0,0,0,0,0,0,0,0,0,0,0,0,0,0,0,0,0,0,0,0,0,0,0,0,0,0,0,0
G500_02030,216500.0,475500.0,217000.0,476000.0,216750.0,475750.0,500,center_in_cheonan,34012120,성거읍,127.18788346578742,36.88034011636413,21.0,19,10,25,0,0,0,0,0,0,0,0,0,0,0,0,0,0,0,0,0,0,0,0,0,0,0,0,0,0,0,0,0,0,0,0,0,0,0,0,0,0,0,0,0,0,0,0,0,0,0,0
G500_02031,217000.0,475500.0,217500.0,476000.0,217250.0,475750.0,500,center_in_cheonan,34012120,성거읍,127.19349189881505,36.88033111726125,10.0,10,4,25,0,0,0,0,0,0,0,0,0,0,0,0,0,0,0,0,0,0,0,0,0,0,0,0,0,0,0,0,0,0,0,0,0,0,0,0,0,0,0,0,0,0,0,0,0,0,0,0
G500_02032,217500.0,475500.0,218000.0,476000.0,217750.0,475750.0,500,center_in_cheonan,34012120,성거읍,127.19910032931585,36.880321853483245,5.0,5,2,25,0,0,0,0,0,0,0,0,0,0,0,0,0,0,0,0,0,0,0,0,0,0,0,0,0,0,0,0,0,0,0,0,0,0,0,0,0,0,0,0,0,0,0,0,0,0,0,0
G500_02033,218000.0,475500.0,218500.0,476000.0,218250.0,475750.0,500,center_in_cheonan,34012120,성거읍,127.20470875721661,36.88031232503048,822.0,750,367,25,0,0,0,2,2,0,0,0,0,0,0,0,0,0,0,0,0,0,0,0,0,0,0,0,0,0,0,0,0,0,1,1,0,0,0,0,0,0,0,0,0,0,0,0,0,0,0,0
G500_02034,218500.0,475500.0,219000.0,476000.0,218750.0,475750.0,500,center_in_cheonan,34012120,성거읍,127.21031718244403,36.88030253190333,0.0,0,0,25,0,0,0,0,0,0,0,0,0,0,0,0,0,0,0,0,0,0,0,0,0,0,0,0,0,0,0,0,0,0,0,0,0,0,0,0,0,0,0,0,0,0,0,0,0,0,0,0
G500_02035,219000.0,475500.0,219500.0,476000.0,219250.0,475750.0,500,center_in_cheonan,34012120,성거읍,127.21592560492488,36.88029247410222,14.0,13,6,25,0,0,0,0,0,0,0,0,0,0,0,0,0,0,0,0,0,0,0,0,0,0,0,0,0,0,0,0,0,0,0,0,0,0,0,0,0,0,0,0,0,0,0,0,0,0,0,0
G500_02036,219500.0,475500.0,220000.0,476000.0,219750.0,475750.0,500,center_in_cheonan,34012120,성거읍,127.22153402458598,36.88028215162755,0.0,0,0,25,0,0,0,0,0,0,0,0,0,0,0,0,0,0,0,0,0,0,0,0,0,0,0,0,0,0,0,0,0,0,0,0,0,0,0,0,0,0,0,0,0,0,0,0,0,0,0,0
G500_02037,220000.0,475500.0,220500.0,476000.0,220250.0,475750.0,500,center_in_cheonan,34012310,입장면,127.22714244135402,36.88027156447974,0.0,0,0,25,0,0,0,0,0,0,0,0,0,0,0,0,0,0,0,0,0,0,0,0,0,0,0,0,0,0,0,0,0,0,0,0,0,0,0,0,0,0,0,0,0,0,0,0,0,0,0,0
G500_02038,220500.0,475500.0,221000.0,476000.0,220750.0,475750.0,500,center_in_cheonan,34012310,입장면,127.2327508551558,36.880260712659236,0.0,0,0,25,0,0,0,0,0,0,0,0,0,0,0,0,0,0,0,0,0,0,0,0,0,0,0,0,0,0,0,0,0,0,0,0,0,0,0,0,0,0,0,0,0,0,0,0,0,0,0,0
G500_02039,221000.0,475500.0,221500.0,476000.0,221250.0,475750.0,500,center_in_cheonan,34012310,입장면,127.23835926591808,36.880249596166465,38.0,25,14,25,0,0,0,0,0,0,0,0,0,0,0,0,0,0,0,0,0,0,0,0,0,0,0,0,0,0,0,0,0,0,0,0,0,0,0,0,0,0,0,0,0,0,0,0,0,0,0,0
G500_02040,221500.0,475500.0,222000.0,476000.0,221750.0,475750.0,500,center_in_cheonan,34012310,입장면,127.24396767356762,36.88023821500189,0.0,0,0,25,0,0,0,0,0,0,0,0,0,0,0,0,0,0,0,0,0,0,0,0,0,0,0,0,0,0,0,0,0,0,0,0,0,0,0,0,0,0,0,0,0,0,0,0,0,0,0,0
G500_02041,222000.0,475500.0,222500.0,476000.0,222250.0,475750.0,500,center_in_cheonan,34012310,입장면,127.2495760780312,36.88022656916598,0.0,0,0,24,0,0,0,0,0,0,0,0,0,0,0,0,0,0,0,0,0,0,0,0,0,0,0,0,0,0,0,0,0,0,0,0,0,0,0,0,0,0,0,0,0,0,0,0,0,0,0,0
G500_02042,222500.0,475500.0,223000.0,476000.0,222750.0,475750.0,500,center_in_cheonan,34012310,입장면,127.25518447923554,36.88021465865919,0.0,0,0,25,0,0,0,0,0,0,0,0,0,0,0,0,0,0,0,0,0,0,0,0,0,0,0,0,0,0,0,0,0,0,0,0,0,0,0,0,0,0,0,0,0,0,0,0,0,0,0,0
G500_02043,223000.0,475500.0,223500.0,476000.0,223250.0,475750.0,500,center_in_cheonan,34012310,입장면,127.26079287710742,36.88020248348204,0.0,0,0,25,0,0,0,0,0,0,0,0,0,0,0,0,0,0,0,0,0,0,0,0,0,0,0,0,0,0,0,0,0,0,0,0,0,0,0,0,0,0,0,0,0,0,0,0,0,0,0,0
G500_02044,223500.0,475500.0,224000.0,476000.0,223750.0,475750.0,500,center_in_cheonan,34011330,북면,127.26640127157364,36.880190043635004,0.0,0,0,25,0,0,0,0,0,0,0,0,0,0,0,0,0,0,0,0,0,0,0,0,0,0,0,0,0,0,0,0,0,0,0,0,0,0,0,0,0,0,0,0,0,0,0,0,0,0,0,0
G500_02045,224000.0,475500.0,224500.0,476000.0,224250.0,475750.0,500,center_in_cheonan,34011330,북면,127.27200966256092,36.88017733911861,5.0,3,2,25,0,0,0,0,0,0,0,0,0,0,0,0,0,0,0,0,0,0,0,0,0,0,0,0,0,0,0,0,0,0,0,0,0,0,0,0,0,0,0,0,0,0,0,0,0,0,0,0
G500_02046,224500.0,475500.0,225000.0,476000.0,224750.0,475750.0,500,center_in_cheonan,34011330,북면,127.27761804999602,36.88016436993336,5.0,3,2,25,0,0,0,0,0,0,0,0,0,0,0,0,0,0,0,0,0,0,0,0,0,0,0,0,0,0,0,0,0,0,0,0,0,0,0,0,0,0,0,0,0,0,0,0,0,0,0,0
G500_02047,225000.0,475500.0,225500.0,476000.0,225250.0,475750.0,500,center_in_cheonan,34011330,북면,127.28322643380575,36.88015113607978,0.0,0,0,25,0,0,0,0,0,0,0,0,0,0,0,0,0,0,0,0,0,0,0,0,0,0,0,0,0,0,0,0,0,0,0,0,0,0,0,0,0,0,0,0,0,0,0,0,0,0,0,0
G500_02048,225500.0,475500.0,226000.0,476000.0,225750.0,475750.0,500,center_in_cheonan,34011330,북면,127.28883481391686,36.88013763755842,0.0,0,0,25,0,0,0,0,0,0,0,0,0,0,0,0,0,0,0,0,0,0,0,0,0,0,0,0,0,0,0,0,0,0,0,0,0,0,0,0,0,0,0,0,0,0,0,0,0,0,0,0
G500_02049,226000.0,475500.0,226500.0,476000.0,226250.0,475750.0,500,center_in_cheonan,34011330,북면,127.29444319025608,36.88012387436984,44.0,30,20,25,0,0,0,0,0,0,0,0,0,0,0,0,0,0,0,0,0,0,0,0,0,0,0,0,0,0,0,0,0,0,0,0,0,0,0,0,0,0,0,0,0,0,0,0,0,0,0,0
G500_02050,226500.0,475500.0,227000.0,476000.0,226750.0,475750.0,500,center_in_cheonan,34011330,북면,127.30005156275018,36.88010984651461,5.0,3,2,25,0,0,0,0,0,0,0,0,0,0,0,0,0,0,0,0,0,0,0,0,0,0,0,0,0,0,0,0,0,0,0,0,0,0,0,0,0,0,0,0,0,0,0,0,0,0,0,0
G500_02051,227000.0,475500.0,227500.0,476000.0,227250.0,475750.0,500,center_in_cheonan,34011330,북면,127.30565993132598,36.88009555399327,0.0,0,0,25,0,0,0,0,0,0,0,0,0,0,0,0,0,0,0,0,0,0,0,0,0,0,0,0,0,0,0,0,0,0,0,0,0,0,0,0,0,0,0,0,0,0,0,0,0,0,0,0
G500_02052,208000.0,476000.0,208500.0,476500.0,208250.0,476250.0,500,center_in_cheonan,34012130,직산읍,127.0925452256456,36.88495810079286,39.0,33,18,21,0,0,0,0,0,0,0,0,0,0,0,0,0,0,0,0,0,0,0,0,0,0,0,0,0,0,0,0,0,0,0,0,0,0,0,0,0,0,0,0,0,0,0,0,0,0,0,0
G500_02053,208500.0,476000.0,209000.0,476500.0,208750.0,476250.0,500,center_in_cheonan,34012130,직산읍,127.09815401993497,36.88495360048229,15.0,12,6,25,0,0,0,0,0,0,0,0,0,0,0,0,0,0,0,0,0,0,0,0,0,0,0,0,0,0,0,0,0,0,0,0,0,0,0,0,0,0,0,0,0,0,0,0,0,0,0,0
G500_02054,209000.0,476000.0,209500.0,476500.0,209250.0,476250.0,500,center_in_cheonan,34012130,직산읍,127.10376281294229,36.884948835448704,0.0,0,0,25,0,0,0,0,0,0,0,0,0,0,0,0,0,0,0,0,0,0,0,0,0,0,0,0,0,0,0,0,0,0,0,0,0,0,0,0,0,0,0,0,0,0,0,0,0,0,0,0
G500_02055,209500.0,476000.0,210000.0,476500.0,209750.0,476250.0,500,center_in_cheonan,34012130,직산읍,127.10937160459433,36.88494380569229,224.0,184,97,25,0,0,0,0,0,0,0,0,0,0,0,0,0,0,0,0,0,0,0,0,0,0,0,0,0,0,0,0,0,0,0,0,1,0,0,0,0,0,1,0,0,0,0,0,0,0,0,0
G500_02056,210000.0,476000.0,210500.0,476500.0,210250.0,476250.0,500,center_in_cheonan,34012130,직산읍,127.1149803948178,36.88493851121328,8.0,7,4,25,0,0,0,0,0,0,0,0,0,0,0,0,0,0,0,0,0,0,0,0,0,0,0,0,0,0,0,0,0,0,0,0,0,0,0,0,0,0,0,0,0,0,0,0,0,0,0,0
G500_02057,210500.0,476000.0,211000.0,476500.0,210750.0,476250.0,500,center_in_cheonan,34012130,직산읍,127.12058918353948,36.88493295201185,0.0,0,0,25,0,0,0,0,0,0,0,0,0,0,0,0,0,0,0,0,0,0,0,0,0,0,0,0,0,0,0,0,0,0,0,0,0,0,0,0,0,0,0,0,0,0,0,0,0,0,0,0
G500_02058,211000.0,476000.0,211500.0,476500.0,211250.0,476250.0,500,center_in_cheonan,34012130,직산읍,127.12619797068606,36.88492712808827,33.0,27,14,25,0,0,0,1,1,0,0,0,0,0,0,0,0,0,0,0,0,0,0,0,0,0,0,0,0,0,0,0,0,0,0,0,0,0,0,0,0,0,0,0,0,0,0,0,0,0,0,0
G500_02059,211500.0,476000.0,212000.0,476500.0,211750.0,476250.0,500,center_in_cheonan,34012130,직산읍,127.13180675618433,36.884921039442744,52.0,44,24,25,0,0,0,0,0,0,0,0,0,0,0,0,0,0,0,0,0,0,0,0,0,0,0,0,0,0,0,0,0,0,0,0,0,0,0,0,0,0,0,0,0,0,0,0,0,0,0,0
G500_02060,212000.0,476000.0,212500.0,476500.0,212250.0,476250.0,500,center_in_cheonan,34012130,직산읍,127.137415539961,36.88491468607555,5.0,4,2,25,0,0,0,0,0,0,0,0,0,0,0,0,0,0,0,0,0,0,0,0,0,0,0,0,0,0,0,0,0,0,0,0,0,0,0,0,0,0,0,0,0,0,0,0,0,0,0,0
G500_02061,212500.0,476000.0,213000.0,476500.0,212750.0,476250.0,500,center_in_cheonan,34012130,직산읍,127.14302432194282,36.88490806798693,49.0,41,22,25,0,0,0,0,0,0,0,0,0,0,0,0,0,0,0,0,0,0,0,0,0,0,0,0,0,0,0,0,0,0,0,0,0,0,0,0,0,0,0,0,0,0,0,0,0,0,0,0
G500_02062,213000.0,476000.0,213500.0,476500.0,213250.0,476250.0,500,center_in_cheonan,34012130,직산읍,127.14863310205651,36.88490118517715,91.0,77,42,25,0,0,0,0,0,0,0,0,0,0,0,0,0,0,0,0,0,0,0,0,0,0,0,0,0,0,0,0,0,0,0,0,0,0,0,0,0,0,0,0,0,0,0,0,0,0,0,0
G500_02063,213500.0,476000.0,214000.0,476500.0,213750.0,476250.0,500,center_in_cheonan,34012130,직산읍,127.15424188022887,36.884894037646504,911.0,748,394,25,0,0,0,1,1,0,0,0,0,0,0,0,0,0,0,0,0,0,0,0,0,0,0,0,0,0,0,0,0,0,0,0,1,0,0,0,0,0,0,0,0,0,0,0,1,0,0,0
G500_02064,214000.0,476000.0,214500.0,476500.0,214250.0,476250.0,500,center_in_cheonan,34012130,직산읍,127.15985065638661,36.88488662539528,10.0,8,4,25,0,0,0,0,0,0,0,0,0,0,0,0,0,0,0,0,0,0,0,0,0,0,0,0,0,0,0,0,0,0,0,0,0,0,0,0,0,0,0,0,0,0,0,0,0,0,0,0
G500_02065,214500.0,476000.0,215000.0,476500.0,214750.0,476250.0,500,center_in_cheonan,34012130,직산읍,127.16545943045647,36.88487894842379,13.0,11,6,25,0,0,0,0,0,0,0,0,0,0,0,0,0,0,0,0,0,0,0,0,0,0,0,0,0,0,0,0,0,0,0,0,0,0,0,0,0,0,0,0,0,0,0,0,0,0,0,0
G500_02066,215000.0,476000.0,215500.0,476500.0,215250.0,476250.0,500,center_in_cheonan,34012130,직산읍,127.17106820236516,36.88487100673231,52.0,44,24,25,0,0,0,0,0,0,0,0,0,0,0,0,0,0,0,0,0,0,0,0,0,0,0,0,0,0,0,0,0,0,0,0,0,0,0,0,0,0,0,0,0,0,0,0,0,0,0,0
G500_02067,215500.0,476000.0,216000.0,476500.0,215750.0,476250.0,500,center_in_cheonan,34012130,직산읍,127.17667697203949,36.884862800321216,18.0,15,8,25,0,0,0,0,0,0,0,0,0,0,0,0,0,0,0,0,0,0,0,0,0,0,0,0,0,0,0,0,0,0,0,0,0,0,0,0,0,0,0,0,0,0,0,0,0,0,0,0
G500_02068,216000.0,476000.0,216500.0,476500.0,216250.0,476250.0,500,center_in_cheonan,34012130,직산읍,127.18228573940617,36.88485432919082,20.0,18,8,25,0,0,0,0,0,0,0,0,0,0,0,0,0,0,0,0,0,0,0,0,0,0,0,0,0,0,0,0,0,0,0,0,0,0,0,0,0,0,0,0,0,0,0,0,0,0,0,0
G500_02069,216500.0,476000.0,217000.0,476500.0,216750.0,476250.0,500,center_in_cheonan,34012120,성거읍,127.18789450439192,36.88484559334147,5.0,4,2,25,0,0,0,0,0,0,0,0,0,0,0,0,0,0,0,0,0,0,0,0,0,0,0,0,0,0,0,0,0,0,0,0,0,0,0,0,0,0,0,0,0,0,0,0,0,0,0,0
G500_02070,217000.0,476000.0,217500.0,476500.0,217250.0,476250.0,500,center_in_cheonan,34012120,성거읍,127.19350326692353,36.884836592773524,28.0,24,12,25,0,0,0,0,0,0,0,0,0,0,0,0,0,0,0,0,0,0,0,0,0,0,0,0,0,0,0,0,0,0,0,0,0,0,0,0,0,0,0,0,0,0,0,0,0,0,0,0
G500_02071,217500.0,476000.0,218000.0,476500.0,217750.0,476250.0,500,center_in_cheonan,34012120,성거읍,127.19911202692772,36.88482732748735,402.0,364,181,25,0,0,0,2,2,0,0,0,0,0,0,0,0,0,0,0,0,0,0,0,0,0,0,0,0,0,0,0,0,0,0,0,0,0,0,0,0,0,0,0,0,0,0,0,0,0,0,0
G500_02072,218000.0,476000.0,218500.0,476500.0,218250.0,476250.0,500,center_in_cheonan,34012120,성거읍,127.20472078433123,36.88481779748332,921.0,838,412,25,0,0,0,1,1,0,0,0,0,0,0,0,0,0,0,0,0,0,0,0,0,0,0,0,0,0,0,0,0,0,0,0,0,0,0,0,0,0,0,0,0,0,0,0,0,0,0,0
G500_02073,218500.0,476000.0,219000.0,476500.0,218750.0,476250.0,500,center_in_cheonan,34012120,성거읍,127.2103295390608,36.884808002761844,5.0,4,2,25,0,0,0,0,0,0,0,0,0,0,0,0,0,0,0,0,0,0,0,1,1,0,0,0,0,0,0,0,0,0,0,0,0,0,0,0,0,0,0,0,0,0,0,0,0,0,0,0
G500_02074,219000.0,476000.0,219500.0,476500.0,219250.0,476250.0,500,center_in_cheonan,34012120,성거읍,127.21593829104319,36.88479794332329,13.0,12,6,25,0,0,0,0,0,0,0,0,0,0,0,0,0,0,0,0,0,0,0,0,0,0,0,0,0,0,0,0,0,0,0,0,0,0,0,0,0,0,0,0,0,0,0,0,0,0,0,0
G500_02075,219500.0,476000.0,220000.0,476500.0,219750.0,476250.0,500,center_in_cheonan,34012310,입장면,127.22154704020515,36.884787619168094,0.0,0,0,25,0,0,0,0,0,0,0,0,0,0,0,0,0,0,0,0,0,0,0,0,0,0,0,0,0,0,0,0,0,0,0,0,0,0,0,0,0,0,0,0,0,0,0,0,0,0,0,0
G500_02076,220000.0,476000.0,220500.0,476500.0,220250.0,476250.0,500,center_in_cheonan,34012310,입장면,127.22715578647342,36.884777030296675,5.0,3,2,25,0,0,0,0,0,0,0,0,0,0,0,0,0,0,0,0,0,0,0,0,0,0,0,0,0,0,0,0,0,0,0,0,0,0,0,0,0,0,0,0,0,0,0,0,0,0,0,0
G500_02077,220500.0,476000.0,221000.0,476500.0,220750.0,476250.0,500,center_in_cheonan,34012310,입장면,127.2327645297747,36.88476617670947,15.0,9,6,25,0,0,0,0,0,0,0,0,0,0,0,0,0,0,0,0,0,0,0,0,0,0,0,0,0,0,0,0,0,0,0,0,0,0,0,0,0,0,0,0,0,0,0,0,0,0,0,0
G500_02078,221000.0,476000.0,221500.0,476500.0,221250.0,476250.0,500,center_in_cheonan,34012310,입장면,127.2383732700358,36.884755058406896,127.0,87,49,25,0,0,0,0,0,0,0,0,0,0,0,0,0,0,0,0,0,0,0,0,0,0,0,0,0,0,0,0,0,0,0,0,0,0,0,0,0,0,0,0,0,0,0,0,0,0,0,0
G500_02079,221500.0,476000.0,222000.0,476500.0,221750.0,476250.0,500,center_in_cheonan,34012310,입장면,127.24398200718345,36.88474367538945,5.0,3,2,25,0,0,0,0,0,0,0,0,0,0,0,0,0,0,0,0,0,0,0,0,0,0,0,0,0,0,0,0,0,0,0,0,0,0,0,0,0,0,0,0,0,0,0,0,0,0,0,0
G500_02080,222000.0,476000.0,222500.0,476500.0,222250.0,476250.0,500,center_in_cheonan,34012310,입장면,127.24959074114436,36.88473202765757,0.0,0,0,25,0,0,0,0,0,0,0,0,0,0,0,0,0,0,0,0,0,0,0,0,0,0,0,0,0,0,0,0,0,0,0,0,0,0,0,0,0,0,0,0,0,0,0,0,0,0,0,0
G500_02081,222500.0,476000.0,223000.0,476500.0,222750.0,476250.0,500,center_in_cheonan,34012310,입장면,127.2551994718453,36.884720115211735,0.0,0,0,25,0,0,0,0,0,0,0,0,0,0,0,0,0,0,0,0,0,0,0,0,0,0,0,0,0,0,0,0,0,0,0,0,0,0,0,0,0,0,0,0,0,0,0,0,0,0,0,0
G500_02082,223000.0,476000.0,223500.0,476500.0,223250.0,476250.0,500,center_in_cheonan,34012310,입장면,127.26080819921303,36.884707938052436,0.0,0,0,25,0,0,0,0,0,0,0,0,0,0,0,0,0,0,0,0,0,0,0,0,0,0,0,0,0,0,0,0,0,0,0,0,0,0,0,0,0,0,0,0,0,0,0,0,0,0,0,0
G500_02083,223500.0,476000.0,224000.0,476500.0,223750.0,476250.0,500,center_in_cheonan,34012310,입장면,127.26641692317429,36.88469549618017,0.0,0,0,25,0,0,0,0,0,0,0,0,0,0,0,0,0,0,0,0,0,0,0,0,0,0,0,0,0,0,0,0,0,0,0,0,0,0,0,0,0,0,0,0,0,0,0,0,0,0,0,0
G500_02084,224000.0,476000.0,224500.0,476500.0,224250.0,476250.0,500,center_in_cheonan,34012310,입장면,127.27202564365581,36.884682789595445,8.0,6,4,25,0,0,0,0,0,0,0,0,0,0,0,0,0,0,0,0,0,0,0,0,0,0,0,0,0,0,0,0,0,0,0,0,0,0,0,0,0,0,0,0,0,0,0,0,0,0,0,0
G500_02085,224500.0,476000.0,225000.0,476500.0,224750.0,476250.0,500,center_in_cheonan,34011330,북면,127.27763436058434,36.88466981829879,0.0,0,0,25,0,0,0,0,0,0,0,0,0,0,0,0,0,0,0,0,0,0,0,0,0,0,0,0,0,0,0,0,0,0,0,0,0,0,0,0,0,0,0,0,0,0,0,0,0,0,0,0
G500_02086,225000.0,476000.0,225500.0,476500.0,225250.0,476250.0,500,center_in_cheonan,34011330,북면,127.28324307388665,36.88465658229072,0.0,0,0,25,0,0,0,0,0,0,0,0,0,0,0,0,0,0,0,0,0,0,0,0,0,0,0,0,0,0,0,0,0,0,0,0,0,0,0,0,0,0,0,0,0,0,0,0,0,0,0,0
G500_02087,225500.0,476000.0,226000.0,476500.0,225750.0,476250.0,500,center_in_cheonan,34011330,북면,127.28885178348948,36.88464308157179,0.0,0,0,25,0,0,0,0,0,0,0,0,0,0,0,0,0,0,0,0,0,0,0,0,0,0,0,0,0,0,0,0,0,0,0,0,0,0,0,0,0,0,0,0,0,0,0,0,0,0,0,0
G500_02088,226000.0,476000.0,226500.0,476500.0,226250.0,476250.0,500,center_in_cheonan,34011330,북면,127.29446048931956,36.884629316142544,26.0,18,12,25,0,0,0,0,0,0,0,0,0,0,0,0,0,0,0,0,0,0,0,0,0,0,0,0,0,0,0,0,0,0,0,0,0,0,0,0,0,0,0,0,0,0,0,0,0,0,0,0
G500_02089,226500.0,476000.0,227000.0,476500.0,226750.0,476250.0,500,center_in_cheonan,34011330,북면,127.30006919130363,36.88461528600354,5.0,3,2,25,0,0,0,0,0,0,0,0,0,0,0,0,0,0,0,0,0,0,0,0,0,0,0,0,0,0,0,0,0,0,0,0,0,0,0,0,0,0,0,0,0,0,0,0,0,0,0,0
G500_02090,227000.0,476000.0,227500.0,476500.0,227250.0,476250.0,500,center_in_cheonan,34011330,북면,127.30567788936851,36.88460099115536,0.0,0,0,21,0,0,0,0,0,0,0,0,0,0,0,0,0,0,0,0,0,0,0,0,0,0,0,0,0,0,0,0,0,0,0,0,0,0,0,0,0,0,0,0,0,0,0,0,0,0,0,0
G500_02091,208000.0,476500.0,208500.0,477000.0,208250.0,476750.0,500,center_in_cheonan,34012130,직산읍,127.09255066381857,36.88946359265894,90.0,75,40,24,0,0,0,0,0,0,0,0,0,0,0,0,0,0,0,0,0,0,0,0,0,0,0,0,0,0,0,0,0,0,0,0,0,0,0,0,0,0,0,0,0,0,0,0,0,0,0,0
G500_02092,208500.0,476500.0,209000.0,477000.0,208750.0,476750.0,500,center_in_cheonan,34012130,직산읍,127.0981597876925,36.889459091615734,18.0,15,7,25,0,0,0,0,0,0,0,0,0,0,0,0,0,0,0,0,0,0,0,0,0,0,0,0,0,0,0,0,0,0,0,0,0,0,0,0,0,0,0,0,0,0,0,0,0,0,0,0
G500_02093,209000.0,476500.0,209500.0,477000.0,209250.0,476750.0,500,center_in_cheonan,34012130,직산읍,127.10376891028409,36.889454325806426,18.0,14,7,25,0,0,0,0,0,0,0,0,0,0,0,0,0,0,0,0,0,0,0,0,0,0,0,0,0,0,0,0,0,0,0,0,0,0,0,0,0,0,0,0,0,0,0,0,0,0,0,0
G500_02094,209500.0,476500.0,210000.0,477000.0,209750.0,476750.0,500,center_in_cheonan,34012110,성환읍,127.10937803152008,36.8894492952312,39.0,32,17,25,0,0,0,0,0,0,0,0,0,0,0,0,0,0,0,0,0,0,0,0,0,0,0,0,0,0,0,0,0,0,0,0,0,0,0,0,0,0,0,0,0,0,0,0,0,0,0,0
G500_02095,210000.0,476500.0,210500.0,477000.0,210250.0,476750.0,500,center_in_cheonan,34012110,성환읍,127.11498715132718,36.889443999890254,20.0,16,8,25,0,0,0,0,0,0,0,0,0,0,0,0,0,0,0,0,0,0,0,0,0,0,0,0,0,0,0,0,0,0,0,0,0,0,0,0,0,0,0,0,0,0,0,0,0,0,0,0
G500_02096,210500.0,476500.0,211000.0,477000.0,210750.0,476750.0,500,center_in_cheonan,34012130,직산읍,127.12059626963213,36.889438439783824,18.0,14,7,25,0,0,0,0,0,0,0,0,0,0,0,0,0,0,0,0,0,0,0,0,0,0,0,0,0,0,0,0,0,0,0,0,0,0,0,0,0,0,0,0,0,0,0,0,0,0,0,0
G500_02097,211000.0,476500.0,211500.0,477000.0,211250.0,476750.0,500,center_in_cheonan,34012130,직산읍,127.1262053863616,36.88943261491213,104.0,87,43,25,0,0,0,1,1,0,0,0,0,0,0,0,0,0,0,0,0,0,0,0,0,0,0,0,0,0,0,0,0,0,0,0,0,0,0,0,0,0,0,0,0,0,0,0,0,0,0,0
G500_02098,211500.0,476500.0,212000.0,477000.0,211750.0,476750.0,500,center_in_cheonan,34012130,직산읍,127.1318145014424,36.88942652527542,54.0,45,23,25,0,0,0,0,0,0,0,0,0,0,0,0,0,0,0,0,0,0,0,0,0,0,0,0,0,0,0,0,0,0,0,0,0,0,0,0,0,0,0,0,0,0,0,0,0,0,0,0
G500_02099,212000.0,476500.0,212500.0,477000.0,212250.0,476750.0,500,center_in_cheonan,34012130,직산읍,127.13742361480121,36.889420170873926,0.0,0,0,25,0,0,0,1,1,0,0,0,0,0,0,0,0,0,0,0,0,0,0,0,0,0,0,0,0,0,0,0,0,0,0,0,0,0,0,0,0,0,0,0,0,0,0,0,0,0,0,0
G500_02100,212500.0,476500.0,213000.0,477000.0,212750.0,476750.0,500,center_in_cheonan,34012130,직산읍,127.14303272636474,36.889413551707904,8.0,7,3,25,0,0,0,0,0,0,0,0,0,0,0,0,0,0,0,0,0,0,0,0,0,0,0,0,0,0,0,0,0,0,0,0,0,0,0,0,0,0,0,0,0,0,0,0,0,0,0,0
G500_02101,213000.0,476500.0,213500.0,477000.0,213250.0,476750.0,500,center_in_cheonan,34012130,직산읍,127.14864183605974,36.88940666777764,0.0,0,0,25,0,0,0,0,0,0,0,0,0,0,0,0,0,0,0,0,0,0,0,0,0,0,0,0,0,0,0,0,0,0,0,0,0,0,0,0,0,0,0,0,0,0,0,0,0,0,0,0
G500_02102,213500.0,476500.0,214000.0,477000.0,213750.0,476750.0,500,center_in_cheonan,34012130,직산읍,127.15425094381293,36.88939951908341,44.0,37,19,25,0,0,0,0,0,0,0,0,0,0,0,0,0,0,0,0,0,0,0,0,0,0,0,0,0,0,0,0,0,0,0,0,0,0,0,0,0,0,0,0,0,0,0,0,0,0,0,0
G500_02103,214000.0,476500.0,214500.0,477000.0,214250.0,476750.0,500,center_in_cheonan,34012130,직산읍,127.15986004955101,36.88939210562551,33.0,27,14,25,0,0,0,0,0,0,0,0,0,0,0,0,0,0,0,0,0,0,0,2,2,0,0,0,0,0,0,0,0,0,0,0,0,0,0,0,0,0,0,0,0,0,0,0,0,0,0,0
G500_02104,214500.0,476500.0,215000.0,477000.0,214750.0,476750.0,500,center_in_cheonan,34012130,직산읍,127.16546915320076,36.88938442740423,0.0,0,0,25,0,0,0,0,0,0,0,0,0,0,0,0,0,0,0,0,0,0,0,0,0,0,0,0,0,0,0,0,0,0,0,0,0,0,0,0,0,0,0,0,0,0,0,0,0,0,0,0
G500_02105,215000.0,476500.0,215500.0,477000.0,215250.0,476750.0,500,center_in_cheonan,34012130,직산읍,127.17107825468887,36.88937648441991,0.0,0,0,25,0,0,0,0,0,0,0,0,0,0,0,0,0,0,0,0,0,0,0,0,0,0,0,0,0,0,0,0,0,0,0,0,0,0,0,0,0,0,0,0,0,0,0,0,0,0,0,0
G500_02106,215500.0,476500.0,216000.0,477000.0,215750.0,476750.0,500,center_in_cheonan,34012130,직산읍,127.17668735394203,36.88936827667285,72.0,60,32,25,0,0,0,0,0,0,0,0,0,0,0,0,0,0,0,0,0,0,0,0,0,0,0,0,0,0,0,0,0,0,0,0,0,0,0,0,0,0,0,0,0,0,0,0,0,0,0,0
G500_02107,216000.0,476500.0,216500.0,477000.0,216250.0,476750.0,500,center_in_cheonan,34012130,직산읍,127.18229645088705,36.889359804163384,18.0,15,8,25,0,0,0,0,0,0,0,0,0,0,0,0,0,0,0,0,0,0,0,0,0,0,0,0,0,0,0,0,0,0,0,0,0,0,0,0,0,0,0,0,0,0,0,0,0,0,0,0
G500_02108,216500.0,476500.0,217000.0,477000.0,216750.0,476750.0,500,center_in_cheonan,34012120,성거읍,127.18790554545062,36.889351066891884,95.0,83,42,25,0,0,0,0,0,0,0,0,0,0,0,0,0,0,0,0,0,0,0,0,0,0,0,0,0,0,0,0,0,0,0,0,0,0,0,0,0,0,0,0,0,0,0,0,0,0,0,0
G500_02109,217000.0,476500.0,217500.0,477000.0,217250.0,476750.0,500,center_in_cheonan,34012120,성거읍,127.19351463755942,36.8893420648587,21.0,18,10,25,0,0,0,1,1,0,0,0,0,0,0,0,0,0,0,0,0,0,0,0,0,0,0,0,0,0,0,0,0,0,0,0,0,0,0,0,0,0,0,0,0,0,0,0,0,0,0,0
G500_02110,217500.0,476500.0,218000.0,477000.0,217750.0,476750.0,500,center_in_cheonan,34012120,성거읍,127.19912372714023,36.889332798064174,33.0,27,14,25,0,0,0,0,0,0,0,0,0,0,0,0,0,0,0,0,0,0,0,0,0,0,0,0,0,0,0,0,0,0,1,1,0,0,0,0,0,0,0,0,0,0,0,0,0,0,0,0
G500_02111,218000.0,476500.0,218500.0,477000.0,218250.0,476750.0,500,center_in_cheonan,34012120,성거읍,127.20473281411978,36.88932326650871,405.0,368,180,25,0,0,0,0,0,0,0,0,0,0,0,0,0,0,0,0,0,0,0,0,0,0,0,0,0,0,0,0,0,0,0,0,0,0,0,0,0,0,0,0,0,0,0,0,0,0,0,0
G500_02112,218500.0,476500.0,219000.0,477000.0,218750.0,476750.0,500,center_in_cheonan,34012120,성거읍,127.21034189842477,36.88931347019269,184.0,165,81,25,0,0,0,0,0,0,0,0,0,0,0,0,0,0,0,0,0,0,0,0,0,0,0,0,0,0,0,0,0,0,0,0,0,0,0,0,0,0,0,0,0,0,0,0,0,0,0,0
G500_02113,219000.0,476500.0,219500.0,477000.0,219250.0,476750.0,500,center_in_cheonan,34012120,성거읍,127.21595097998194,36.889303409116536,5.0,4,2,25,0,0,0,0,0,0,0,0,0,0,0,0,0,0,0,0,0,0,0,0,0,0,0,0,0,0,0,0,0,0,0,0,0,0,0,0,0,0,0,0,0,0,0,0,0,0,0,0
G500_02114,219500.0,476500.0,220000.0,477000.0,219750.0,476750.0,500,center_in_cheonan,34012310,입장면,127.22156005871801,36.88929308328061,5.0,3,2,25,0,0,0,0,0,0,0,0,0,0,0,0,0,0,0,0,0,0,0,0,0,0,0,0,0,0,0,0,0,0,0,0,0,0,0,0,0,0,0,0,0,0,0,0,0,0,0,0
G500_02115,220000.0,476500.0,220500.0,477000.0,220250.0,476750.0,500,center_in_cheonan,34012310,입장면,127.22716913455973,36.88928249268539,69.0,45,27,25,0,0,0,0,0,0,0,0,0,0,0,0,0,0,0,0,0,0,0,0,0,0,0,0,0,0,0,0,0,0,0,0,0,0,0,0,0,0,0,0,0,0,0,0,0,0,0,0
G500_02116,220500.0,476500.0,221000.0,477000.0,220750.0,476750.0,500,center_in_cheonan,34012310,입장면,127.23277820743381,36.88927163733127,93.0,64,35,25,0,0,0,0,0,0,0,0,0,0,0,0,0,0,0,0,0,0,0,0,0,0,0,0,0,0,0,0,0,0,0,0,0,0,0,0,0,0,0,0,0,0,0,0,0,0,0,0
G500_02117,221000.0,476500.0,221500.0,477000.0,221250.0,476750.0,500,center_in_cheonan,34012310,입장면,127.23838727726698,36.889260517218716,10.0,6,4,25,0,0,0,0,0,0,0,0,0,0,0,0,0,0,0,0,0,0,0,0,0,0,0,0,0,0,0,0,0,0,0,0,0,0,0,0,0,0,0,0,0,0,0,0,0,0,0,0
G500_02118,221500.0,476500.0,222000.0,477000.0,221750.0,476750.0,500,center_in_cheonan,34012310,입장면,127.24399634398594,36.88924913234817,5.0,3,2,25,0,0,0,0,0,0,0,0,0,0,0,0,0,0,0,0,0,0,0,0,0,0,0,0,0,0,0,0,0,0,0,0,0,0,0,0,0,0,0,0,0,0,0,0,0,0,0,0
G500_02119,222000.0,476500.0,222500.0,477000.0,222250.0,476750.0,500,center_in_cheonan,34012310,입장면,127.24960540751749,36.8892374827201,0.0,0,0,25,0,0,0,0,0,0,0,0,0,0,0,0,0,0,0,0,0,0,0,0,0,0,0,0,0,0,0,0,0,0,0,0,0,0,0,0,0,0,0,0,0,0,0,0,0,0,0,0
G500_02120,222500.0,476500.0,223000.0,477000.0,222750.0,476750.0,500,center_in_cheonan,34012310,입장면,127.2552144677883,36.889225568334986,5.0,3,2,25,0,0,0,0,0,0,0,0,0,0,0,0,0,0,0,0,0,0,0,0,0,0,0,0,0,0,0,0,0,0,0,0,0,0,0,0,0,0,0,0,0,0,0,0,0,0,0,0
G500_02121,223000.0,476500.0,223500.0,477000.0,223250.0,476750.0,500,center_in_cheonan,34012310,입장면,127.26082352472511,36.88921338919331,13.0,9,5,25,0,0,0,0,0,0,0,0,0,0,0,0,0,0,0,0,0,0,0,0,0,0,0,0,0,0,0,0,0,0,0,0,0,0,0,0,0,0,0,0,0,0,0,0,0,0,0,0
G500_02122,223500.0,476500.0,224000.0,477000.0,223750.0,476750.0,500,center_in_cheonan,34012310,입장면,127.26643257825465,36.88920094529559,0.0,0,0,25,0,0,0,0,0,0,0,0,0,0,0,0,0,0,0,0,0,0,0,0,0,0,0,0,0,0,0,0,0,0,0,0,0,0,0,0,0,0,0,0,0,0,0,0,0,0,0,0
G500_02123,224000.0,476500.0,224500.0,477000.0,224250.0,476750.0,500,center_in_cheonan,34012310,입장면,127.27204162830367,36.889188236642305,0.0,0,0,25,0,0,0,0,0,0,0,0,0,0,0,0,0,0,0,0,0,0,0,0,0,0,0,0,0,0,0,0,0,0,0,0,0,0,0,0,0,0,0,0,0,0,0,0,0,0,0,0
G500_02124,224500.0,476500.0,225000.0,477000.0,224750.0,476750.0,500,center_in_cheonan,34011330,북면,127.27765067479889,36.88917526323399,0.0,0,0,25,0,0,0,0,0,0,0,0,0,0,0,0,0,0,0,0,0,0,0,0,0,0,0,0,0,0,0,0,0,0,0,0,0,0,0,0,0,0,0,0,0,0,0,0,0,0,0,0
G500_02125,225000.0,476500.0,225500.0,477000.0,225250.0,476750.0,500,center_in_cheonan,34012310,입장면,127.28325971766704,36.88916202507118,0.0,0,0,25,0,0,0,0,0,0,0,0,0,0,0,0,0,0,0,0,0,0,0,0,0,0,0,0,0,0,0,0,0,0,0,0,0,0,0,0,0,0,0,0,0,0,0,0,0,0,0,0
G500_02126,225500.0,476500.0,226000.0,477000.0,225750.0,476750.0,500,center_in_cheonan,34011330,북면,127.28886875683484,36.88914852215441,0.0,0,0,25,0,0,0,0,0,0,0,0,0,0,0,0,0,0,0,0,0,0,0,0,0,0,0,0,0,0,0,0,0,0,0,0,0,0,0,0,0,0,0,0,0,0,0,0,0,0,0,0
G500_02127,226000.0,476500.0,226500.0,477000.0,226250.0,476750.0,500,center_in_cheonan,34011330,북면,127.29447779222902,36.889134754484225,10.0,6,4,22,0,0,0,0,0,0,0,0,0,0,0,0,0,0,0,0,0,0,0,0,0,0,0,0,0,0,0,0,0,0,0,0,0,0,0,0,0,0,0,0,0,0,0,0,0,0,0,0
G500_02128,226500.0,476500.0,227000.0,477000.0,226750.0,476750.0,500,center_in_cheonan,34011330,북면,127.30008682377634,36.88912072206121,0.0,0,0,12,0,0,0,0,0,0,0,0,0,0,0,0,0,0,0,0,0,0,0,0,0,0,0,0,0,0,0,0,0,0,0,0,0,0,0,0,0,0,0,0,0,0,0,0,0,0,0,0
G500_02129,208000.0,477000.0,208500.0,477500.0,208250.0,477250.0,500,center_in_cheonan,34012110,성환읍,127.0925561032006,36.89396908110005,13.0,10,5,14,0,0,0,0,0,0,0,0,0,0,0,0,0,0,0,0,0,0,0,0,0,0,0,0,0,0,0,0,0,0,0,0,0,0,0,0,0,0,0,0,0,0,0,0,0,0,0,0
G500_02130,208500.0,477000.0,209000.0,477500.0,208750.0,477250.0,500,center_in_cheonan,34012110,성환읍,127.09816555673235,36.89396457932414,60.0,47,23,25,0,0,0,3,3,0,0,0,0,0,0,0,0,0,0,0,0,0,0,0,0,0,0,0,0,0,0,0,0,0,0,0,0,0,0,0,0,0,0,0,0,0,0,0,0,0,0,0
G500_02131,209000.0,477000.0,209500.0,477500.0,209250.0,477250.0,500,center_in_cheonan,34012110,성환읍,127.1037750089815,36.893959812739006,10.0,8,4,25,0,0,0,0,0,0,0,0,0,0,0,0,0,0,0,0,0,0,0,0,0,0,0,0,0,0,0,0,0,0,0,0,0,0,0,0,0,0,0,0,0,0,0,0,0,0,0,0
G500_02132,209500.0,477000.0,210000.0,477500.0,209750.0,477250.0,500,center_in_cheonan,34012110,성환읍,127.1093844598747,36.893954781344874,38.0,30,15,25,0,0,0,0,0,0,0,0,0,0,0,0,0,0,0,0,0,0,0,0,0,0,0,0,0,0,0,0,0,0,0,0,0,0,0,0,0,0,0,0,0,0,0,0,0,0,0,0
G500_02133,210000.0,477000.0,210500.0,477500.0,210250.0,477250.0,500,center_in_cheonan,34012110,성환읍,127.11499390933871,36.89394948514191,20.0,16,8,25,0,0,0,0,0,0,0,0,0,0,0,0,0,0,0,0,0,0,0,0,0,0,0,0,0,0,0,0,0,0,0,0,0,0,0,0,0,0,0,0,0,0,0,0,0,0,0,0
G500_02134,210500.0,477000.0,211000.0,477500.0,210750.0,477250.0,500,center_in_cheonan,34012110,성환읍,127.1206033573002,36.89394392413037,0.0,0,0,25,0,0,0,0,0,0,0,0,0,0,0,0,0,0,0,0,0,0,0,0,0,0,0,0,0,0,0,0,0,0,0,0,0,0,0,0,0,0,0,0,0,0,0,0,0,0,0,0
G500_02135,211000.0,477000.0,211500.0,477500.0,211250.0,477250.0,500,center_in_cheonan,34012130,직산읍,127.12621280368587,36.89393809831045,840.0,689,362,25,0,0,0,0,0,0,0,0,1,1,0,0,0,0,0,0,0,0,0,0,0,0,0,0,0,0,0,0,0,0,0,0,0,0,0,0,0,0,0,0,0,0,0,0,0,0,0,0
G500_02136,211500.0,477000.0,212000.0,477500.0,211750.0,477250.0,500,center_in_cheonan,34012110,성환읍,127.13182224842248,36.893932007682416,13.0,11,5,25,0,0,0,0,0,0,0,0,0,0,0,0,0,0,0,0,0,0,0,0,0,0,0,0,0,0,0,0,0,0,0,0,0,0,0,0,0,0,0,0,0,0,0,0,0,0,0,0
G500_02137,212000.0,477000.0,212500.0,477500.0,212250.0,477250.0,500,center_in_cheonan,34012130,직산읍,127.13743169143669,36.8939256522465,1509.0,1239,653,25,0,0,0,2,2,0,0,0,0,0,0,0,0,0,0,0,0,0,0,0,0,0,0,0,0,0,0,0,0,0,0,0,0,0,0,0,0,0,0,0,0,0,0,0,0,0,2,2
G500_02138,212500.0,477000.0,213000.0,477500.0,212750.0,477250.0,500,center_in_cheonan,34012130,직산읍,127.1430411326552,36.89391903200296,762.0,626,330,25,0,0,0,0,0,0,0,0,0,0,0,0,0,0,0,0,0,0,0,0,0,0,0,0,0,0,0,0,0,0,0,0,0,0,0,0,0,0,0,0,0,0,0,0,0,0,0,0
G500_02139,213000.0,477000.0,213500.0,477500.0,213250.0,477250.0,500,center_in_cheonan,34012130,직산읍,127.14865057200475,36.89391214695208,10.0,8,4,25,0,0,0,0,0,0,0,0,0,0,0,0,0,0,0,0,0,0,0,0,0,0,0,0,0,0,0,0,0,0,0,0,0,0,0,0,0,0,0,0,0,0,0,0,0,0,0,0
G500_02140,213500.0,477000.0,214000.0,477500.0,213750.0,477250.0,500,center_in_cheonan,34012130,직산읍,127.15426000941206,36.89390499709414,8.0,7,3,25,0,0,0,0,0,0,0,0,0,0,0,0,0,0,0,0,0,0,0,0,0,0,0,0,0,0,0,0,0,0,0,0,0,0,0,0,0,0,0,0,0,0,0,0,0,0,0,0
G500_02141,214000.0,477000.0,214500.0,477500.0,214250.0,477250.0,500,center_in_cheonan,34012130,직산읍,127.1598694448038,36.89389758242942,0.0,0,0,25,0,0,0,2,2,0,0,0,0,0,0,0,0,0,0,0,0,0,0,0,0,0,0,0,0,0,0,0,0,0,0,0,0,0,0,0,0,0,0,0,0,0,0,0,0,0,0,0
G500_02142,214500.0,477000.0,215000.0,477500.0,214750.0,477250.0,500,center_in_cheonan,34012130,직산읍,127.16547887810668,36.89388990295822,266.0,217,114,25,0,0,0,0,0,0,0,0,0,0,0,0,0,0,0,0,0,0,0,0,0,0,0,0,0,0,0,0,0,0,0,0,0,0,0,0,0,0,0,0,0,0,0,0,0,0,0,0
G500_02143,215000.0,477000.0,215500.0,477500.0,215250.0,477250.0,500,center_in_cheonan,34012130,직산읍,127.17108830924745,36.893881958680886,46.0,37,19,25,0,0,0,0,0,0,0,0,0,0,0,0,0,0,0,0,0,0,0,0,0,0,0,0,0,0,0,0,0,0,0,0,0,0,0,0,0,0,0,0,0,0,0,0,0,0,0,0
G500_02144,215500.0,477000.0,216000.0,477500.0,215750.0,477250.0,500,center_in_cheonan,34012130,직산읍,127.17669773815277,36.8938737495977,10.0,8,4,25,0,0,0,0,0,0,0,0,0,0,0,0,0,0,0,0,0,0,0,0,0,0,0,0,0,0,0,0,0,0,0,0,0,0,0,0,0,0,0,0,0,0,0,0,0,0,0,0
G500_02145,216000.0,477000.0,216500.0,477500.0,216250.0,477250.0,500,center_in_cheonan,34012130,직산읍,127.18230716474939,36.89386527570903,21.0,16,8,25,0,0,0,0,0,0,0,0,0,0,0,0,0,0,0,0,0,0,0,0,0,0,0,0,0,0,0,0,0,0,0,0,0,0,0,0,0,0,0,0,0,0,0,0,0,0,0,0
G500_02146,216500.0,477000.0,217000.0,477500.0,216750.0,477250.0,500,center_in_cheonan,34012120,성거읍,127.187916588964,36.89385653701521,0.0,0,0,25,0,0,0,0,0,0,0,0,0,0,0,0,0,0,0,0,0,0,0,0,0,0,0,0,0,0,0,0,0,0,0,0,0,0,0,0,0,0,0,0,0,0,0,0,0,0,0,0
G500_02147,217000.0,477000.0,217500.0,477500.0,217250.0,477250.0,500,center_in_cheonan,34012120,성거읍,127.1935260107233,36.893847533516606,18.0,15,8,25,0,0,0,0,0,0,0,0,0,0,0,0,0,0,0,0,0,0,0,0,0,0,0,0,0,0,0,0,0,0,0,0,0,0,0,0,0,0,0,0,0,0,0,0,0,0,0,0
G500_02148,217500.0,477000.0,218000.0,477500.0,217750.0,477250.0,500,center_in_cheonan,34012120,성거읍,127.19913542995404,36.89383826521357,77.0,68,34,25,0,0,0,0,0,0,0,0,0,0,0,0,0,0,0,0,0,0,0,0,0,0,0,0,0,0,0,0,0,0,0,0,0,0,0,0,0,0,0,0,0,0,0,0,0,0,0,0
G500_02149,218000.0,477000.0,218500.0,477500.0,218250.0,477250.0,500,center_in_cheonan,34012120,성거읍,127.20474484658288,36.8938287321065,0.0,0,0,25,0,0,0,0,0,0,0,0,0,0,0,0,0,0,0,0,0,0,0,1,0,0,1,0,0,0,0,0,0,0,0,0,0,0,0,0,0,0,0,0,0,0,0,0,0,0,0,0
G500_02150,218500.0,477000.0,219000.0,477500.0,218750.0,477250.0,500,center_in_cheonan,34012120,성거읍,127.21035426053656,36.89381893419576,28.0,24,12,25,0,0,0,1,1,0,0,0,0,0,0,0,0,0,0,0,0,0,0,1,0,0,1,0,0,0,0,0,0,0,0,0,0,0,0,0,0,0,0,0,0,0,0,0,0,0,0,0
G500_02151,219000.0,477000.0,219500.0,477500.0,219250.0,477250.0,500,center_in_cheonan,34012120,성거읍,127.21596367174179,36.89380887148178,32.0,28,14,25,0,0,0,0,0,0,0,0,0,0,0,0,0,0,0,0,0,0,0,0,0,0,0,0,0,0,0,0,0,0,0,0,0,0,0,0,0,0,0,0,0,0,0,0,0,0,0,0
G500_02152,219500.0,477000.0,220000.0,477500.0,219750.0,477250.0,500,center_in_cheonan,34012310,입장면,127.22157308012525,36.893798543964955,0.0,0,0,25,0,0,0,0,0,0,0,0,0,0,0,0,0,0,0,0,0,0,0,0,0,0,0,0,0,0,0,0,0,0,0,0,0,0,0,0,0,0,0,0,0,0,0,0,0,0,0,0
G500_02153,220000.0,477000.0,220500.0,477500.0,220250.0,477250.0,500,center_in_cheonan,34012310,입장면,127.22718248561371,36.89378795164572,41.0,27,16,25,0,0,0,0,0,0,0,0,0,0,0,0,0,0,0,0,0,0,0,0,0,0,0,0,0,0,0,0,0,0,0,0,0,0,0,0,0,0,0,0,0,0,0,0,0,0,0,0
G500_02154,220500.0,477000.0,221000.0,477500.0,220750.0,477250.0,500,center_in_cheonan,34012310,입장면,127.2327918881338,36.893777094524495,44.0,30,17,25,0,0,0,0,0,0,0,0,0,0,0,0,0,0,0,0,0,0,0,0,0,0,0,0,0,0,0,0,0,0,0,0,0,0,0,0,0,0,0,0,0,0,0,0,0,0,0,0
G500_02155,221000.0,477000.0,221500.0,477500.0,221250.0,477250.0,500,center_in_cheonan,34012310,입장면,127.23840128761233,36.89376597260172,66.0,48,25,25,0,0,0,0,0,0,0,0,0,0,0,0,0,0,0,0,0,0,0,0,0,0,0,0,0,0,0,0,0,0,0,0,0,0,0,0,0,0,0,0,0,0,0,0,0,0,0,0
G500_02156,221500.0,477000.0,222000.0,477500.0,221750.0,477250.0,500,center_in_cheonan,34012310,입장면,127.24401068397592,36.89375458587787,0.0,0,0,25,0,0,0,0,0,0,0,0,0,0,0,0,0,0,0,0,0,0,0,0,0,0,0,0,0,0,0,0,0,0,0,0,0,0,0,0,0,0,0,0,0,0,0,0,0,0,0,0
G500_02157,222000.0,477000.0,222500.0,477500.0,222250.0,477250.0,500,center_in_cheonan,34012310,입장면,127.24962007715135,36.893742934353405,0.0,0,0,24,0,0,0,0,0,0,0,0,0,0,0,0,0,0,0,0,0,0,0,0,0,0,0,0,0,0,0,0,0,0,0,0,0,0,0,0,0,0,0,0,0,0,0,0,0,0,0,0
G500_02158,222500.0,477000.0,223000.0,477500.0,222750.0,477250.0,500,center_in_cheonan,34012310,입장면,127.25522946706528,36.893731018028774,0.0,0,0,25,0,0,0,0,0,0,0,0,0,0,0,0,0,0,0,0,0,0,0,0,0,0,0,0,0,0,0,0,0,0,0,0,0,0,0,0,0,0,0,0,0,0,0,0,0,0,0,0
G500_02159,223000.0,477000.0,223500.0,477500.0,223250.0,477250.0,500,center_in_cheonan,34012310,입장면,127.26083885364444,36.893718836904505,32.0,24,12,25,0,0,0,0,0,0,0,0,0,0,0,0,0,0,0,0,0,0,0,0,0,0,0,0,0,0,0,0,0,0,0,0,0,0,0,0,0,0,0,0,0,0,0,0,0,0,0,0
G500_02160,223500.0,477000.0,224000.0,477500.0,223750.0,477250.0,500,center_in_cheonan,34012310,입장면,127.26644823681558,36.89370639098108,10.0,6,4,25,0,0,0,0,0,0,0,0,0,0,0,0,0,0,0,0,0,0,0,0,0,0,0,0,0,0,0,0,0,0,0,0,0,0,0,0,0,0,0,0,0,0,0,0,0,0,0,0
G500_02161,224000.0,477000.0,224500.0,477500.0,224250.0,477250.0,500,center_in_cheonan,34012310,입장면,127.27205761650535,36.89369368025899,0.0,0,0,25,0,0,0,0,0,0,0,0,0,0,0,0,0,0,0,0,0,0,0,0,0,0,0,0,0,0,0,0,0,0,0,0,0,0,0,0,0,0,0,0,0,0,0,0,0,0,0,0
G500_02162,224500.0,477000.0,225000.0,477500.0,224750.0,477250.0,500,center_in_cheonan,34012310,입장면,127.2776669926405,36.893680704738784,0.0,0,0,25,0,0,0,0,0,0,0,0,0,0,0,0,0,0,0,0,0,0,0,0,0,0,0,0,0,0,0,0,0,0,0,0,0,0,0,0,0,0,0,0,0,0,0,0,0,0,0,0
G500_02163,225000.0,477000.0,225500.0,477500.0,225250.0,477250.0,500,center_in_cheonan,34012310,입장면,127.28327636514776,36.89366746442098,5.0,3,2,24,0,0,0,0,0,0,0,0,0,0,0,0,0,0,0,0,0,0,0,0,0,0,0,0,0,0,0,0,0,0,0,0,0,0,0,0,0,0,0,0,0,0,0,0,0,0,0,0
G500_02164,225500.0,477000.0,226000.0,477500.0,225750.0,477250.0,500,center_in_cheonan,34012310,입장면,127.28888573395379,36.89365395930612,0.0,0,0,14,0,0,0,0,0,0,0,0,0,0,0,0,0,0,0,0,0,0,0,0,0,0,0,0,0,0,0,0,0,0,0,0,0,0,0,0,0,0,0,0,0,0,0,0,0,0,0,0
G500_02165,208000.0,477500.0,208500.0,478000.0,208250.0,477750.0,500,center_in_cheonan,34012110,성환읍,127.09256154379196,36.898474566116036,47.0,36,18,22,0,0,0,0,0,0,0,0,0,0,0,0,0,0,0,0,0,0,0,0,0,0,0,0,0,0,0,0,0,0,0,0,0,0,0,0,0,0,0,0,0,0,0,0,0,0,0,0
G500_02166,208500.0,477500.0,209000.0,478000.0,208750.0,477750.0,500,center_in_cheonan,34012110,성환읍,127.09817132705486,36.89847006360731,72.0,54,28,25,0,0,0,0,0,0,0,0,0,0,0,0,0,0,0,0,0,0,0,0,0,0,0,0,0,0,0,0,0,0,0,0,0,0,0,0,0,0,0,0,0,0,0,0,0,0,0,0
G500_02167,209000.0,477500.0,209500.0,478000.0,209250.0,477750.0,500,center_in_cheonan,34012110,성환읍,127.10378110903483,36.898465296246286,61.0,47,24,24,0,0,0,2,2,0,0,0,0,0,0,0,0,0,0,0,0,0,0,0,0,0,0,0,0,0,0,0,0,0,0,0,0,0,0,0,0,0,0,0,0,0,0,0,0,0,0,0
G500_02168,209500.0,477500.0,210000.0,478000.0,209750.0,477750.0,500,center_in_cheonan,34012110,성환읍,127.10939088965856,36.898460264033126,203.0,152,79,25,0,0,0,0,0,0,0,0,0,0,0,0,0,0,0,0,0,0,0,0,0,0,0,0,0,0,0,0,0,0,0,0,0,0,0,0,0,0,0,0,0,0,0,0,0,0,0,0
G500_02169,210000.0,477500.0,210500.0,478000.0,210250.0,477750.0,500,center_in_cheonan,34012110,성환읍,127.11500066885274,36.89845496696807,18.0,14,7,25,0,0,0,0,0,0,0,0,0,0,0,0,0,0,0,0,0,0,0,0,0,0,0,0,0,0,0,0,0,0,0,0,0,0,0,0,0,0,0,0,0,0,0,0,0,0,0,0
G500_02170,210500.0,477500.0,211000.0,478000.0,210750.0,477750.0,500,center_in_cheonan,34012110,성환읍,127.12061044654408,36.8984494050513,10.0,8,4,25,0,0,0,0,0,0,0,0,0,0,0,0,0,0,0,0,0,0,0,0,0,0,0,0,0,0,0,0,0,0,0,0,0,0,0,0,0,0,0,0,0,0,0,0,0,0,0,0
G500_02171,211000.0,477500.0,211500.0,478000.0,211250.0,477750.0,500,center_in_cheonan,34012110,성환읍,127.12622022265926,36.89844357828306,85.0,65,34,25,0,0,0,0,0,0,0,0,0,0,0,0,0,0,0,0,0,0,0,0,0,0,0,0,0,0,0,0,0,0,0,0,0,0,0,0,0,0,0,0,0,0,0,0,0,0,0,0
G500_02172,211500.0,477500.0,212000.0,478000.0,211750.0,477750.0,500,center_in_cheonan,34012110,성환읍,127.13182999712492,36.89843748666359,15.0,12,6,25,0,0,0,0,0,0,0,0,0,0,0,0,1,0,0,0,0,1,0,0,0,0,0,0,0,0,0,0,0,0,0,0,0,0,0,0,0,0,0,0,0,0,0,0,0,0,0,0
G500_02173,212000.0,477500.0,212500.0,478000.0,212250.0,477750.0,500,center_in_cheonan,34012110,성환읍,127.13743976986783,36.89843113019314,8.0,6,3,25,0,0,0,0,0,0,0,0,0,0,0,0,0,0,0,0,0,0,0,0,0,0,0,0,0,0,0,0,0,0,0,0,0,0,0,0,0,0,0,0,0,0,0,0,0,0,0,0
G500_02174,212500.0,477500.0,213000.0,478000.0,212750.0,477750.0,500,center_in_cheonan,34012130,직산읍,127.14304954081462,36.89842450887196,91.0,74,39,25,0,0,0,0,0,0,0,0,0,0,0,0,0,0,0,0,0,0,0,0,0,0,0,0,0,0,0,0,0,0,0,0,0,0,0,0,0,0,0,0,0,0,0,0,0,0,0,0
G500_02175,213000.0,477500.0,213500.0,478000.0,213250.0,477750.0,500,center_in_cheonan,34012130,직산읍,127.14865930989205,36.89841762270033,15.0,12,6,25,0,0,0,0,0,0,0,0,0,0,0,0,0,0,0,0,0,0,0,0,0,0,0,0,0,0,0,0,0,0,0,0,0,0,0,0,0,0,0,0,0,0,0,0,0,0,0,0
G500_02176,213500.0,477500.0,214000.0,478000.0,213750.0,477750.0,500,center_in_cheonan,34012130,직산읍,127.15426907702674,36.89841047167853,42.0,34,18,25,0,0,0,0,0,0,0,0,0,0,0,0,0,0,0,0,0,0,0,0,0,0,0,0,0,0,0,0,0,0,0,0,0,0,0,0,0,0,0,0,0,0,0,0,0,0,0,0
G500_02177,214000.0,477500.0,214500.0,478000.0,214250.0,477750.0,500,center_in_cheonan,34012130,직산읍,127.15987884214539,36.89840305580686,52.0,40,20,25,0,0,0,0,0,0,0,0,0,0,0,0,0,0,0,0,0,0,0,0,0,0,0,0,0,0,0,0,0,0,0,0,0,0,0,0,0,0,0,0,0,0,0,0,0,0,0,0
G500_02178,214500.0,477500.0,215000.0,478000.0,214750.0,477750.0,500,center_in_cheonan,34012130,직산읍,127.16548860517474,36.8983953750856,200.0,162,84,25,0,0,0,2,2,0,0,0,0,0,0,0,0,0,0,0,0,0,0,0,0,0,0,0,0,0,0,0,0,0,0,0,0,0,0,0,0,0,0,0,0,0,0,0,0,0,0,0
G500_02179,215000.0,477500.0,215500.0,478000.0,215250.0,477750.0,500,center_in_cheonan,34012130,직산읍,127.17109836604146,36.89838742951509,41.0,33,17,25,0,0,0,0,0,0,0,0,0,0,0,0,0,0,0,0,0,0,0,0,0,0,0,0,0,0,0,0,0,0,0,0,0,0,0,0,0,0,0,0,0,0,0,0,0,0,0,0
G500_02180,215500.0,477500.0,216000.0,478000.0,215750.0,477750.0,500,center_in_cheonan,34012130,직산읍,127.17670812467223,36.89837921909565,23.0,19,10,25,0,0,0,0,0,0,0,0,0,0,0,0,0,0,0,0,0,0,0,0,0,0,0,0,0,0,0,0,0,0,1,1,0,0,0,0,0,0,0,0,0,0,0,0,0,0,0,0
G500_02181,216000.0,477500.0,216500.0,478000.0,216250.0,477750.0,500,center_in_cheonan,34012120,성거읍,127.18231788099375,36.89837074382759,53.0,43,22,25,0,0,0,0,0,0,0,0,0,0,0,0,0,0,0,0,0,0,0,0,0,0,0,0,0,0,0,0,0,0,0,0,0,0,0,0,0,0,0,0,0,0,0,0,0,0,0,0
G500_02182,216500.0,477500.0,217000.0,478000.0,216750.0,477750.0,500,center_in_cheonan,34012120,성거읍,127.1879276349327,36.89836200371129,102.0,91,44,25,0,0,0,0,0,0,0,0,0,0,0,0,0,0,0,0,0,0,0,0,0,0,0,0,0,0,0,0,0,0,0,0,0,0,0,0,0,0,0,0,0,0,0,0,0,0,0,0
G500_02183,217000.0,477500.0,217500.0,478000.0,217250.0,477750.0,500,center_in_cheonan,34012120,성거읍,127.19353738641578,36.8983529987471,5.0,4,2,25,0,0,0,0,0,0,0,0,0,0,0,0,0,0,0,0,0,0,0,0,0,0,0,0,0,0,0,0,0,0,0,0,0,0,0,0,0,0,0,0,0,0,0,0,0,0,0,0
G500_02184,217500.0,477500.0,218000.0,478000.0,217750.0,477750.0,500,center_in_cheonan,34012120,성거읍,127.19914713536971,36.89834372893537,16.0,14,8,25,0,0,0,0,0,0,0,0,0,0,0,0,0,0,0,0,0,0,0,0,0,0,0,0,0,0,0,0,0,0,0,0,0,0,0,0,0,0,0,0,0,0,0,0,0,0,0,0
G500_02185,218000.0,477500.0,218500.0,478000.0,218250.0,477750.0,500,center_in_cheonan,34012120,성거읍,127.20475688172115,36.8983341942765,23.0,20,10,25,0,0,0,0,0,0,0,0,0,0,0,0,0,0,0,0,0,0,0,0,0,0,0,0,0,0,0,0,0,0,0,0,0,0,0,0,0,0,0,0,0,0,0,0,0,0,0,0
G500_02186,218500.0,477500.0,219000.0,478000.0,218750.0,477750.0,500,center_in_cheonan,34012120,성거읍,127.21036662539682,36.898324394770874,5.0,4,2,25,0,0,0,0,0,0,0,0,0,0,0,0,0,0,0,0,0,0,0,0,0,0,0,0,0,0,0,0,0,0,0,0,0,0,0,0,0,0,0,0,0,0,0,0,0,0,0,0
G500_02187,219000.0,477500.0,219500.0,478000.0,219250.0,477750.0,500,center_in_cheonan,34012310,입장면,127.21597636632337,36.8983143304189,29.0,22,12,25,0,0,0,0,0,0,0,0,0,0,0,0,0,0,0,0,0,0,0,0,0,0,0,0,0,0,0,0,0,0,0,0,0,0,0,0,0,0,0,0,0,0,0,0,0,0,0,0
G500_02188,219500.0,477500.0,220000.0,478000.0,219750.0,477750.0,500,center_in_cheonan,34012310,입장면,127.22158610442754,36.898304001220964,108.0,72,41,25,0,0,0,0,0,0,0,0,0,0,0,0,0,0,0,0,0,0,0,0,0,0,0,0,0,0,0,0,0,0,0,0,0,0,0,0,0,0,0,0,0,0,0,0,0,0,0,0
G500_02189,220000.0,477500.0,220500.0,478000.0,220250.0,477750.0,500,center_in_cheonan,34012310,입장면,127.22719583963601,36.89829340717751,55.0,39,21,25,0,0,0,0,0,0,0,0,0,0,0,0,0,0,0,0,0,0,0,0,0,0,0,0,0,0,0,0,0,0,0,0,0,0,0,0,0,0,0,0,0,0,0,0,0,0,0,0
G500_02190,220500.0,477500.0,221000.0,478000.0,220750.0,477750.0,500,center_in_cheonan,34012310,입장면,127.23280557187543,36.89828254828897,5.0,3,2,25,0,0,0,0,0,0,0,0,0,0,0,0,0,0,0,0,0,0,0,0,0,0,0,0,0,0,0,0,0,0,0,0,0,0,0,0,0,0,0,0,0,0,0,0,0,0,0,0
G500_02191,221000.0,477500.0,221500.0,478000.0,221250.0,477750.0,500,center_in_cheonan,34012310,입장면,127.23841530107256,36.89827142455579,46.0,30,18,25,0,0,0,0,0,0,0,0,0,0,0,0,0,0,0,0,0,0,0,0,0,0,0,0,0,0,0,0,0,0,0,0,0,0,0,0,0,0,0,0,0,0,0,0,0,0,0,0
G500_02192,221500.0,477500.0,222000.0,478000.0,221750.0,477750.0,500,center_in_cheonan,34012310,입장면,127.24402502715408,36.89826003597841,0.0,0,0,25,0,0,0,0,0,0,0,0,0,0,0,0,0,0,0,0,0,0,0,0,0,0,0,0,0,0,0,0,0,0,0,0,0,0,0,0,0,0,0,0,0,0,0,0,0,0,0,0
G500_02193,222000.0,477500.0,222500.0,478000.0,222250.0,477750.0,500,center_in_cheonan,34012310,입장면,127.24963475004668,36.898248382557306,0.0,0,0,25,0,0,0,0,0,0,0,0,0,0,0,0,0,0,0,0,0,0,0,0,0,0,0,0,0,0,0,0,0,0,0,0,0,0,0,0,0,0,0,0,0,0,0,0,0,0,0,0
G500_02194,222500.0,477500.0,223000.0,478000.0,222750.0,477750.0,500,center_in_cheonan,34012310,입장면,127.25524446967704,36.898236464292964,0.0,0,0,25,0,0,0,0,0,0,0,0,0,0,0,0,0,0,0,0,0,0,0,0,0,0,0,0,0,0,0,0,0,0,0,0,0,0,0,0,0,0,0,0,0,0,0,0,0,0,0,0
G500_02195,223000.0,477500.0,223500.0,478000.0,223250.0,477750.0,500,center_in_cheonan,34012310,입장면,127.26085418597184,36.89822428118587,104.0,71,40,25,0,0,0,0,0,0,0,0,0,0,0,0,0,0,0,0,0,0,0,0,0,0,0,0,0,0,0,0,0,0,0,0,0,0,0,0,0,0,0,0,0,0,0,0,0,0,0,0
G500_02196,223500.0,477500.0,224000.0,478000.0,223750.0,477750.0,500,center_in_cheonan,34012310,입장면,127.26646389885781,36.8982118332365,0.0,0,0,25,0,0,0,0,0,0,0,0,0,0,0,0,0,0,0,0,0,0,0,0,0,0,0,0,0,0,0,0,0,0,0,0,0,0,0,0,0,0,0,0,0,0,0,0,0,0,0,0
G500_02197,224000.0,477500.0,224500.0,478000.0,224250.0,477750.0,500,center_in_cheonan,34012310,입장면,127.27207360826165,36.898199120445376,0.0,0,0,25,0,0,0,0,0,0,0,0,0,0,0,0,0,0,0,0,0,0,0,0,0,0,0,0,0,0,0,0,0,0,0,0,0,0,0,0,0,0,0,0,0,0,0,0,0,0,0,0
G500_02198,224500.0,477500.0,225000.0,478000.0,224750.0,477750.0,500,center_in_cheonan,34012310,입장면,127.27768331411005,36.89818614281303,0.0,0,0,25,0,0,0,0,0,0,0,0,0,0,0,0,0,0,0,0,0,0,0,0,0,0,0,0,0,0,0,0,0,0,0,0,0,0,0,0,0,0,0,0,0,0,0,0,0,0,0,0
G500_02199,207500.0,478000.0,208000.0,478500.0,207750.0,478250.0,500,center_in_cheonan,34012110,성환읍,127.0869568713157,36.90298428605272,10.0,8,4,19,0,0,0,0,0,0,0,0,0,0,0,0,0,0,0,0,0,0,0,0,0,0,0,0,0,0,0,0,0,0,0,0,0,0,0,0,0,0,0,0,0,0,0,0,0,0,0,0
G500_02200,208000.0,478000.0,208500.0,478500.0,208250.0,478250.0,500,center_in_cheonan,34012110,성환읍,127.09256698559295,36.90298004770675,38.0,29,15,25,0,0,0,0,0,0,0,0,0,0,0,0,0,0,0,0,0,0,0,0,0,0,0,0,0,0,0,0,0,0,0,0,0,0,0,0,0,0,0,0,0,0,0,0,0,0,0,0
G500_02201,208500.0,478000.0,209000.0,478500.0,208750.0,478250.0,500,center_in_cheonan,34012110,성환읍,127.0981770986603,36.902975544465136,177.0,134,69,25,0,0,0,0,0,0,0,0,0,0,0,0,0,0,0,0,0,0,0,0,0,0,0,0,0,0,0,0,0,0,0,0,0,0,0,0,0,0,0,0,0,0,0,0,0,0,0,0
G500_02202,209000.0,478000.0,209500.0,478500.0,209250.0,478250.0,500,center_in_cheonan,34012110,성환읍,127.10378721044442,36.90297077632812,90.0,68,35,25,0,0,0,1,1,0,0,0,0,0,0,0,0,0,0,0,0,0,0,0,0,0,0,0,0,0,0,0,0,0,0,0,0,0,0,0,0,0,0,0,0,0,0,0,0,0,0,0
G500_02203,209500.0,478000.0,210000.0,478500.0,209750.0,478250.0,500,center_in_cheonan,34012110,성환읍,127.10939732087198,36.902965743295844,711.0,534,279,25,0,0,0,1,1,0,0,0,0,0,0,0,0,0,0,0,0,0,0,0,0,0,0,0,0,0,0,0,0,0,0,0,0,0,0,0,0,0,0,0,0,0,0,0,0,0,1,1
G500_02204,210000.0,478000.0,210500.0,478500.0,210250.0,478250.0,500,center_in_cheonan,34012110,성환읍,127.11500742986966,36.90296044536857,29.0,22,11,25,0,0,0,1,1,0,0,0,0,0,0,0,0,0,0,0,0,0,0,0,0,0,0,0,0,0,0,0,0,0,0,0,0,0,0,0,0,0,0,0,0,0,0,0,0,0,0,0
G500_02205,210500.0,478000.0,211000.0,478500.0,210750.0,478250.0,500,center_in_cheonan,34012110,성환읍,127.12061753736413,36.902954882546474,62.0,46,24,24,0,0,0,0,0,0,0,0,0,0,0,0,0,0,0,0,0,0,0,0,0,0,0,0,0,0,0,0,0,0,0,0,0,0,0,0,0,0,0,0,0,0,0,0,0,0,0,0
G500_02206,211000.0,478000.0,211500.0,478500.0,211250.0,478250.0,500,center_in_cheonan,34012110,성환읍,127.12622764328206,36.9029490548298,21.0,16,8,25,0,0,0,0,0,0,0,0,0,0,0,0,0,0,0,0,0,0,0,0,0,0,0,0,0,0,0,0,0,0,0,0,0,0,0,0,0,0,0,0,0,0,0,0,0,0,0,0
G500_02207,211500.0,478000.0,212000.0,478500.0,211750.0,478250.0,500,center_in_cheonan,34012110,성환읍,127.13183774755016,36.90294296221879,4285.0,3222,1679,25,0,0,0,0,0,0,0,0,0,0,0,0,0,0,0,0,0,0,0,1,0,0,0,0,1,0,0,0,0,0,0,0,0,0,0,0,0,0,0,0,0,0,0,0,0,0,0,0
G500_02208,212000.0,478000.0,212500.0,478500.0,212250.0,478250.0,500,center_in_cheonan,34012110,성환읍,127.13744785009509,36.90293660471367,334.0,251,131,24,0,0,0,0,0,0,0,0,0,0,0,0,0,0,0,0,0,0,0,0,0,0,0,0,0,0,0,0,0,0,0,0,0,0,0,0,0,0,0,0,0,0,0,0,0,0,0,0
G500_02209,212500.0,478000.0,213000.0,478500.0,212750.0,478250.0,500,center_in_cheonan,34012110,성환읍,127.14305795084347,36.902929982314724,5.0,4,2,25,0,0,0,0,0,0,0,0,0,0,0,0,0,0,0,0,0,0,0,0,0,0,0,0,0,0,0,0,0,0,0,0,0,0,0,0,0,0,0,0,0,0,0,0,0,0,0,0
G500_02210,213000.0,478000.0,213500.0,478500.0,213250.0,478250.0,500,center_in_cheonan,34012130,직산읍,127.14866804972202,36.902923095022224,0.0,0,0,25,0,0,0,0,0,0,0,0,0,0,0,0,0,0,0,0,0,0,0,0,0,0,0,0,0,0,0,0,0,0,0,0,0,0,0,0,0,0,0,0,0,0,0,0,0,0,0,0
G500_02211,213500.0,478000.0,214000.0,478500.0,213750.0,478250.0,500,center_in_cheonan,34012130,직산읍,127.15427814665743,36.902915942836444,0.0,0,0,24,0,0,0,0,0,0,0,0,0,0,0,0,0,0,0,0,0,0,0,0,0,0,0,0,0,0,0,0,0,0,0,0,0,0,0,0,0,0,0,0,0,0,0,0,0,0,0,0
G500_02212,214000.0,478000.0,214500.0,478500.0,214250.0,478250.0,500,center_in_cheonan,34012130,직산읍,127.15988824157635,36.902908525757674,170.0,140,74,25,0,0,0,0,0,0,0,0,1,0,1,0,0,0,0,0,0,0,0,0,0,0,0,0,0,0,0,0,0,0,0,0,0,0,0,0,0,0,0,0,0,0,0,0,0,0,0,0
G500_02213,214500.0,478000.0,215000.0,478500.0,214750.0,478250.0,500,center_in_cheonan,34012130,직산읍,127.16549833440544,36.9029008437862,429.0,348,182,24,0,0,0,1,1,0,0,0,0,0,0,0,0,0,0,0,0,0,0,0,0,0,0,0,0,0,0,0,0,0,0,0,1,0,0,0,1,0,0,0,0,0,0,0,0,0,0,0
G500_02214,215000.0,478000.0,215500.0,478500.0,215250.0,478250.0,500,center_in_cheonan,34012130,직산읍,127.17110842507142,36.902892896922374,23.0,18,9,25,0,0,0,0,0,0,0,0,0,0,0,0,0,0,0,0,0,0,0,0,0,0,0,0,0,0,0,0,0,0,0,0,0,0,0,0,0,0,0,0,0,0,0,0,0,0,0,0
G500_02215,215500.0,478000.0,216000.0,478500.0,215750.0,478250.0,500,center_in_cheonan,34012130,직산읍,127.17671851350093,36.9028846851665,0.0,0,0,25,0,0,0,0,0,0,0,0,0,0,0,0,0,0,0,0,0,0,0,0,0,0,0,0,0,0,0,0,0,0,0,0,0,0,0,0,0,0,0,0,0,0,0,0,0,0,0,0
G500_02216,216000.0,478000.0,216500.0,478500.0,216250.0,478250.0,500,center_in_cheonan,34012130,직산읍,127.18232859962066,36.90287620851891,16.0,12,6,24,0,0,0,0,0,0,0,0,0,0,0,0,0,0,0,0,0,0,0,0,0,0,0,0,0,0,0,0,0,0,0,0,0,0,0,0,0,0,0,0,0,0,0,0,0,0,0,0
G500_02217,216500.0,478000.0,217000.0,478500.0,216750.0,478250.0,500,center_in_cheonan,34012120,성거읍,127.18793868335727,36.90286746697997,48.0,43,21,25,0,0,0,0,0,0,0,0,0,0,0,0,0,0,0,0,0,0,0,0,0,0,0,0,0,0,0,0,0,0,0,0,0,0,0,0,0,0,0,0,0,0,0,0,0,0,0,0
G500_02218,217000.0,478000.0,217500.0,478500.0,217250.0,478250.0,500,center_in_cheonan,34012120,성거읍,127.19354876463744,36.90285846055002,0.0,0,0,25,0,0,0,0,0,0,0,0,0,0,0,0,0,0,0,0,0,0,0,0,0,0,0,0,0,0,0,0,0,0,0,0,0,0,0,0,0,0,0,0,0,0,0,0,0,0,0,0
G500_02219,217500.0,478000.0,218000.0,478500.0,217750.0,478250.0,500,center_in_cheonan,34012120,성거읍,127.19915884338786,36.902849189229435,108.0,95,48,25,0,0,0,0,0,0,0,0,0,0,0,0,0,0,0,0,0,0,0,0,0,0,0,0,0,0,0,0,0,0,0,0,0,0,0,0,0,0,0,0,0,0,0,0,0,0,0,0
G500_02220,218000.0,478000.0,218500.0,478500.0,218250.0,478250.0,500,center_in_cheonan,34012120,성거읍,127.20476891953523,36.902839653018596,36.0,32,16,25,0,0,0,0,0,0,0,0,0,0,0,0,0,0,0,0,0,0,0,0,0,0,0,0,0,0,0,0,0,0,0,0,0,0,0,0,0,0,0,0,0,0,0,0,0,0,0,0
G500_02221,218500.0,478000.0,219000.0,478500.0,218750.0,478250.0,500,center_in_cheonan,34012120,성거읍,127.21037899300616,36.90282985191787,61.0,45,25,25,0,0,0,0,0,0,0,0,0,0,0,0,0,0,0,0,0,0,0,0,0,0,0,0,0,0,0,0,0,0,0,0,0,0,0,0,0,0,0,0,0,0,0,0,0,0,0,0
G500_02222,219000.0,478000.0,219500.0,478500.0,219250.0,478250.0,500,center_in_cheonan,34012310,입장면,127.21598906372736,36.90281978592769,57.0,40,22,25,0,0,0,0,0,0,0,0,0,0,0,0,0,0,0,0,0,0,0,0,0,0,0,0,0,0,0,0,0,0,0,0,0,0,0,0,0,0,0,0,0,0,0,0,0,0,0,0
G500_02223,219500.0,478000.0,220000.0,478500.0,219750.0,478250.0,500,center_in_cheonan,34012310,입장면,127.22159913162551,36.90280945504847,170.0,115,65,25,0,0,0,3,3,0,0,0,0,0,0,0,0,0,0,0,0,0,0,0,0,0,0,0,0,0,0,0,0,0,0,0,0,0,0,0,0,0,0,0,0,0,0,0,0,0,0,0
G500_02224,220000.0,478000.0,220500.0,478500.0,220250.0,478250.0,500,center_in_cheonan,34012310,입장면,127.22720919662729,36.902798859280615,106.0,73,40,25,0,0,0,0,0,0,0,0,0,0,0,0,0,0,0,0,0,0,0,0,0,0,0,0,0,0,0,0,0,0,0,0,0,0,0,0,0,0,0,0,0,0,0,0,0,0,0,0
G500_02225,220500.0,478000.0,221000.0,478500.0,220750.0,478250.0,500,center_in_cheonan,34012310,입장면,127.23281925865938,36.902787998624554,41.0,27,16,25,0,0,0,0,0,0,0,0,0,0,0,0,0,0,0,0,0,0,0,0,0,0,0,0,0,0,0,0,0,0,0,0,0,0,0,0,0,0,0,0,0,0,0,0,0,0,0,0
G500_02226,221000.0,478000.0,221500.0,478500.0,221250.0,478250.0,500,center_in_cheonan,34012310,입장면,127.23842931764845,36.90277687308074,26.0,18,10,25,0,0,0,0,0,0,0,0,0,0,0,0,0,0,0,0,0,0,0,0,0,0,0,0,0,0,0,0,0,0,0,0,0,0,0,0,0,0,0,0,0,0,0,0,0,0,0,0
G500_02227,221500.0,478000.0,222000.0,478500.0,221750.0,478250.0,500,center_in_cheonan,34012310,입장면,127.24403937352118,36.90276548264963,240.0,164,90,25,0,0,0,0,0,0,0,0,0,0,0,0,0,0,0,0,0,0,0,0,0,0,0,0,0,0,0,0,0,0,0,0,0,0,0,0,0,0,0,0,0,0,0,0,0,0,0,0
G500_02228,222000.0,478000.0,222500.0,478500.0,222250.0,478250.0,500,center_in_cheonan,34012310,입장면,127.24964942620423,36.90275382733168,10.0,6,4,25,0,0,0,0,0,0,0,0,0,0,0,0,0,0,0,0,0,0,0,0,0,0,0,0,0,0,0,0,0,0,0,0,0,0,0,0,0,0,0,0,0,0,0,0,0,0,0,0
G500_02229,222500.0,478000.0,223000.0,478500.0,222750.0,478250.0,500,center_in_cheonan,34012310,입장면,127.2552594756243,36.90274190712738,28.0,18,11,25,0,0,0,0,0,0,0,0,0,0,0,0,0,0,0,0,0,0,0,0,0,0,0,0,0,0,0,0,0,0,0,0,0,0,0,0,0,0,0,0,0,0,0,0,0,0,0,0
G500_02230,223000.0,478000.0,223500.0,478500.0,223250.0,478250.0,500,center_in_cheonan,34012310,입장면,127.26086952170806,36.902729722037215,57.0,39,22,25,0,0,0,0,0,0,0,0,0,0,0,0,0,0,0,0,0,0,0,0,0,0,0,0,0,0,0,0,0,0,0,0,0,0,0,0,0,0,0,0,0,0,0,0,0,0,0,0
G500_02231,223500.0,478000.0,224000.0,478500.0,223750.0,478250.0,500,center_in_cheonan,34012310,입장면,127.26647956438222,36.90271727206169,0.0,0,0,25,0,0,0,0,0,0,0,0,0,0,0,0,0,0,0,0,0,0,0,0,0,0,0,0,0,0,0,0,0,0,0,0,0,0,0,0,0,0,0,0,0,0,0,0,0,0,0,0
G500_02232,224000.0,478000.0,224500.0,478500.0,224250.0,478250.0,500,center_in_cheonan,34012310,입장면,127.27208960357339,36.90270455720128,0.0,0,0,25,0,0,0,0,0,0,0,0,0,0,0,0,0,0,0,0,0,0,0,0,0,0,0,0,0,0,0,0,0,0,0,0,0,0,0,0,0,0,0,0,0,0,0,0,0,0,0,0
G500_02233,224500.0,478000.0,225000.0,478500.0,224750.0,478250.0,500,center_in_cheonan,34012310,입장면,127.27769963920832,36.90269157745656,20.0,12,8,24,0,0,0,0,0,0,0,0,0,0,0,0,0,0,0,0,0,0,0,0,0,0,0,0,0,0,0,0,0,0,0,0,0,0,0,0,0,0,0,0,0,0,0,0,0,0,0,0
G500_02234,208000.0,478500.0,208500.0,479000.0,208250.0,478750.0,500,center_in_cheonan,34012110,성환읍,127.09257242860384,36.907485525872005,5.0,4,2,22,0,0,0,0,0,0,0,0,0,0,0,0,0,0,0,0,0,0,0,0,0,0,0,0,0,0,0,0,0,0,0,0,0,0,0,0,0,0,0,0,0,0,0,0,0,0,0,0
G500_02235,208500.0,478500.0,209000.0,479000.0,208750.0,478750.0,500,center_in_cheonan,34012110,성환읍,127.09818287154894,36.90748102189744,1559.0,1171,610,25,0,0,0,0,0,0,0,0,0,0,0,0,0,0,0,0,0,0,0,0,0,0,0,0,0,0,0,0,0,0,0,0,0,0,0,0,0,0,0,0,0,0,0,0,0,0,0,0
G500_02236,209000.0,478500.0,209500.0,479000.0,209250.0,478750.0,500,center_in_cheonan,34012110,성환읍,127.10379331321053,36.90747625298433,28.0,22,11,25,0,0,0,1,1,0,0,0,0,0,0,0,0,0,0,0,0,0,0,0,0,0,0,0,0,0,0,0,0,0,0,0,0,0,0,0,0,0,0,0,0,0,0,0,0,0,0,0
G500_02237,209500.0,478500.0,210000.0,479000.0,209750.0,478750.0,500,center_in_cheonan,34012110,성환읍,127.10940375351525,36.90747121913288,272.0,206,106,25,0,0,0,0,0,0,0,0,0,0,0,0,0,0,0,0,0,0,0,0,0,0,0,0,0,0,0,0,0,0,0,0,0,0,0,0,0,0,0,0,0,0,0,0,0,0,0,0
G500_02238,210000.0,478500.0,210500.0,479000.0,210250.0,478750.0,500,center_in_cheonan,34012110,성환읍,127.11501419238975,36.907465920343284,5.0,4,2,25,0,0,0,0,0,0,0,0,0,0,0,0,0,0,0,0,0,0,0,0,0,0,0,0,0,0,0,0,0,0,0,0,0,0,0,0,0,0,0,0,0,0,0,0,0,0,0,0
G500_02239,210500.0,478500.0,211000.0,479000.0,210750.0,478750.0,500,center_in_cheonan,34012110,성환읍,127.12062462976073,36.90746035661575,172.0,129,67,25,0,0,0,2,2,0,0,0,0,0,0,0,0,0,0,0,0,0,0,0,0,0,0,0,0,0,0,0,0,0,0,0,0,0,0,0,0,0,0,0,0,0,0,0,0,0,0,0
G500_02240,211000.0,478500.0,211500.0,479000.0,211250.0,478750.0,500,center_in_cheonan,34012110,성환읍,127.12623506555477,36.90745452795053,31.0,24,12,25,0,0,0,0,0,0,0,0,0,0,0,0,0,0,0,0,0,0,0,0,0,0,0,0,0,0,0,0,0,0,0,0,0,0,0,0,0,0,0,0,0,0,0,0,0,0,0,0
G500_02241,211500.0,478500.0,212000.0,479000.0,211750.0,478750.0,500,center_in_cheonan,34012110,성환읍,127.1318454996986,36.90744843434786,578.0,435,227,25,0,0,0,0,0,1,0,1,0,0,0,0,0,0,0,0,0,0,0,0,0,0,0,0,0,0,0,0,0,0,0,0,0,0,0,0,0,0,0,0,0,0,0,0,0,0,0,0
G500_02242,212000.0,478500.0,212500.0,479000.0,212250.0,478750.0,500,center_in_cheonan,34012110,성환읍,127.13745593211881,36.90744207580797,18.0,14,7,25,0,0,0,0,0,0,0,0,0,0,0,0,0,0,0,0,0,0,0,0,0,0,0,0,0,0,0,0,0,0,0,0,0,0,0,0,0,0,0,0,0,0,0,0,0,0,0,0
G500_02243,212500.0,478500.0,213000.0,479000.0,212750.0,478750.0,500,center_in_cheonan,34012110,성환읍,127.14306636274212,36.90743545233113,5.0,4,2,25,0,0,0,2,2,0,0,0,0,0,0,0,0,0,0,0,0,0,0,0,0,0,0,0,0,0,0,0,0,0,0,0,0,0,0,0,0,0,0,0,0,0,0,0,0,0,0,0
G500_02244,213000.0,478500.0,213500.0,479000.0,213250.0,478750.0,500,center_in_cheonan,34012110,성환읍,127.14867679149519,36.90742856391762,18.0,15,8,25,0,0,0,0,0,0,0,0,0,0,0,0,0,0,0,0,0,0,0,0,0,0,0,0,0,0,0,0,0,0,0,0,0,0,0,0,0,0,0,0,0,0,0,0,0,0,0,0
G500_02245,213500.0,478500.0,214000.0,479000.0,213750.0,478750.0,500,center_in_cheonan,34012130,직산읍,127.1542872183046,36.90742141056771,35.0,28,15,25,0,0,0,0,0,0,0,0,0,0,0,0,0,0,0,0,0,0,0,0,0,0,0,0,0,0,0,0,0,0,0,0,0,0,0,0,0,0,0,0,0,0,0,0,0,0,0,0
G500_02246,214000.0,478500.0,214500.0,479000.0,214250.0,478750.0,500,center_in_cheonan,34012110,성환읍,127.1598976430971,36.907413992281704,8.0,6,3,25,0,0,0,0,0,0,0,0,0,0,0,0,0,0,0,0,0,0,0,0,0,0,0,0,0,0,0,0,0,0,0,0,0,0,0,0,0,0,0,0,0,0,0,0,0,0,0,0
G500_02247,214500.0,478500.0,215000.0,479000.0,214750.0,478750.0,500,center_in_cheonan,34012130,직산읍,127.16550806579929,36.907406309059894,63.0,50,26,25,0,0,0,0,0,0,0,0,0,0,0,0,0,0,0,0,0,0,0,0,0,0,0,0,0,0,0,0,0,0,0,0,0,0,0,0,0,0,0,0,0,0,0,0,0,0,0,0
G500_02248,215000.0,478500.0,215500.0,479000.0,215250.0,478750.0,500,center_in_cheonan,34012130,직산읍,127.17111848633785,36.9073983609026,193.0,156,81,25,0,0,0,2,2,0,0,0,0,0,0,0,0,0,0,0,0,0,0,0,0,0,0,0,0,0,0,0,0,0,0,0,0,0,0,0,0,0,0,0,0,0,0,0,0,0,0,0
G500_02249,215500.0,478500.0,216000.0,479000.0,215750.0,478750.0,500,center_in_cheonan,34012130,직산읍,127.1767289046394,36.90739014781014,18.0,14,7,25,0,0,0,0,0,0,0,0,0,0,0,0,0,0,0,0,0,0,0,0,0,0,0,0,0,0,0,0,0,0,0,0,0,0,0,0,0,0,0,0,0,0,0,0,0,0,0,0
G500_02250,216000.0,478500.0,216500.0,479000.0,216250.0,478750.0,500,center_in_cheonan,34012130,직산읍,127.18233932063066,36.90738166978285,154.0,125,65,25,0,0,0,0,0,0,0,0,0,0,0,0,0,0,0,0,0,0,0,0,0,0,0,0,0,0,0,0,0,0,0,0,0,0,0,0,0,0,0,0,0,0,0,0,0,0,0,0
G500_02251,216500.0,478500.0,217000.0,479000.0,216750.0,478750.0,500,center_in_cheonan,34012120,성거읍,127.18794973423826,36.90737292682109,5.0,4,2,25,0,0,0,0,0,0,0,0,0,0,0,0,0,0,0,0,0,0,0,0,0,0,0,0,0,0,0,0,0,0,0,0,0,0,0,0,0,0,0,0,0,0,0,0,0,0,0,0
G500_02252,217000.0,478500.0,217500.0,479000.0,217250.0,478750.0,500,center_in_cheonan,34012120,성거읍,127.19356014538886,36.90736391892523,10.0,8,4,25,0,0,0,0,0,0,0,0,0,0,0,0,0,0,0,0,0,0,0,0,0,0,0,0,0,0,0,0,0,0,0,0,0,0,0,0,0,0,0,0,0,0,0,0,0,0,0,0
G500_02253,217500.0,478500.0,218000.0,479000.0,217750.0,478750.0,500,center_in_cheonan,34012120,성거읍,127.19917055400911,36.9073546460956,128.0,113,57,24,0,0,0,0,0,0,0,0,0,0,0,0,0,0,0,0,0,0,0,0,0,0,0,0,0,0,0,0,0,0,0,0,0,0,0,0,0,0,0,0,0,0,0,0,0,0,0,0
G500_02254,218000.0,478500.0,218500.0,479000.0,218250.0,478750.0,500,center_in_cheonan,34012120,성거읍,127.20478096002567,36.907345108332606,20.0,15,8,25,0,0,0,0,0,0,0,0,0,0,0,0,0,0,0,0,0,0,0,0,0,0,0,0,0,0,0,0,0,0,0,0,0,0,0,0,0,0,0,0,0,0,0,0,0,0,0,0
G500_02255,218500.0,478500.0,219000.0,479000.0,218750.0,478750.0,500,center_in_cheonan,34012310,입장면,127.21039136336522,36.90733530563663,49.0,34,18,25,0,0,0,0,0,0,0,0,0,0,0,0,0,0,0,0,0,0,0,0,0,0,0,0,0,0,0,0,0,0,0,0,0,0,0,0,0,0,0,0,0,0,0,0,0,0,0,0
G500_02256,219000.0,478500.0,219500.0,479000.0,219250.0,478750.0,500,center_in_cheonan,34012310,입장면,127.2160017639544,36.90732523800806,49.0,33,19,24,0,0,0,0,0,0,0,0,0,0,0,0,0,0,0,0,0,0,0,0,0,0,0,0,0,0,0,0,0,0,0,0,0,0,0,0,0,0,0,0,0,0,0,0,0,0,0,0
G500_02257,219500.0,478500.0,220000.0,479000.0,219750.0,478750.0,500,center_in_cheonan,34012310,입장면,127.22161216171988,36.90731490544733,139.0,94,53,25,0,0,0,0,0,0,0,0,0,0,0,0,0,0,0,0,0,0,0,0,0,0,0,0,0,0,0,0,0,0,0,0,0,0,0,0,0,0,0,0,0,0,0,0,0,0,0,0
G500_02258,220000.0,478500.0,220500.0,479000.0,220250.0,478750.0,500,center_in_cheonan,34012310,입장면,127.2272225565883,36.90730430795487,96.0,67,36,24,0,0,0,0,0,0,0,0,0,0,0,0,0,0,0,0,0,0,0,0,0,0,0,0,0,0,0,0,0,0,0,0,0,0,0,0,0,0,0,0,0,0,0,0,0,0,0,0
G500_02259,220500.0,478500.0,221000.0,479000.0,220750.0,478750.0,500,center_in_cheonan,34012310,입장면,127.23283294848635,36.90729344553108,68.0,48,26,25,0,0,0,0,0,0,0,0,0,0,0,0,0,0,0,0,0,0,0,0,0,0,0,0,0,0,0,0,0,0,0,0,0,0,0,0,0,0,0,0,0,0,0,0,0,0,0,0
G500_02260,221000.0,478500.0,221500.0,479000.0,221250.0,478750.0,500,center_in_cheonan,34012310,입장면,127.23844333734067,36.907282318176435,44.0,30,17,25,0,0,0,0,0,0,0,0,0,0,0,0,0,0,0,0,0,0,0,0,0,0,0,0,0,0,0,0,0,0,0,0,0,0,0,0,0,0,0,0,0,0,0,0,0,0,0,0
G500_02261,221500.0,478500.0,222000.0,479000.0,221750.0,478750.0,500,center_in_cheonan,34012310,입장면,127.24405372307793,36.907270925891375,149.0,100,57,23,0,0,0,0,0,0,0,0,0,0,0,0,0,0,0,0,0,0,0,0,0,0,0,0,0,0,0,0,0,0,0,0,1,0,0,0,1,0,0,0,0,0,0,0,0,0,0,0
G500_02262,222000.0,478500.0,222500.0,479000.0,222250.0,478750.0,500,center_in_cheonan,34012310,입장면,127.24966410562479,36.90725926867636,41.0,27,16,24,0,0,0,0,0,0,0,0,0,0,0,0,0,0,0,0,0,0,0,0,0,0,0,0,0,0,0,0,0,0,0,0,0,0,0,0,0,0,0,0,0,0,0,0,0,0,0,0
G500_02263,222500.0,478500.0,223000.0,479000.0,222750.0,478750.0,500,center_in_cheonan,34012310,입장면,127.25527448490789,36.90724734653189,5.0,3,2,25,0,0,0,0,0,0,0,0,0,0,0,0,0,0,0,0,0,0,0,0,0,0,0,0,0,0,0,0,0,0,0,0,0,0,0,0,0,0,0,0,0,0,0,0,0,0,0,0
G500_02264,223000.0,478500.0,223500.0,479000.0,223250.0,478750.0,500,center_in_cheonan,34012310,입장면,127.26088486085392,36.90723515945843,0.0,0,0,25,0,0,0,0,0,0,0,0,0,0,0,0,0,0,0,0,0,0,0,0,0,0,0,0,0,0,0,0,0,0,0,0,0,0,0,0,0,0,0,0,0,0,0,0,0,0,0,0
G500_02265,223500.0,478500.0,224000.0,479000.0,223750.0,478750.0,500,center_in_cheonan,34012310,입장면,127.26649523338953,36.9072227074565,0.0,0,0,25,0,0,0,0,0,0,0,0,0,0,0,0,0,0,0,0,0,0,0,0,0,0,0,0,0,0,0,0,0,0,0,0,0,0,0,0,0,0,0,0,0,0,0,0,0,0,0,0
G500_02266,224000.0,478500.0,224500.0,479000.0,224250.0,478750.0,500,center_in_cheonan,34012310,입장면,127.2721056024414,36.90720999052658,5.0,3,2,25,0,0,0,0,0,0,0,0,0,0,0,0,0,0,0,0,0,0,0,0,0,0,0,0,0,0,0,0,0,0,0,0,0,0,0,0,0,0,0,0,0,0,0,0,0,0,0,0
G500_02267,208500.0,479000.0,209000.0,479500.0,208750.0,479250.0,500,center_in_cheonan,34012110,성환읍,127.09818864572114,36.911986495904074,28.0,22,11,25,0,0,0,0,0,0,0,0,0,0,0,0,0,0,0,0,0,0,0,0,0,0,0,0,0,0,0,0,0,0,0,0,0,0,0,0,0,0,0,0,0,0,0,0,0,0,0,0
G500_02268,209000.0,479000.0,209500.0,479500.0,209250.0,479250.0,500,center_in_cheonan,34012110,성환읍,127.10379941733352,36.91198172621479,0.0,0,0,25,0,0,0,0,0,0,0,0,0,0,0,0,0,0,0,0,0,0,0,0,0,0,0,0,0,0,0,0,0,0,0,0,0,0,0,0,0,0,0,0,0,0,0,0,0,0,0,0
G500_02269,209500.0,479000.0,210000.0,479500.0,209750.0,479250.0,500,center_in_cheonan,34012110,성환읍,127.10941018758875,36.911976691544034,13.0,10,5,25,0,0,0,0,0,0,0,0,0,0,0,0,0,0,0,0,0,0,0,0,0,0,0,0,0,0,0,0,0,0,0,0,0,0,0,0,0,0,0,0,0,0,0,0,0,0,0,0
G500_02270,210000.0,479000.0,210500.0,479500.0,210250.0,479250.0,500,center_in_cheonan,34012110,성환읍,127.11502095641342,36.911971391892024,48.0,38,19,25,0,0,0,0,0,0,0,0,0,0,0,0,0,0,0,0,0,0,0,0,0,0,0,0,0,0,0,0,0,0,0,0,0,0,0,0,0,0,0,0,0,0,0,0,0,0,0,0
G500_02271,210500.0,479000.0,211000.0,479500.0,210750.0,479250.0,500,center_in_cheonan,34012110,성환읍,127.12063172373418,36.91196582725896,33.0,26,13,25,0,0,0,0,0,0,0,0,0,0,0,0,0,0,0,0,0,0,0,0,0,0,0,0,0,0,0,0,0,0,0,0,0,0,0,0,0,0,0,0,0,0,0,0,0,0,0,0
G500_02272,211000.0,479000.0,211500.0,479500.0,211250.0,479250.0,500,center_in_cheonan,34012110,성환읍,127.1262424894777,36.911959997645084,757.0,568,297,25,0,0,0,0,0,0,0,0,0,0,0,0,0,0,0,0,0,0,0,0,0,0,0,0,0,0,0,0,0,0,2,2,0,0,0,0,0,0,0,0,0,0,0,0,0,0,0,0
G500_02273,211500.0,479000.0,212000.0,479500.0,211750.0,479250.0,500,center_in_cheonan,34012110,성환읍,127.1318532535706,36.91195390305064,1941.0,1458,761,25,0,0,0,1,1,0,0,0,0,0,0,0,0,0,0,0,0,0,0,1,1,0,0,0,0,0,0,0,0,0,0,0,4,0,0,0,0,0,0,2,0,0,0,1,0,1,1,1
G500_02274,212000.0,479000.0,212500.0,479500.0,212250.0,479250.0,500,center_in_cheonan,34012110,성환읍,127.13746401593949,36.91194754347586,114.0,86,44,25,0,0,0,0,0,0,0,0,0,0,0,0,2,1,0,1,0,0,0,0,0,0,0,0,0,0,0,0,0,0,0,0,0,0,0,0,0,0,0,0,0,0,0,0,0,0,0,0
G500_02275,212500.0,479000.0,213000.0,479500.0,212750.0,479250.0,500,center_in_cheonan,34012110,성환읍,127.14307477651107,36.911940918921005,1755.0,1319,688,25,0,0,0,4,4,0,0,0,0,0,0,0,0,0,0,0,0,0,0,0,0,0,0,0,0,0,0,0,0,0,0,0,0,0,0,0,0,0,0,0,0,0,0,0,0,0,0,0
G500_02276,213000.0,479000.0,213500.0,479500.0,213250.0,479250.0,500,center_in_cheonan,34012110,성환읍,127.14868553521195,36.91193402938635,0.0,0,0,25,0,0,0,0,0,0,0,0,0,0,0,0,0,0,0,0,0,0,0,0,0,0,0,0,0,0,0,0,0,0,0,0,0,0,0,0,0,0,0,0,0,0,0,0,0,0,0,0
G500_02277,213500.0,479000.0,214000.0,479500.0,213750.0,479250.0,500,center_in_cheonan,34012110,성환읍,127.15429629196876,36.91192687487219,0.0,0,0,25,0,0,0,0,0,0,0,0,0,0,0,0,0,0,0,0,0,0,0,0,0,0,0,0,0,0,0,0,0,0,0,0,0,0,0,0,0,0,0,0,0,0,0,0,0,0,0,0
G500_02278,214000.0,479000.0,214500.0,479500.0,214250.0,479250.0,500,center_in_cheonan,34012110,성환읍,127.15990704670814,36.9119194553788,0.0,0,0,25,0,0,0,0,0,0,0,0,0,0,0,0,0,0,0,0,0,0,0,0,0,0,0,0,0,0,0,0,0,0,0,0,0,0,0,0,0,0,0,0,0,0,0,0,0,0,0,0
G500_02279,214500.0,479000.0,215000.0,479500.0,214750.0,479250.0,500,center_in_cheonan,34012110,성환읍,127.16551779935676,36.911911770906485,0.0,0,0,25,0,0,0,0,0,0,0,0,0,0,0,0,0,0,0,0,0,0,0,0,0,0,0,0,0,0,0,0,0,0,0,0,0,0,0,0,0,0,0,0,0,0,0,0,0,0,0,0
G500_02280,215000.0,479000.0,215500.0,479500.0,215250.0,479250.0,500,center_in_cheonan,34012130,직산읍,127.17112854984126,36.911903821455574,18.0,14,7,25,0,0,0,0,0,0,0,0,0,0,0,0,0,0,0,0,0,0,0,0,0,0,0,0,0,0,0,0,0,0,0,0,0,0,0,0,0,0,0,0,0,0,0,0,0,0,0,0
G500_02281,215500.0,479000.0,216000.0,479500.0,215750.0,479250.0,500,center_in_cheonan,34012130,직산읍,127.17673929808824,36.91189560702639,85.0,69,36,25,0,0,0,1,1,0,0,0,0,0,0,0,0,0,0,0,0,0,0,0,0,0,0,0,0,0,0,0,0,0,0,0,0,0,0,0,0,0,0,0,0,0,0,0,0,0,0,0
G500_02282,216000.0,479000.0,216500.0,479500.0,216250.0,479250.0,500,center_in_cheonan,34012130,직산읍,127.18235004402436,36.911887127619245,83.0,65,34,25,0,0,0,1,1,0,0,0,0,0,0,0,0,0,0,0,0,0,0,0,0,0,0,0,0,0,0,0,0,0,0,0,0,0,0,0,0,0,0,0,0,0,0,0,0,0,0,0
G500_02283,216500.0,479000.0,217000.0,479500.0,216750.0,479250.0,500,center_in_cheonan,34012310,입장면,127.18796078757627,36.911878383234516,10.0,8,4,25,0,0,0,0,0,0,0,0,0,0,0,0,0,0,0,0,0,0,0,0,0,0,0,0,0,0,0,0,0,0,0,0,0,0,0,0,0,0,0,0,0,0,0,0,0,0,0,0
G500_02284,217000.0,479000.0,217500.0,479500.0,217250.0,479250.0,500,center_in_cheonan,34012310,입장면,127.19357152867063,36.91186937387255,36.0,28,15,25,0,0,0,0,0,0,0,0,0,0,0,0,0,0,0,0,0,0,0,0,0,0,0,0,0,0,0,0,0,0,0,0,0,0,0,0,0,0,0,0,0,0,0,0,0,0,0,0
G500_02285,217500.0,479000.0,218000.0,479500.0,217750.0,479250.0,500,center_in_cheonan,34012120,성거읍,127.19918226723405,36.911860099533705,187.0,140,75,25,0,0,0,1,1,0,0,0,0,0,0,0,0,0,0,0,0,0,0,0,0,0,0,0,0,0,0,0,0,0,0,0,0,0,0,0,0,0,0,0,0,0,0,0,0,0,0,0
G500_02286,218000.0,479000.0,218500.0,479500.0,218250.0,479250.0,500,center_in_cheonan,34012310,입장면,127.20479300319317,36.911850560218376,111.0,85,45,25,0,0,0,2,2,0,0,0,0,0,0,0,0,0,0,0,0,0,0,0,0,0,0,0,0,0,0,0,0,0,0,0,0,0,0,0,0,0,0,0,0,0,0,0,0,0,0,0
G500_02287,218500.0,479000.0,219000.0,479500.0,218750.0,479250.0,500,center_in_cheonan,34012310,입장면,127.21040373647466,36.911840755926946,792.0,531,297,25,0,0,0,2,2,0,0,0,0,0,0,0,0,0,0,0,0,0,0,0,0,0,0,0,0,0,0,0,0,0,1,1,0,0,0,0,0,0,0,0,0,0,0,0,0,0,1,1
G500_02288,219000.0,479000.0,219500.0,479500.0,219250.0,479250.0,500,center_in_cheonan,34012310,입장면,127.21601446700514,36.91183068665981,186.0,126,70,25,0,0,0,0,0,0,0,0,0,0,0,0,0,0,0,0,0,0,0,0,0,0,0,0,0,0,0,0,0,0,1,1,0,0,0,0,0,0,0,0,0,0,0,0,0,0,0,0
G500_02289,219500.0,479000.0,220000.0,479500.0,219750.0,479250.0,500,center_in_cheonan,34012310,입장면,127.22162519471128,36.9118203524174,1927.0,1289,725,25,0,0,0,3,3,0,0,0,3,2,1,0,0,0,0,0,0,0,0,0,0,0,0,0,0,0,0,1,0,1,2,2,10,0,0,1,0,0,0,4,0,0,0,3,0,2,4,4
G500_02290,220000.0,479000.0,220500.0,479500.0,220250.0,479250.0,500,center_in_cheonan,34012310,입장면,127.22723591951969,36.911809753200124,210.0,141,79,25,0,0,0,1,1,0,0,0,0,0,0,0,0,0,0,0,0,0,0,0,0,0,0,0,0,0,0,0,0,0,1,1,0,0,0,0,0,0,0,0,0,0,0,0,0,0,0,0
G500_02291,220500.0,479000.0,221000.0,479500.0,220750.0,479250.0,500,center_in_cheonan,34012310,입장면,127.23284664135703,36.91179888900841,25.0,15,10,25,0,0,0,0,0,0,0,0,0,0,0,0,0,0,0,0,0,0,0,0,0,0,0,0,0,0,0,0,0,0,0,0,0,0,0,0,0,0,0,0,0,0,0,0,0,0,0,0
G500_02292,221000.0,479000.0,221500.0,479500.0,221250.0,479250.0,500,center_in_cheonan,34012310,입장면,127.23845736014994,36.91178775984271,108.0,72,42,25,0,0,0,1,1,0,0,0,0,0,0,0,0,0,0,0,0,0,0,0,0,0,0,0,0,0,0,0,0,0,0,0,0,0,0,0,0,0,0,0,0,0,0,0,0,0,0,0
G500_02293,221500.0,479000.0,222000.0,479500.0,221750.0,479250.0,500,center_in_cheonan,34012310,입장면,127.24406807582508,36.91177636570348,219.0,149,83,25,0,0,0,0,0,0,0,0,0,0,0,0,0,0,0,0,0,0,0,0,0,0,0,0,0,0,0,0,0,0,0,0,0,0,0,0,0,0,0,0,0,0,0,0,0,0,0,0
G500_02294,222000.0,479000.0,222500.0,479500.0,222250.0,479250.0,500,center_in_cheonan,34012310,입장면,127.24967878830907,36.91176470659119,314.0,211,118,25,0,0,0,0,0,0,0,0,0,0,0,0,0,0,0,0,0,0,0,0,0,0,0,0,0,0,0,0,0,0,0,0,0,0,0,0,0,0,0,0,0,0,0,0,0,0,0,0
G500_02295,222500.0,479000.0,223000.0,479500.0,222750.0,479250.0,500,center_in_cheonan,34012310,입장면,127.25528949752857,36.91175278250632,40.0,27,15,25,0,0,0,0,0,0,0,0,0,0,0,0,0,0,0,0,0,0,0,0,0,0,0,0,0,0,0,0,0,0,0,0,0,0,0,0,0,0,0,0,0,0,0,0,0,0,0,0
G500_02296,223000.0,479000.0,223500.0,479500.0,223250.0,479250.0,500,center_in_cheonan,34012310,입장면,127.2609002034102,36.911740593449345,0.0,0,0,24,0,0,0,0,0,0,0,0,0,0,0,0,0,0,0,0,0,0,0,0,0,0,0,0,0,0,0,0,0,0,0,0,0,0,0,0,0,0,0,0,0,0,0,0,0,0,0,0
G500_02297,223500.0,479000.0,224000.0,479500.0,223750.0,479250.0,500,center_in_cheonan,34012310,입장면,127.26651090588064,36.911728139420774,5.0,3,2,25,0,0,0,0,0,0,0,0,0,0,0,0,0,0,0,0,0,0,0,0,0,0,0,0,0,0,0,0,0,0,0,0,0,0,0,0,0,0,0,0,0,0,0,0,0,0,0,0
G500_02298,224000.0,479000.0,224500.0,479500.0,224250.0,479250.0,500,center_in_cheonan,34012310,입장면,127.27212160486653,36.911715420421096,5.0,3,2,19,0,0,0,0,0,0,0,0,0,0,0,0,0,0,0,0,0,0,0,0,0,0,0,0,0,0,0,0,0,0,0,0,0,0,0,0,0,0,0,0,0,0,0,0,0,0,0,0
G500_02299,208000.0,479500.0,208500.0,480000.0,208250.0,479750.0,500,center_in_cheonan,34012110,성환읍,127.09258331825644,36.91649647192565,28.0,22,11,19,0,0,0,0,0,0,0,0,0,0,0,0,0,0,0,0,0,0,0,0,0,0,0,0,0,0,0,0,0,0,0,0,0,0,0,0,0,0,0,0,0,0,0,0,0,0,0,0
G500_02300,208500.0,479500.0,209000.0,480000.0,208750.0,479750.0,500,center_in_cheonan,34012110,성환읍,127.09819442117713,36.91649196648489,75.0,57,29,25,0,0,0,0,0,0,0,0,0,0,0,0,0,0,0,0,0,0,0,0,0,0,0,0,0,0,0,0,0,0,0,0,0,0,0,0,0,0,0,0,0,0,0,0,0,0,0,0
G500_02301,209000.0,479500.0,209500.0,480000.0,209250.0,479750.0,500,center_in_cheonan,34012110,성환읍,127.10380552281369,36.91648719601934,47.0,36,18,25,0,0,0,0,0,0,0,0,0,0,0,0,0,0,0,0,0,0,0,0,0,0,0,0,0,0,0,0,0,0,0,0,0,0,0,0,0,0,0,0,0,0,0,0,0,0,0,0
G500_02302,209500.0,479500.0,210000.0,480000.0,209750.0,479750.0,500,center_in_cheonan,34012110,성환읍,127.10941662309276,36.916482160529206,31.0,24,12,25,0,0,0,0,0,0,0,0,0,0,0,0,0,0,0,0,0,0,0,0,0,0,0,0,0,0,0,0,0,0,0,0,0,0,0,0,0,0,0,0,0,0,0,0,0,0,0,0
G500_02303,210000.0,479500.0,210500.0,480000.0,210250.0,479750.0,500,center_in_cheonan,34012110,성환읍,127.11502772194096,36.91647686001467,38.0,30,15,25,0,0,0,0,0,0,0,0,0,0,0,0,0,0,0,0,0,0,0,0,0,0,0,0,0,0,0,0,0,0,0,0,0,0,0,0,0,0,0,0,0,0,0,0,0,0,0,0
G500_02304,210500.0,479500.0,211000.0,480000.0,210750.0,479750.0,500,center_in_cheonan,34012110,성환읍,127.12063881928492,36.916471294475976,28.0,21,11,25,0,0,0,0,0,0,0,0,0,0,0,0,0,0,0,0,0,0,0,0,0,0,0,0,0,0,0,0,0,0,0,0,0,0,0,0,0,0,0,0,0,0,0,0,0,0,0,0
G500_02305,211000.0,479500.0,211500.0,480000.0,211250.0,479750.0,500,center_in_cheonan,34012110,성환읍,127.12624991505126,36.916465463913326,575.0,432,227,25,0,0,0,3,3,0,0,0,2,1,1,0,1,1,0,0,0,0,0,0,0,0,0,0,0,0,0,0,0,0,4,4,8,0,0,0,0,0,0,2,0,0,0,2,0,4,3,3
G500_02306,211500.0,479500.0,212000.0,480000.0,211750.0,479750.0,500,center_in_cheonan,34012110,성환읍,127.13186100916657,36.91645936832698,1698.0,1272,668,25,0,0,0,5,5,1,0,1,2,1,1,0,0,0,0,0,0,0,0,0,0,0,0,0,0,0,0,1,0,1,7,7,15,0,0,1,0,0,0,7,0,0,0,5,0,2,5,5
G500_02307,212000.0,479500.0,212500.0,480000.0,212250.0,479750.0,500,center_in_cheonan,34012110,성환읍,127.1374721015575,36.91645300771719,1820.0,1364,715,25,0,0,0,2,2,0,0,0,0,0,0,0,0,0,0,0,0,0,0,0,0,0,0,0,0,0,0,0,0,0,1,1,0,0,0,0,0,0,0,0,0,0,0,0,0,0,0,0
G500_02308,212500.0,479500.0,213000.0,480000.0,212750.0,479750.0,500,center_in_cheonan,34012110,성환읍,127.14308319215073,36.916446382084196,784.0,589,308,25,0,0,0,0,0,0,0,0,0,0,0,0,0,0,0,0,0,0,0,0,0,0,0,0,0,0,0,0,0,0,0,0,0,0,0,0,0,0,0,0,0,0,0,0,0,0,0,0
G500_02309,213000.0,479500.0,213500.0,480000.0,213250.0,479750.0,500,center_in_cheonan,34012110,성환읍,127.14869428087277,36.91643949142828,0.0,0,0,25,0,0,0,0,0,0,0,0,0,0,0,0,0,0,0,0,0,0,0,0,0,0,0,0,0,0,0,0,0,0,0,0,0,0,0,0,0,0,0,0,0,0,0,0,0,0,0,0
G500_02310,213500.0,479500.0,214000.0,480000.0,213750.0,479750.0,500,center_in_cheonan,34012110,성환읍,127.15430536765032,36.91643233574972,0.0,0,0,25,0,0,0,0,0,0,0,0,0,0,0,0,0,0,0,0,0,0,0,0,0,0,0,0,0,0,0,0,0,0,0,0,0,0,0,0,0,0,0,0,0,0,0,0,0,0,0,0
G500_02311,214000.0,479500.0,214500.0,480000.0,214250.0,479750.0,500,center_in_cheonan,34012110,성환읍,127.15991645240999,36.916424915048815,0.0,0,0,25,0,0,0,0,0,0,0,0,0,0,0,0,0,0,0,0,0,0,0,0,0,0,0,0,0,0,0,0,0,0,0,0,0,0,0,0,0,0,0,0,0,0,0,0,0,0,0,0
G500_02312,214500.0,479500.0,215000.0,480000.0,214750.0,479750.0,500,center_in_cheonan,34012110,성환읍,127.16552753507838,36.916417229325866,0.0,0,0,25,0,0,0,0,0,0,0,0,0,0,0,0,0,0,0,0,0,0,0,0,0,0,0,0,0,0,0,0,0,0,0,0,0,0,0,0,0,0,0,0,0,0,0,0,0,0,0,0
G500_02313,215000.0,479500.0,215500.0,480000.0,215250.0,479750.0,500,center_in_cheonan,34012110,성환읍,127.17113861558214,36.91640927858119,0.0,0,0,25,0,0,0,0,0,0,0,0,0,0,0,0,0,0,0,0,0,0,0,0,0,0,0,0,0,0,0,0,0,0,0,0,0,0,0,0,0,0,0,0,0,0,0,0,0,0,0,0
G500_02314,215500.0,479500.0,216000.0,480000.0,215750.0,479750.0,500,center_in_cheonan,34012130,직산읍,127.1767496938479,36.916401062815105,0.0,0,0,25,0,0,0,0,0,0,0,0,0,0,0,0,0,0,0,0,0,0,0,0,0,0,0,0,0,0,0,0,0,0,0,0,0,0,0,0,0,0,0,0,0,0,0,0,0,0,0,0
G500_02315,216000.0,479500.0,216500.0,480000.0,216250.0,479750.0,500,center_in_cheonan,34012310,입장면,127.18236076980224,36.91639258202795,8.0,6,3,25,0,0,0,1,1,0,0,0,0,0,0,0,0,0,0,0,0,0,0,0,0,0,0,0,0,0,0,0,0,0,0,0,0,0,0,0,0,0,0,0,0,0,0,0,0,0,0,0
G500_02316,216500.0,479500.0,217000.0,480000.0,216750.0,479750.0,500,center_in_cheonan,34012310,입장면,127.18797184337186,36.916383836220085,13.0,9,5,25,0,0,0,0,0,0,0,0,0,0,0,0,0,0,0,0,0,0,0,0,0,0,0,0,0,0,0,0,0,0,0,0,0,0,0,0,0,0,0,0,0,0,0,0,0,0,0,0
G500_02317,217000.0,479500.0,217500.0,480000.0,217250.0,479750.0,500,center_in_cheonan,34012310,입장면,127.1935829144833,36.91637482539185,5.0,3,2,25,0,0,0,0,0,0,0,0,0,0,0,0,0,0,0,0,0,0,0,0,0,0,0,0,0,0,0,0,0,0,0,0,0,0,0,0,0,0,0,0,0,0,0,0,0,0,0,0
G500_02318,217500.0,479500.0,218000.0,480000.0,217750.0,479750.0,500,center_in_cheonan,34012310,입장면,127.19919398306324,36.91636554954361,54.0,37,20,25,0,0,0,0,0,0,0,0,0,0,0,0,0,0,0,0,0,0,0,0,0,0,0,0,0,0,0,0,0,0,0,0,0,0,0,0,0,0,0,0,0,0,0,0,0,0,0,0
G500_02319,218000.0,479500.0,218500.0,480000.0,218250.0,479750.0,500,center_in_cheonan,34012310,입장면,127.2048050490383,36.916356008675784,18.0,12,7,25,0,0,0,0,0,0,0,0,0,0,0,0,0,0,0,0,0,0,0,0,0,0,0,0,0,0,0,0,0,0,0,0,0,0,0,0,0,0,0,0,0,0,0,0,0,0,0,0
G500_02320,218500.0,479500.0,219000.0,480000.0,218750.0,479750.0,500,center_in_cheonan,34012310,입장면,127.2104161123351,36.91634620278871,18.0,12,7,25,0,0,0,0,0,0,0,0,0,0,0,0,0,0,0,0,0,0,0,0,0,0,0,0,0,0,0,0,0,0,0,0,0,0,0,0,0,0,0,0,0,0,0,0,0,0,0,0
G500_02321,219000.0,479500.0,219500.0,480000.0,219250.0,479750.0,500,center_in_cheonan,34012310,입장면,127.21602717288023,36.916336131882815,8.0,6,3,25,0,0,0,0,0,0,0,0,0,0,0,0,0,0,0,0,0,0,0,0,0,0,0,0,0,0,0,0,0,0,0,0,0,0,0,0,0,0,0,0,0,0,0,0,0,0,0,0
G500_02322,219500.0,479500.0,220000.0,480000.0,219750.0,479750.0,500,center_in_cheonan,34012310,입장면,127.22163823060038,36.916325795958514,419.0,282,158,25,0,0,0,2,2,0,0,0,0,0,0,0,0,0,0,0,0,0,0,0,0,0,0,0,0,0,0,0,0,0,2,2,1,0,0,0,0,0,0,0,0,0,0,0,0,1,1,1
G500_02323,220000.0,479500.0,220500.0,480000.0,220250.0,479750.0,500,center_in_cheonan,34012310,입장면,127.22724928542215,36.91631519501623,191.0,131,73,25,0,0,0,0,0,0,0,0,1,0,1,0,0,0,0,0,0,0,0,0,0,0,0,0,0,0,0,0,0,0,0,0,0,0,0,0,0,0,0,0,0,0,0,0,0,0,0,0
G500_02324,220500.0,479500.0,221000.0,480000.0,220750.0,479750.0,500,center_in_cheonan,34012310,입장면,127.23286033727213,36.91630432905639,40.0,24,16,25,0,0,0,0,0,0,0,0,0,0,0,0,0,0,0,0,0,0,0,0,0,0,0,0,0,0,0,0,0,0,0,0,0,0,0,0,0,0,0,0,0,0,0,0,0,0,0,0
G500_02325,221000.0,479500.0,221500.0,480000.0,221250.0,479750.0,500,center_in_cheonan,34012310,입장면,127.23847138607701,36.916293198079444,28.0,18,11,25,0,0,0,0,0,0,0,0,0,0,0,0,0,0,0,0,0,0,0,0,0,0,0,0,0,0,0,0,0,0,0,0,0,0,0,0,0,0,0,0,0,0,0,0,0,0,0,0
G500_02326,221500.0,479500.0,222000.0,480000.0,221750.0,479750.0,500,center_in_cheonan,34012310,입장면,127.24408243176339,36.916281802085834,1173.0,786,441,22,0,0,0,3,3,0,0,0,0,0,0,0,0,0,0,0,0,0,0,0,0,0,0,0,0,0,0,0,0,0,0,0,0,0,0,0,0,0,0,0,0,0,0,0,0,0,0,0
G500_02327,222000.0,479500.0,222500.0,480000.0,222250.0,479750.0,500,center_in_cheonan,34012310,입장면,127.24969347425785,36.916270141076026,41.0,28,15,25,0,0,0,0,0,0,0,0,0,0,0,0,0,0,0,0,0,0,0,0,0,0,0,0,0,0,0,0,0,0,0,0,0,0,0,0,0,0,0,0,0,0,0,0,0,0,0,0
G500_02328,222500.0,479500.0,223000.0,480000.0,222750.0,479750.0,500,center_in_cheonan,34012310,입장면,127.2553045134871,36.916258215050526,111.0,75,42,23,0,0,0,1,1,0,0,0,0,0,0,0,0,0,0,0,0,0,0,0,0,0,0,0,0,0,0,0,0,0,0,0,0,0,0,0,0,0,0,0,0,0,0,0,0,0,0,0
G500_02329,208000.0,480000.0,208500.0,480500.0,208250.0,480250.0,500,center_in_cheonan,34012110,성환읍,127.09258876489871,36.92100193981371,41.0,32,16,25,0,0,0,0,0,0,0,0,0,0,0,0,0,0,0,0,0,0,0,0,0,0,0,0,0,0,0,0,0,0,0,0,0,0,0,0,0,0,0,0,0,0,0,0,0,0,0,0
G500_02330,208500.0,480000.0,209000.0,480500.0,208750.0,480250.0,500,center_in_cheonan,34012110,성환읍,127.09820019791725,36.920997433639734,67.0,51,26,25,0,0,0,0,0,0,0,0,0,0,0,0,0,0,0,0,0,0,0,0,0,0,0,0,0,0,0,0,0,0,0,0,0,0,0,0,0,0,0,0,0,0,0,0,0,0,0,0
G500_02331,209000.0,480000.0,209500.0,480500.0,209250.0,480250.0,500,center_in_cheonan,34012110,성환읍,127.10381162965137,36.920992662397836,41.0,32,16,25,0,0,0,0,0,0,0,0,0,0,0,0,0,0,0,0,0,0,0,0,0,0,0,0,0,0,0,0,0,0,0,0,0,0,0,0,0,0,0,0,0,0,0,0,0,0,0,0
G500_02332,209500.0,480000.0,210000.0,480500.0,209750.0,480250.0,500,center_in_cheonan,34012110,성환읍,127.10942306002767,36.920987626088206,41.0,32,16,25,0,0,0,0,0,0,0,0,0,0,0,0,0,0,0,0,0,0,0,0,0,0,0,0,0,0,0,0,0,0,0,0,0,0,0,0,0,0,0,0,0,0,0,0,0,0,0,0
G500_02333,210000.0,480000.0,210500.0,480500.0,210250.0,480250.0,500,center_in_cheonan,34012110,성환읍,127.1150344889728,36.92098232471106,97.0,75,38,25,0,0,0,0,0,1,1,0,0,0,0,0,0,0,0,0,0,0,0,0,0,0,0,0,0,0,0,0,0,0,0,0,0,0,0,0,0,0,0,0,0,0,0,0,0,0,0,0
G500_02334,210500.0,480000.0,211000.0,480500.0,210750.0,480250.0,500,center_in_cheonan,34012110,성환읍,127.12064591641328,36.92097675826661,100.0,76,39,25,0,0,0,0,0,0,0,0,0,0,0,0,0,0,0,0,0,0,0,0,0,0,0,0,0,0,0,0,0,0,0,0,0,0,0,0,0,0,0,0,0,0,0,0,0,0,0,0
G500_02335,211000.0,480000.0,211500.0,480500.0,211250.0,480250.0,500,center_in_cheonan,34012110,성환읍,127.1262573422758,36.920970926755096,362.0,273,142,25,0,0,0,0,0,0,0,0,0,0,0,0,0,0,0,0,0,0,0,0,0,0,0,0,0,0,0,0,0,0,0,0,1,0,0,0,0,0,0,0,0,0,0,0,0,1,0,0
G500_02336,211500.0,480000.0,212000.0,480500.0,211750.0,480250.0,500,center_in_cheonan,34012110,성환읍,127.13186876648695,36.92096483017675,1074.0,808,422,25,2,2,0,2,2,0,0,0,0,0,0,0,0,0,0,0,0,0,0,0,0,0,0,0,0,0,0,0,0,0,1,1,0,0,0,0,0,0,0,0,0,0,0,0,0,0,0,0
G500_02337,212000.0,480000.0,212500.0,480500.0,212250.0,480250.0,500,center_in_cheonan,34012110,성환읍,127.13748018897331,36.920958468531815,1124.0,841,442,25,0,0,0,1,1,0,0,0,0,0,0,0,0,0,0,0,0,0,0,0,0,0,0,0,0,0,0,0,0,0,4,4,0,0,0,0,0,0,0,0,0,0,0,0,0,0,0,0
G500_02338,212500.0,480000.0,213000.0,480500.0,212750.0,480250.0,500,center_in_cheonan,34012110,성환읍,127.14309160966148,36.92095184182055,0.0,0,0,25,0,0,0,0,0,0,0,0,0,0,0,0,0,0,0,0,0,0,0,0,0,0,0,0,0,0,0,0,0,0,0,0,0,0,0,0,0,0,0,0,0,0,0,0,0,0,0,0
G500_02339,213000.0,480000.0,213500.0,480500.0,213250.0,480250.0,500,center_in_cheonan,34012110,성환읍,127.1487030284781,36.920944950043236,0.0,0,0,25,0,0,0,0,0,0,0,0,0,0,0,0,0,0,0,0,0,0,0,0,0,0,0,0,0,0,0,0,0,0,0,0,0,0,0,0,0,0,0,0,0,0,0,0,0,0,0,0
G500_02340,213500.0,480000.0,214000.0,480500.0,213750.0,480250.0,500,center_in_cheonan,34012110,성환읍,127.15431444534975,36.92093779320015,0.0,0,0,25,0,0,0,0,0,0,0,0,0,0,0,0,0,0,0,0,0,0,0,0,0,0,0,0,0,0,0,0,0,0,0,0,0,0,0,0,0,0,0,0,0,0,0,0,0,0,0,0
G500_02341,214000.0,480000.0,214500.0,480500.0,214250.0,480250.0,500,center_in_cheonan,34012110,성환읍,127.15992586020306,36.92093037129159,0.0,0,0,25,0,0,0,0,0,0,0,0,0,0,0,0,0,0,0,0,0,0,0,0,0,0,0,0,0,0,0,0,0,0,0,0,0,0,0,0,0,0,0,0,0,0,0,0,0,0,0,0
G500_02342,214500.0,480000.0,215000.0,480500.0,214750.0,480250.0,500,center_in_cheonan,34012110,성환읍,127.16553727296463,36.92092268431786,0.0,0,0,25,0,0,0,0,0,0,0,0,0,0,0,0,0,0,0,0,0,0,0,0,0,0,0,0,0,0,0,0,0,0,0,0,0,0,0,0,0,0,0,0,0,0,0,0,0,0,0,0
G500_02343,215000.0,480000.0,215500.0,480500.0,215250.0,480250.0,500,center_in_cheonan,34012110,성환읍,127.17114868356103,36.92091473227927,0.0,0,0,25,0,0,0,0,0,0,0,0,0,0,0,0,0,0,0,0,0,0,0,0,0,0,0,0,0,0,0,0,0,0,0,0,0,0,0,0,0,0,0,0,0,0,0,0,0,0,0,0
G500_02344,215500.0,480000.0,216000.0,480500.0,215750.0,480250.0,500,center_in_cheonan,34012130,직산읍,127.17676009191894,36.92090651517614,0.0,0,0,25,0,0,0,0,0,0,0,0,0,0,0,0,0,0,0,0,0,0,0,0,0,0,0,0,0,0,0,0,0,0,0,0,0,0,0,0,0,0,0,0,0,0,0,0,0,0,0,0
G500_02345,216000.0,480000.0,216500.0,480500.0,216250.0,480250.0,500,center_in_cheonan,34012310,입장면,127.18237149796491,36.92089803300881,0.0,0,0,25,0,0,0,0,0,0,0,0,0,0,0,0,0,0,0,0,0,0,0,0,0,0,0,0,0,0,0,0,0,0,0,0,0,0,0,0,0,0,0,0,0,0,0,0,0,0,0,0
G500_02346,216500.0,480000.0,217000.0,480500.0,216750.0,480250.0,500,center_in_cheonan,34012310,입장면,127.18798290162556,36.92088928577763,79.0,52,30,25,0,0,0,1,1,0,0,0,0,0,0,0,0,0,0,0,0,0,0,0,0,0,0,0,0,0,0,0,0,0,0,0,0,0,0,0,0,0,0,0,0,0,0,0,0,0,0,0
G500_02347,217000.0,480000.0,217500.0,480500.0,217250.0,480250.0,500,center_in_cheonan,34012310,입장면,127.19359430282749,36.92088027348296,18.0,12,7,25,0,0,0,0,0,0,0,0,0,0,0,0,0,0,0,0,0,0,0,0,0,0,0,0,0,0,0,0,0,0,0,0,0,0,0,0,0,0,0,0,0,0,0,0,0,0,0,0
G500_02348,217500.0,480000.0,218000.0,480500.0,217750.0,480250.0,500,center_in_cheonan,34012310,입장면,127.19920570149735,36.920870996125174,98.0,67,36,25,0,0,0,0,0,0,0,0,0,0,0,0,0,0,0,0,0,0,0,0,0,0,0,0,0,0,0,0,0,0,0,0,0,0,0,0,0,0,0,0,0,0,0,0,0,0,0,0
G500_02349,218000.0,480000.0,218500.0,480500.0,218250.0,480250.0,500,center_in_cheonan,34012310,입장면,127.2048170975617,36.92086145370464,0.0,0,0,25,0,0,0,0,0,0,0,0,0,0,0,0,0,0,0,0,0,0,0,0,0,0,0,0,0,0,0,0,0,0,0,0,0,0,0,0,0,0,0,0,0,0,0,0,0,0,0,0
G500_02350,218500.0,480000.0,219000.0,480500.0,218750.0,480250.0,500,center_in_cheonan,34012310,입장면,127.21042849094718,36.92085164622175,57.0,36,22,25,0,0,0,0,0,0,0,0,0,0,0,0,0,0,0,0,0,0,0,0,0,0,0,0,0,0,0,0,0,0,0,0,0,0,0,0,0,0,0,0,0,0,0,0,0,0,0,0
G500_02351,219000.0,480000.0,219500.0,480500.0,219250.0,480250.0,500,center_in_cheonan,34012310,입장면,127.21603988158036,36.92084157367691,77.0,49,30,25,0,0,0,1,1,0,0,0,0,0,0,0,0,0,0,0,0,0,0,0,0,0,0,0,0,0,0,0,0,0,0,0,0,0,0,0,0,0,0,0,0,0,0,0,0,0,0,0
G500_02352,219500.0,480000.0,220000.0,480500.0,219750.0,480250.0,500,center_in_cheonan,34012310,입장면,127.22165126938788,36.920831236070526,318.0,212,119,25,0,0,0,0,0,1,0,1,0,0,0,0,0,0,0,0,0,0,0,0,0,0,0,0,0,0,0,0,0,0,0,0,0,0,0,0,0,0,0,0,0,0,0,0,0,0,0,0
G500_02353,220000.0,480000.0,220500.0,480500.0,220250.0,480250.0,500,center_in_cheonan,34012310,입장면,127.22726265429637,36.92082063340303,87.0,58,33,25,0,0,0,0,0,0,0,0,0,0,0,0,0,0,0,0,0,0,0,0,0,0,0,0,0,0,0,0,0,0,0,0,0,0,0,0,0,0,0,0,0,0,0,0,0,0,0,0
G500_02354,220500.0,480000.0,221000.0,480500.0,220750.0,480250.0,500,center_in_cheonan,34012310,입장면,127.23287403623239,36.92080976567484,42.0,29,16,25,0,0,0,1,1,0,0,0,0,0,0,0,0,0,0,0,0,0,0,0,0,0,0,0,0,0,0,0,0,0,0,0,0,0,0,0,0,0,0,0,0,0,0,0,0,0,0,0
G500_02355,222000.0,480000.0,222500.0,480500.0,222250.0,480250.0,500,center_in_cheonan,34012310,입장면,127.2497081634719,36.920775572130715,72.0,48,27,17,0,0,0,0,0,0,0,0,0,0,0,0,0,0,0,0,0,0,0,0,0,0,0,0,0,0,0,0,0,0,0,0,0,0,0,0,0,0,0,0,0,0,0,0,0,0,0,0
G500_02356,207500.0,480500.0,208000.0,481000.0,207750.0,480750.0,500,center_in_cheonan,34012110,성환읍,127.08698244835092,36.92551164607179,54.0,42,21,20,0,0,0,0,0,0,0,0,0,0,0,0,0,0,0,0,0,0,0,0,0,0,0,0,0,0,0,0,0,0,0,0,0,0,0,0,0,0,0,0,0,0,0,0,0,0,0,0
G500_02357,208000.0,480500.0,208500.0,481000.0,208250.0,480750.0,500,center_in_cheonan,34012110,성환읍,127.09259421275199,36.925507404275734,67.0,51,26,25,0,0,0,0,0,0,0,0,0,0,0,0,0,0,0,0,0,0,0,0,0,0,0,0,0,0,0,0,0,0,0,0,0,0,0,0,0,0,0,0,0,0,0,0,0,0,0,0
G500_02358,208500.0,480500.0,209000.0,481000.0,208750.0,480750.0,500,center_in_cheonan,34012110,성환읍,127.0982059759418,36.92550289736844,36.0,28,14,25,0,0,0,0,0,0,0,0,0,0,0,0,0,0,0,0,0,0,0,0,0,0,0,0,0,0,0,0,0,0,0,0,0,0,0,0,0,0,0,0,0,0,0,0,0,0,0,0
G500_02359,209000.0,480500.0,209500.0,481000.0,209250.0,480750.0,500,center_in_cheonan,34012110,성환읍,127.10381773784684,36.92549812535009,10.0,8,4,25,0,0,0,1,1,0,0,0,0,0,0,0,0,0,0,0,0,0,0,0,0,0,0,0,0,0,0,0,0,0,0,0,0,0,0,0,0,0,0,0,0,0,0,0,0,0,0,0
G500_02360,209500.0,480500.0,210000.0,481000.0,209750.0,480750.0,500,center_in_cheonan,34012110,성환읍,127.10942949839377,36.92549308822089,28.0,22,11,25,0,0,0,0,0,0,0,0,0,0,0,0,0,0,0,0,0,0,0,0,0,0,0,0,0,0,0,0,0,0,0,0,0,0,0,0,0,0,0,0,0,0,0,0,0,0,0,0
G500_02361,210000.0,480500.0,210500.0,481000.0,210250.0,480750.0,500,center_in_cheonan,34012110,성환읍,127.11504125750918,36.92548778598103,240.0,180,94,25,0,0,0,1,1,0,0,0,1,1,0,0,0,0,0,0,0,0,0,0,0,0,0,0,0,0,0,0,0,0,0,0,0,0,0,0,0,0,0,0,0,0,0,0,0,0,0,0
G500_02362,210500.0,480500.0,211000.0,481000.0,210750.0,480750.0,500,center_in_cheonan,34012110,성환읍,127.12065301511964,36.92548221863073,339.0,256,132,25,0,0,0,2,2,0,0,0,0,0,0,0,0,0,0,0,0,0,0,0,0,0,0,0,0,0,0,0,0,0,0,0,0,0,0,0,0,0,0,0,0,0,0,0,0,0,0,0
G500_02363,211000.0,480500.0,211500.0,481000.0,211250.0,480750.0,500,center_in_cheonan,34012110,성환읍,127.12626477115175,36.925476386170224,125.0,95,49,25,0,0,0,0,0,0,0,0,0,0,0,0,0,0,0,0,0,0,0,0,0,0,0,0,0,0,0,0,0,0,0,0,0,0,0,0,0,0,0,0,0,0,0,0,0,0,0,0
G500_02364,211500.0,480500.0,212000.0,481000.0,211750.0,480750.0,500,center_in_cheonan,34012110,성환읍,127.13187652553208,36.92547028859976,162.0,121,63,25,0,0,0,0,0,0,0,0,0,0,0,0,0,0,0,0,0,0,0,0,0,0,0,0,0,0,0,0,0,0,0,0,0,0,0,0,0,0,0,0,0,0,0,0,0,0,0,0
G500_02365,212000.0,480500.0,212500.0,481000.0,212250.0,480750.0,500,center_in_cheonan,34012110,성환읍,127.13748827818723,36.92546392591956,95.0,72,37,25,0,0,0,1,1,0,0,0,0,0,0,0,0,0,0,0,0,0,0,0,0,0,0,0,0,0,0,0,0,0,0,0,0,0,0,0,0,0,0,0,0,0,0,0,0,0,0,0
G500_02366,212500.0,480500.0,213000.0,481000.0,212750.0,480750.0,500,center_in_cheonan,34012110,성환읍,127.14310002904384,36.92545729812992,23.0,18,9,25,0,0,0,0,0,0,0,0,0,0,0,0,0,0,0,0,0,0,0,0,0,0,0,0,0,0,0,0,0,0,0,0,0,0,0,0,0,0,0,0,0,0,0,0,0,0,0,0
G500_02367,213000.0,480500.0,213500.0,481000.0,213250.0,480750.0,500,center_in_cheonan,34012110,성환읍,127.1487117780284,36.92545040523108,0.0,0,0,25,0,0,0,0,0,0,0,0,0,0,0,0,0,0,0,0,0,0,0,0,0,0,0,0,0,0,0,0,0,0,0,0,0,0,0,0,0,0,0,0,0,0,0,0,0,0,0,0
G500_02368,213500.0,480500.0,214000.0,481000.0,213750.0,480750.0,500,center_in_cheonan,34012110,성환읍,127.15432352506754,36.92544324722333,0.0,0,0,25,0,0,0,0,0,0,0,0,0,0,0,0,0,0,0,0,0,0,0,0,0,0,0,0,0,0,0,0,0,0,0,0,0,0,0,0,0,0,0,0,0,0,0,0,0,0,0,0
G500_02369,214000.0,480500.0,214500.0,481000.0,214250.0,480750.0,500,center_in_cheonan,34012110,성환읍,127.1599352700879,36.92543582410698,0.0,0,0,25,0,0,0,0,0,0,0,0,0,0,0,0,0,0,0,0,0,0,0,0,0,0,0,0,0,0,0,0,0,0,0,0,0,0,0,0,0,0,0,0,0,0,0,0,0,0,0,0
G500_02370,214500.0,480500.0,215000.0,481000.0,214750.0,480750.0,500,center_in_cheonan,34012110,성환읍,127.16554701301601,36.925428135882306,0.0,0,0,25,0,0,0,0,0,0,0,0,0,0,0,0,0,0,0,0,0,0,0,0,0,0,0,0,0,0,0,0,0,0,0,0,0,0,0,0,0,0,0,0,0,0,0,0,0,0,0,0
G500_02371,215000.0,480500.0,215500.0,481000.0,215250.0,480750.0,500,center_in_cheonan,34012310,입장면,127.17115875377849,36.925420182549644,0.0,0,0,25,0,0,0,0,0,0,0,0,0,0,0,0,0,0,0,0,0,0,0,0,0,0,0,0,0,0,0,0,0,0,0,0,0,0,0,0,0,0,0,0,0,0,0,0,0,0,0,0
G500_02372,215500.0,480500.0,216000.0,481000.0,215750.0,480750.0,500,center_in_cheonan,34012310,입장면,127.17677049230191,36.925411964109315,0.0,0,0,25,0,0,0,0,0,0,0,0,0,0,0,0,0,0,0,0,0,0,0,0,0,0,0,0,0,0,0,0,0,0,0,0,0,0,0,0,0,0,0,0,0,0,0,0,0,0,0,0
G500_02373,216000.0,480500.0,216500.0,481000.0,216250.0,480750.0,500,center_in_cheonan,34012310,입장면,127.18238222851289,36.925403480561656,57.0,37,22,25,0,0,0,0,0,0,0,0,0,0,0,0,0,0,0,0,0,0,0,0,0,0,0,0,0,0,0,0,0,0,0,0,0,0,0,0,0,0,0,0,0,0,0,0,0,0,0,0
G500_02374,216500.0,480500.0,217000.0,481000.0,216750.0,480750.0,500,center_in_cheonan,34012310,입장면,127.18799396233797,36.92539473190702,41.0,26,16,25,0,0,0,0,0,0,0,0,0,0,0,0,0,0,0,0,0,0,0,0,0,0,0,0,0,0,0,0,0,0,0,0,0,0,0,0,0,0,0,0,0,0,0,0,0,0,0,0
G500_02375,217000.0,480500.0,217500.0,481000.0,217250.0,480750.0,500,center_in_cheonan,34012310,입장면,127.19360569370379,36.92538571814575,0.0,0,0,25,0,0,0,0,0,0,0,0,0,0,0,0,0,0,0,0,0,0,0,0,0,0,0,0,0,0,0,0,0,0,0,0,0,0,0,0,0,0,0,0,0,0,0,0,0,0,0,0
G500_02376,217500.0,480500.0,218000.0,481000.0,217750.0,480750.0,500,center_in_cheonan,34012310,입장면,127.19921742253693,36.9253764392782,5.0,3,2,25,0,0,0,0,0,0,0,0,0,0,0,0,0,0,0,0,0,0,0,0,0,0,0,0,0,0,0,0,0,0,0,0,0,0,0,0,0,0,0,0,0,0,0,0,0,0,0,0
G500_02377,218000.0,480500.0,218500.0,481000.0,218250.0,480750.0,500,center_in_cheonan,34012310,입장면,127.20482914876396,36.9253668953048,5.0,3,2,25,0,0,0,1,1,0,0,0,0,0,0,0,0,0,0,0,0,0,0,0,0,0,0,0,0,0,0,0,0,0,0,0,0,0,0,0,0,0,0,0,0,0,0,0,0,0,0,0
G500_02378,218500.0,480500.0,219000.0,481000.0,218750.0,480750.0,500,center_in_cheonan,34012310,입장면,127.21044087231151,36.92535708622591,31.0,19,12,25,0,0,0,1,1,0,0,0,0,0,0,0,0,0,0,0,0,0,0,0,0,0,0,0,0,0,0,0,0,0,0,0,0,0,0,0,0,0,0,0,0,0,0,0,0,0,0,0
G500_02379,219000.0,480500.0,219500.0,481000.0,219250.0,480750.0,500,center_in_cheonan,34012310,입장면,127.21605259310614,36.92534701204193,77.0,50,29,25,0,0,0,0,0,0,0,0,0,0,0,0,0,0,0,0,0,0,0,0,0,0,0,0,0,0,0,0,0,0,0,0,0,0,0,0,0,0,0,0,0,0,0,0,0,0,0,0
G500_02380,219500.0,480500.0,220000.0,481000.0,219750.0,480750.0,500,center_in_cheonan,34012310,입장면,127.22166431107445,36.92533667275327,18.0,11,7,25,0,0,0,1,1,0,0,0,0,0,0,0,0,0,0,0,0,0,0,0,0,0,0,0,0,0,0,0,0,0,0,0,0,0,0,0,0,0,0,0,0,0,0,0,0,0,0,0
G500_02381,220000.0,480500.0,220500.0,481000.0,220250.0,480750.0,500,center_in_cheonan,34012310,입장면,127.22727602614303,36.92532606836036,44.0,29,17,11,0,0,0,0,0,0,0,0,0,0,0,0,0,0,0,0,0,0,0,0,0,0,0,0,0,0,0,0,0,0,0,0,0,0,0,0,0,0,0,0,0,0,0,0,0,0,0,0
G500_02382,207000.0,481000.0,207500.0,481500.0,207250.0,481250.0,500,center_in_cheonan,34012110,성환읍,127.08137547138642,36.93002108512962,18.0,14,7,16,0,0,0,0,0,0,0,0,0,0,0,0,0,0,0,0,0,0,0,0,0,0,0,0,0,0,0,0,0,0,0,0,0,0,0,0,0,0,0,0,0,0,0,0,0,0,0,0
G500_02383,207500.0,481000.0,208000.0,481500.0,207750.0,481250.0,500,center_in_cheonan,34012110,성환읍,127.08698756717058,36.93001710779786,56.0,42,22,25,0,0,0,0,0,0,0,0,2,1,1,0,0,0,0,0,0,0,0,0,0,0,0,0,0,0,0,0,0,0,0,0,0,0,0,0,0,0,0,0,0,0,0,0,0,0,0,0
G500_02384,208000.0,481000.0,208500.0,481500.0,208250.0,481250.0,500,center_in_cheonan,34012110,성환읍,127.09259966181659,36.93001286531156,18.0,14,7,25,0,0,0,0,0,0,0,0,0,0,0,0,0,0,0,0,0,0,0,0,0,0,0,0,0,0,0,0,0,0,0,0,0,0,0,0,0,0,0,0,0,0,0,0,0,0,0,0
G500_02385,208500.0,481000.0,209000.0,481500.0,208750.0,481250.0,500,center_in_cheonan,34012110,성환읍,127.09821175525101,36.930008357670864,42.0,32,17,25,0,0,0,0,0,0,0,0,0,0,0,0,0,0,0,0,0,0,0,0,0,0,0,0,0,0,0,0,0,0,0,0,0,0,0,0,0,0,0,0,0,0,0,0,0,0,0,0
G500_02386,209000.0,481000.0,209500.0,481500.0,209250.0,481250.0,500,center_in_cheonan,34012110,성환읍,127.10382384740043,36.93000358487599,0.0,0,0,25,0,0,0,0,0,0,0,0,0,0,0,0,0,0,0,0,0,0,0,0,0,0,0,0,0,0,0,0,0,0,0,0,0,0,0,0,0,0,0,0,0,0,0,0,0,0,0,0
G500_02387,209500.0,481000.0,210000.0,481500.0,209750.0,481250.0,500,center_in_cheonan,34012110,성환읍,127.10943593819141,36.9299985469271,20.0,16,8,25,0,0,0,0,0,0,0,0,0,0,0,0,0,0,0,0,0,0,0,0,0,0,0,0,0,0,0,0,0,0,0,0,0,0,0,0,0,0,0,0,0,0,0,0,0,0,0,0
G500_02388,210000.0,481000.0,210500.0,481500.0,210250.0,481250.0,500,center_in_cheonan,34012110,성환읍,127.11504802755054,36.929993243824434,137.0,102,53,25,0,0,0,0,0,0,0,0,0,0,0,0,0,0,0,0,0,0,0,0,0,0,0,0,0,0,0,0,0,0,0,0,0,0,0,0,0,0,0,0,0,0,0,0,0,0,0,0
G500_02389,210500.0,481000.0,211000.0,481500.0,210750.0,481250.0,500,center_in_cheonan,34012110,성환읍,127.12066011540436,36.929987675568185,87.0,67,34,25,0,0,0,0,0,0,0,0,0,0,0,0,0,0,0,0,0,0,0,0,0,0,0,0,0,0,0,0,0,0,0,0,0,0,0,0,0,0,0,0,0,0,0,0,0,0,0,0
G500_02390,211000.0,481000.0,211500.0,481500.0,211250.0,481250.0,500,center_in_cheonan,34012110,성환읍,127.12627220167946,36.92998184215858,18.0,14,7,25,0,0,0,0,0,0,0,0,0,0,0,0,0,0,0,0,0,0,0,0,0,0,0,0,0,0,0,0,0,0,0,0,0,0,0,0,0,0,0,0,0,0,0,0,0,0,0,0
G500_02391,211500.0,481000.0,212000.0,481500.0,211750.0,481250.0,500,center_in_cheonan,34012110,성환읍,127.13188428630241,36.92997574359589,116.0,87,46,25,0,0,0,1,1,0,0,0,0,0,0,0,0,0,0,0,0,0,0,0,0,0,0,0,0,0,0,0,0,0,0,0,0,0,0,0,0,0,0,0,0,0,0,0,0,0,0,0
G500_02392,212000.0,481000.0,212500.0,481500.0,212250.0,481250.0,500,center_in_cheonan,34012110,성환읍,127.13749636919978,36.929969379880305,5.0,4,2,25,0,0,0,0,0,0,0,0,0,0,0,0,0,0,0,0,0,0,0,0,0,0,0,0,0,0,0,0,0,0,0,0,0,0,0,0,0,0,0,0,0,0,0,0,0,0,0,0
G500_02393,212500.0,481000.0,213000.0,481500.0,212750.0,481250.0,500,center_in_cheonan,34012110,성환읍,127.14310845029816,36.929962751012155,10.0,8,4,25,0,0,0,0,0,0,0,0,0,0,0,0,0,0,0,0,0,0,0,0,0,0,0,0,0,0,0,0,0,0,0,0,0,0,0,0,0,0,0,0,0,0,0,0,0,0,0,0
G500_02394,213000.0,481000.0,213500.0,481500.0,213250.0,481250.0,500,center_in_cheonan,34012110,성환읍,127.1487205295241,36.92995585699165,0.0,0,0,25,0,0,0,0,0,0,0,0,0,0,0,0,0,0,0,0,0,0,0,0,0,0,0,0,0,0,0,0,0,0,0,0,0,0,0,0,0,0,0,0,0,0,0,0,0,0,0,0
G500_02395,213500.0,481000.0,214000.0,481500.0,213750.0,481250.0,500,center_in_cheonan,34012110,성환읍,127.15433260680418,36.929948697819114,0.0,0,0,25,0,0,0,0,0,0,0,0,0,0,0,0,0,0,0,0,0,0,0,0,0,0,0,0,0,0,0,0,0,0,0,0,0,0,0,0,0,0,0,0,0,0,0,0,0,0,0,0
G500_02396,214000.0,481000.0,214500.0,481500.0,214250.0,481250.0,500,center_in_cheonan,34012110,성환읍,127.15994468206495,36.929941273494826,0.0,0,0,25,0,0,0,0,0,0,0,0,0,0,0,0,0,0,0,0,0,0,0,0,0,0,0,0,0,0,0,0,0,0,0,0,0,0,0,0,0,0,0,0,0,0,0,0,0,0,0,0
G500_02397,214500.0,481000.0,215000.0,481500.0,214750.0,481250.0,500,center_in_cheonan,34012110,성환읍,127.16555675523303,36.929933584019075,0.0,0,0,25,0,0,0,0,0,0,0,0,0,0,0,0,0,0,0,0,0,0,0,0,0,0,0,0,0,0,0,0,0,0,0,0,0,0,0,0,0,0,0,0,0,0,0,0,0,0,0,0
G500_02398,215000.0,481000.0,215500.0,481500.0,215250.0,481250.0,500,center_in_cheonan,34012310,입장면,127.17116882623498,36.9299256293922,0.0,0,0,25,0,0,0,0,0,0,0,0,0,0,0,0,0,0,0,0,0,0,0,0,0,0,0,0,0,0,0,0,0,0,0,0,0,0,0,0,0,0,0,0,0,0,0,0,0,0,0,0
G500_02399,215500.0,481000.0,216000.0,481500.0,215750.0,481250.0,500,center_in_cheonan,34012310,입장면,127.17678089499734,36.92991740961452,33.0,22,12,25,0,0,0,0,0,0,0,0,0,0,0,0,0,0,0,0,0,0,0,0,0,0,0,0,0,0,0,0,0,0,0,0,0,0,0,0,0,0,0,0,0,0,0,0,0,0,0,0
G500_02400,216000.0,481000.0,216500.0,481500.0,216250.0,481250.0,500,center_in_cheonan,34012310,입장면,127.18239296144671,36.929908924686366,8.0,5,3,25,0,0,0,0,0,0,0,0,0,0,0,0,0,0,0,0,0,0,0,0,0,0,0,0,0,0,0,0,0,0,0,0,0,0,0,0,0,0,0,0,0,0,0,0,0,0,0,0
G500_02401,216500.0,481000.0,217000.0,481500.0,216750.0,481250.0,500,center_in_cheonan,34012310,입장면,127.18800502550968,36.92990017460809,18.0,11,7,25,0,0,0,0,0,0,0,0,0,0,0,0,0,0,0,0,0,0,0,0,0,0,0,0,0,0,0,0,0,0,0,0,0,0,0,0,0,0,0,0,0,0,0,0,0,0,0,0
G500_02402,217000.0,481000.0,217500.0,481500.0,217250.0,481250.0,500,center_in_cheonan,34012310,입장면,127.19361708711277,36.92989115938004,5.0,3,2,25,0,0,0,0,0,0,0,0,0,0,0,0,0,0,0,0,0,0,0,0,0,0,0,0,0,0,0,0,0,0,0,0,0,0,0,0,0,0,0,0,0,0,0,0,0,0,0,0
G500_02403,217500.0,481000.0,218000.0,481500.0,217750.0,481250.0,500,center_in_cheonan,34012310,입장면,127.19922914618263,36.92988187900259,21.0,13,8,25,0,0,0,0,0,0,0,0,0,0,0,0,0,0,0,0,0,0,0,0,0,0,0,0,0,0,0,0,0,0,0,0,0,0,0,0,0,0,0,0,0,0,0,0,0,0,0,0
G500_02404,218000.0,481000.0,218500.0,481500.0,218250.0,481250.0,500,center_in_cheonan,34012310,입장면,127.20484120264577,36.929872333476126,23.0,15,9,25,0,0,0,1,1,0,0,0,0,0,0,0,0,0,0,0,0,0,0,0,0,0,0,0,0,0,0,0,0,0,0,0,0,0,0,0,0,0,0,0,0,0,0,0,0,0,0,0
G500_02405,218500.0,481000.0,219000.0,481500.0,218750.0,481250.0,500,center_in_cheonan,34012310,입장면,127.21045325642878,36.929862522801045,19.0,13,7,18,0,0,0,0,0,0,0,0,0,0,0,0,0,0,0,0,0,0,0,0,0,0,0,0,0,0,0,0,0,0,0,0,0,0,0,0,0,0,0,0,0,0,0,0,0,0,0,0
G500_02406,219000.0,481000.0,219500.0,481500.0,219250.0,481250.0,500,center_in_cheonan,34012310,입장면,127.21606530745822,36.929852446977726,19.0,13,7,13,0,0,0,1,1,0,0,0,0,0,0,0,0,0,0,0,0,0,0,0,0,0,0,0,0,0,0,0,0,0,0,0,0,0,0,0,0,0,0,0,0,0,0,0,0,0,0,0
G500_02407,207000.0,481500.0,207500.0,482000.0,207250.0,481750.0,500,center_in_cheonan,34012110,성환읍,127.0813802610256,36.93452654407661,187.0,140,73,23,0,0,0,0,0,0,0,0,0,0,0,0,0,0,0,0,0,0,0,0,0,0,0,0,0,0,0,0,0,0,0,0,0,0,0,0,0,0,0,0,0,0,0,0,0,0,0,0
G500_02408,207500.0,481500.0,208000.0,482000.0,207750.0,481750.0,500,center_in_cheonan,34012110,성환읍,127.08699268712837,36.93452256609767,0.0,0,0,25,0,0,0,0,0,0,0,0,0,0,0,0,0,0,0,0,0,0,0,0,0,0,0,0,0,0,0,0,0,0,0,0,0,0,0,0,0,0,0,0,0,0,0,0,0,0,0,0
G500_02409,208000.0,481500.0,208500.0,482000.0,208250.0,481750.0,500,center_in_cheonan,34012110,성환읍,127.09260511209276,36.93451832292102,0.0,0,0,25,0,0,0,0,0,0,0,0,0,0,0,0,0,0,0,0,0,0,0,0,0,0,0,0,0,0,0,0,0,0,0,0,0,0,0,0,0,0,0,0,0,0,0,0,0,0,0,0
G500_02410,208500.0,481500.0,209000.0,482000.0,208750.0,481750.0,500,center_in_cheonan,34012110,성환읍,127.09821753584528,36.93451381454687,0.0,0,0,25,0,0,0,0,0,0,0,0,0,0,0,0,0,0,0,0,0,0,0,0,0,0,0,0,0,0,0,0,0,0,0,0,0,0,0,0,0,0,0,0,0,0,0,0,0,0,0,0
G500_02411,209000.0,481500.0,209500.0,482000.0,209250.0,481750.0,500,center_in_cheonan,34012110,성환읍,127.10382995831249,36.93450904097536,0.0,0,0,25,0,0,0,0,0,0,0,0,0,0,0,0,0,0,0,0,0,0,0,0,0,0,0,0,0,0,0,0,0,0,0,0,0,0,0,0,0,0,0,0,0,0,0,0,0,0,0,0
G500_02412,209500.0,481500.0,210000.0,482000.0,209750.0,481750.0,500,center_in_cheonan,34012110,성환읍,127.10944237942093,36.93450400220671,0.0,0,0,25,0,0,0,0,0,0,0,0,0,0,0,0,0,0,0,0,0,0,0,0,0,0,0,0,0,0,0,0,0,0,0,0,0,0,0,0,0,0,0,0,0,0,0,0,0,0,0,0
G500_02413,210000.0,481500.0,210500.0,482000.0,210250.0,481750.0,500,center_in_cheonan,34012110,성환읍,127.11505479909718,36.93449869824113,33.0,26,13,25,0,0,0,0,0,0,0,0,0,0,0,0,0,0,0,0,0,0,0,0,0,0,0,0,0,0,0,0,0,0,0,0,0,0,0,0,0,0,0,0,0,0,0,0,0,0,0,0
G500_02414,210500.0,481500.0,211000.0,482000.0,210750.0,481750.0,500,center_in_cheonan,34012110,성환읍,127.12066721726778,36.93449312907882,20.0,16,8,25,0,0,0,0,0,0,0,0,0,0,0,0,0,0,0,0,0,0,0,0,0,0,0,0,0,0,0,0,0,0,0,0,0,0,0,0,0,0,0,0,0,0,0,0,0,0,0,0
G500_02415,211000.0,481500.0,211500.0,482000.0,211250.0,481750.0,500,center_in_cheonan,34012110,성환읍,127.12627963385931,36.93448729472001,8.0,6,3,25,0,0,0,0,0,0,0,0,0,0,0,0,0,0,0,0,0,0,0,0,0,0,0,0,0,0,0,0,0,0,0,0,0,0,0,0,0,0,0,0,0,0,0,0,0,0,0,0
G500_02416,211500.0,481500.0,212000.0,482000.0,211750.0,481750.0,500,center_in_cheonan,34012110,성환읍,127.13189204879832,36.93448119516495,108.0,83,42,25,0,0,0,0,0,0,0,0,0,0,0,0,0,0,0,0,0,0,0,0,0,0,0,0,0,0,0,0,0,0,0,0,0,0,0,0,0,0,0,0,0,0,0,0,0,0,0,0
G500_02417,212000.0,481500.0,212500.0,482000.0,212250.0,481750.0,500,center_in_cheonan,34012110,성환읍,127.13750446201132,36.93447483041388,29.0,22,12,25,0,0,0,0,0,0,0,0,0,0,0,0,0,0,0,0,0,0,0,0,0,0,0,0,0,0,0,0,0,0,0,0,0,0,0,0,0,0,0,0,0,0,0,0,0,0,0,0
G500_02418,212500.0,481500.0,213000.0,482000.0,212750.0,481750.0,500,center_in_cheonan,34012110,성환읍,127.14311687342493,36.93446820046707,0.0,0,0,25,0,0,0,0,0,0,0,0,0,0,0,0,0,0,0,0,0,0,0,0,0,0,0,0,0,0,0,0,0,0,0,0,0,0,0,0,0,0,0,0,0,0,0,0,0,0,0,0
G500_02419,213000.0,481500.0,213500.0,482000.0,213250.0,481750.0,500,center_in_cheonan,34012110,성환읍,127.14872928296565,36.9344613053248,49.0,37,19,25,0,0,0,0,0,0,0,0,0,0,0,0,0,0,0,0,0,0,0,0,0,0,0,0,0,0,0,0,0,0,0,0,0,0,0,0,0,0,0,0,0,0,0,0,0,0,0,0
G500_02420,213500.0,481500.0,214000.0,482000.0,213750.0,481750.0,500,center_in_cheonan,34012110,성환읍,127.15434169056007,36.93445414498733,41.0,31,16,25,0,0,0,0,0,0,0,0,0,0,0,0,0,0,0,0,0,0,0,0,0,0,0,0,0,0,0,0,0,0,0,0,0,0,0,0,0,0,0,0,0,0,0,0,0,0,0,0
G500_02421,214000.0,481500.0,214500.0,482000.0,214250.0,481750.0,500,center_in_cheonan,34012110,성환읍,127.15995409613474,36.93444671945496,0.0,0,0,25,0,0,0,0,0,0,0,0,0,0,0,0,0,0,0,0,0,0,0,0,0,0,0,0,0,0,0,0,0,0,0,0,0,0,0,0,0,0,0,0,0,0,0,0,0,0,0,0
G500_02422,214500.0,481500.0,215000.0,482000.0,214750.0,481750.0,500,center_in_cheonan,34012110,성환읍,127.16556649961622,36.934439028727994,0.0,0,0,25,0,0,0,0,0,0,0,0,0,0,0,0,0,0,0,0,0,0,0,0,0,0,0,0,0,0,0,0,0,0,0,0,0,0,0,0,0,0,0,0,0,0,0,0,0,0,0,0
G500_02423,215000.0,481500.0,215500.0,482000.0,215250.0,481750.0,500,center_in_cheonan,34012310,입장면,127.17117890093103,36.934431072806746,0.0,0,0,25,0,0,0,0,0,0,0,0,0,0,0,0,0,0,0,0,0,0,0,0,0,0,0,0,0,0,0,0,0,0,0,0,0,0,0,0,0,0,0,0,0,0,0,0,0,0,0,0
G500_02424,215500.0,481500.0,216000.0,482000.0,215750.0,481750.0,500,center_in_cheonan,34012310,입장면,127.17679130000577,36.93442285169156,64.0,42,24,25,0,0,0,0,0,0,0,0,0,0,0,0,0,0,0,0,0,0,0,0,0,0,0,0,0,0,0,0,0,0,0,0,0,0,0,0,0,0,0,0,0,0,0,0,0,0,0,0
G500_02425,216000.0,481500.0,216500.0,482000.0,216250.0,481750.0,500,center_in_cheonan,34012310,입장면,127.18240369676698,36.93441436538274,37.0,25,14,25,0,0,0,0,0,0,0,0,0,0,0,0,0,0,0,0,0,0,0,0,0,0,0,0,0,0,0,0,0,0,0,0,0,0,0,0,0,0,0,0,0,0,0,0,0,0,0,0
G500_02426,216500.0,481500.0,217000.0,482000.0,216750.0,481750.0,500,center_in_cheonan,34012310,입장면,127.18801609114121,36.934405613880664,23.0,14,9,25,0,0,0,0,0,0,0,0,0,0,0,0,0,0,0,0,0,0,0,0,0,0,0,0,0,0,0,0,0,0,0,0,0,0,0,0,0,0,0,0,0,0,0,0,0,0,0,0
G500_02427,217000.0,481500.0,217500.0,482000.0,217250.0,481750.0,500,center_in_cheonan,34012310,입장면,127.19362848305504,36.934396597185675,84.0,55,32,25,0,0,0,0,0,0,0,0,0,0,0,0,0,0,0,0,0,0,0,0,0,0,0,0,0,0,0,0,0,0,0,0,0,0,0,0,0,0,0,0,0,0,0,0,0,0,0,0
G500_02428,217500.0,481500.0,218000.0,482000.0,217750.0,481750.0,500,center_in_cheonan,34012310,입장면,127.199240872435,36.934387315298146,101.0,65,39,25,0,0,0,0,0,0,0,0,0,0,0,0,0,0,0,0,0,0,0,0,0,0,0,0,0,0,0,0,0,0,0,0,0,0,0,0,0,0,0,0,0,0,0,0,0,0,0,0
G500_02429,218000.0,481500.0,218500.0,482000.0,218250.0,481750.0,500,center_in_cheonan,34012310,입장면,127.20485325920765,36.934377768218454,5.0,3,2,25,0,0,0,0,0,0,0,0,0,0,0,0,0,0,0,0,0,0,0,0,0,0,0,0,0,0,0,0,0,0,0,0,0,0,0,0,0,0,0,0,0,0,0,0,0,0,0,0
G500_02430,206500.0,482000.0,207000.0,482500.0,206750.0,482250.0,500,center_in_cheonan,34012110,성환읍,127.0757722941697,36.93903571298245,5.0,4,2,18,0,0,0,0,0,0,0,0,0,0,0,0,0,0,0,0,0,0,0,0,0,0,0,0,0,0,0,0,0,0,0,0,0,0,0,0,0,0,0,0,0,0,0,0,0,0,0,0
G500_02431,207000.0,482000.0,207500.0,482500.0,207250.0,482250.0,500,center_in_cheonan,34012110,성환읍,127.08138505172975,36.93903199959727,39.0,30,15,25,0,0,0,0,0,0,0,0,0,0,0,0,0,0,0,0,0,0,0,0,0,0,0,0,0,0,0,0,0,0,0,0,0,0,0,0,0,0,0,0,0,0,0,0,0,0,0,0
G500_02432,207500.0,482000.0,208000.0,482500.0,207750.0,482250.0,500,center_in_cheonan,34012110,성환읍,127.08699780822461,36.93902802097106,10.0,8,4,25,0,0,0,0,0,0,0,0,0,0,0,0,0,0,0,0,0,0,0,0,0,0,0,0,0,0,0,0,0,0,0,0,0,0,0,0,0,0,0,0,0,0,0,0,0,0,0,0
G500_02433,208000.0,482000.0,208500.0,482500.0,208250.0,482250.0,500,center_in_cheonan,34012110,성환읍,127.09261056358078,36.93902377710401,0.0,0,0,25,0,0,0,0,0,0,0,0,0,0,0,0,0,0,0,0,0,0,0,0,0,0,0,0,0,0,0,0,0,0,0,0,0,0,0,0,0,0,0,0,0,0,0,0,0,0,0,0
G500_02434,208500.0,482000.0,209000.0,482500.0,208750.0,482250.0,500,center_in_cheonan,34012110,성환읍,127.09822331772482,36.93901926799627,0.0,0,0,25,0,0,0,0,0,0,0,0,0,0,0,0,0,0,0,0,0,0,0,0,0,0,0,0,0,0,0,0,0,0,0,0,0,0,0,0,0,0,0,0,0,0,0,0,0,0,0,0
G500_02435,209000.0,482000.0,209500.0,482500.0,209250.0,482250.0,500,center_in_cheonan,34012110,성환읍,127.10383607058326,36.93901449364806,0.0,0,0,25,0,0,0,0,0,0,0,0,0,0,0,0,0,0,0,0,0,0,0,0,0,0,0,0,0,0,0,0,0,0,0,0,0,0,0,0,0,0,0,0,0,0,0,0,0,0,0,0
G500_02436,209500.0,482000.0,210000.0,482500.0,209750.0,482250.0,500,center_in_cheonan,34012110,성환읍,127.10944882208261,36.939009454059544,0.0,0,0,25,0,0,0,0,0,0,0,0,0,0,0,0,0,0,0,0,0,0,0,0,0,0,0,0,0,0,0,0,0,0,0,0,0,0,0,0,0,0,0,0,0,0,0,0,0,0,0,0
G500_02437,210000.0,482000.0,210500.0,482500.0,210250.0,482250.0,500,center_in_cheonan,34012110,성환읍,127.11506157214947,36.939004149230946,13.0,10,5,25,0,0,0,0,0,0,0,0,0,0,0,0,0,0,0,0,0,0,0,0,0,0,0,0,0,0,0,0,0,0,0,0,0,0,0,0,0,0,0,0,0,0,0,0,0,0,0,0
G500_02438,210500.0,482000.0,211000.0,482500.0,210750.0,482250.0,500,center_in_cheonan,34012110,성환읍,127.12067432071032,36.938998579162465,93.0,70,36,25,0,0,0,0,0,0,0,0,0,0,0,0,0,0,0,0,0,0,0,0,0,0,0,0,0,0,0,0,0,0,0,0,0,0,0,0,0,0,0,0,0,0,0,0,0,0,0,0
G500_02439,211000.0,482000.0,211500.0,482500.0,211250.0,482250.0,500,center_in_cheonan,34012110,성환읍,127.1262870676917,36.93899274385434,18.0,14,7,25,0,0,0,0,0,0,0,0,0,0,0,0,0,0,0,0,0,0,0,0,0,0,0,0,0,0,0,0,0,0,0,0,0,0,0,0,0,0,0,0,0,0,0,0,0,0,0,0
G500_02440,211500.0,482000.0,212000.0,482500.0,211750.0,482250.0,500,center_in_cheonan,34012110,성환읍,127.13189981302018,36.93898664330682,18.0,14,7,25,0,0,0,0,0,0,0,0,0,0,0,0,0,0,0,0,0,0,0,0,0,0,0,0,0,0,0,0,0,0,0,0,0,0,0,0,0,0,0,0,0,0,0,0,0,0,0,0
G500_02441,212000.0,482000.0,212500.0,482500.0,212250.0,482250.0,500,center_in_cheonan,34012110,성환읍,127.1375125566223,36.938980277520145,77.0,59,30,25,0,0,0,0,0,0,0,0,0,0,0,0,0,0,0,0,0,0,0,0,0,0,0,0,0,0,0,0,0,0,0,0,0,0,0,0,0,0,0,0,0,0,0,0,0,0,0,0
G500_02442,212500.0,482000.0,213000.0,482500.0,212750.0,482250.0,500,center_in_cheonan,34012110,성환읍,127.14312529842455,36.938973646494574,106.0,78,41,25,0,0,0,0,0,0,0,0,0,0,0,0,0,0,0,0,0,0,0,0,0,0,0,0,0,0,0,0,0,0,0,0,0,0,0,0,0,0,0,0,0,0,0,0,0,0,0,0
G500_02443,213000.0,482000.0,213500.0,482500.0,213250.0,482250.0,500,center_in_cheonan,34012110,성환읍,127.14873803835353,36.93896675023037,60.0,46,23,25,0,0,0,0,0,0,0,0,0,0,0,0,0,0,0,0,0,0,0,0,0,0,0,0,0,0,0,0,0,0,0,0,0,0,0,0,0,0,0,0,0,0,0,0,0,0,0,0
G500_02444,213500.0,482000.0,214000.0,482500.0,213750.0,482250.0,500,center_in_cheonan,34012110,성환읍,127.15435077633572,36.93895958872783,179.0,134,70,25,0,0,0,0,0,0,0,0,0,0,0,0,0,0,0,0,0,0,0,0,0,0,0,0,0,0,0,0,0,0,0,0,0,0,0,0,0,0,0,0,0,0,0,0,0,0,0,0
G500_02445,214000.0,482000.0,214500.0,482500.0,214250.0,482250.0,500,center_in_cheonan,34012110,성환읍,127.15996351229771,36.93895216198725,8.0,6,3,25,0,0,0,0,0,0,0,0,0,0,0,0,0,0,0,0,0,0,0,0,0,0,0,0,0,0,0,0,0,0,0,0,0,0,0,0,0,0,0,0,0,0,0,0,0,0,0,0
G500_02446,214500.0,482000.0,215000.0,482500.0,214750.0,482250.0,500,center_in_cheonan,34012110,성환읍,127.16557624616601,36.93894447000892,0.0,0,0,25,0,0,0,0,0,0,0,0,0,0,0,0,0,0,0,0,0,0,0,0,0,0,0,0,0,0,0,0,0,0,0,0,0,0,0,0,0,0,0,0,0,0,0,0,0,0,0,0
G500_02447,215000.0,482000.0,215500.0,482500.0,215250.0,482250.0,500,center_in_cheonan,34012110,성환읍,127.17118897786717,36.93893651279317,0.0,0,0,25,0,0,0,0,0,0,0,0,0,0,0,0,0,0,0,0,0,0,0,0,0,0,0,0,0,0,0,0,0,0,0,0,0,0,0,0,0,0,0,0,0,0,0,0,0,0,0,0
G500_02448,215500.0,482000.0,216000.0,482500.0,215750.0,482250.0,500,center_in_cheonan,34012310,입장면,127.17680170732773,36.9389282903403,142.0,93,52,25,0,0,0,0,0,0,0,0,0,0,0,0,0,0,0,0,0,0,0,0,0,0,0,0,0,0,0,0,0,0,0,0,0,0,0,0,0,0,0,0,0,0,0,0,0,0,0,0
G500_02449,216000.0,482000.0,216500.0,482500.0,216250.0,482250.0,500,center_in_cheonan,34012310,입장면,127.18241443447421,36.93891980265068,20.0,13,7,25,0,0,0,0,0,0,0,0,0,0,0,0,0,0,0,0,0,0,0,0,0,0,0,0,0,0,0,0,0,0,0,0,0,0,0,0,0,0,0,0,0,0,0,0,0,0,0,0
G500_02450,216500.0,482000.0,217000.0,482500.0,216750.0,482250.0,500,center_in_cheonan,34012310,입장면,127.18802715923319,36.93891104972464,8.0,5,3,25,0,0,0,0,0,0,0,0,0,0,0,0,0,0,0,0,0,0,0,0,0,0,0,0,0,0,0,0,0,0,0,0,0,0,0,0,0,0,0,0,0,0,0,0,0,0,0,0
G500_02451,217000.0,482000.0,217500.0,482500.0,217250.0,482250.0,500,center_in_cheonan,34012310,입장면,127.19363988153115,36.938902031562534,81.0,54,30,25,0,0,0,1,1,0,0,0,0,0,0,0,0,0,0,0,0,0,0,0,0,0,0,0,0,0,0,0,0,0,0,0,1,0,0,0,1,0,0,0,0,0,0,0,0,0,0,0
G500_02452,217500.0,482000.0,218000.0,482500.0,217750.0,482250.0,500,center_in_cheonan,34012310,입장면,127.19925260129467,36.93889274816473,5.0,3,2,25,0,0,0,0,0,0,0,0,0,0,0,0,0,0,0,0,0,0,0,0,0,0,0,0,0,0,0,0,0,0,0,0,0,0,0,0,0,0,0,0,0,0,0,0,0,0,0,0
G500_02453,218000.0,482000.0,218500.0,482500.0,218250.0,482250.0,500,center_in_cheonan,34012310,입장면,127.20486531845032,36.93888319953164,21.0,13,8,25,0,0,0,0,0,0,0,0,0,0,0,0,0,0,0,0,0,0,0,0,0,0,0,0,0,0,0,0,0,0,0,0,0,0,0,0,0,0,0,0,0,0,0,0,0,0,0,0
G500_02454,218500.0,482000.0,219000.0,482500.0,218750.0,482250.0,500,center_in_cheonan,34012310,입장면,127.21047803292457,36.93887338566361,0.0,0,0,9,0,0,0,0,0,0,0,0,0,0,0,0,0,0,0,0,0,0,0,0,0,0,0,0,0,0,0,0,0,0,0,0,0,0,0,0,0,0,0,0,0,0,0,0,0,0,0,0
G500_02455,207000.0,482500.0,207500.0,483000.0,207250.0,482750.0,500,center_in_cheonan,34012110,성환읍,127.08138984349911,36.94353745169142,62.0,47,24,18,0,0,0,0,0,0,0,0,0,0,0,0,0,0,0,0,0,0,0,0,0,0,0,0,0,0,0,0,0,0,0,0,0,0,0,0,0,0,0,0,0,0,0,0,0,0,0,0
G500_02456,207500.0,482500.0,208000.0,483000.0,207750.0,482750.0,500,center_in_cheonan,34012110,성환읍,127.0870029304595,36.94353347241788,15.0,12,6,25,0,0,0,0,0,0,0,0,0,0,0,0,0,0,0,0,0,0,0,0,0,0,0,0,0,0,0,0,0,0,0,0,0,0,0,0,0,0,0,0,0,0,0,0,0,0,0,0
G500_02457,208500.0,482500.0,209000.0,483000.0,208750.0,482750.0,500,center_in_cheonan,34012110,성환읍,127.09822910088997,36.94352471801894,13.0,10,5,24,0,0,0,0,0,0,0,0,0,0,0,0,0,0,0,0,0,0,0,0,0,0,0,0,0,0,0,0,0,0,0,0,0,0,0,0,0,0,0,0,0,0,0,0,0,0,0,0
G500_02458,209000.0,482500.0,209500.0,483000.0,209250.0,482750.0,500,center_in_cheonan,34012110,성환읍,127.10384218421311,36.94351994289392,0.0,0,0,25,0,0,0,0,0,0,0,0,0,0,0,0,0,0,0,0,0,0,0,0,0,0,0,0,0,0,0,0,0,0,0,0,0,0,0,0,0,0,0,0,0,0,0,0,0,0,0,0
G500_02459,209500.0,482500.0,210000.0,483000.0,209750.0,482750.0,500,center_in_cheonan,34012110,성환읍,127.10945526617685,36.943514902485454,0.0,0,0,25,0,0,0,0,0,0,0,0,0,0,0,0,0,0,0,0,0,0,0,0,0,0,0,0,0,0,0,0,0,0,0,0,0,0,0,0,0,0,0,0,0,0,0,0,0,0,0,0
G500_02460,210000.0,482500.0,210500.0,483000.0,210250.0,482750.0,500,center_in_cheonan,34012110,성환읍,127.11506834670773,36.94350959679373,8.0,6,3,25,0,0,0,0,0,0,0,0,0,0,0,0,0,0,0,0,0,0,0,0,0,0,0,0,0,0,0,0,0,0,0,0,0,0,0,0,0,0,0,0,0,0,0,0,0,0,0,0
G500_02461,210500.0,482500.0,211000.0,483000.0,210750.0,482750.0,500,center_in_cheonan,34012110,성환읍,127.12068142573229,36.94350402581899,0.0,0,0,25,0,0,0,0,0,0,0,0,0,0,0,0,0,0,0,0,0,0,0,0,0,0,0,0,0,0,0,0,0,0,0,0,0,0,0,0,0,0,0,0,0,0,0,0,0,0,0,0
G500_02462,211000.0,482500.0,211500.0,483000.0,211250.0,482750.0,500,center_in_cheonan,34012110,성환읍,127.12629450317702,36.943498189561446,0.0,0,0,25,0,0,0,0,0,0,0,0,0,0,0,0,0,0,0,0,0,0,0,0,0,0,0,0,0,0,0,0,0,0,0,0,0,0,0,0,0,0,0,0,0,0,0,0,0,0,0,0
G500_02463,211500.0,482500.0,212000.0,483000.0,211750.0,482750.0,500,center_in_cheonan,34012110,성환읍,127.13190757896844,36.943492088021344,18.0,14,7,25,0,0,0,0,0,0,0,0,0,0,0,0,0,0,0,0,0,0,0,0,0,0,0,0,0,0,0,0,0,0,0,0,0,0,0,0,0,0,0,0,0,0,0,0,0,0,0,0
G500_02464,212000.0,482500.0,212500.0,483000.0,212250.0,482750.0,500,center_in_cheonan,34012110,성환읍,127.13752065303308,36.94348572119893,36.0,28,14,25,0,0,0,0,0,0,0,0,0,0,0,0,0,0,0,0,0,0,0,0,0,0,0,0,0,0,0,0,0,0,0,0,0,0,0,0,0,0,0,0,0,0,0,0,0,0,0,0
G500_02465,212500.0,482500.0,213000.0,483000.0,212750.0,482750.0,500,center_in_cheonan,34012110,성환읍,127.14313372529749,36.94347908909446,67.0,51,26,25,0,0,0,0,0,0,0,0,0,0,0,0,0,0,0,0,0,0,0,0,0,0,0,0,0,0,0,0,0,0,0,0,0,0,0,0,0,0,0,0,0,0,0,0,0,0,0,0
G500_02466,213000.0,482500.0,213500.0,483000.0,213250.0,482750.0,500,center_in_cheonan,34012110,성환읍,127.14874679568815,36.94347219170822,114.0,86,45,25,0,0,0,1,1,0,0,0,0,0,0,0,0,0,0,0,0,0,0,0,0,0,0,0,0,0,0,0,0,0,0,0,0,0,0,0,0,0,0,0,0,0,0,0,0,0,0,0
G500_02467,213500.0,482500.0,214000.0,483000.0,213750.0,482750.0,500,center_in_cheonan,34012110,성환읍,127.1543598641316,36.943465029040475,34.0,26,13,25,0,0,0,0,0,0,0,0,0,0,0,0,0,0,0,0,0,0,0,0,0,0,0,0,0,0,0,0,0,0,0,0,0,0,0,0,0,0,0,0,0,0,0,0,0,0,0,0
G500_02468,214000.0,482500.0,214500.0,483000.0,214250.0,482750.0,500,center_in_cheonan,34012110,성환읍,127.15997293055437,36.943457601091545,23.0,17,9,25,0,0,0,0,0,0,0,0,0,0,0,0,0,0,0,0,0,0,0,0,0,0,0,0,0,0,0,0,0,0,0,0,0,0,0,0,0,0,0,0,0,0,0,0,0,0,0,0
G500_02469,214500.0,482500.0,215000.0,483000.0,214750.0,482750.0,500,center_in_cheonan,34012110,성환읍,127.16558599488297,36.9434499078617,26.0,20,10,25,0,0,0,0,0,0,0,0,0,0,0,0,0,0,0,0,0,0,0,0,0,0,0,0,0,0,0,0,0,0,0,0,0,0,0,0,0,0,0,0,0,0,0,0,0,0,0,0
G500_02470,215000.0,482500.0,215500.0,483000.0,215250.0,482750.0,500,center_in_cheonan,34012110,성환읍,127.17119905704392,36.94344194935128,49.0,37,19,25,0,0,0,0,0,0,0,0,0,0,0,0,0,0,0,0,0,0,0,0,0,0,0,0,0,0,0,0,0,0,0,0,0,0,0,0,0,0,0,0,0,0,0,0,0,0,0,0
G500_02471,215500.0,482500.0,216000.0,483000.0,215750.0,482750.0,500,center_in_cheonan,34012310,입장면,127.17681211696375,36.9434337255606,5.0,4,2,25,0,0,0,0,0,0,0,0,0,0,0,0,0,0,0,0,0,0,0,0,0,0,0,0,0,0,0,0,0,0,0,0,0,0,0,0,0,0,0,0,0,0,0,0,0,0,0,0
G500_02472,216000.0,482500.0,216500.0,483000.0,216250.0,482750.0,500,center_in_cheonan,34012310,입장면,127.18242517456896,36.94342523649,13.0,8,5,25,0,0,0,0,0,0,0,0,0,0,0,0,0,0,0,0,0,0,0,0,0,0,0,0,0,0,0,0,0,0,0,0,0,0,0,0,0,0,0,0,0,0,0,0,0,0,0,0
G500_02473,216500.0,482500.0,217000.0,483000.0,216750.0,482750.0,500,center_in_cheonan,34012310,입장면,127.18803822978613,36.943416482139824,0.0,0,0,25,0,0,0,0,0,0,0,0,0,0,0,0,0,0,0,0,0,0,0,0,0,0,0,0,0,0,0,0,0,0,0,0,0,0,0,0,0,0,0,0,0,0,0,0,0,0,0,0
G500_02474,217000.0,482500.0,217500.0,483000.0,217250.0,482750.0,500,center_in_cheonan,34012310,입장면,127.19365128254171,36.94340746251044,15.0,9,6,25,0,0,0,0,0,0,0,0,0,0,0,0,0,0,0,0,0,0,0,0,0,0,0,0,0,0,0,0,0,0,0,0,0,0,0,0,0,0,0,0,0,0,0,0,0,0,0,0
G500_02475,217500.0,482500.0,218000.0,483000.0,217750.0,482750.0,500,center_in_cheonan,34012310,입장면,127.19926433276227,36.94339817760221,0.0,0,0,25,0,0,0,0,0,0,0,0,0,0,0,0,0,0,0,0,0,0,0,0,0,0,0,0,0,0,0,0,0,0,0,0,0,0,0,0,0,0,0,0,0,0,0,0,0,0,0,0
G500_02476,218000.0,482500.0,218500.0,483000.0,218250.0,482750.0,500,center_in_cheonan,34012310,입장면,127.20487738037431,36.94338862741551,117.0,78,44,17,0,0,0,0,0,0,0,0,0,0,0,0,0,0,0,0,0,0,0,0,0,0,0,0,0,0,0,0,0,0,0,0,0,0,0,0,0,0,0,0,0,0,0,0,0,0,0,0
G500_02477,208500.0,483000.0,209000.0,483500.0,208750.0,483250.0,500,center_in_cheonan,34012110,성환읍,127.09823488534103,36.94803016461473,24.0,18,10,16,0,0,0,0,0,0,0,0,0,0,0,0,0,0,0,0,0,0,0,0,0,0,0,0,0,0,0,0,0,0,0,0,0,0,0,0,0,0,0,0,0,0,0,0,0,0,0,0
G500_02478,209000.0,483000.0,209500.0,483500.0,209250.0,483250.0,500,center_in_cheonan,34012110,성환읍,127.10384829920234,36.948025388712814,75.0,57,29,25,0,0,0,0,0,0,0,0,0,0,0,0,0,0,0,0,0,0,0,0,0,0,0,0,0,0,0,0,0,0,0,0,0,0,0,0,0,0,0,0,0,0,0,0,0,0,0,0
G500_02479,209500.0,483000.0,210000.0,483500.0,209750.0,483250.0,500,center_in_cheonan,34012110,성환읍,127.10946171170393,36.94802034748429,5.0,4,2,25,0,0,0,0,0,0,0,0,0,0,0,0,0,0,0,0,0,0,0,0,0,0,0,0,0,0,0,0,0,0,0,0,0,0,0,0,0,0,0,0,0,0,0,0,0,0,0,0
G500_02480,210000.0,483000.0,210500.0,483500.0,210250.0,483250.0,500,center_in_cheonan,34012110,성환읍,127.11507512277235,36.948015040929356,77.0,60,30,25,0,0,0,0,0,0,0,0,1,0,1,0,0,0,0,0,0,0,0,0,0,0,0,0,0,0,0,0,0,0,0,0,0,0,0,0,0,0,0,0,0,0,0,0,0,0,0,0
G500_02481,210500.0,483000.0,211000.0,483500.0,210750.0,483250.0,500,center_in_cheonan,34012110,성환읍,127.12068853233407,36.94800946904823,0.0,0,0,25,0,0,0,0,0,0,0,0,0,0,0,0,0,0,0,0,0,0,0,0,0,0,0,0,0,0,0,0,0,0,0,0,0,0,0,0,0,0,0,0,0,0,0,0,0,0,0,0
G500_02482,211000.0,483000.0,211500.0,483500.0,211250.0,483250.0,500,center_in_cheonan,34012110,성환읍,127.12630194031561,36.94800363184115,0.0,0,0,25,0,0,0,0,0,0,0,0,0,0,0,0,0,0,0,0,0,0,0,0,0,0,0,0,0,0,0,0,0,0,0,0,0,0,0,0,0,0,0,0,0,0,0,0,0,0,0,0
G500_02483,211500.0,483000.0,212000.0,483500.0,211750.0,483250.0,500,center_in_cheonan,34012110,성환읍,127.13191534664345,36.94799752930835,122.0,91,47,25,0,0,0,2,2,0,0,0,0,0,0,0,0,0,0,0,0,0,0,0,0,0,0,0,0,0,0,0,0,0,0,0,0,0,0,0,0,0,0,0,0,0,0,0,0,0,0,0
G500_02484,212000.0,483000.0,212500.0,483500.0,212250.0,483250.0,500,center_in_cheonan,34012110,성환읍,127.13752875124415,36.94799116145008,71.0,54,28,25,0,0,0,0,0,0,0,0,0,0,0,0,0,0,0,0,0,0,0,0,0,0,0,0,0,0,0,0,0,0,0,0,0,0,0,0,0,0,0,0,0,0,0,0,0,0,0,0
G500_02485,212500.0,483000.0,213000.0,483500.0,212750.0,483250.0,500,center_in_cheonan,34012110,성환읍,127.14314215404414,36.94798452826661,28.0,21,11,25,0,0,0,0,0,0,0,0,0,0,0,0,0,0,0,0,0,0,0,0,0,0,0,0,0,0,0,0,0,0,0,0,1,0,0,0,1,0,0,0,0,0,0,0,0,0,0,0
G500_02486,213000.0,483000.0,213500.0,483500.0,213250.0,483250.0,500,center_in_cheonan,34012110,성환읍,127.14875555497,36.947977629758185,156.0,118,61,25,0,0,0,0,0,0,0,0,1,0,1,0,0,0,0,0,0,0,0,0,0,0,0,0,0,0,0,0,0,0,1,1,0,0,0,0,0,0,0,0,0,0,0,0,0,0,0,0
G500_02487,213500.0,483000.0,214000.0,483500.0,213750.0,483250.0,500,center_in_cheonan,34012110,성환읍,127.15436895394816,36.94797046592511,405.0,304,159,25,0,0,0,0,0,0,0,0,0,0,0,0,0,0,0,0,0,0,0,0,0,0,0,0,0,0,0,0,0,0,0,0,0,0,0,0,0,0,0,0,0,0,0,0,0,0,0,0
G500_02488,214000.0,483000.0,214500.0,483500.0,214250.0,483250.0,500,center_in_cheonan,34012110,성환읍,127.15998235090518,36.94796303676767,31.0,24,12,25,0,0,0,0,0,0,0,0,0,0,0,0,0,0,0,0,0,0,0,0,0,0,0,0,0,0,0,0,0,0,0,0,0,0,0,0,0,0,0,0,0,0,0,0,0,0,0,0
G500_02489,214500.0,483000.0,215000.0,483500.0,214750.0,483250.0,500,center_in_cheonan,34012110,성환읍,127.16559574576758,36.94795534228618,160.0,121,62,25,0,0,0,1,1,0,0,0,2,1,1,0,0,0,0,0,0,0,0,0,0,0,0,0,0,0,0,0,0,0,0,0,0,0,0,0,0,0,0,0,0,0,0,0,0,0,0,0
G500_02490,215000.0,483000.0,215500.0,483500.0,215250.0,483250.0,500,center_in_cheonan,34012110,성환읍,127.17120913846179,36.94794738248093,109.0,83,42,25,0,0,0,0,0,0,0,0,0,0,0,0,0,0,0,0,0,0,0,0,0,0,0,0,0,0,0,0,0,0,0,0,0,0,0,0,0,0,0,0,0,0,0,0,0,0,0,0
G500_02491,215500.0,483000.0,216000.0,483500.0,215750.0,483250.0,500,center_in_cheonan,34012110,성환읍,127.17682252891437,36.94793915735229,0.0,0,0,25,0,0,0,0,0,0,0,0,0,0,0,0,0,0,0,0,0,0,0,0,0,0,0,0,0,0,0,0,0,0,0,0,0,0,0,0,0,0,0,0,0,0,0,0,0,0,0,0
G500_02492,216000.0,483000.0,216500.0,483500.0,216250.0,483250.0,500,center_in_cheonan,34012310,입장면,127.1824359170518,36.94793066690055,5.0,4,2,25,0,0,0,0,0,0,0,0,0,0,0,0,0,0,0,0,0,0,0,0,0,0,0,0,0,0,0,0,0,0,0,0,0,0,0,0,0,0,0,0,0,0,0,0,0,0,0,0
G500_02493,216500.0,483000.0,217000.0,483500.0,216750.0,483250.0,500,center_in_cheonan,34012310,입장면,127.18804930280061,36.94792191112609,0.0,0,0,25,0,0,0,0,0,0,0,0,0,0,0,0,0,0,0,0,0,0,0,0,0,0,0,0,0,0,0,0,0,0,0,0,0,0,0,0,0,0,0,0,0,0,0,0,0,0,0,0
G500_02494,217000.0,483000.0,217500.0,483500.0,217250.0,483250.0,500,center_in_cheonan,34012310,입장면,127.19366268608731,36.94791289002924,0.0,0,0,25,0,0,0,0,0,0,0,0,0,0,0,0,0,0,0,0,0,0,0,0,0,0,0,0,0,0,0,0,0,0,0,0,0,0,0,0,0,0,0,0,0,0,0,0,0,0,0,0
G500_02495,217500.0,483000.0,218000.0,483500.0,217750.0,483250.0,500,center_in_cheonan,34012310,입장면,127.19927606683838,36.94790360361039,13.0,9,5,25,0,0,0,0,0,0,0,0,0,0,0,0,0,0,0,0,0,0,0,0,0,0,0,0,0,0,0,0,0,0,0,0,0,0,0,0,0,0,0,0,0,0,0,0,0,0,0,0
G500_02496,209000.0,483500.0,209500.0,484000.0,209250.0,483750.0,500,center_in_cheonan,34012110,성환읍,127.10385441555125,36.95253083110457,72.0,55,28,23,0,0,0,0,0,0,0,0,0,0,0,0,0,0,0,0,0,0,0,0,0,0,0,0,0,0,0,0,0,0,0,0,0,0,0,0,0,0,0,0,0,0,0,0,0,0,0,0
G500_02497,209500.0,483500.0,210000.0,484000.0,209750.0,483750.0,500,center_in_cheonan,34012110,성환읍,127.10946815866423,36.95252578905589,0.0,0,0,25,0,0,0,0,0,0,0,0,0,0,0,0,0,0,0,0,0,0,0,0,0,0,0,0,0,0,0,0,0,0,0,0,0,0,0,0,0,0,0,0,0,0,0,0,0,0,0,0
G500_02498,210000.0,483500.0,210500.0,484000.0,210250.0,483750.0,500,center_in_cheonan,34012110,성환읍,127.11508190034365,36.952520481637634,123.0,94,48,25,0,0,0,1,1,0,0,0,0,0,0,0,0,0,0,0,0,0,0,0,0,0,0,0,0,0,0,0,0,0,0,0,1,0,0,0,1,0,0,0,0,0,0,0,0,0,0,0
G500_02499,210500.0,483500.0,211000.0,484000.0,210750.0,483750.0,500,center_in_cheonan,34012110,성환읍,127.12069564051603,36.952514908850034,26.0,19,10,25,0,0,0,0,0,0,0,0,0,0,0,0,0,0,0,0,0,0,0,0,0,0,0,0,0,0,0,0,0,0,0,0,0,0,0,0,0,0,0,0,0,0,0,0,0,0,0,0
G500_02500,211000.0,483500.0,211500.0,484000.0,211250.0,483750.0,500,center_in_cheonan,34012110,성환읍,127.12630937910788,36.95250907069331,13.0,10,5,25,0,0,0,0,0,0,0,0,0,0,0,0,0,0,0,0,0,0,0,0,0,0,0,0,0,0,0,0,0,0,0,0,0,0,0,0,0,0,0,0,0,0,0,0,0,0,0,0
G500_02501,211500.0,483500.0,212000.0,484000.0,211750.0,483750.0,500,center_in_cheonan,34012110,성환읍,127.13192311604567,36.9525029671677,28.0,21,11,25,0,0,0,1,1,0,0,0,0,0,0,0,0,0,0,0,0,0,0,0,0,0,0,0,0,0,0,0,0,0,0,0,0,0,0,0,0,0,0,0,0,0,0,0,0,0,0,0
G500_02502,212000.0,483500.0,212500.0,484000.0,212250.0,483750.0,500,center_in_cheonan,34012110,성환읍,127.13753685125587,36.952496598273456,0.0,0,0,25,0,0,0,0,0,0,0,0,0,0,0,0,0,0,0,0,0,0,0,0,0,0,0,0,0,0,0,0,0,0,0,0,0,0,0,0,0,0,0,0,0,0,0,0,0,0,0,0
G500_02503,212500.0,483500.0,213000.0,484000.0,212750.0,483750.0,500,center_in_cheonan,34012110,성환읍,127.143150584665,36.95248996401083,103.0,76,40,25,0,0,0,0,0,0,0,0,0,0,0,0,0,0,0,0,0,0,0,0,0,0,0,0,0,0,0,0,0,0,0,0,0,0,0,0,0,0,0,0,0,0,0,0,0,0,0,0
G500_02504,213000.0,483500.0,213500.0,484000.0,213250.0,483750.0,500,center_in_cheonan,34012110,성환읍,127.1487643161995,36.95248306438011,49.0,38,19,25,0,0,0,0,0,0,0,0,0,0,0,0,0,0,0,0,0,0,0,0,0,0,0,0,0,0,0,0,0,0,0,0,0,0,0,0,0,0,0,0,0,0,0,0,0,0,0,0
G500_02505,213500.0,483500.0,214000.0,484000.0,213750.0,483750.0,500,center_in_cheonan,34012110,성환읍,127.1543780457859,36.95247589938156,13.0,10,5,25,0,0,0,0,0,0,0,0,0,0,0,0,0,0,0,0,0,0,0,0,0,0,0,0,0,0,0,0,0,0,0,0,0,0,0,0,0,0,0,0,0,0,0,0,0,0,0,0
G500_02506,214000.0,483500.0,214500.0,484000.0,214250.0,483750.0,500,center_in_cheonan,34012110,성환읍,127.15999177335067,36.952468469015486,5.0,4,2,25,0,0,0,0,0,0,0,0,0,0,0,0,0,0,0,0,0,0,0,0,0,0,0,0,0,0,0,0,0,0,0,0,0,0,0,0,0,0,0,0,0,0,0,0,0,0,0,0
G500_02507,214500.0,483500.0,215000.0,484000.0,214750.0,483750.0,500,center_in_cheonan,34012110,성환읍,127.16560549882031,36.95246077328219,18.0,14,7,25,0,0,0,0,0,0,0,0,0,0,0,0,0,0,0,0,0,0,0,0,0,0,0,0,0,0,0,0,0,0,0,0,0,0,0,0,0,0,0,0,0,0,0,0,0,0,0,0
G500_02508,215000.0,483500.0,215500.0,484000.0,215250.0,483750.0,500,center_in_cheonan,34012110,성환읍,127.17121922212131,36.95245281218199,13.0,9,5,25,0,0,0,0,0,0,0,0,0,0,0,0,0,0,0,0,0,0,0,0,0,0,0,0,0,0,0,0,0,0,0,0,0,0,0,0,0,0,0,0,0,0,0,0,0,0,0,0
G500_02509,215500.0,483500.0,216000.0,484000.0,215750.0,483750.0,500,center_in_cheonan,34012110,성환읍,127.17683294318013,36.952444585715206,18.0,12,7,25,0,0,0,0,0,0,0,0,0,0,0,0,0,0,0,0,0,0,0,0,0,0,0,0,0,0,0,0,0,0,0,0,0,0,0,0,0,0,0,0,0,0,0,0,0,0,0,0
G500_02510,216000.0,483500.0,216500.0,484000.0,216250.0,483750.0,500,center_in_cheonan,34012310,입장면,127.18244666192328,36.95243609388218,64.0,41,24,25,0,0,0,0,0,0,0,0,0,0,0,0,0,0,0,0,0,0,0,0,0,0,0,0,0,0,0,0,0,0,0,0,0,0,0,0,0,0,0,0,0,0,0,0,0,0,0,0
G500_02511,216500.0,483500.0,217000.0,484000.0,216750.0,483750.0,500,center_in_cheonan,34012310,입장면,127.18806037827726,36.95242733668325,80.0,52,30,20,0,0,0,0,0,0,0,0,0,0,0,0,0,0,0,0,0,0,0,0,0,0,0,0,0,0,0,0,0,0,0,0,0,0,0,0,0,0,0,0,0,0,0,0,0,0,0,0
G500_02512,208500.0,484000.0,209000.0,484500.0,208750.0,484250.0,500,center_in_cheonan,34012110,성환읍,127.09824645810205,36.95704104752502,44.0,34,17,19,0,0,0,0,0,0,0,0,0,0,0,0,0,0,0,0,0,0,0,0,0,0,0,0,0,0,0,0,0,0,0,0,0,0,0,0,0,0,0,0,0,0,0,0,0,0,0,0
G500_02513,209000.0,484000.0,209500.0,484500.0,209250.0,484250.0,500,center_in_cheonan,34012110,성환읍,127.1038605332602,36.95703627006903,116.0,87,45,25,0,0,0,0,0,0,0,0,0,0,0,0,0,0,0,0,0,0,0,0,0,0,0,0,0,0,0,0,0,0,0,0,0,0,0,0,0,0,0,0,0,0,0,0,0,0,0,0
G500_02514,209500.0,484000.0,210000.0,484500.0,209750.0,484250.0,500,center_in_cheonan,34012110,성환읍,127.10947460705803,36.95703122720011,31.0,23,12,25,0,0,0,0,0,0,0,0,0,0,0,0,0,0,0,0,0,0,0,0,0,0,0,0,0,0,0,0,0,0,0,0,0,0,0,0,0,0,0,0,0,0,0,0,0,0,0,0
G500_02515,210000.0,484000.0,210500.0,484500.0,210250.0,484250.0,500,center_in_cheonan,34012110,성환읍,127.115088679422,36.95702591891845,13.0,10,5,25,0,0,0,0,0,0,0,0,0,0,0,0,0,0,0,0,0,0,0,0,0,0,0,0,0,0,0,0,0,0,0,0,0,0,0,0,0,0,0,0,0,0,0,0,0,0,0,0
G500_02516,210500.0,484000.0,211000.0,484500.0,210750.0,484250.0,500,center_in_cheonan,34012110,성환읍,127.12070275027855,36.957020345224265,5.0,4,2,25,0,0,0,0,0,0,0,0,0,0,0,0,0,0,0,0,0,0,0,0,0,0,0,0,0,0,0,0,0,0,0,0,0,0,0,0,0,0,0,0,0,0,0,0,0,0,0,0
G500_02517,211000.0,484000.0,211500.0,484500.0,211250.0,484250.0,500,center_in_cheonan,34012110,성환읍,127.12631681955423,36.95701450611778,0.0,0,0,25,0,0,0,0,0,0,0,0,0,0,0,0,0,0,0,0,0,0,0,0,0,0,0,0,0,0,0,0,0,0,0,0,0,0,0,0,0,0,0,0,0,0,0,0,0,0,0,0
G500_02518,211500.0,484000.0,212000.0,484500.0,211750.0,484250.0,500,center_in_cheonan,34012110,성환읍,127.13193088717546,36.957008401599246,523.0,393,205,25,0,0,0,0,0,0,0,0,0,0,0,0,0,0,0,0,0,0,0,0,0,0,0,0,0,0,0,0,0,0,0,0,0,0,0,0,0,0,0,0,0,0,0,0,0,0,0,0
G500_02519,212000.0,484000.0,212500.0,484500.0,212250.0,484250.0,500,center_in_cheonan,34012110,성환읍,127.1375449530687,36.9570020316689,5.0,4,2,25,0,0,0,0,0,0,0,0,0,0,0,0,0,0,0,0,0,0,0,0,0,0,0,0,0,0,0,0,0,0,0,0,0,0,0,0,0,0,0,0,0,0,0,0,0,0,0,0
G500_02520,212500.0,484000.0,213000.0,484500.0,212750.0,484250.0,500,center_in_cheonan,34012110,성환읍,127.14315901716041,36.95699539632702,36.0,27,14,25,0,0,0,0,0,0,0,0,0,0,0,0,0,0,0,0,0,0,0,0,0,0,0,0,0,0,0,0,0,0,0,0,0,0,0,0,0,0,0,0,0,0,0,0,0,0,0,0
G500_02521,213000.0,484000.0,213500.0,484500.0,213250.0,484250.0,500,center_in_cheonan,34012110,성환읍,127.14877307937712,36.95698849557385,36.0,27,14,25,0,0,0,0,0,0,0,0,0,0,0,0,0,0,0,0,0,0,0,0,0,0,0,0,0,0,0,0,0,0,0,0,0,0,0,0,0,0,0,0,0,0,0,0,0,0,0,0
G500_02522,213500.0,484000.0,214000.0,484500.0,213750.0,484250.0,500,center_in_cheonan,34012110,성환읍,127.15438713964525,36.9569813294097,5.0,4,2,25,0,0,0,0,0,0,0,0,0,0,0,0,0,0,0,0,0,0,0,0,0,0,0,0,0,0,0,0,0,0,0,0,0,0,0,0,0,0,0,0,0,0,0,0,0,0,0,0
G500_02523,214000.0,484000.0,214500.0,484500.0,214250.0,484250.0,500,center_in_cheonan,34012110,성환읍,127.16000119789129,36.95697389783485,0.0,0,0,25,0,0,0,0,0,0,0,0,0,0,0,0,0,0,0,0,0,0,0,0,0,0,0,0,0,0,0,0,0,0,0,0,0,0,0,0,0,0,0,0,0,0,0,0,0,0,0,0
G500_02524,214500.0,484000.0,215000.0,484500.0,214750.0,484250.0,500,center_in_cheonan,34012110,성환읍,127.16561525404171,36.956966200849614,5.0,4,2,25,0,0,0,0,0,0,0,0,0,0,0,0,0,0,0,0,0,0,0,0,0,0,0,0,0,0,0,0,0,0,0,0,0,0,0,0,0,0,0,0,0,0,0,0,0,0,0,0
G500_02525,215000.0,484000.0,215500.0,484500.0,215250.0,484250.0,500,center_in_cheonan,34012110,성환읍,127.17122930802299,36.956958238454284,85.0,64,33,25,0,0,0,0,0,0,0,0,0,0,0,0,0,0,0,0,0,0,0,0,0,0,0,0,0,0,0,0,0,0,0,0,0,0,0,0,0,0,0,0,0,0,0,0,0,0,0,0
G500_02526,215500.0,484000.0,216000.0,484500.0,215750.0,484250.0,500,center_in_cheonan,34012310,입장면,127.17684335976156,36.95695001064923,10.0,6,4,23,0,0,0,0,0,0,0,0,0,0,0,0,0,0,0,0,0,0,0,0,0,0,0,0,0,0,0,0,0,0,0,0,0,0,0,0,0,0,0,0,0,0,0,0,0,0,0,0
G500_02527,209000.0,484500.0,209500.0,485000.0,209250.0,484750.0,500,center_in_cheonan,34012110,성환읍,127.10386665232947,36.961541705606066,5.0,4,2,25,0,0,0,0,0,0,0,0,0,0,0,0,0,0,0,0,0,0,0,0,0,0,0,0,0,0,0,0,0,0,0,0,0,0,0,0,0,0,0,0,0,0,0,0,0,0,0,0
G500_02528,209500.0,484500.0,210000.0,485000.0,209750.0,484750.0,500,center_in_cheonan,34012110,성환읍,127.10948105688568,36.9615366619168,13.0,10,5,25,0,0,0,0,0,0,0,0,0,0,0,0,0,0,0,0,0,0,0,0,0,0,0,0,0,0,0,0,0,0,0,0,0,0,0,0,0,0,0,0,0,0,0,0,0,0,0,0
G500_02529,210000.0,484500.0,210500.0,485000.0,210250.0,484750.0,500,center_in_cheonan,34012110,성환읍,127.11509546000772,36.961531352771615,0.0,0,0,25,0,0,0,0,0,0,0,0,0,0,0,0,0,0,0,0,0,0,0,0,0,0,0,0,0,0,0,0,0,0,0,0,0,0,0,0,0,0,0,0,0,0,0,0,0,0,0,0
G500_02530,210500.0,484500.0,211000.0,485000.0,210750.0,484750.0,500,center_in_cheonan,34012110,성환읍,127.12070986162202,36.961525778170746,8.0,6,3,25,0,0,0,0,0,0,0,0,0,0,0,0,0,0,0,0,0,0,0,0,0,0,0,0,0,0,0,0,0,0,0,0,0,0,0,0,0,0,0,0,0,0,0,0,0,0,0,0
G500_02531,211000.0,484500.0,211500.0,485000.0,211250.0,484750.0,500,center_in_cheonan,34012110,성환읍,127.12632426165503,36.96151993811441,94.0,69,36,25,0,0,0,0,0,0,0,0,0,0,0,0,0,0,0,0,0,0,0,0,0,0,0,0,0,0,0,0,0,0,0,0,0,0,0,0,0,0,0,0,0,0,0,0,0,0,0,0
G500_02532,211500.0,484500.0,212000.0,485000.0,211750.0,484750.0,500,center_in_cheonan,34012110,성환읍,127.1319386600332,36.96151383260282,20.0,13,8,25,0,0,0,0,0,0,0,0,0,0,0,0,0,0,0,0,0,0,0,0,0,0,0,0,0,0,0,0,0,0,0,0,0,0,0,0,0,0,0,0,0,0,0,0,0,0,0,0
G500_02533,212000.0,484500.0,212500.0,485000.0,212250.0,484750.0,500,center_in_cheonan,34012110,성환읍,127.137553056683,36.96150746163625,83.0,63,32,25,0,0,0,0,0,0,0,0,0,0,0,0,0,0,0,0,0,0,0,0,0,0,0,0,0,0,0,0,0,0,0,0,1,0,0,0,1,0,0,0,0,0,0,0,0,0,0,0
G500_02534,212500.0,484500.0,213000.0,485000.0,212750.0,484750.0,500,center_in_cheonan,34012110,성환읍,127.14316745153089,36.96150082521499,10.0,6,4,25,0,0,0,0,0,0,0,0,0,0,0,0,0,0,0,0,0,0,0,0,0,0,0,0,0,0,0,0,0,0,0,0,0,0,0,0,0,0,0,0,0,0,0,0,0,0,0,0
G500_02535,213000.0,484500.0,213500.0,485000.0,213250.0,484750.0,500,center_in_cheonan,34012110,성환읍,127.14878184450332,36.96149392333925,0.0,0,0,25,0,0,0,0,0,0,0,0,0,0,0,0,0,0,0,0,0,0,0,0,0,0,0,0,0,0,0,0,0,0,0,0,0,0,0,0,0,0,0,0,0,0,0,0,0,0,0,0
G500_02536,213500.0,484500.0,214000.0,485000.0,213750.0,484750.0,500,center_in_cheonan,34012110,성환읍,127.1543962355267,36.96148675600936,0.0,0,0,25,0,0,0,0,0,0,0,0,0,0,0,0,0,0,0,0,0,0,0,0,0,0,0,0,0,0,0,0,0,0,0,0,0,0,0,0,0,0,0,0,0,0,0,0,0,0,0,0
G500_02537,214000.0,484500.0,214500.0,485000.0,214250.0,484750.0,500,center_in_cheonan,34012110,성환읍,127.16001062452753,36.96147932322559,10.0,7,4,25,0,0,0,0,0,0,0,0,0,0,0,0,0,0,0,0,0,0,0,0,0,0,0,0,0,0,0,0,0,0,0,0,0,0,0,0,0,0,0,0,0,0,0,0,0,0,0,0
G500_02538,214500.0,484500.0,215000.0,485000.0,214750.0,484750.0,500,center_in_cheonan,34012110,성환읍,127.16562501143227,36.961471624988256,23.0,17,9,16,0,0,0,0,0,0,0,0,0,0,0,0,0,0,0,0,0,0,0,0,0,0,0,0,0,0,0,0,0,0,0,0,0,0,0,0,0,0,0,0,0,0,0,0,0,0,0,0
G500_02539,215000.0,484500.0,215500.0,485000.0,215250.0,484750.0,500,center_in_cheonan,34012110,성환읍,127.17123939616734,36.961463661297664,8.0,6,3,20,0,0,0,0,0,0,0,0,0,0,0,0,0,0,0,0,0,0,0,0,0,0,0,0,0,0,0,0,0,0,0,0,0,0,0,0,0,0,0,0,0,0,0,0,0,0,0,0
G500_02540,215500.0,484500.0,216000.0,485000.0,215750.0,484750.0,500,center_in_cheonan,34012310,입장면,127.1768537786592,36.96145543215416,8.0,5,3,12,0,0,0,0,0,0,0,0,0,0,0,0,0,0,0,0,0,0,0,0,0,0,0,0,0,0,0,0,0,0,0,0,0,0,0,0,0,0,0,0,0,0,0,0,0,0,0,0
G500_02541,209500.0,485000.0,210000.0,485500.0,209750.0,485250.0,500,center_in_cheonan,34012110,성환읍,127.10948750814754,36.96604209320581,0.0,0,0,25,0,0,0,0,0,0,0,0,0,0,0,0,0,0,0,0,0,0,0,0,0,0,0,0,0,0,0,0,0,0,0,0,0,0,0,0,0,0,0,0,0,0,0,0,0,0,0,0
G500_02542,210000.0,485000.0,210500.0,485500.0,210250.0,485250.0,500,center_in_cheonan,34012110,성환읍,127.11510224210117,36.96603678319701,10.0,6,4,25,0,0,0,0,0,0,0,0,0,0,0,0,0,0,0,0,0,0,0,0,0,0,0,0,0,0,0,0,0,0,0,0,0,0,0,0,0,0,0,0,0,0,0,0,0,0,0,0
G500_02543,210500.0,485000.0,211000.0,485500.0,210750.0,485250.0,500,center_in_cheonan,34012110,성환읍,127.12071697454672,36.96603120768935,105.0,75,41,25,0,0,0,0,0,0,0,0,0,0,0,0,0,0,0,0,0,0,0,0,0,0,0,0,0,0,0,0,0,0,0,0,0,0,0,0,0,0,0,0,0,0,0,0,0,0,0,0
G500_02544,211000.0,485000.0,211500.0,485500.0,211250.0,485250.0,500,center_in_cheonan,34012110,성환읍,127.12633170541065,36.96602536668302,28.0,19,11,20,0,0,0,0,0,0,0,0,0,0,0,0,0,0,0,0,0,0,0,0,0,0,0,0,0,0,0,0,0,0,0,0,0,0,0,0,0,0,0,0,0,0,0,0,0,0,0,0
G500_02545,211500.0,485000.0,212000.0,485500.0,211750.0,485250.0,500,center_in_cheonan,34012110,성환읍,127.13194643461932,36.966019260178285,39.0,28,15,16,0,0,0,0,0,0,0,0,0,0,0,0,0,0,0,0,0,0,0,0,0,0,0,0,0,0,0,0,0,0,0,0,0,0,0,0,0,0,0,0,0,0,0,0,0,0,0,0
G500_02546,212000.0,485000.0,212500.0,485500.0,212250.0,485250.0,500,center_in_cheonan,34012110,성환읍,127.13756116209926,36.96601288817539,23.0,16,9,21,0,0,0,0,0,0,0,0,0,0,0,0,0,0,0,0,0,0,0,0,0,0,0,0,0,0,0,0,0,0,0,0,0,0,0,0,0,0,0,0,0,0,0,0,0,0,0,0
G500_02547,212500.0,485000.0,213000.0,485500.0,212750.0,485250.0,500,center_in_cheonan,34012110,성환읍,127.14317588777685,36.96600625067459,10.0,6,4,25,0,0,0,0,0,0,0,0,0,0,0,0,0,0,0,0,0,0,0,0,0,0,0,0,0,0,0,0,0,0,0,0,0,0,0,0,0,0,0,0,0,0,0,0,0,0,0,0
G500_02548,213000.0,485000.0,213500.0,485500.0,213250.0,485250.0,500,center_in_cheonan,34012110,성환읍,127.1487906115785,36.96599934767617,26.0,19,10,25,0,0,0,0,0,0,0,0,0,0,0,0,0,0,0,0,0,0,0,0,0,0,0,0,0,0,0,0,0,0,0,0,0,0,0,0,0,0,0,0,0,0,0,0,0,0,0,0
G500_02549,213500.0,485000.0,214000.0,485500.0,213750.0,485250.0,500,center_in_cheonan,34012110,성환읍,127.15440533343072,36.9659921791804,101.0,73,39,20,0,0,0,0,0,0,0,0,0,0,0,0,0,0,0,0,0,0,0,0,0,0,0,0,0,0,0,0,0,0,0,0,0,0,0,0,0,0,0,0,0,0,0,0,0,0,0,0
G500_02550,210000.0,485500.0,210500.0,486000.0,210250.0,485750.0,500,center_in_cheonan,34012110,성환읍,127.11510902570272,36.97054221019447,0.0,0,0,19,0,0,0,0,0,0,0,0,0,0,0,0,0,0,0,0,0,0,0,0,0,0,0,0,0,0,0,0,0,0,0,0,0,0,0,0,0,0,0,0,0,0,0,0,0,0,0,0
G500_02551,212500.0,485500.0,213000.0,486000.0,212750.0,485750.0,500,center_in_cheonan,34012110,성환읍,127.14318432589866,36.97051167270568,0.0,0,0,13,0,0,0,0,0,0,0,0,0,0,0,0,0,0,0,0,0,0,0,0,0,0,0,0,0,0,0,0,0,0,0,0,0,0,0,0,0,0,0,0,0,0,0,0,0,0,0,0
