source_id,source_file,name,생활지수,대분류,중분류,GRID_CD,경도,위도,x,y
life__agency,life_agency_cheonan.csv,충청남도 천안시청,life,agency,시청구청,다바6568,127.11501658374232,36.81543137459186,965662.9999999974,1868651.9999829258
life__agency,life_agency_cheonan.csv,충청남도 천안시 동남구청,life,agency,시청구청,다바6867,127.15060903107924,36.80671591405141,968834.000000001,1867672.9999828083
life__agency,life_agency_cheonan.csv,충청남도 천안시 서북구청,life,agency,시청구청,다바6975,127.1554658197553,36.87863972952946,969295.9999999999,1875649.9999837843
life__agency,life_agency_cheonan.csv,목천읍 행정복지센터,life,agency,행정복지센터,다바7663,127.23210219133632,36.770390734052384,976092.0000000031,1863619.9999823177
life__agency,life_agency_cheonan.csv,광덕면 행정복지센터,life,agency,행정복지센터,다바6556,127.11255237746856,36.70357753713488,965392.9999999999,1856244.9999814217
life__agency,life_agency_cheonan.csv,동면 행정복지센터(임시청사),life,agency,시청구청,다바8664,127.34843093526808,36.778736137738775,986475.0000000003,1864522.9999824313
life__agency,life_agency_cheonan.csv,병천면 행정복지센터,life,agency,행정복지센터,다바8263,127.3019333971244,36.76623645441917,982323.0000000001,1863143.9999822625
life__agency,life_agency_cheonan.csv,북면 행정복지센터,life,agency,행정복지센터,다바7969,127.27323689440637,36.82746727876036,979778.0000000028,1869941.9999830883
life__agency,life_agency_cheonan.csv,성남면 행정복지센터,life,agency,행정복지센터,다바7660,127.23334960992293,36.74344838475936,976194.9999999995,1860630.999981957
life__agency,life_agency_cheonan.csv,수신면 행정복지센터,life,agency,행정복지센터,다바8058,127.28050606924424,36.728255581618974,980401.0000000016,1858934.9999817526
life__agency,life_agency_cheonan.csv,풍세면 행정복지센터,life,agency,행정복지센터,다바6658,127.11987676015936,36.72126116067096,966054.9999999988,1858203.9999816595
life__agency,life_agency_cheonan.csv,문성동 행정복지센터,life,agency,행정복지센터,다바6868,127.15027574614383,36.81097887461034,968805.9999999985,1868145.999982865
life__agency,life_agency_cheonan.csv,봉명동 행정복지센터,life,agency,행정복지센터,다바6767,127.13941410615612,36.80576300158732,967834.9999999994,1867570.9999827957
life__agency,life_agency_cheonan.csv,신방동 행정복지센터,life,agency,행정복지센터,다바6665,127.1224830544941,36.78586914187506,966316.0000000009,1865369.9999825275
life__agency,life_agency_cheonan.csv,신안동 행정복지센터,life,agency,행정복지센터,다바6968,127.16027033364271,36.81737220143476,969699.9999999986,1868851.999982952
life__agency,life_agency_cheonan.csv,원성1동 행정복지센터,life,agency,행정복지센터,다바6967,127.15834224747724,36.807189115426446,969523.9999999994,1867722.9999828152
life__agency,life_agency_cheonan.csv,원성2동 행정복지센터,life,agency,행정복지센터,다바6967,127.1608340493683,36.8014178364324,969744.0000000005,1867081.9999827375
life__agency,life_agency_cheonan.csv,일봉동 행정복지센터,life,agency,행정복지센터,다바6766,127.13535380372788,36.799115818536016,967469.9999999998,1866834.9999827053
life__agency,life_agency_cheonan.csv,중앙동 행정복지센터,life,agency,행정복지센터,다바6966,127.15258978482956,36.80005085234226,969007.9999999995,1866932.9999827186
life__agency,life_agency_cheonan.csv,청룡동 행정복지센터,life,agency,행정복지센터,다바6965,127.15673250564072,36.7860630545604,969371.9999999998,1865379.9999825305
life__agency,life_agency_cheonan.csv,성거읍 행정복지센터,life,agency,행정복지센터,다바7375,127.1994666424296,36.87792079081346,973217.0000000007,1875556.9999837733
life__agency,life_agency_cheonan.csv,성환읍 행정복지센터,life,agency,행정복지센터,다바6780,127.13387930016204,36.91797770975953,967388.9999999992,1880020.9999843203
life__agency,life_agency_cheonan.csv,직산읍 행정복지센터,life,agency,행정복지센터,다바6875,127.15082218840033,36.87822052090627,968882.0000000007,1875604.9999837787
life__agency,life_agency_cheonan.csv,입장면 행정복지센터,life,agency,행정복지센터,다바7579,127.22114247081504,36.91273376757578,975160.0000000002,1879412.9999842483
life__agency,life_agency_cheonan.csv,백석동 행정복지센터,life,agency,행정복지센터,다바6569,127.11246020300004,36.81989433668211,965436.9999999986,1869147.9999829861
life__agency,life_agency_cheonan.csv,부성1동 행정복지센터,life,agency,행정복지센터,다바6770,127.1400246969819,36.83337673518462,967900.9999999998,1870633.9999831687
life__agency,life_agency_cheonan.csv,부성2동 행정복지센터,life,agency,행정복지센터,다바6671,127.12817910247904,36.838649895049045,966846.999999998,1871222.999983241
life__agency,life_agency_cheonan.csv,불당1동 행정복지센터,life,agency,행정복지센터,다바6567,127.11371887328968,36.80593472999513,965543.0000000001,1867598.9999827966
life__agency,life_agency_cheonan.csv,불당2동 행정복지센터,life,agency,행정복지센터,다바6568,127.10869477390568,36.81730381661486,965100.0000000005,1868861.99998295
life__agency,life_agency_cheonan.csv,성정1동 행정복지센터,life,agency,행정복지센터,다바6868,127.14145368614,36.817938966614825,968021.9999999973,1868920.9999829603
life__agency,life_agency_cheonan.csv,성정2동 행정복지센터,life,agency,행정복지센터,다바6769,127.13987537929168,36.8197731868295,967881.9999999994,1869124.999982984
life__agency,life_agency_cheonan.csv,쌍용1동 행정복지센터,life,agency,행정복지센터,다바6767,127.13052127335304,36.804040948023925,967040.9999999991,1867382.9999827715
life__agency,life_agency_cheonan.csv,쌍용2동 행정복지센터,life,agency,행정복지센터,다바6666,127.12317179813458,36.79627428009952,966381.9999999995,1866523.9999826667
life__agency,life_agency_cheonan.csv,쌍용3동 행정복지센터,life,agency,행정복지센터,다바6667,127.1191818546339,36.80296849242552,966028.9999999995,1867267.9999827587
life__welfare-facilities-for-elderly,life_welfare-facilities-for-elderly.csv,남천안노인요양원병설재가노인복지센터,life,welfare-facilities-for-elderly,노인복지시설,다바6752,127.1351286843811,36.666769095650906,967393.9999999991,1852153.9999809314
life__welfare-facilities-for-elderly,life_welfare-facilities-for-elderly.csv,기쁨재가복지센터,life,welfare-facilities-for-elderly,노인복지시설,다바6967,127.15984871944065,36.80369573772505,969656.9999999995,1867334.9999827673
life__welfare-facilities-for-elderly,life_welfare-facilities-for-elderly.csv,느티나무노인복지센터,life,welfare-facilities-for-elderly,노인복지시설,다바6867,127.14148482897905,36.804047458719474,968019.000000002,1867379.9999827724
life__welfare-facilities-for-elderly,life_welfare-facilities-for-elderly.csv,온맘터치 천안아산점,life,welfare-facilities-for-elderly,노인복지시설,다바6666,127.12107981321392,36.79999069691686,966197.0000000029,1866936.9999827158
life__welfare-facilities-for-elderly,life_welfare-facilities-for-elderly.csv,한결요양센터,life,welfare-facilities-for-elderly,노인복지시설,다바6866,127.1521167462197,36.79806623831119,968965.0000000006,1866712.9999826916
life__welfare-facilities-for-elderly,life_welfare-facilities-for-elderly.csv,날마다 청춘 노인복지센터,life,welfare-facilities-for-elderly,노인복지시설,다바6866,127.15229002193443,36.79940993358554,968980.999999998,1866861.9999827105
life__welfare-facilities-for-elderly,life_welfare-facilities-for-elderly.csv,도연 재가노인복지센터,life,welfare-facilities-for-elderly,노인복지시설,다바6666,127.12593218694504,36.80027649757268,966629.999999999,1866966.9999827228
life__welfare-facilities-for-elderly,life_welfare-facilities-for-elderly.csv,휴웰케어,life,welfare-facilities-for-elderly,노인복지시설,다바6767,127.13361279846936,36.80691717820432,967318.0000000007,1867700.999982811
life__welfare-facilities-for-elderly,life_welfare-facilities-for-elderly.csv,해피투게더재가방문요양센터,life,welfare-facilities-for-elderly,노인복지시설,다바6964,127.15825667992,36.778504097268645,969504.9999999991,1864540.9999824257
life__welfare-facilities-for-elderly,life_welfare-facilities-for-elderly.csv,(A)돕는천사 벧엘 천안지사,life,welfare-facilities-for-elderly,노인복지시설,다바6967,127.15519048260786,36.80253745898817,969240.9999999988,1867207.9999827517
life__welfare-facilities-for-elderly,life_welfare-facilities-for-elderly.csv,도솔요양센터,life,welfare-facilities-for-elderly,노인복지시설,다바6967,127.15827378248842,36.80745935903239,969518.0000000001,1867752.9999828206
life__welfare-facilities-for-elderly,life_welfare-facilities-for-elderly.csv,우리노인주간보호센터,life,welfare-facilities-for-elderly,노인복지시설,다바7263,127.19605796175247,36.76954687256533,972874.9999999995,1863535.9999823058
life__welfare-facilities-for-elderly,life_welfare-facilities-for-elderly.csv,우리사랑요양원,life,welfare-facilities-for-elderly,노인복지시설,다바6868,127.146759460526,36.814980008172384,968494.0000000001,1868590.9999829202
life__welfare-facilities-for-elderly,life_welfare-facilities-for-elderly.csv,올리사랑 재가복지센터,life,welfare-facilities-for-elderly,노인복지시설,다바6665,127.12545660451428,36.7897458469625,966583.0000000028,1865798.9999825798
life__welfare-facilities-for-elderly,life_welfare-facilities-for-elderly.csv,금빛사랑 재가장기요양기관,life,welfare-facilities-for-elderly,노인복지시설,다바6770,127.1337611321331,36.82990500164429,967341.0000000002,1870250.9999831228
life__welfare-facilities-for-elderly,life_welfare-facilities-for-elderly.csv,비타민요양원2호,life,welfare-facilities-for-elderly,노인복지시설,다바6679,127.12901547234128,36.916195777493165,966955.0000000005,1879824.9999842963
life__welfare-facilities-for-elderly,life_welfare-facilities-for-elderly.csv,재가재활 실버나인 주간보호센터,life,welfare-facilities-for-elderly,노인복지시설,다바6665,127.11969204129346,36.78820407258698,966068.0000000003,1865629.9999825587
life__welfare-facilities-for-elderly,life_welfare-facilities-for-elderly.csv,실버브릿지 재가복지센터,life,welfare-facilities-for-elderly,노인복지시설,다바7363,127.20253342881752,36.76984269635766,973453.000000001,1863566.9999823107
life__welfare-facilities-for-elderly,life_welfare-facilities-for-elderly.csv,늘푸른요양원1,life,welfare-facilities-for-elderly,노인복지시설,다바6669,127.12775940310227,36.8257396301803,966803.9999999988,1869790.9999830655
life__welfare-facilities-for-elderly,life_welfare-facilities-for-elderly.csv,감나무요양원,life,welfare-facilities-for-elderly,노인복지시설,다바7270,127.19122724205164,36.83408865606695,972466.9999999974,1870696.9999831796
life__welfare-facilities-for-elderly,life_welfare-facilities-for-elderly.csv,목천요양원,life,welfare-facilities-for-elderly,노인복지시설,다바7663,127.23582617046031,36.76928123199156,976424.000000001,1863495.9999823028
life__welfare-facilities-for-elderly,life_welfare-facilities-for-elderly.csv,아가페요양원,life,welfare-facilities-for-elderly,노인복지시설,다바6667,127.12824434951848,36.80893783307592,966840.0000000029,1867926.9999828388
life__welfare-facilities-for-elderly,life_welfare-facilities-for-elderly.csv,천안노인전문요양원,life,welfare-facilities-for-elderly,노인복지시설,다바7166,127.17747575867162,36.79991360230687,971228.0000000005,1866909.9999827172
life__welfare-facilities-for-elderly,life_welfare-facilities-for-elderly.csv,로즈마리너싱홈,life,welfare-facilities-for-elderly,노인복지시설,다바6661,127.12981924879018,36.74956284003442,966954.9999999999,1861339.9999820378
life__welfare-facilities-for-elderly,life_welfare-facilities-for-elderly.csv,더조은 방문요양복지센터,life,welfare-facilities-for-elderly,노인복지시설,다바6669,127.12746812204873,36.82568463010233,966777.9999999995,1869784.9999830634
life__welfare-facilities-for-elderly,life_welfare-facilities-for-elderly.csv,천안도우누리재가노인복지센터,life,welfare-facilities-for-elderly,노인복지시설,다바6866,127.14140630904208,36.79684449035593,968009.0000000006,1866580.9999826758
life__welfare-facilities-for-elderly,life_welfare-facilities-for-elderly.csv,희망재가노인복지센터,life,welfare-facilities-for-elderly,노인복지시설,다바7068,127.16456512760344,36.814679994021056,970082.0000000005,1868551.9999829165
life__welfare-facilities-for-elderly,life_welfare-facilities-for-elderly.csv,늘푸른청춘 노인복지센터,life,welfare-facilities-for-elderly,노인복지시설,다바6967,127.15858238140932,36.80107785063141,969542.999999997,1867044.9999827314
life__welfare-facilities-for-elderly,life_welfare-facilities-for-elderly.csv,더행복한 재가노인복지센터,life,welfare-facilities-for-elderly,노인복지시설,다바6663,127.12927005509236,36.77290028895893,966915.9999999991,1863928.9999823514
life__welfare-facilities-for-elderly,life_welfare-facilities-for-elderly.csv,라온노인복지센터,life,welfare-facilities-for-elderly,노인복지시설,다바6663,127.12909953872332,36.771078783542,966899.9999999992,1863726.9999823289
life__welfare-facilities-for-elderly,life_welfare-facilities-for-elderly.csv,"샬롬노인복지센터(방문요양, 방문목욕)",life,welfare-facilities-for-elderly,노인복지시설,다바6566,127.1164951359386,36.79773134729594,965787.0,1866687.9999826867
life__welfare-facilities-for-elderly,life_welfare-facilities-for-elderly.csv,아주나 어르신 주야간보호센터ㆍ방문요양,life,welfare-facilities-for-elderly,노인복지시설,다바6767,127.14011569411848,36.801969947520696,967896.0000000001,1867149.999982745
life__welfare-facilities-for-elderly,life_welfare-facilities-for-elderly.csv,효마을365요양원,life,welfare-facilities-for-elderly,노인복지시설,다바6975,127.16164308639873,36.87990148803925,969847.0000000016,1875787.9999838015
life__welfare-facilities-for-elderly,life_welfare-facilities-for-elderly.csv,시니어사랑방문요양센터,life,welfare-facilities-for-elderly,노인복지시설,,127.11622378919972,36.791456251687926,965760.0000000008,1865991.999982602
life__welfare-facilities-for-elderly,life_welfare-facilities-for-elderly.csv,지켜드림재가복지센터,life,welfare-facilities-for-elderly,노인복지시설,다바6875,127.1494149066558,36.87678306136322,968756.0000000029,1875445.9999837594
life__welfare-facilities-for-elderly,life_welfare-facilities-for-elderly.csv,살펴드림 재가노인복지센터,life,welfare-facilities-for-elderly,노인복지시설,다바6770,127.1337611321331,36.82990500164429,967341.0000000002,1870250.9999831228
life__welfare-facilities-for-elderly,life_welfare-facilities-for-elderly.csv,브니엘방문요양센터,life,welfare-facilities-for-elderly,노인복지시설,다바6875,127.14771813937976,36.8748669548942,968603.9999999998,1875233.9999837326
life__welfare-facilities-for-elderly,life_welfare-facilities-for-elderly.csv,어울림방문요양센터,life,welfare-facilities-for-elderly,노인복지시설,다바7374,127.2023162818484,36.87226680327126,973468.9999999973,1874928.999983698
life__welfare-facilities-for-elderly,life_welfare-facilities-for-elderly.csv,행복나무재가복지센터,life,welfare-facilities-for-elderly,노인복지시설,다바6669,127.12481266416476,36.82525259274715,966541.0000000021,1869737.9999830583
life__welfare-facilities-for-elderly,life_welfare-facilities-for-elderly.csv,천안큰사랑방문요양센터,life,welfare-facilities-for-elderly,노인복지시설,다바6868,127.14914332598188,36.81345457252739,968706.0000000014,1868420.9999829007
life__welfare-facilities-for-elderly,life_welfare-facilities-for-elderly.csv,청담하늘채요양센터,life,welfare-facilities-for-elderly,노인복지시설,다바6763,127.13267635724812,36.772946913786335,967220.0000000002,1863932.999982354
life__welfare-facilities-for-elderly,life_welfare-facilities-for-elderly.csv,사회복지법인 영서복지재단 충무노인복지센터,life,welfare-facilities-for-elderly,노인복지시설,다바6766,127.1310620040062,36.79647930994186,967086.0000000002,1866543.9999826709
life__welfare-facilities-for-elderly,life_welfare-facilities-for-elderly.csv,가람요양원,life,welfare-facilities-for-elderly,노인복지시설,다바6661,127.12437075537424,36.75501771968547,966470.9999999995,1861946.999982111
life__welfare-facilities-for-elderly,life_welfare-facilities-for-elderly.csv,천안힐링요양원,life,welfare-facilities-for-elderly,노인복지시설,다바6667,127.12719606655652,36.80548193348534,966745.0000000006,1867543.9999827915
life__welfare-facilities-for-elderly,life_welfare-facilities-for-elderly.csv,천안황금빛요양원,life,welfare-facilities-for-elderly,노인복지시설,다바7364,127.19769136720276,36.781612749829314,973025.0000000027,1864873.9999824697
life__welfare-facilities-for-elderly,life_welfare-facilities-for-elderly.csv,삼성 노블레스 요양원,life,welfare-facilities-for-elderly,노인복지시설,다바6873,127.14235318815196,36.860752126092144,968119.9999999994,1873669.99998354
life__welfare-facilities-for-elderly,life_welfare-facilities-for-elderly.csv,색종이재활요양원,life,welfare-facilities-for-elderly,노인복지시설,다바7663,127.23444574997758,36.77316351607276,976302.0,1863926.9999823566
life__welfare-facilities-for-elderly,life_welfare-facilities-for-elderly.csv,굿모닝천안요양원,life,welfare-facilities-for-elderly,노인복지시설,다바6770,127.13523810379476,36.83059465422008,967472.9999999998,1870326.9999831314
life__welfare-facilities-for-elderly,life_welfare-facilities-for-elderly.csv,호서노인전문요양원,life,welfare-facilities-for-elderly,노인복지시설,다바7164,127.1794791620308,36.776444709131965,971398.0000000001,1864305.9999824
life__welfare-facilities-for-elderly,life_welfare-facilities-for-elderly.csv,충무원,life,welfare-facilities-for-elderly,노인복지시설,다바7569,127.22562662241226,36.82664577562768,975531.9999999993,1869861.999983078
life__welfare-facilities-for-elderly,life_welfare-facilities-for-elderly.csv,(A)비지팅엔젤스 천안동남방문요양지점,life,welfare-facilities-for-elderly,노인복지시설,다바6767,127.13896523287508,36.80347191210303,967793.9999999998,1867316.9999827656
life__welfare-facilities-for-elderly,life_welfare-facilities-for-elderly.csv,유안어르신주야간보호센터,life,welfare-facilities-for-elderly,노인복지시설,다바6965,127.15359416716768,36.78361998506176,969091.0000000007,1865109.999982496
life__welfare-facilities-for-elderly,life_welfare-facilities-for-elderly.csv,드림YOU방문요양센터,life,welfare-facilities-for-elderly,노인복지시설,다바6868,127.14259050740108,36.816995849847686,968123.0000000001,1868815.999982947
life__welfare-facilities-for-elderly,life_welfare-facilities-for-elderly.csv,케어닥 방문요양돌봄센터 천안서북구파트너점,life,welfare-facilities-for-elderly,노인복지시설,다바7479,127.21205889117594,36.913171839861725,974350.9999999993,1879463.9999842541
life__welfare-facilities-for-elderly,life_welfare-facilities-for-elderly.csv,두정동더놀자재가노인복지센터,life,welfare-facilities-for-elderly,노인복지시설,다바6870,127.14649226980984,36.82919531971167,968475.999999999,1870167.9999831123
life__welfare-facilities-for-elderly,life_welfare-facilities-for-elderly.csv,고운손방문요양복지센터,life,welfare-facilities-for-elderly,노인복지시설,다바6768,127.13725098615151,36.81753859033181,967647.0,1868877.9999829559
life__welfare-facilities-for-elderly,life_welfare-facilities-for-elderly.csv,한빛방문요양복지센터,life,welfare-facilities-for-elderly,노인복지시설,다바6665,127.12607802935077,36.79102788858523,966638.9999999998,1865940.9999825964
life__welfare-facilities-for-elderly,life_welfare-facilities-for-elderly.csv,해맑음재가장기요양센터,life,welfare-facilities-for-elderly,노인복지시설,다바7263,127.19475259640124,36.77094983041064,972758.9999999999,1863691.9999823258
life__welfare-facilities-for-elderly,life_welfare-facilities-for-elderly.csv,감동재가센터,life,welfare-facilities-for-elderly,노인복지시설,다바6875,127.14804511441352,36.87696831857988,968634.0000000005,1875466.999983761
life__welfare-facilities-for-elderly,life_welfare-facilities-for-elderly.csv,에덴재가복지센터,life,welfare-facilities-for-elderly,노인복지시설,다바6869,127.14279146991332,36.81959267469387,968141.9999999998,1869103.9999829829
life__welfare-facilities-for-elderly,life_welfare-facilities-for-elderly.csv,국민보은방문요양센터,life,welfare-facilities-for-elderly,노인복지시설,다바6766,127.13145649974656,36.79836460205642,967122.0000000013,1866752.9999826942
life__welfare-facilities-for-elderly,life_welfare-facilities-for-elderly.csv,실버밸리노인복지센터,life,welfare-facilities-for-elderly,노인복지시설,다바6968,127.15305654126784,36.81088785839111,969054.0000000003,1868134.9999828653
life__welfare-facilities-for-elderly,life_welfare-facilities-for-elderly.csv,웃음행복노인주야간보호센터,life,welfare-facilities-for-elderly,노인복지시설,다바6968,127.15991732568214,36.81353094500428,969666.9999999994,1868425.999982901
life__welfare-facilities-for-elderly,life_welfare-facilities-for-elderly.csv,어르신이행복한세상,life,welfare-facilities-for-elderly,노인복지시설,다바6768,127.13180470786156,36.809922493320286,967158.0000000023,1868034.9999828518
life__welfare-facilities-for-elderly,life_welfare-facilities-for-elderly.csv,천안중앙요양센터,life,welfare-facilities-for-elderly,노인복지시설,다바6870,127.14992778041164,36.83076501711142,968783.0000000024,1870340.9999831333
life__welfare-facilities-for-elderly,life_welfare-facilities-for-elderly.csv,서로사랑노인복지센터,life,welfare-facilities-for-elderly,노인복지시설,다바6679,127.12901547234128,36.916195777493165,966955.0000000005,1879824.9999842963
life__welfare-facilities-for-elderly,life_welfare-facilities-for-elderly.csv,노인주야간보호센터 실버스타,life,welfare-facilities-for-elderly,노인복지시설,다바6770,127.1339245354846,36.83562078146092,967358.0000000008,1870884.9999831994
life__welfare-facilities-for-elderly,life_welfare-facilities-for-elderly.csv,베스트재가복지센터,life,welfare-facilities-for-elderly,노인복지시설,다바6670,127.12901948489473,36.83416323711044,966920.0000000021,1870724.9999831805
life__welfare-facilities-for-elderly,life_welfare-facilities-for-elderly.csv,고래요양원,life,welfare-facilities-for-elderly,노인복지시설,다바6869,127.1454088580732,36.82339567698348,968376.999999999,1869524.9999830339
life__welfare-facilities-for-elderly,life_welfare-facilities-for-elderly.csv,가족사랑서북요양원,life,welfare-facilities-for-elderly,노인복지시설,다바7175,127.18494713301688,36.87780205529025,971922.999999999,1875547.9999837733
life__welfare-facilities-for-elderly,life_welfare-facilities-for-elderly.csv,더엘림 요양원,life,welfare-facilities-for-elderly,노인복지시설,다바7579,127.22651610303711,36.913764901547786,975638.9999999993,1879525.999984264
life__welfare-facilities-for-elderly,life_welfare-facilities-for-elderly.csv,좋은아침요양원,life,welfare-facilities-for-elderly,노인복지시설,다바6771,127.1376848259562,36.83967085229317,967694.9999999983,1871332.9999832544
life__welfare-facilities-for-elderly,life_welfare-facilities-for-elderly.csv,사랑하는 노인전문 요양원,life,welfare-facilities-for-elderly,노인복지시설,다바6768,127.13139903344356,36.81503254990809,967123.9999999973,1868601.9999829212
life__welfare-facilities-for-elderly,life_welfare-facilities-for-elderly.csv,더편한요양원,life,welfare-facilities-for-elderly,노인복지시설,다바7172,127.1846630661927,36.854092916858406,971889.0000000006,1872917.999983451
life__welfare-facilities-for-elderly,life_welfare-facilities-for-elderly.csv,천안사랑비전센터,life,welfare-facilities-for-elderly,노인복지시설,다바7474,127.20878035354777,36.871940263625376,974044.9999999997,1874890.999983692
life__welfare-facilities-for-elderly,life_welfare-facilities-for-elderly.csv,중앙노인재가복지센터,life,welfare-facilities-for-elderly,노인복지시설,다바6871,127.15098264169812,36.84047687723075,968881.000000001,1871417.999983266
life__welfare-facilities-for-elderly,life_welfare-facilities-for-elderly.csv,사회복지법인 삼일복지재단 라온하제 주야간보호센터,life,welfare-facilities-for-elderly,노인복지시설,다바6666,127.12630661259794,36.79704140402119,966661.9999999999,1866607.999982677
life__welfare-facilities-for-elderly,life_welfare-facilities-for-elderly.csv,+사랑실천복지센터,life,welfare-facilities-for-elderly,노인복지시설,다바6665,127.12309976306308,36.7880977279082,966371.9999999997,1865616.9999825568
life__welfare-facilities-for-elderly,life_welfare-facilities-for-elderly.csv,하모니노인주간보호센터,life,welfare-facilities-for-elderly,노인복지시설,다바7164,127.17803218296687,36.77677434677639,971268.9999999999,1864342.9999824034
life__welfare-facilities-for-elderly,life_welfare-facilities-for-elderly.csv,은솔노인주간보호센터,life,welfare-facilities-for-elderly,노인복지시설,다바6867,127.14197642919828,36.80199359277047,968062.0000000001,1867151.9999827452
life__welfare-facilities-for-elderly,life_welfare-facilities-for-elderly.csv,바른재활주간보호센터,life,welfare-facilities-for-elderly,노인복지시설,다바6665,127.1197586640032,36.78833049130569,966073.9999999969,1865643.9999825603
life__welfare-facilities-for-elderly,life_welfare-facilities-for-elderly.csv,사랑방노인복지센터,life,welfare-facilities-for-elderly,노인복지시설,다바7479,127.21885826091273,36.91417972346975,974957.0000000005,1879573.9999842697
life__welfare-facilities-for-elderly,life_welfare-facilities-for-elderly.csv,참조은요양원병설주간보호센터,life,welfare-facilities-for-elderly,노인복지시설,다바6769,127.13504349673708,36.82434691137743,967453.0000000028,1869633.9999830464
life__welfare-facilities-for-elderly,life_welfare-facilities-for-elderly.csv,아성재가노인복지센터,life,welfare-facilities-for-elderly,노인복지시설,다바7168,127.18215623911291,36.81471929769655,971650.9999999978,1868550.9999829163
life__welfare-facilities-for-elderly,life_welfare-facilities-for-elderly.csv,해피하우스노인복지센터,life,welfare-facilities-for-elderly,노인복지시설,다바6864,127.14624291831278,36.78102915786992,968434.0000000002,1864824.999982461
life__welfare-facilities-for-elderly,life_welfare-facilities-for-elderly.csv,TOP(탑) 재가노인복지센터,life,welfare-facilities-for-elderly,노인복지시설,다바6767,127.13133023620924,36.80132102609808,967112.000000001,1867080.9999827347
life__welfare-facilities-for-elderly,life_welfare-facilities-for-elderly.csv,플래티늄 소망주ㆍ야간보호센터,life,welfare-facilities-for-elderly,노인복지시설,다바6866,127.146056212537,36.794821098324135,968423.0000000023,1866354.9999826474
life__welfare-facilities-for-elderly,life_welfare-facilities-for-elderly.csv,늘푸른주간보호센터,life,welfare-facilities-for-elderly,노인복지시설,다바6770,127.13833279513844,36.82829636055913,967748.0000000003,1870070.9999830995
life__welfare-facilities-for-elderly,life_welfare-facilities-for-elderly.csv,효어르신주간보호센터,life,welfare-facilities-for-elderly,노인복지시설,다바6868,127.1488936822346,36.8165638944406,968685.0000000005,1868765.999982942
life__welfare-facilities-for-elderly,life_welfare-facilities-for-elderly.csv,더사랑주야간보호센터,life,welfare-facilities-for-elderly,노인복지시설,다바7464,127.21161603572662,36.77712192569619,974266.0000000001,1864371.9999824094
life__welfare-facilities-for-elderly,life_welfare-facilities-for-elderly.csv,은혜노인복지센터 부설 노인주야간보호센터,life,welfare-facilities-for-elderly,노인복지시설,다바6975,127.15684938639214,36.87788650875663,969418.999999999,1875565.9999837738
life__welfare-facilities-for-elderly,life_welfare-facilities-for-elderly.csv,남서울노인주간보호센터,life,welfare-facilities-for-elderly,노인복지시설,다바6779,127.1313210450887,36.9176723191844,967161.0000000006,1879987.999984316
life__welfare-facilities-for-elderly,life_welfare-facilities-for-elderly.csv,풍세노인주야간보호센터,life,welfare-facilities-for-elderly,노인복지시설,다바6558,127.11752140496468,36.71975715934418,965843.9999999995,1858037.9999816387
life__welfare-facilities-for-elderly,life_welfare-facilities-for-elderly.csv,섬김요양원,life,welfare-facilities-for-elderly,노인복지시설,다바6873,127.15099413914795,36.86015580473241,968890.0000000009,1873600.9999835326
life__welfare-facilities-for-elderly,life_welfare-facilities-for-elderly.csv,천안재활365주간보호,life,welfare-facilities-for-elderly,노인복지시설,다바6770,127.13938793253038,36.8304630785685,967842.9999999999,1870310.9999831293
life__welfare-facilities-for-elderly,life_welfare-facilities-for-elderly.csv,참조은 주야간보호센터,life,welfare-facilities-for-elderly,노인복지시설,다바6866,127.14169929508309,36.79891875130277,968036.0000000029,1866810.999982704
life__welfare-facilities-for-elderly,life_welfare-facilities-for-elderly.csv,플래티늄 소망요양원,life,welfare-facilities-for-elderly,노인복지시설,다바6866,127.146056212537,36.794821098324135,968423.0000000023,1866354.9999826474
life__welfare-facilities-for-elderly,life_welfare-facilities-for-elderly.csv,우리노인요양원,life,welfare-facilities-for-elderly,노인복지시설,다바7263,127.19582162212932,36.76980769611751,972853.9999999979,1863564.9999823095
life__welfare-facilities-for-elderly,life_welfare-facilities-for-elderly.csv,참조은요양원,life,welfare-facilities-for-elderly,노인복지시설,다바6769,127.13504349673708,36.82434691137743,967453.0000000028,1869633.9999830464
life__welfare-facilities-for-elderly,life_welfare-facilities-for-elderly.csv,디딤돌노인주야간보호센터,life,welfare-facilities-for-elderly,노인복지시설,다바7065,127.16986387114883,36.78436939844417,970542.9999999999,1865187.9999825065
life__welfare-facilities-for-elderly,life_welfare-facilities-for-elderly.csv,참조은집,life,welfare-facilities-for-elderly,노인복지시설,다바6769,127.13504349673708,36.82434691137743,967453.0000000028,1869633.9999830464
life__welfare-facilities-for-elderly,life_welfare-facilities-for-elderly.csv,천안원광은혜마을,life,welfare-facilities-for-elderly,노인복지시설,다바7177,127.17864093588884,36.89654447254287,971367.999999999,1877628.9999840274
life__welfare-facilities-for-elderly,life_welfare-facilities-for-elderly.csv,백세주간보호센터,life,welfare-facilities-for-elderly,노인복지시설,다바6669,127.12407130640634,36.82322195676486,966474.0000000009,1869512.9999830318
life__welfare-facilities-for-elderly,life_welfare-facilities-for-elderly.csv,삼성실버 노인주간보호센터,life,welfare-facilities-for-elderly,노인복지시설,다바6666,127.12279294978356,36.795813330330425,966347.999999997,1866472.99998266
life__welfare-facilities-for-elderly,life_welfare-facilities-for-elderly.csv,태조요양원,life,welfare-facilities-for-elderly,노인복지시설,다바7168,127.174962130676,36.813807399363256,971008.9999999999,1868451.9999829035
life__welfare-facilities-for-elderly,life_welfare-facilities-for-elderly.csv,명품노인전문요양원,life,welfare-facilities-for-elderly,노인복지시설,다바6667,127.12789947626592,36.803753319197405,966807.0000000003,1867351.9999827677
life__welfare-facilities-for-elderly,life_welfare-facilities-for-elderly.csv,남천안노인요양원,life,welfare-facilities-for-elderly,노인복지시설,다바6752,127.1351286843811,36.666769095650906,967393.9999999991,1852153.9999809314
life__welfare-facilities-for-elderly,life_welfare-facilities-for-elderly.csv,효누리요양원,life,welfare-facilities-for-elderly,노인복지시설,다바6770,127.13938793253038,36.8304630785685,967842.9999999999,1870310.9999831293
life__welfare-facilities-for-elderly,life_welfare-facilities-for-elderly.csv,행복드림요양원,life,welfare-facilities-for-elderly,노인복지시설,다바6767,127.13596642856096,36.80941245470997,967529.0000000023,1867976.9999828453
life__welfare-facilities-for-elderly,life_welfare-facilities-for-elderly.csv,성모효드림요양원,life,welfare-facilities-for-elderly,노인복지시설,다바6669,127.12775940310227,36.8257396301803,966803.9999999988,1869790.9999830655
life__welfare-facilities-for-elderly,life_welfare-facilities-for-elderly.csv,입장노인복지센터,life,welfare-facilities-for-elderly,노인복지시설,다바7479,127.21721229714773,36.91301294244987,974809.9999999992,1879444.999984252
life__welfare-facilities-for-elderly,life_welfare-facilities-for-elderly.csv,동산요양원,life,welfare-facilities-for-elderly,노인복지시설,다바7163,127.17628078172817,36.7668804289506,971109.0000000027,1863245.9999822706
life__welfare-facilities-for-elderly,life_welfare-facilities-for-elderly.csv,효드림재가복지센터,life,welfare-facilities-for-elderly,노인복지시설,다바6780,127.1313062600705,36.9184114624624,967160.0,1880069.9999843289
life__welfare-facilities-for-elderly,life_welfare-facilities-for-elderly.csv,한빛재활주간보호센터,life,welfare-facilities-for-elderly,노인복지시설,다바6770,127.14021550949846,36.83334125421472,967917.9999999993,1870629.9999831684
life__welfare-facilities-for-elderly,life_welfare-facilities-for-elderly.csv,가가호재가복지센터,life,welfare-facilities-for-elderly,노인복지시설,다바6666,127.1247371746622,36.79707252141685,966522.0000000014,1866611.9999826786
life__welfare-facilities-for-elderly,life_welfare-facilities-for-elderly.csv,큰나무방문요양센터,life,welfare-facilities-for-elderly,노인복지시설,다바6780,127.13307866322974,36.91871442869456,967318.0000000008,1880102.9999843296
life__welfare-facilities-for-elderly,life_welfare-facilities-for-elderly.csv,입장실버복지센터,life,welfare-facilities-for-elderly,노인복지시설,다바7579,127.22054144026932,36.91439102900976,975106.999999999,1879596.9999842711
life__welfare-facilities-for-elderly,life_welfare-facilities-for-elderly.csv,동행 재가복지센터,life,welfare-facilities-for-elderly,노인복지시설,다바6667,127.12742082193589,36.80074091882533,966763.0000000016,1867017.999982728
life__welfare-facilities-for-elderly,life_welfare-facilities-for-elderly.csv,한가족노인복지센터,life,welfare-facilities-for-elderly,노인복지시설,다바6566,127.11492282731388,36.79161431145486,965643.9999999998,1866009.999982604
life__welfare-facilities-for-elderly,life_welfare-facilities-for-elderly.csv,아둘람노인재가복지센터,life,welfare-facilities-for-elderly,노인복지시설,다바6964,127.16090628033255,36.78248717010682,969743.0,1864981.9999824807
life__welfare-facilities-for-elderly,life_welfare-facilities-for-elderly.csv,꿈터재가노인복지센터,life,welfare-facilities-for-elderly,노인복지시설,다바6867,127.15080062628536,36.80896113067723,968851.9999999999,1867921.9999828385
life__welfare-facilities-for-elderly,life_welfare-facilities-for-elderly.csv,(주)케어링 주간보호센터 천안점,life,welfare-facilities-for-elderly,노인복지시설,다바6768,127.1406895287414,36.81351046224561,967951.9999999991,1868429.9999828995
life__welfare-facilities-for-elderly,life_welfare-facilities-for-elderly.csv,도담재가노인복지센터,life,welfare-facilities-for-elderly,노인복지시설,다바6666,127.12874311720334,36.793866849812666,966877.999999999,1866254.9999826346
life__welfare-facilities-for-elderly,life_welfare-facilities-for-elderly.csv,성환사랑의마을,life,welfare-facilities-for-elderly,노인복지시설,다바6679,127.12755335149328,36.91212565993565,966822.9999999998,1879373.999984243
life__welfare-facilities-for-elderly,life_welfare-facilities-for-elderly.csv,플래티늄 동남점,life,welfare-facilities-for-elderly,노인복지시설,다바6764,127.13672332396696,36.78208223308603,967585.0000000013,1864944.9999824744
life__welfare-facilities-for-elderly,life_welfare-facilities-for-elderly.csv,천안고향의집,life,welfare-facilities-for-elderly,노인복지시설,다바6767,127.14116796115276,36.80468654516704,967991.0000000021,1867450.9999827798
life__welfare-facilities-for-elderly,life_welfare-facilities-for-elderly.csv,천안한마음요양원,life,welfare-facilities-for-elderly,노인복지시설,다바6669,127.12407130640634,36.82322195676486,966474.0000000009,1869512.9999830318
life__welfare-facilities-for-elderly,life_welfare-facilities-for-elderly.csv,원성효그룹홈,life,welfare-facilities-for-elderly,노인복지시설,다바6967,127.16072627853512,36.80551921009405,969735.9999999992,1867536.9999827915
life__welfare-facilities-for-elderly,life_welfare-facilities-for-elderly.csv,천안삼거리요양원,life,welfare-facilities-for-elderly,노인복지시설,다바7664,127.23416196690602,36.77421760759254,976276.9999999994,1864043.9999823698
life__welfare-facilities-for-elderly,life_welfare-facilities-for-elderly.csv,영서원,life,welfare-facilities-for-elderly,노인복지시설,다바7569,127.2260217926815,36.82588945499449,975567.0000000001,1869777.999983069
life__welfare-facilities-for-elderly,life_welfare-facilities-for-elderly.csv,북천안요양원,life,welfare-facilities-for-elderly,노인복지시설,다바6780,127.13738941862314,36.92117059495114,967703.0000000008,1880373.9999843657
life__welfare-facilities-for-elderly,life_welfare-facilities-for-elderly.csv,봄날 방문요양복지센터,life,welfare-facilities-for-elderly,노인복지시설,다바6665,127.124776964446,36.78661560522702,966520.9999999998,1865451.999982537
life__welfare-facilities-for-elderly,life_welfare-facilities-for-elderly.csv,고은빛나재가센터,life,welfare-facilities-for-elderly,노인복지시설,다바6965,127.15544196588766,36.783931851801626,969255.9999999995,1865143.9999825002
life__welfare-facilities-for-elderly,life_welfare-facilities-for-elderly.csv,천안기쁨요양원,life,welfare-facilities-for-elderly,노인복지시설,다바6770,127.13901800069324,36.830434912108856,967810.0000000028,1870307.9999831298
life__welfare-facilities-for-elderly,life_welfare-facilities-for-elderly.csv,한마음재가복지센터,life,welfare-facilities-for-elderly,노인복지시설,다바6875,127.14728413720366,36.87652434863043,968565.9999999993,1875417.9999837552
life__welfare-facilities-for-elderly,life_welfare-facilities-for-elderly.csv,능수버들주야간보호센터,life,welfare-facilities-for-elderly,노인복지시설,다바6768,127.1401289148377,36.813517781717984,967901.9999999998,1868430.9999828995
life__welfare-facilities-for-elderly,life_welfare-facilities-for-elderly.csv,아름다운동행요양원,life,welfare-facilities-for-elderly,노인복지시설,다바7376,127.19879086742672,36.88713197390057,973160.0000000009,1876578.9999838988
life__welfare-facilities-for-elderly,life_welfare-facilities-for-elderly.csv,으뜸재활주간보호센터,life,welfare-facilities-for-elderly,노인복지시설,다바6665,127.12742457763072,36.79070758502073,966758.999999998,1865904.9999825922
life__welfare-facilities-for-elderly,life_welfare-facilities-for-elderly.csv,청당더봄노인주간보호센터,life,welfare-facilities-for-elderly,노인복지시설,다바6964,127.15491020716324,36.78255105932202,969207.9999999994,1864990.999982483
life__welfare-facilities-for-elderly,life_welfare-facilities-for-elderly.csv,천안제일요양원,life,welfare-facilities-for-elderly,노인복지시설,다바6864,127.14572566711512,36.78140623651316,968387.9999999979,1864866.9999824697
life__welfare-facilities-for-elderly,life_welfare-facilities-for-elderly.csv,가족사랑서북주간보호센터,life,welfare-facilities-for-elderly,노인복지시설,다바7175,127.18494713301688,36.87780205529025,971922.999999999,1875547.9999837733
life__welfare-facilities-for-elderly,life_welfare-facilities-for-elderly.csv,영성실버센터,life,welfare-facilities-for-elderly,노인복지시설,다바6867,127.15095442791696,36.80224564726603,968862.9999999988,1867176.9999827477
life__welfare-facilities-for-elderly,life_welfare-facilities-for-elderly.csv,영성실버주간보호센터,life,welfare-facilities-for-elderly,노인복지시설,다바6867,127.15095442791696,36.80224564726603,968862.9999999988,1867176.9999827477
life__welfare-facilities-for-elderly,life_welfare-facilities-for-elderly.csv,천안아산노인복지센터,life,welfare-facilities-for-elderly,노인복지시설,다바6667,127.12568897906046,36.80188034498799,966608.9999999994,1867144.9999827435
life__welfare-facilities-for-elderly,life_welfare-facilities-for-elderly.csv,꽃보다노인주간보호센터,life,welfare-facilities-for-elderly,노인복지시설,다바6679,127.12901547234128,36.916195777493165,966955.0000000005,1879824.9999842963
life__welfare-facilities-for-elderly,life_welfare-facilities-for-elderly.csv,굿모닝재가노인복지센터,life,welfare-facilities-for-elderly,노인복지시설,다바6667,127.12556694479794,36.801618535240735,966598.0000000002,1867115.9999827405
life__welfare-facilities-for-elderly,life_welfare-facilities-for-elderly.csv,천안고향의집병설재가노인복지센터,life,welfare-facilities-for-elderly,노인복지시설,다바6767,127.14116796115276,36.80468654516704,967991.0000000021,1867450.9999827798
life__welfare-facilities-for-elderly,life_welfare-facilities-for-elderly.csv,드림요양원,life,welfare-facilities-for-elderly,노인복지시설,다바6883,127.15139503998476,36.94716521845913,968960.9999999998,1883252.9999847226
life__welfare-facilities-for-elderly,life_welfare-facilities-for-elderly.csv,성심요양원병설주간보호센터,life,welfare-facilities-for-elderly,노인복지시설,다바6767,127.14116796115276,36.80468654516704,967991.0000000021,1867450.9999827798
life__welfare-facilities-for-elderly,life_welfare-facilities-for-elderly.csv,비타민요양원1호,life,welfare-facilities-for-elderly,노인복지시설,다바6679,127.12901547234128,36.916195777493165,966955.0000000005,1879824.9999842963
life__welfare-facilities-for-elderly,life_welfare-facilities-for-elderly.csv,늘푸른요양원1병설주야간보호센터,life,welfare-facilities-for-elderly,노인복지시설,다바6669,127.12775940310227,36.8257396301803,966803.9999999988,1869790.9999830655
life__welfare-facilities-for-elderly,life_welfare-facilities-for-elderly.csv,성심요양원,life,welfare-facilities-for-elderly,노인복지시설,다바6767,127.14116796115276,36.80468654516704,967991.0000000021,1867450.9999827798
life__welfare-facilities-for-elderly,life_welfare-facilities-for-elderly.csv,늘봄요양원,life,welfare-facilities-for-elderly,노인복지시설,다바7567,127.22988346386724,36.808725326523465,975905.9999999969,1867872.9999828348
life__welfare-facilities-for-elderly,life_welfare-facilities-for-elderly.csv,해바라기노인공동생활가정,life,welfare-facilities-for-elderly,노인복지시설,다바7579,127.2237542021702,36.91383062766921,975393.0,1879533.9999842646
life__welfare-facilities-for-elderly,life_welfare-facilities-for-elderly.csv,천안구구팔팔주간보호센터,life,welfare-facilities-for-elderly,노인복지시설,,127.11774567252964,36.78969427283275,965894.9999999995,1865795.9999825782
life__welfare-facilities-for-elderly,life_welfare-facilities-for-elderly.csv,천안플래티늄요양원,life,welfare-facilities-for-elderly,노인복지시설,다바6769,127.13837665990354,36.826123965363465,967750.9999999991,1869829.9999830704
life__welfare-facilities-for-elderly,life_welfare-facilities-for-elderly.csv,천안노인주간보호센터,life,welfare-facilities-for-elderly,노인복지시설,다바6569,127.11552666798652,36.82552942732952,965712.9999999977,1869771.999983062
life__welfare-facilities-for-elderly,life_welfare-facilities-for-elderly.csv,효부모노인주간보호센터,life,welfare-facilities-for-elderly,노인복지시설,다바6779,127.13811766234,36.914366864920645,967765.0000000009,1879618.9999842728
life__welfare-facilities-for-elderly,life_welfare-facilities-for-elderly.csv,웰케어천안주간보호센터,life,welfare-facilities-for-elderly,노인복지시설,다바6667,127.12679857832,36.80422764741208,966709.0000000017,1867404.9999827729
life__welfare-facilities-for-elderly,life_welfare-facilities-for-elderly.csv,이화엔젤스요양원,life,welfare-facilities-for-elderly,노인복지시설,다바6868,127.1518380821282,36.8175281055181,968948.0000000003,1868871.999982954
life__welfare-facilities-for-elderly,life_welfare-facilities-for-elderly.csv,큰사랑요양원,life,welfare-facilities-for-elderly,노인복지시설,다바6871,127.14808299860358,36.836898537150496,968620.9999999988,1871021.9999832173
life__welfare-facilities-for-elderly,life_welfare-facilities-for-elderly.csv,민들레요양원,life,welfare-facilities-for-elderly,노인복지시설,,,,,
life__welfare-facilities-for-elderly,life_welfare-facilities-for-elderly.csv,행복미소의집,life,welfare-facilities-for-elderly,노인복지시설,다바6669,127.12579014095212,36.82025254520897,966626.0000000007,1869182.9999829903
life__welfare-facilities-for-elderly,life_welfare-facilities-for-elderly.csv,부모사랑요양원,life,welfare-facilities-for-elderly,노인복지시설,다바7375,127.20494007443467,36.88146822112258,973705.9999999967,1875948.9999838213
life__welfare-facilities-for-elderly,life_welfare-facilities-for-elderly.csv,가강요양원,life,welfare-facilities-for-elderly,노인복지시설,다바6771,127.13982498079268,36.83770315243043,967885.0000000008,1871113.9999832276
life__welfare-facilities-for-elderly,life_welfare-facilities-for-elderly.csv,젬마의집,life,welfare-facilities-for-elderly,노인복지시설,,,,,
life__welfare-facilities-for-elderly,life_welfare-facilities-for-elderly.csv,너싱홈 천안 간호천사,life,welfare-facilities-for-elderly,노인복지시설,다바6568,127.11017882604358,36.80987160137612,965228.9999999999,1868036.9999828509
life__welfare-facilities-for-elderly,life_welfare-facilities-for-elderly.csv,김태희치매전문요양원,life,welfare-facilities-for-elderly,노인복지시설,다바6771,127.13982498079268,36.83770315243043,967885.0000000008,1871113.9999832276
life__welfare-facilities-for-elderly,life_welfare-facilities-for-elderly.csv,미소의집,life,welfare-facilities-for-elderly,노인복지시설,,,,,
life__welfare-facilities-for-elderly,life_welfare-facilities-for-elderly.csv,돌봄노인요양원,life,welfare-facilities-for-elderly,노인복지시설,다바6975,127.15684938639214,36.87788650875663,969418.999999999,1875565.9999837738
life__welfare-facilities-for-elderly,life_welfare-facilities-for-elderly.csv,+새롬요양원,life,welfare-facilities-for-elderly,노인복지시설,다바6972,127.15969994783028,36.85249159118169,969663.0000000005,1872747.9999834283
life__welfare-facilities-for-elderly,life_welfare-facilities-for-elderly.csv,아름다운요양원,life,welfare-facilities-for-elderly,노인복지시설,다바6768,127.13277477730163,36.81337810887212,967246.0000000008,1868417.9999828981
life__welfare-facilities-for-elderly,life_welfare-facilities-for-elderly.csv,대명노인전문요양원,life,welfare-facilities-for-elderly,노인복지시설,다바8371,127.31600692477896,36.84574176247932,983595.9999999991,1871960.9999833365
life__welfare-facilities-for-elderly,life_welfare-facilities-for-elderly.csv,하은요양센터,life,welfare-facilities-for-elderly,노인복지시설,다바6567,127.10923953181036,36.80277397772021,965142.0000000017,1867249.999982754
life__welfare-facilities-for-elderly,life_welfare-facilities-for-elderly.csv,원케어방문요양센터,life,welfare-facilities-for-elderly,노인복지시설,다바6567,127.1103464734022,36.803336519031525,965241.0000000008,1867311.999982763
life__welfare-facilities-for-elderly,life_welfare-facilities-for-elderly.csv,천안메디케어요양원,life,welfare-facilities-for-elderly,노인복지시설,다바6568,127.11019393565763,36.81131399624964,965230.9999999994,1868196.9999828702
life__welfare-facilities-for-elderly,life_welfare-facilities-for-elderly.csv,더로즈 공동생활가정,life,welfare-facilities-for-elderly,노인복지시설,다바6661,127.12981924879018,36.74956284003442,966954.9999999999,1861339.9999820378
life__welfare-facilities-for-elderly,life_welfare-facilities-for-elderly.csv,엘림요양원,life,welfare-facilities-for-elderly,노인복지시설,다바6669,127.12445862131648,36.82197915969167,966507.9999999988,1869374.9999830152
life__welfare-facilities-for-elderly,life_welfare-facilities-for-elderly.csv,주소망요양원,life,welfare-facilities-for-elderly,노인복지시설,다바6960,127.15939904758784,36.743187591724805,969592.9999999986,1860622.9999819528
life__welfare-facilities-for-elderly,life_welfare-facilities-for-elderly.csv,더 동행 주간보호센터,life,welfare-facilities-for-elderly,노인복지시설,다바6767,127.13553128354587,36.80660755960879,967489.0000000003,1867665.9999828078
life__welfare-facilities-for-elderly,life_welfare-facilities-for-elderly.csv,소망재가복지센터,life,welfare-facilities-for-elderly,노인복지시설,다바6767,127.13217764357876,36.80695782153274,967190.000000001,1867705.9999828108
life__welfare-facilities-for-elderly,life_welfare-facilities-for-elderly.csv,백석요양원,life,welfare-facilities-for-elderly,노인복지시설,다바6669,127.12407130640634,36.82322195676486,966474.0000000009,1869512.9999830318
life__welfare-facilities-for-elderly,life_welfare-facilities-for-elderly.csv,하나요양보호원,life,welfare-facilities-for-elderly,노인복지시설,다바6867,127.14547333417634,36.80212125888481,968373.999999999,1867164.9999827445
life__welfare-facilities-for-elderly,life_welfare-facilities-for-elderly.csv,직산제일좋은주간보호센터,life,welfare-facilities-for-elderly,노인복지시설,다바6875,127.1486400072999,36.87937696831239,968687.9999999998,1875733.9999837957
life__welfare-facilities-for-elderly,life_welfare-facilities-for-elderly.csv,우리재가복지센터,life,welfare-facilities-for-elderly,노인복지시설,다바6767,127.13217255476852,36.80099009098266,967187.0000000003,1867043.9999827312
life__welfare-facilities-for-elderly,life_welfare-facilities-for-elderly.csv,두드림복지재가센터,life,welfare-facilities-for-elderly,노인복지시설,다바6769,127.13198788152783,36.82083981068107,967179.0000000009,1869245.999982999
life__welfare-facilities-for-elderly,life_welfare-facilities-for-elderly.csv,대한메디컬재가복지센터,life,welfare-facilities-for-elderly,노인복지시설,다바6968,127.15792497570791,36.817825225573806,969490.9999999986,1868902.999982959
life__welfare-facilities-for-elderly,life_welfare-facilities-for-elderly.csv,온유재가방문요양센터,life,welfare-facilities-for-elderly,노인복지시설,다바6967,127.15903296486998,36.80564057299449,969585.000000001,1867550.9999827952
life__welfare-facilities-for-elderly,life_welfare-facilities-for-elderly.csv,그루터기재가복지센터,life,welfare-facilities-for-elderly,노인복지시설,다바6766,127.14004314388184,36.79830976667514,967887.9999999999,1866743.9999826956
life__welfare-facilities-for-elderly,life_welfare-facilities-for-elderly.csv,천안행복한요양원,life,welfare-facilities-for-elderly,노인복지시설,다바6568,127.11005125483813,36.81070954641249,965218.0000000026,1868129.9999828623
life__welfare-facilities-for-elderly,life_welfare-facilities-for-elderly.csv,도란도란노인요양공동생활가정,life,welfare-facilities-for-elderly,노인복지시설,다바7866,127.2594922877488,36.79413998885076,978542.9999999988,1866247.9999826378
life__welfare-facilities-for-elderly,life_welfare-facilities-for-elderly.csv,청담하늘채요양원,life,welfare-facilities-for-elderly,노인복지시설,다바6763,127.13267635724812,36.772946913786335,967220.0000000002,1863932.999982354
life__welfare-facilities-for-elderly,life_welfare-facilities-for-elderly.csv,쌍용노인전문요양원병설주야간보호센터,life,welfare-facilities-for-elderly,노인복지시설,다바6667,127.12721774419744,36.805635250844425,966746.9999999995,1867560.999982794
life__welfare-facilities-for-elderly,life_welfare-facilities-for-elderly.csv,서천안노인재가복지센터,life,welfare-facilities-for-elderly,노인복지시설,다바6469,127.10348159820744,36.81938695989302,964636.0000000007,1869094.9999829794
life__welfare-facilities-for-elderly,life_welfare-facilities-for-elderly.csv,희망장기요양센터,life,welfare-facilities-for-elderly,노인복지시설,다바6779,127.13224312907082,36.91502491286484,967242.0000000001,1879693.9999842816
life__welfare-facilities-for-elderly,life_welfare-facilities-for-elderly.csv,우리요양원,life,welfare-facilities-for-elderly,노인복지시설,다바6155,127.07052894097684,36.69869156812948,961637.0000000007,1855718.9999813573
life__welfare-facilities-for-elderly,life_welfare-facilities-for-elderly.csv,효자의 집,life,welfare-facilities-for-elderly,노인복지시설,다바7164,127.1794791620308,36.776444709131965,971398.0000000001,1864305.9999824
life__welfare-facilities-for-elderly,life_welfare-facilities-for-elderly.csv,직산제일좋은요양원,life,welfare-facilities-for-elderly,노인복지시설,다바6875,127.1486400072999,36.87937696831239,968687.9999999998,1875733.9999837957
life__welfare-facilities-for-elderly,life_welfare-facilities-for-elderly.csv,양지요양원,life,welfare-facilities-for-elderly,노인복지시설,다바6566,127.11515856044194,36.79154295687732,965664.999999999,1866001.9999826027
life__welfare-facilities-for-elderly,life_welfare-facilities-for-elderly.csv,다솜재가복지센터,life,welfare-facilities-for-elderly,노인복지시설,다바6779,127.1301672682206,36.91713687718956,967058.0000000023,1879928.99998431
life__welfare-facilities-for-elderly,life_welfare-facilities-for-elderly.csv,하임 재가복지센터,life,welfare-facilities-for-elderly,노인복지시설,다바6768,127.14023959495788,36.81382461513024,967912.0000000008,1868464.9999829042
life__welfare-facilities-for-elderly,life_welfare-facilities-for-elderly.csv,이화노인복지센터,life,welfare-facilities-for-elderly,노인복지시설,다바6779,127.13381306055516,36.91774312851529,967382.999999999,1879994.999984318
life__welfare-facilities-for-elderly,life_welfare-facilities-for-elderly.csv,천안참사랑방문요양센터,life,welfare-facilities-for-elderly,노인복지시설,다바6966,127.16368478831612,36.79550327910894,969996.0000000008,1866424.9999826585
life__welfare-facilities-for-elderly,life_welfare-facilities-for-elderly.csv,엔젤요양서비스,life,welfare-facilities-for-elderly,노인복지시설,다바6965,127.158793998039,36.78622223568535,969556.0000000019,1865396.9999825326
life__welfare-facilities-for-elderly,life_welfare-facilities-for-elderly.csv,천안실버타운 케어홈 부설 주야간보호센터,life,welfare-facilities-for-elderly,노인복지시설,다바7563,127.23093169568132,36.76544800731594,975986.0000000006,1863071.9999822518
life__welfare-facilities-for-elderly,life_welfare-facilities-for-elderly.csv,정다운재가복지센터,life,welfare-facilities-for-elderly,노인복지시설,다바6667,127.11987233978287,36.801618500255,966089.9999999985,1867117.999982741
life__welfare-facilities-for-elderly,life_welfare-facilities-for-elderly.csv,천안실버타운 케어홈,life,welfare-facilities-for-elderly,노인복지시설,다바7563,127.23093169568132,36.76544800731594,975986.0000000006,1863071.9999822518
life__welfare-facilities-for-elderly,life_welfare-facilities-for-elderly.csv,크라운재활요양원,life,welfare-facilities-for-elderly,노인복지시설,다바6567,127.1148205706183,36.80084501426271,965638.9999999999,1867033.9999827289
life__welfare-facilities-for-elderly,life_welfare-facilities-for-elderly.csv,바른재가복지센터,life,welfare-facilities-for-elderly,노인복지시설,다바6969,127.16237863642372,36.81983019379391,969889.0000000009,1869123.9999829864
life__welfare-facilities-for-elderly,life_welfare-facilities-for-elderly.csv,미소재가방문요양센터,life,welfare-facilities-for-elderly,노인복지시설,다바6966,127.16001609876724,36.79372596849559,969668.0000000016,1866228.9999826332
life__welfare-facilities-for-elderly,life_welfare-facilities-for-elderly.csv,두리방문요양센터,life,welfare-facilities-for-elderly,노인복지시설,다바6667,127.12556694479794,36.801618535240735,966598.0000000002,1867115.9999827405
life__welfare-facilities-for-elderly,life_welfare-facilities-for-elderly.csv,내고향재가노인복지센터,life,welfare-facilities-for-elderly,노인복지시설,다바6767,127.13163817574936,36.8049008066514,967141.0000000002,1867477.9999827826
life__welfare-facilities-for-elderly,life_welfare-facilities-for-elderly.csv,한사랑 재가복지센터,life,welfare-facilities-for-elderly,노인복지시설,다바6567,127.10780476580406,36.80275122570597,965013.9999999993,1867247.9999827552
life__welfare-facilities-for-elderly,life_welfare-facilities-for-elderly.csv,천안우리방문요양센터,life,welfare-facilities-for-elderly,노인복지시설,다바6767,127.13335972845674,36.805915769741496,967294.9999999992,1867589.9999827966
life__welfare-facilities-for-elderly,life_welfare-facilities-for-elderly.csv,행복한재가복지센터,life,welfare-facilities-for-elderly,노인복지시설,다바6968,127.16203059144571,36.80973277825695,969854.0000000002,1868003.9999828504
life__welfare-facilities-for-elderly,life_welfare-facilities-for-elderly.csv,천안실버안요양원,life,welfare-facilities-for-elderly,노인복지시설,다바7063,127.1650958888658,36.7674534581502,970110.9999999992,1863312.999982277
life__welfare-facilities-for-elderly,life_welfare-facilities-for-elderly.csv,갈릴리 재가복지 센터,life,welfare-facilities-for-elderly,노인복지시설,다바6667,127.12742082193589,36.80074091882533,966763.0000000016,1867017.999982728
life__welfare-facilities-for-elderly,life_welfare-facilities-for-elderly.csv,천안신창노인복지센터,life,welfare-facilities-for-elderly,노인복지시설,다바6767,127.14016081934513,36.80430488578438,967901.000000003,1867408.999982775
life__welfare-facilities-for-elderly,life_welfare-facilities-for-elderly.csv,실버돌봄재가복지센터,life,welfare-facilities-for-elderly,노인복지시설,다바6679,127.12847142166058,36.912633347115865,966905.0,1879429.9999842488
life__welfare-facilities-for-elderly,life_welfare-facilities-for-elderly.csv,이웃사랑노인복지센터,life,welfare-facilities-for-elderly,노인복지시설,다바6780,127.13738941862314,36.92117059495114,967703.0000000008,1880373.9999843657
life__welfare-facilities-for-elderly,life_welfare-facilities-for-elderly.csv,나무 재가방문요양센터,life,welfare-facilities-for-elderly,노인복지시설,다바6568,127.1084193427517,36.81634735721744,965075.0000000006,1868755.9999829386
life__welfare-facilities-for-elderly,life_welfare-facilities-for-elderly.csv,누리온재가복지센터,life,welfare-facilities-for-elderly,노인복지시설,다바6763,127.13273403581974,36.77025168935852,967223.9999999994,1863633.999982318
life__welfare-facilities-for-elderly,life_welfare-facilities-for-elderly.csv,아우내은빛복지관부설아우내노인복지센터,life,welfare-facilities-for-elderly,노인복지시설,다바8263,127.3019333971244,36.76623645441917,982323.0000000001,1863143.9999822625
life__welfare-facilities-for-elderly,life_welfare-facilities-for-elderly.csv,도란도란노인복지센터,life,welfare-facilities-for-elderly,노인복지시설,다바7866,127.2594922877488,36.79413998885076,978542.9999999988,1866247.9999826378
life__welfare-facilities-for-elderly,life_welfare-facilities-for-elderly.csv,하영 재가센터,life,welfare-facilities-for-elderly,노인복지시설,다바6567,127.11087790015624,36.80243679191861,965288.0000000027,1867211.9999827507
life__welfare-facilities-for-elderly,life_welfare-facilities-for-elderly.csv,퍼스트 주간보호센터,life,welfare-facilities-for-elderly,노인복지시설,다바6972,127.16143272214435,36.853830701062165,969817.9999999983,1872895.999983447
life__welfare-facilities-for-elderly,life_welfare-facilities-for-elderly.csv,편안한 재가노인복지센타,life,welfare-facilities-for-elderly,노인복지시설,다바6769,127.13427184178178,36.82155901458747,967383.0000000001,1869324.9999830092
life__welfare-facilities-for-elderly,life_welfare-facilities-for-elderly.csv,성환 노인요양공동생활가정,life,welfare-facilities-for-elderly,노인복지시설,다바6780,127.13688096162794,36.91948333026971,967657.0000000008,1880186.999984342
life__welfare-facilities-for-elderly,life_welfare-facilities-for-elderly.csv,충남의료기,life,welfare-facilities-for-elderly,노인복지시설,다바6767,127.13638080226166,36.80239129196017,967562.9999999999,1867197.9999827496
life__welfare-facilities-for-elderly,life_welfare-facilities-for-elderly.csv,으뜸재가복지센터,life,welfare-facilities-for-elderly,노인복지시설,다바6966,127.1562996426178,36.8001698071616,969339.0000000002,1866944.9999827202
life__welfare-facilities-for-elderly,life_welfare-facilities-for-elderly.csv,쌍용노인전문요양원,life,welfare-facilities-for-elderly,노인복지시설,다바6667,127.12721774419744,36.805635250844425,966746.9999999995,1867560.999982794
life__welfare-facilities-for-elderly,life_welfare-facilities-for-elderly.csv,패밀리케어 노인주간보호센터,life,welfare-facilities-for-elderly,노인복지시설,다바6871,127.14539961069386,36.83754863195996,968382.0000000008,1871094.9999832257
life__welfare-facilities-for-elderly,life_welfare-facilities-for-elderly.csv,에바다재가장기요양센터,life,welfare-facilities-for-elderly,노인복지시설,다바6966,127.1534236735366,36.799079698937376,969081.9999999991,1866824.9999827042
life__welfare-facilities-for-elderly,life_welfare-facilities-for-elderly.csv,행복나눔노인요양원,life,welfare-facilities-for-elderly,노인복지시설,다바7269,127.18834425695948,36.82046900555902,972205.0000000007,1869186.9999829934
life__welfare-facilities-for-elderly,life_welfare-facilities-for-elderly.csv,현대방문요양센터,life,welfare-facilities-for-elderly,노인복지시설,다바6967,127.16353525098842,36.80662698116595,969987.0000000003,1867658.9999828073
life__welfare-facilities-for-elderly,life_welfare-facilities-for-elderly.csv,보금자리노인장기요양센터,life,welfare-facilities-for-elderly,노인복지시설,다바6867,127.14889368198006,36.80919891218586,968681.9999999994,1867948.999982841
life__welfare-facilities-for-elderly,life_welfare-facilities-for-elderly.csv,나눔의손재가노인복지센터,life,welfare-facilities-for-elderly,노인복지시설,다바7463,127.21000013308804,36.77175422743774,974120.0000000006,1863776.9999823375
life__welfare-facilities-for-elderly,life_welfare-facilities-for-elderly.csv,천안시노인종합복지관부설 천안노인복지센터,life,welfare-facilities-for-elderly,노인복지시설,다바6667,127.12880400530256,36.8044773196567,966888.0000000007,1867431.9999827784
life__welfare-facilities-for-elderly,life_welfare-facilities-for-elderly.csv,천사재가복지센터,life,welfare-facilities-for-elderly,노인복지시설,다바6967,127.15838769030296,36.80705402580519,969528.0000000005,1867707.999982813
life__welfare-facilities-for-elderly,life_welfare-facilities-for-elderly.csv,북천안요양원부설주야간보호센터,life,welfare-facilities-for-elderly,노인복지시설,다바6780,127.13738941862314,36.92117059495114,967703.0000000008,1880373.9999843657
life__welfare-facilities-for-elderly,life_welfare-facilities-for-elderly.csv,섬김요양원 병설 천안재가서비스지원센터,life,welfare-facilities-for-elderly,노인복지시설,다바6873,127.15099413914795,36.86015580473241,968890.0000000009,1873600.9999835326
life__welfare-facilities-for-elderly,life_welfare-facilities-for-elderly.csv,+새롬요양원병설 새롬재가노인복지센터,life,welfare-facilities-for-elderly,노인복지시설,다바6972,127.15969994783028,36.85249159118169,969663.0000000005,1872747.9999834283
life__welfare-facilities-for-elderly,life_welfare-facilities-for-elderly.csv,은혜재가복지센터,life,welfare-facilities-for-elderly,노인복지시설,다바6780,127.12988133295958,36.9182267414346,967033.0000000007,1880049.999984324
life__welfare-facilities-for-elderly,life_welfare-facilities-for-elderly.csv,(A)비지팅엔젤스 천안서북방문요양지점,life,welfare-facilities-for-elderly,노인복지시설,다바6669,127.12579014095212,36.82025254520897,966626.0000000007,1869182.9999829903
life__welfare-facilities-for-elderly,life_welfare-facilities-for-elderly.csv,더편안재가센터,life,welfare-facilities-for-elderly,노인복지시설,다바7065,127.16787930425389,36.78976368560899,970368.000000001,1865786.9999825796
life__welfare-facilities-for-elderly,life_welfare-facilities-for-elderly.csv,해솔방문요양센터,life,welfare-facilities-for-elderly,노인복지시설,다바6666,127.12092976689196,36.79859294358216,966183.000000002,1866781.9999826993
life__welfare-facilities-for-elderly,life_welfare-facilities-for-elderly.csv,마음으로 방문케어,life,welfare-facilities-for-elderly,노인복지시설,다바7763,127.25135673391436,36.769224555347634,977810.0000000003,1863485.9999823023
life__welfare-facilities-for-elderly,life_welfare-facilities-for-elderly.csv,성남재가노인복지시설,life,welfare-facilities-for-elderly,노인복지시설,다바7460,127.21937084762044,36.74328102029036,974947.0000000003,1860615.9999819538
life__welfare-facilities-for-elderly,life_welfare-facilities-for-elderly.csv,천안시노인종합복지관부설 천안노인복지센터,life,welfare-facilities-for-elderly,노인복지시설,다바6667,127.12880400530256,36.8044773196567,966888.0000000007,1867431.9999827784
life__welfare-facilities-for-elderly,life_welfare-facilities-for-elderly.csv,충남사회서비스원 충남동부돌봄센터,life,welfare-facilities-for-elderly,노인복지시설,다바6868,127.1497914129906,36.81393426010694,968763.9999999974,1868473.9999829053
life__welfare-facilities-for-elderly,life_welfare-facilities-for-elderly.csv,효나눔재가노인복지센터,life,welfare-facilities-for-elderly,노인복지시설,다바6968,127.15795060886872,36.81710412637443,969492.9999999977,1868822.999982949
life__welfare-facilities-for-elderly,life_welfare-facilities-for-elderly.csv,초록마을공동생활가정,life,welfare-facilities-for-elderly,노인복지시설,다바6669,127.12579014095212,36.82025254520897,966626.0000000007,1869182.9999829903
life__welfare-facilities-for-elderly,life_welfare-facilities-for-elderly.csv,에덴노인요양공동생활,life,welfare-facilities-for-elderly,노인복지시설,다바6860,127.15239787848913,36.73829035396569,968965.999999999,1860081.999981887
life__welfare-facilities-for-elderly,life_welfare-facilities-for-elderly.csv,다사랑 방문요양센터,life,welfare-facilities-for-elderly,노인복지시설,다바6875,127.15206545914856,36.87871996856146,968993.0000000006,1875659.9999837845
life__welfare-facilities-for-elderly,life_welfare-facilities-for-elderly.csv,아가페재가복지센터,life,welfare-facilities-for-elderly,노인복지시설,다바6963,127.1586503206852,36.76807518628519,969536.0000000001,1863383.9999822874
life__welfare-facilities-for-elderly,life_welfare-facilities-for-elderly.csv,하루 재가 방문간호센터,life,welfare-facilities-for-elderly,노인복지시설,다바6667,127.12977599973831,36.80749124957472,966975.9999999991,1867765.999982819
life__welfare-facilities-for-elderly,life_welfare-facilities-for-elderly.csv,평화재가노인복지센타,life,welfare-facilities-for-elderly,노인복지시설,다바6868,127.15181930805468,36.81424671343207,968945.0000000008,1868507.9999829093
life__welfare-facilities-for-elderly,life_welfare-facilities-for-elderly.csv,건강재가노인복지센터,life,welfare-facilities-for-elderly,노인복지시설,다바6665,127.124776964446,36.78661560522702,966520.9999999998,1865451.999982537
life__welfare-facilities-for-elderly,life_welfare-facilities-for-elderly.csv,신나는재가복지센터,life,welfare-facilities-for-elderly,노인복지시설,다바6768,127.13409554842136,36.816194753735765,967365.0000000008,1868729.9999829354
life__welfare-facilities-for-elderly,life_welfare-facilities-for-elderly.csv,이원건강의료기천안역점,life,welfare-facilities-for-elderly,노인복지시설,다바6868,127.14826018563804,36.81044106475191,968625.9999999998,1868086.9999828592
life__welfare-facilities-for-elderly,life_welfare-facilities-for-elderly.csv,행복복지용구,life,welfare-facilities-for-elderly,노인복지시설,다바6768,127.13180470786156,36.809922493320286,967158.0000000023,1868034.9999828518
life__welfare-facilities-for-elderly,life_welfare-facilities-for-elderly.csv,천안아산복지용구센터,life,welfare-facilities-for-elderly,노인복지시설,,127.11576083310366,36.789895215663954,965717.9999999995,1865818.999982581
life__welfare-facilities-for-elderly,life_welfare-facilities-for-elderly.csv,은혜노인복지센터,life,welfare-facilities-for-elderly,노인복지시설,다바6975,127.15684938639214,36.87788650875663,969418.999999999,1875565.9999837738
life__welfare-facilities-for-elderly,life_welfare-facilities-for-elderly.csv,의료기백화점,life,welfare-facilities-for-elderly,노인복지시설,다바6767,127.13860757284996,36.80324545889383,967762.0000000017,1867291.9999827605
life__welfare-facilities-for-elderly,life_welfare-facilities-for-elderly.csv,희망재가관리센터,life,welfare-facilities-for-elderly,노인복지시설,다바7579,127.22078793638585,36.91144385658575,975128.0000000006,1879269.9999842304
life__welfare-facilities-for-elderly,life_welfare-facilities-for-elderly.csv,성심의료기,life,welfare-facilities-for-elderly,노인복지시설,다바6567,127.11184194148537,36.80243994214288,965374.0000000001,1867211.9999827521
life__welfare-facilities-for-elderly,life_welfare-facilities-for-elderly.csv,아우내은빛복지관부설아우내노인복지센터,life,welfare-facilities-for-elderly,노인복지시설,다바8263,127.3019333971244,36.76623645441917,982323.0000000001,1863143.9999822625
life__welfare-facilities-for-elderly,life_welfare-facilities-for-elderly.csv,시온메디칼,life,welfare-facilities-for-elderly,노인복지시설,다바6467,127.10639472709946,36.80227780474742,964888.0000000009,1867195.9999827472
life__welfare-facilities-for-elderly,life_welfare-facilities-for-elderly.csv,연세의료기,life,welfare-facilities-for-elderly,노인복지시설,다바6770,127.13960701797744,36.83396142095109,967863.9999999993,1870698.999983179
life__welfare-facilities-for-elderly,life_welfare-facilities-for-elderly.csv,재가방문요양목욕센터 마이트리,life,welfare-facilities-for-elderly,노인복지시설,다바6867,127.15077722213726,36.80917741409228,968849.999999999,1867945.999982842
life__welfare-facilities-for-elderly,life_welfare-facilities-for-elderly.csv,JJ메디칼,life,welfare-facilities-for-elderly,노인복지시설,다바7560,127.22139275787588,36.73861610824419,975126.0000000009,1860097.9999818911
life__welfare-facilities-for-elderly,life_welfare-facilities-for-elderly.csv,행복재가요양센터,life,welfare-facilities-for-elderly,노인복지시설,다바6868,127.14942041608111,36.81169752970096,968729.9999999986,1868225.9999828753
life__welfare-facilities-for-elderly,life_welfare-facilities-for-elderly.csv,행복효요양센터,life,welfare-facilities-for-elderly,노인복지시설,다바6867,127.14376291428654,36.80110650366606,968221.0,1867052.999982732
life__welfare-facilities-for-elderly,life_welfare-facilities-for-elderly.csv,주원의료기&복지용구,life,welfare-facilities-for-elderly,노인복지시설,다바6967,127.15285216075296,36.80400906457874,969032.9999999998,1867371.9999827715
life__welfare-facilities-for-elderly,life_welfare-facilities-for-elderly.csv,시니어스초이스천안점 다사랑재가장기요양기관,life,welfare-facilities-for-elderly,노인복지시설,다바6767,127.13982943624792,36.80564706934976,967872.0000000006,1867557.999982795
life__welfare-facilities-for-elderly,life_welfare-facilities-for-elderly.csv,(주)씨티엘네트웍스충남센터,life,welfare-facilities-for-elderly,노인복지시설,다바6868,127.1417705231204,36.81731791017483,968050.0000000008,1868851.9999829524
life__welfare-facilities-for-elderly,life_welfare-facilities-for-elderly.csv,섬김노인복지센터,life,welfare-facilities-for-elderly,노인복지시설,다바6972,127.15493218154562,36.85008897523232,969236.999999999,1872482.9999833966
life__welfare-facilities-for-elderly,life_welfare-facilities-for-elderly.csv,베스트메딕스,life,welfare-facilities-for-elderly,노인복지시설,다바6569,127.11396850911804,36.82319860209944,965573.0000000007,1869513.9999830315
life__welfare-facilities-for-elderly,life_welfare-facilities-for-elderly.csv,충청의료기상사,life,welfare-facilities-for-elderly,노인복지시설,다바6866,127.1485184355037,36.80054371268415,968645.0000000007,1866988.999982725
life__welfare-facilities-for-elderly,life_welfare-facilities-for-elderly.csv,서원의료기,life,welfare-facilities-for-elderly,노인복지시설,다바6661,127.12782519903364,36.7518914415055,966778.0000000003,1861598.9999820683
life__welfare-facilities-for-elderly,life_welfare-facilities-for-elderly.csv,돌봄노인주간보호센터,life,welfare-facilities-for-elderly,노인복지시설,다바6975,127.15684938639214,36.87788650875663,969418.999999999,1875565.9999837738
life__welfare-facilities-for-elderly,life_welfare-facilities-for-elderly.csv,우정복지용구,life,welfare-facilities-for-elderly,노인복지시설,다바7464,127.21014436119565,36.78106680200064,974136.0000000024,1864809.999982461
life__welfare-facilities-for-elderly,life_welfare-facilities-for-elderly.csv,실버케어센터,life,welfare-facilities-for-elderly,노인복지시설,다바6868,127.14826018563804,36.81044106475191,968625.9999999998,1868086.9999828592
life__welfare-facilities-for-elderly,life_welfare-facilities-for-elderly.csv,사랑하는방문요양센터,life,welfare-facilities-for-elderly,노인복지시설,다바6768,127.13139903344356,36.81503254990809,967123.9999999973,1868601.9999829212
life__welfare-facilities-for-elderly,life_welfare-facilities-for-elderly.csv,더베스트방문간호요양센터,life,welfare-facilities-for-elderly,노인복지시설,다바6666,127.1252189326806,36.79482036915777,966564.0000000009,1866361.9999826476
life__welfare-facilities-for-elderly,life_welfare-facilities-for-elderly.csv,효드림복지용구센터,life,welfare-facilities-for-elderly,노인복지시설,다바6779,127.1298417412124,36.91712684881424,967029.0000000006,1879927.9999843105
life__welfare-facilities-for-elderly,life_welfare-facilities-for-elderly.csv,도솔의료복지용구,life,welfare-facilities-for-elderly,노인복지시설,다바6966,127.16226836792912,36.79898795201675,969870.9999999992,1866811.9999827035
life__welfare-facilities-for-elderly,life_welfare-facilities-for-elderly.csv,천안제일방문요양센터,life,welfare-facilities-for-elderly,노인복지시설,다바6871,127.14462323528274,36.838096206090775,968312.9999999994,1871155.9999832343
life__welfare-facilities-for-elderly,life_welfare-facilities-for-elderly.csv,인케어 재가복지센터,life,welfare-facilities-for-elderly,노인복지시설,다바6768,127.1389743064583,36.81347822342365,967798.9999999994,1868426.9999828986
life__welfare-facilities-for-elderly,life_welfare-facilities-for-elderly.csv,다온재가복지센터,life,welfare-facilities-for-elderly,노인복지시설,다바6666,127.1255620585114,36.795713903768885,966594.999999999,1866460.9999826592
life__welfare-facilities-for-elderly,life_welfare-facilities-for-elderly.csv,제일메디컬,life,welfare-facilities-for-elderly,노인복지시설,다바7560,127.22139275787588,36.73861610824419,975126.0000000009,1860097.9999818911
life__welfare-facilities-for-elderly,life_welfare-facilities-for-elderly.csv,천안재가복지센터,life,welfare-facilities-for-elderly,노인복지시설,다바6867,127.15085930947296,36.80097429766413,968854.0000000016,1867035.9999827296
commerce__convstore,commerce_convstore_cheonan.csv,새샘편의점,commerce,convstore,편의점,다바6764,127.13707823441804,36.77651255579866,967614.3254119543,1864327.0368621007
commerce__convstore,commerce_convstore_cheonan.csv,씨유천안주공7단지점,commerce,convstore,편의점,다바6667,127.12560234649494,36.80297335614436,966601.7464101394,1867266.2782090725
commerce__convstore,commerce_convstore_cheonan.csv,세븐일레븐천안입장,commerce,convstore,편의점,다바7579,127.22211868809369,36.914642589985306,975247.5762428885,1879624.4957272834
commerce__convstore,commerce_convstore_cheonan.csv,씨유풍세광국점,commerce,convstore,편의점,다바6558,127.11901320388591,36.726263964611725,965980.090701508,1858759.2612242333
commerce__convstore,commerce_convstore_cheonan.csv,지에스25쌍용베스트점,commerce,convstore,편의점,다바6667,127.1287747469208,36.80522537121104,966885.7121417712,1867514.9916683806
commerce__convstore,commerce_convstore_cheonan.csv,지에스25두정부경점,commerce,convstore,편의점,다바6669,127.12953912339609,36.82711055176835,966963.3034833688,1869942.4606436659
commerce__convstore,commerce_convstore_cheonan.csv,씨유나사렛대점，이디아휴게음식,commerce,convstore,편의점,다바6666,127.11900583770058,36.79568615041214,966010.0804814354,1866460.2308986904
commerce__convstore,commerce_convstore_cheonan.csv,씨유신불당,commerce,convstore,편의점,다바6569,127.110089429685,36.81915424558064,965225.2252138522,1869066.760954547
commerce__convstore,commerce_convstore_cheonan.csv,지에스25직산레이크점,commerce,convstore,편의점,다바6975,127.15381726175926,36.88097146956403,969150.0221871039,1875909.1950208494
commerce__convstore,commerce_convstore_cheonan.csv,대한민국상이군경회편의시설사업소,commerce,convstore,편의점,다바6870,127.14187128544796,36.8307587030024,968064.572692994,1870342.9611752944
commerce__convstore,commerce_convstore_cheonan.csv,이마트24천안더메인즈타운점,commerce,convstore,편의점,다바6667,127.12820512519912,36.80953967413576,966836.7608117282,1867993.7760222042
commerce__convstore,commerce_convstore_cheonan.csv,지에스25뉴천안드림타워,commerce,convstore,편의점,다바6870,127.14653048750058,36.82917437581938,968479.3994774682,1870165.6640595084
commerce__convstore,commerce_convstore_cheonan.csv,씨유천안백석대조형관점,commerce,convstore,편의점,다바7171,127.18487300927808,36.84057574801815,971902.7699121202,1871418.4669367224
commerce__convstore,commerce_convstore_cheonan.csv,미니스톱쌍용모란점,commerce,convstore,편의점,다바6666,127.12053018890622,36.79943832343945,966147.7253929822,1866875.9194705095
commerce__convstore,commerce_convstore_cheonan.csv,씨유성환휴게소점,commerce,convstore,편의점,다바6679,127.1210227351765,36.9090912589152,966239.9227506937,1879039.6781278404
commerce__convstore,commerce_convstore_cheonan.csv,세븐일레븐천안쌍용,commerce,convstore,편의점,다바6766,127.13246960751592,36.79551664265141,967211.1664706222,1866436.727798374
commerce__convstore,commerce_convstore_cheonan.csv,GS25남서울,commerce,convstore,편의점,다바6879,127.14425361758146,36.91143655450514,968310.3555970907,1879291.8782618856
commerce__convstore,commerce_convstore_cheonan.csv,이마트24한국기술교육대학교점,commerce,convstore,편의점,다바8062,127.2848998771756,36.76373689529837,980802.1715483359,1862870.006985263
commerce__convstore,commerce_convstore_cheonan.csv,세븐천안성정2점,commerce,convstore,편의점,다바6768,127.14024641276208,36.81188225168712,967911.7974320056,1868249.5305975229
commerce__convstore,commerce_convstore_cheonan.csv,세븐천안신부문화점,commerce,convstore,편의점,다바6968,127.1562927491877,36.81847272371302,969345.6826437544,1868975.3493182969
commerce__convstore,commerce_convstore_cheonan.csv,씨유천안성정소망점,commerce,convstore,편의점,다바6769,127.13661012232346,36.81983831426582,967590.8118221065,1869133.3265464199
commerce__convstore,commerce_convstore_cheonan.csv,지에스25목천남부대로점,commerce,convstore,편의점,다바7464,127.21983490114684,36.77397217072083,974998.390918319,1864020.420844777
commerce__convstore,commerce_convstore_cheonan.csv,지에스25다가그랑블점,commerce,convstore,편의점,다바6867,127.14501044820834,36.80307790361035,968333.1014055113,1867271.2739009466
commerce__convstore,commerce_convstore_cheonan.csv,씨유성정,commerce,convstore,편의점,다바6770,127.13521063694236,36.82896910539365,967469.8624695581,1870146.6860554493
commerce__convstore,commerce_convstore_cheonan.csv,씨유천안성정주공점,commerce,convstore,편의점,다바6768,127.14006719886288,36.814615628504974,967896.9537841153,1868552.805279253
commerce__convstore,commerce_convstore_cheonan.csv,세븐일레븐천안성환도하점,commerce,convstore,편의점,다바7083,127.16356506057028,36.94788374592936,970044.8760913564,1883328.8145166398
commerce__convstore,commerce_convstore_cheonan.csv,성월편의점,commerce,convstore,편의점,다바6780,127.13544374975856,36.92571584637646,967531.6298367645,1880878.8764687122
commerce__convstore,commerce_convstore_cheonan.csv,세븐천안성정스타점,commerce,convstore,편의점,다바6770,127.13920239073886,36.828250302235055,967825.5279797704,1870065.5976357711
commerce__convstore,commerce_convstore_cheonan.csv,이마트24천안성정원룸점,commerce,convstore,편의점,다바6868,127.14186266162125,36.81820352917342,968058.5857435047,1868950.2113165623
commerce__convstore,commerce_convstore_cheonan.csv,씨유천안신부태조점,commerce,convstore,편의점,다바6969,127.1536745194606,36.82293261583708,969113.9612698675,1869470.9299408034
commerce__convstore,commerce_convstore_cheonan.csv,미니스톱천안나사렛대점,commerce,convstore,편의점,다바6666,127.12073563361167,36.79677378511322,966164.8810831317,1866580.2690996544
commerce__convstore,commerce_convstore_cheonan.csv,지에스25천안호서대점,commerce,convstore,편의점,다바7170,127.17969853357847,36.83029842080797,971437.582985574,1870279.930192456
commerce__convstore,commerce_convstore_cheonan.csv,세븐일레븐천안역전2점,commerce,convstore,편의점,다바6867,127.14934104653,36.80902526495594,968721.8335535396,1867929.5908287226
commerce__convstore,commerce_convstore_cheonan.csv,지에스25천안영성점,commerce,convstore,편의점,다바6867,127.15160246542628,36.80431968066649,968921.6472216639,1867406.862049737
commerce__convstore,commerce_convstore_cheonan.csv,GS25천안성지점,commerce,convstore,편의점,다바6666,127.12971420504492,36.79341025947098,966964.4407219697,1866204.0145984886
commerce__convstore,commerce_convstore_cheonan.csv,미니스톱천안,commerce,convstore,편의점,다바7170,127.1762076803844,36.83284786688967,971127.2483940619,1870563.7906482182
commerce__convstore,commerce_convstore_cheonan.csv,GS25쌍용공원점,commerce,convstore,편의점,다바6767,127.131548205529,36.804309855456,967132.7217948113,1867412.4765362854
commerce__convstore,commerce_convstore_cheonan.csv,GS25단대호수점,commerce,convstore,편의점,다바7070,127.17311540968188,36.83538771594659,970852.4716145456,1870846.4764075612
commerce__convstore,commerce_convstore_cheonan.csv,씨스페이스,commerce,convstore,편의점,다바6568,127.10873297360598,36.814803195508354,965102.271820765,1868584.590778821
commerce__convstore,commerce_convstore_cheonan.csv,GS25팰리스피아점,commerce,convstore,편의점,다바6770,127.13944637317005,36.8310229352959,967848.4456503465,1870373.0856253123
commerce__convstore,commerce_convstore_cheonan.csv,GS25성정,commerce,convstore,편의점,다바6770,127.1381044697986,36.8290622781597,967727.9604921744,1870156.0408042148
commerce__convstore,commerce_convstore_cheonan.csv,씨유천안가전,commerce,convstore,편의점,다바8063,127.28373970298615,36.76810292148875,980699.7192671684,1863354.5596224964
commerce__convstore,commerce_convstore_cheonan.csv,GS25성정,commerce,convstore,편의점,다바6769,127.14112801938192,36.82091575409205,967994.193895653,1869251.3254540234
commerce__convstore,commerce_convstore_cheonan.csv,이마트24천안메가박스점,commerce,convstore,편의점,다바6870,127.14793257799604,36.83239516838655,968605.7472433064,1870522.4873071313
commerce__convstore,commerce_convstore_cheonan.csv,씨유천안로얄점,commerce,convstore,편의점,다바6968,127.15419311687413,36.81824700106698,969158.3309208787,1868950.985074459
commerce__convstore,commerce_convstore_cheonan.csv,세븐일레븐천안신계점,commerce,convstore,편의점,다바7363,127.1975741094172,36.768286637367055,973009.8657264082,1863395.7742940215
commerce__convstore,commerce_convstore_cheonan.csv,씨유천안두정가교점,commerce,convstore,편의점,다바6770,127.13735410704176,36.83433783015176,967663.2671277255,1870741.5152614424
commerce__convstore,commerce_convstore_cheonan.csv,지에스25천안법조타운,commerce,convstore,편의점,다바6965,127.1533124984011,36.78420838205041,969066.1037469029,1865175.3617608016
commerce__convstore,commerce_convstore_cheonan.csv,GS25두정메트로점,commerce,convstore,편의점,다바6869,127.14151393562796,36.82657709773337,968030.9668644358,1869879.2123980212
commerce__convstore,commerce_convstore_cheonan.csv,GS25성거,commerce,convstore,편의점,다바7375,127.20193021989294,36.87394927252436,973435.1748385368,1875115.7458219044
commerce__convstore,commerce_convstore_cheonan.csv,세븐일레븐천안성정,commerce,convstore,편의점,다바6770,127.13920239073886,36.828250302235055,967825.5279797704,1870065.5976357711
commerce__convstore,commerce_convstore_cheonan.csv,세븐일레븐목천IC점,commerce,convstore,편의점,다바7663,127.23505532650026,36.76927958060877,976355.2059480038,1863496.0069400498
commerce__convstore,commerce_convstore_cheonan.csv,지에스25불당,commerce,convstore,편의점,다바6467,127.10425397359936,36.80937398733169,964700.2882788546,1867983.9702018423
commerce__convstore,commerce_convstore_cheonan.csv,지에스25천안봉명역점,commerce,convstore,편의점,다바6767,127.13711793995358,36.80105477870746,967628.194813447,1867049.4905862943
commerce__convstore,commerce_convstore_cheonan.csv,지에스25천안장미점,commerce,convstore,편의점,다바6667,127.1296082038414,36.80119837948959,966958.329005798,1867067.988289464
commerce__convstore,commerce_convstore_cheonan.csv,세븐일레븐천안백석학생복지동점,commerce,convstore,편의점,다바7171,127.18487300927808,36.84057574801815,971902.7699121202,1871418.4669367224
commerce__convstore,commerce_convstore_cheonan.csv,이마트24천안동문,commerce,convstore,편의점,다바6968,127.16268722687464,36.81530905813861,969914.7525107822,1868622.3715212604
commerce__convstore,commerce_convstore_cheonan.csv,이마트24북천안IC점,commerce,convstore,편의점,다바7179,127.17822349988198,36.91062491494488,971336.0752142484,1879191.0960764082
commerce__convstore,commerce_convstore_cheonan.csv,세븐일레븐천안마체에비뉴점,commerce,convstore,편의점,다바6671,127.12029572861704,36.83763413296124,966143.6370619024,1871113.084550813
commerce__convstore,commerce_convstore_cheonan.csv,지에스25청수빌리지,commerce,convstore,편의점,다바6865,127.15249467216644,36.7875055705112,968994.4597098855,1865541.3830179926
commerce__convstore,commerce_convstore_cheonan.csv,지에스25신부그랜드점,commerce,convstore,편의점,다바6869,127.1514631367257,36.82430728071054,968917.3007760358,1869624.1390037406
commerce__convstore,commerce_convstore_cheonan.csv,지에스25단대,commerce,convstore,편의점,다바6970,127.1622982563566,36.830664087069856,969886.0769398418,1870325.8348037861
commerce__convstore,commerce_convstore_cheonan.csv,씨유천안아인스점,commerce,convstore,편의점,다바6764,127.13077286960728,36.77825575511368,967052.4039622933,1864522.5618535741
commerce__convstore,commerce_convstore_cheonan.csv,GS25천안해밀점,commerce,convstore,편의점,다바7062,127.17127224638192,36.75848506488499,970658.8034362606,1862316.2312337272
commerce__convstore,commerce_convstore_cheonan.csv,GS25쌍용점,commerce,convstore,편의점,다바6666,127.12925139301056,36.79727927052496,966924.8135893807,1866633.3642447798
commerce__convstore,commerce_convstore_cheonan.csv,지에스25쌍용리,commerce,convstore,편의점,다바6566,127.11796127668822,36.7989588700492,965918.3408736577,1866823.645892616
commerce__convstore,commerce_convstore_cheonan.csv,씨유천안쌍용,commerce,convstore,편의점,다바6666,127.12378182074016,36.79660475452446,966436.5663959923,1866560.4453326275
commerce__convstore,commerce_convstore_cheonan.csv,씨유천안두정,commerce,convstore,편의점,다바6970,127.15362349515247,36.83547127537727,969114.4512955478,1870861.8678319047
commerce__convstore,commerce_convstore_cheonan.csv,데이앤데이목천신계점,commerce,convstore,편의점,다바7363,127.20817476875898,36.76849158835292,973955.9980229461,1863415.5726410141
commerce__convstore,commerce_convstore_cheonan.csv,세븐일레븐천안,commerce,convstore,편의점,다바6969,127.15394949376908,36.81908433179861,969136.9389016245,1869043.9491529507
commerce__convstore,commerce_convstore_cheonan.csv,미니스톱천안백석엔시티점,commerce,convstore,편의점,다바6570,127.11832922662856,36.83613165193763,965967.6273555205,1870947.1114871337
commerce__convstore,commerce_convstore_cheonan.csv,지에스25목천나들목점,commerce,convstore,편의점,다바7663,127.23140601049006,36.770508549991824,976029.9072885752,1863633.2433448837
commerce__convstore,commerce_convstore_cheonan.csv,GS25불당미래점,commerce,convstore,편의점,다바6468,127.1067433849147,36.81140291935843,964923.2651284713,1868208.1244755005
commerce__convstore,commerce_convstore_cheonan.csv,이마트24self천안백석시티점,commerce,convstore,편의점,다바6670,127.12011525707648,36.83431352121078,966126.0809880232,1870744.7901434025
commerce__convstore,commerce_convstore_cheonan.csv,세븐일레븐천안특수공단점,commerce,convstore,편의점,다바6569,127.11004163931187,36.82505693323173,965223.6339227422,1869721.5673292817
commerce__convstore,commerce_convstore_cheonan.csv,씨유천안임페리움점,commerce,convstore,편의점,다바6968,127.15992894979476,36.81828398631612,969669.9121298518,1868953.2528871815
commerce__convstore,commerce_convstore_cheonan.csv,이마트24천안교천,commerce,convstore,편의점,다바7364,127.1987364395633,36.77774977723377,973116.902983716,1864445.1880054304
commerce__convstore,commerce_convstore_cheonan.csv,미니스톱천안삼명대점,commerce,convstore,편의점,다바7170,127.1762076803844,36.83284786688967,971127.2483940619,1870563.7906482182
commerce__convstore,commerce_convstore_cheonan.csv,미니스톱천안공단점,commerce,convstore,편의점,다바6477,127.09620336185462,36.892681474709605,964021.24852989,1877228.3754129447
commerce__convstore,commerce_convstore_cheonan.csv,GS25뉴천안드림타워,commerce,convstore,편의점,다바6870,127.14653048750058,36.82917437581938,968479.3994774682,1870165.6640595084
commerce__convstore,commerce_convstore_cheonan.csv,세븐일레븐4공단쉼터점,commerce,convstore,편의점,다바6674,127.12356936917544,36.86832500460487,966448.9483405562,1874516.504277117
commerce__convstore,commerce_convstore_cheonan.csv,세븐일레븐천안청당광풍로점,commerce,convstore,편의점,다바6864,127.14288269862637,36.77680486420574,968132.4153213466,1864357.5139602432
commerce__convstore,commerce_convstore_cheonan.csv,세븐일레븐천안2,commerce,convstore,편의점,다바6572,127.11727262819142,36.8490900771104,965879.1711907753,1872384.979430802
commerce__convstore,commerce_convstore_cheonan.csv,씨유천안성정,commerce,convstore,편의점,다바6869,127.14311590127411,36.81881046504885,968170.6109330977,1869017.1210305674
commerce__convstore,commerce_convstore_cheonan.csv,씨유천안고속,commerce,convstore,편의점,다바6969,127.15721388168004,36.81997500501846,969428.4337430162,1869141.7030843399
commerce__convstore,commerce_convstore_cheonan.csv,이마트24천안입장,commerce,convstore,편의점,다바7579,127.2222901764814,36.91257131987215,975262.1827992246,1879394.6811072938
commerce__convstore,commerce_convstore_cheonan.csv,지에스25성거리,commerce,convstore,편의점,다바7171,127.1797631224474,36.84507591776359,971448.835897286,1871919.1890446104
commerce__convstore,commerce_convstore_cheonan.csv,세븐일레븐천안성정,commerce,convstore,편의점,다바6769,127.13791420662145,36.82498021520637,967709.2783927976,1869703.2791927669
commerce__convstore,commerce_convstore_cheonan.csv,선덕개발,commerce,convstore,편의점,다바6767,127.137424355297,36.80296114274686,967656.3311486167,1867260.860224831
commerce__convstore,commerce_convstore_cheonan.csv,지장편의점,commerce,convstore,편의점,다바6152,127.0709696855237,36.67230471271438,961663.275855533,1852791.7755552349
commerce__convstore,commerce_convstore_cheonan.csv,코리아세븐천안쌍용주,commerce,convstore,편의점,다바6667,127.1298500303159,36.80417417247888,966981.1793611903,1867398.010139973
commerce__convstore,commerce_convstore_cheonan.csv,세븐일레븐천안두정원룸점,commerce,convstore,편의점,다바6771,127.13285516443584,36.8385224693671,967263.8832257919,1871207.2524703124
commerce__convstore,commerce_convstore_cheonan.csv,지에스25쌍용해누리점,commerce,convstore,편의점,다바6666,127.12424930401396,36.792769153251626,966476.6006968335,1866134.7978107806
commerce__convstore,commerce_convstore_cheonan.csv,씨유천안남관점,commerce,convstore,편의점,다바6661,127.1276298440912,36.75461116592519,966761.734941092,1861900.7649208363
commerce__convstore,commerce_convstore_cheonan.csv,씨유천안상명학사점,commerce,convstore,편의점,다바7170,127.17678071570415,36.831774175744926,971177.9436523553,1870444.512470874
commerce__convstore,commerce_convstore_cheonan.csv,세븐일레븐천안직산동보점,commerce,convstore,편의점,다바6674,127.11931961922932,36.87070335296978,966071.2207095287,1874781.8395637362
commerce__convstore,commerce_convstore_cheonan.csv,노다지,commerce,convstore,편의점,다바6777,127.1365507436832,36.89467616257112,967617.1043211871,1877435.1998214298
commerce__convstore,commerce_convstore_cheonan.csv,세븐천안직산점,commerce,convstore,편의점,다바6875,127.15168376295946,36.87863176226073,968958.948434895,1875650.3391552556
commerce__convstore,commerce_convstore_cheonan.csv,씨유천안청수점,commerce,convstore,편의점,다바7065,127.16413055004163,36.78294459414473,970030.8774796737,1865031.7272068795
commerce__convstore,commerce_convstore_cheonan.csv,지에스25부성이편한점,commerce,convstore,편의점,다바6873,127.15197607475294,36.85579043089643,968975.7645667348,1873116.4245677127
commerce__convstore,commerce_convstore_cheonan.csv,지에스25뉴천안수신점,commerce,convstore,편의점,다바8059,127.28095061369204,36.73064604017192,980441.3004938137,1859200.0789329978
commerce__convstore,commerce_convstore_cheonan.csv,세븐일레븐성환이화,commerce,convstore,편의점,다바6780,127.1306209644927,36.91949333974879,967099.4244221332,1880190.2513705667
commerce__convstore,commerce_convstore_cheonan.csv,지에스25쌍용주공점,commerce,convstore,편의점,다바6667,127.11940055743644,36.80634042491062,966049.9981123309,1867641.971780013
commerce__convstore,commerce_convstore_cheonan.csv,세븐일레븐순천향대천안새,commerce,convstore,편의점,다바6767,127.13541967490896,36.802821407818406,967477.4432602037,1867246.039218255
commerce__convstore,commerce_convstore_cheonan.csv,지에스25직산휴게소점,commerce,convstore,편의점,다바6977,127.15977821249008,36.89580416556257,969687.0972929331,1877552.701711602
commerce__convstore,commerce_convstore_cheonan.csv,이마트24천안천흥,commerce,convstore,편의점,다바7376,127.2070505271809,36.88326936599493,973894.684696324,1876148.2244132617
commerce__convstore,commerce_convstore_cheonan.csv,지에스25구성,commerce,convstore,편의점,다바6966,127.15995634841092,36.795929203917325,969663.5380923767,1866473.4237664996
commerce__convstore,commerce_convstore_cheonan.csv,미니스톱천안직산양당점,commerce,convstore,편의점,다바6675,127.12180471863132,36.88023595306175,966296.8989362374,1875838.4260582607
commerce__convstore,commerce_convstore_cheonan.csv,세븐일레븐천안입장도림점,commerce,convstore,편의점,다바7879,127.25402478086043,36.91485576785615,978089.6944154034,1879640.340295881
commerce__convstore,commerce_convstore_cheonan.csv,씨유천안직산더샵점,commerce,convstore,편의점,다바6975,127.15697510947751,36.88023350278929,969431.1397125811,1875826.315403179
commerce__convstore,commerce_convstore_cheonan.csv,지에스25풍세한양수자인,commerce,convstore,편의점,다바6458,127.10587462420344,36.72592732733657,964806.732961298,1858726.6639936457
commerce__convstore,commerce_convstore_cheonan.csv,지에스25스타,commerce,convstore,편의점,다바6870,127.1430500547638,36.83307548057394,968170.6473554875,1870599.5697596143
commerce__convstore,commerce_convstore_cheonan.csv,씨유천안공단번영점,commerce,convstore,편의점,다바6672,127.12485683464064,36.85148742608702,966556.3637920271,1872648.23821146
commerce__convstore,commerce_convstore_cheonan.csv,세븐천안두정센터점,commerce,convstore,편의점,다바6770,127.13497339187582,36.830511985187925,967449.359666711,1870317.9195664132
commerce__convstore,commerce_convstore_cheonan.csv,세븐천안청당엔리치점,commerce,convstore,편의점,다바6965,127.15880183360778,36.78622694460545,969556.7009913484,1865397.5198489646
commerce__convstore,commerce_convstore_cheonan.csv,지에스25천안번영로점,commerce,convstore,편의점,다바6773,127.13740306522476,36.85657600845538,967676.9945818204,1873208.4017920517
commerce__convstore,commerce_convstore_cheonan.csv,지에스25입장,commerce,convstore,편의점,다바7579,127.22267600289592,36.91513564685011,975297.3784718715,1879679.047056086
commerce__convstore,commerce_convstore_cheonan.csv,씨유천안신방,commerce,convstore,편의점,다바6764,127.1364438441644,36.77359441134373,967556.4850640559,1864003.5429020985
commerce__convstore,commerce_convstore_cheonan.csv,씨유천안학산점,commerce,convstore,편의점,다바6666,127.12925256082042,36.79231411708783,966922.7830823081,1866082.579005414
commerce__convstore,commerce_convstore_cheonan.csv,이마트24,commerce,convstore,편의점,다바6966,127.16061508300878,36.79388341716624,969721.5011146438,1866246.2759983365
commerce__convstore,commerce_convstore_cheonan.csv,씨유천안성정시티점,commerce,convstore,편의점,다바6870,127.14164688629,36.82836414835832,968043.5663671476,1870077.4066080856
commerce__convstore,commerce_convstore_cheonan.csv,지에스25신부스카이점,commerce,convstore,편의점,다바6968,127.15309286031416,36.81797558358977,969060.092144477,1868921.2321146291
commerce__convstore,commerce_convstore_cheonan.csv,씨유신방,commerce,convstore,편의점,다바6665,127.12776683717202,36.788667133437855,966788.6556842349,1865678.5338537525
commerce__convstore,commerce_convstore_cheonan.csv,세븐일레븐천안봉명,commerce,convstore,편의점,다바6768,127.13369589771024,36.814458194414094,967328.6170205668,1868537.4991813314
commerce__convstore,commerce_convstore_cheonan.csv,지에스25안서,commerce,convstore,편의점,다바7170,127.18455374802608,36.830232105143054,971870.5166399714,1870271.1338565114
commerce__convstore,commerce_convstore_cheonan.csv,미니스톱천안,commerce,convstore,편의점,다바7070,127.17444482647085,36.831392056553625,970969.5031065707,1870402.830713472
commerce__convstore,commerce_convstore_cheonan.csv,씨유천안신부,commerce,convstore,편의점,다바6969,127.16200244113357,36.82030900030913,969855.6364284556,1869177.2327488442
commerce__convstore,commerce_convstore_cheonan.csv,씨유천안영성,commerce,convstore,편의점,다바6866,127.1520606960527,36.79930302745487,968960.498763479,1866850.215272582
commerce__convstore,commerce_convstore_cheonan.csv,지에스25쌍용대로점,commerce,convstore,편의점,다바6666,127.12911314228832,36.796107975939314,966911.9761395031,1866503.4802220857
commerce__convstore,commerce_convstore_cheonan.csv,지에스25운전교차로점,commerce,convstore,편의점,다바7762,127.2519012533603,36.76171879837878,977856.437419421,1862653.2665647157
commerce__convstore,commerce_convstore_cheonan.csv,두정아띠점,commerce,convstore,편의점,다바6771,127.13421719006963,36.837253926715405,967384.7887715616,1871066.066224902
commerce__convstore,commerce_convstore_cheonan.csv,씨유천안신방한성필점,commerce,convstore,편의점,다바6764,127.13110210215888,36.7757415254176,967080.7076890857,1864243.5457152312
commerce__convstore,commerce_convstore_cheonan.csv,GS25천안유량점,commerce,convstore,편의점,다바7168,127.1816072738942,36.81550448390127,971602.3268039938,1868638.2638117634
commerce__convstore,commerce_convstore_cheonan.csv,CU천안쌍용대로점,commerce,convstore,편의점,다바6768,127.13491176744732,36.816971599517295,967438.1278780719,1868815.8975514548
commerce__convstore,commerce_convstore_cheonan.csv,세븐일레븐천안성정,commerce,convstore,편의점,다바6770,127.13514020902409,36.82785176396962,967463.1088990909,1870022.7625845978
commerce__convstore,commerce_convstore_cheonan.csv,지에스25불당아리,commerce,convstore,편의점,다바6569,127.11039683317524,36.82005901994695,965253.0506043221,1869167.0163515976
commerce__convstore,commerce_convstore_cheonan.csv,세븐일레븐천안봉명청솔점,commerce,convstore,편의점,다바6768,127.1332578791777,36.81196855535256,967288.4898593824,1868261.4722787575
commerce__convstore,commerce_convstore_cheonan.csv,지에스25성환로얄점,commerce,convstore,편의점,다바6780,127.1358653291214,36.92007572125143,967566.7881869782,1880253.0601991755
commerce__convstore,commerce_convstore_cheonan.csv,씨유천안성정패밀리점,commerce,convstore,편의점,다바6768,127.1393447737114,36.818055264301286,967833.9584478555,1868934.608389685
commerce__convstore,commerce_convstore_cheonan.csv,세븐일레븐천안성환수향점,commerce,convstore,편의점,다바6882,127.15050903606245,36.9435974614348,968880.6608679852,1882857.5075602261
commerce__convstore,commerce_convstore_cheonan.csv,지에스25청당,commerce,convstore,편의점,다바6965,127.16028746742464,36.78420656901745,969688.4609105956,1865172.9283341733
commerce__convstore,commerce_convstore_cheonan.csv,지에스25천안일번로점,commerce,convstore,편의점,다바6972,127.15560158540808,36.85024744225424,969296.7413244981,1872500.3635479757
commerce__convstore,commerce_convstore_cheonan.csv,이마트24천안차암원룸점,commerce,convstore,편의점,다바6572,127.11565584034304,36.84789676587426,965734.4985221085,1872253.1827253273
commerce__convstore,commerce_convstore_cheonan.csv,CU천안불당,commerce,convstore,편의점,다바6568,127.10839152396647,36.81365052244701,965071.2935509462,1868456.8488452905
commerce__convstore,commerce_convstore_cheonan.csv,세븐일레븐천안법조엔리치점,commerce,convstore,편의점,다바6965,127.15449513047264,36.78310891357992,969171.1864619417,1865053.016276313
commerce__convstore,commerce_convstore_cheonan.csv,지에스25두정로하스,commerce,convstore,편의점,다바6870,127.1429397416469,36.8319990028706,968160.3645364878,1870480.19204781
commerce__convstore,commerce_convstore_cheonan.csv,미니스톱남천안IC점,commerce,convstore,편의점,다바7061,127.17078769511768,36.75480990617265,970614.1519957115,1861908.6973432514
commerce__convstore,commerce_convstore_cheonan.csv,지에스25신부힐스,commerce,convstore,편의점,다바6970,127.16035672753308,36.830464349928256,969712.8654189177,1870304.2913101849
commerce__convstore,commerce_convstore_cheonan.csv,바틀샵천안성성,commerce,convstore,편의점,다바6671,127.12549589613378,36.84174222131828,966609.09830556,1871566.9688660605
commerce__convstore,commerce_convstore_cheonan.csv,세븐일레븐천안성환율금점,commerce,convstore,편의점,다바6578,127.11065527848248,36.90406808773559,965314.090431229,1878486.1654326417
commerce__convstore,commerce_convstore_cheonan.csv,씨유천안성거벽산점,commerce,convstore,편의점,다바6975,127.15835707771062,36.8780525854138,969553.4292661891,1875583.9412557953
commerce__convstore,commerce_convstore_cheonan.csv,씨유천안백석공단점,commerce,convstore,편의점,다바6470,127.10584426114684,36.83130985879558,964852.1717000988,1870416.744489209
commerce__convstore,commerce_convstore_cheonan.csv,세븐일레븐천안두정고점,commerce,convstore,편의점,다바6770,127.1314853234591,36.83569686812877,967140.533485967,1870894.2762519647
commerce__convstore,commerce_convstore_cheonan.csv,씨유,commerce,convstore,편의점,다바6969,127.15797026314928,36.82277673052603,969497.0042085891,1869452.2582047107
commerce__convstore,commerce_convstore_cheonan.csv,씨유천안봉정점,commerce,convstore,편의점,다바6767,127.13973473237624,36.80490286866576,967863.2411888635,1867475.477448098
commerce__convstore,commerce_convstore_cheonan.csv,세븐일레븐천안두정,commerce,convstore,편의점,다바6770,127.13714551823284,36.83262578884912,967643.9463746728,1870551.6678056812
commerce__convstore,commerce_convstore_cheonan.csv,미니스톱천안,commerce,convstore,편의점,다바6569,127.11104532697884,36.82376655155485,965312.5604394447,1869578.0597217672
commerce__convstore,commerce_convstore_cheonan.csv,GS25신방,commerce,convstore,편의점,다바6664,127.13002636960616,36.7783829577813,966985.8451061513,1864536.9296925175
commerce__convstore,commerce_convstore_cheonan.csv,씨유천안두정,commerce,convstore,편의점,다바6769,127.13083656016092,36.82617614189043,967078.6055142381,1869838.3583021488
commerce__convstore,commerce_convstore_cheonan.csv,GS25청당,commerce,convstore,편의점,다바6965,127.16028746742464,36.78420656901745,969688.4609105956,1865172.9283341733
commerce__convstore,commerce_convstore_cheonan.csv,세븐일레븐천안성정,commerce,convstore,편의점,다바6869,127.14353748063697,36.826740841797545,968211.4907526379,1869896.7017696905
commerce__convstore,commerce_convstore_cheonan.csv,GS25성환역점,commerce,convstore,편의점,다바6679,127.12790643536717,36.91572183947363,966856.0083932915,1879772.809705894
commerce__convstore,commerce_convstore_cheonan.csv,씨유단국대천안공학관점,commerce,convstore,편의점,다바7070,127.16521391827428,36.83595451915676,970148.1322631803,1870911.791304783
commerce__convstore,commerce_convstore_cheonan.csv,이마트24천안그랑데점,commerce,convstore,편의점,다바6867,127.15049888509972,36.80841063484528,968824.861909751,1867861.0316646288
commerce__convstore,commerce_convstore_cheonan.csv,GS25천안두정점,commerce,convstore,편의점,다바6870,127.14328676084116,36.827947483521605,968189.6315747317,1870030.6387054874
commerce__convstore,commerce_convstore_cheonan.csv,세븐천안신방유안점,commerce,convstore,편의점,다바6664,127.12749788157596,36.774248126226695,966758.432247941,1864079.129212166
commerce__convstore,commerce_convstore_cheonan.csv,지에스25성정미래점,commerce,convstore,편의점,다바6768,127.1313452761063,36.81758560715642,967120.2972970466,1868885.2303000505
commerce__convstore,commerce_convstore_cheonan.csv,이마트24천안불당에이블점,commerce,convstore,편의점,다바6568,127.10860460435188,36.81696384708202,965091.8034739067,1868824.319889139
commerce__convstore,commerce_convstore_cheonan.csv,천안트리하우스소매점,commerce,convstore,편의점,다바5752,127.02338790121748,36.66532754238485,957407.6537576801,1852037.8800659436
commerce__convstore,commerce_convstore_cheonan.csv,씨유천안,commerce,convstore,편의점,다바6864,127.14191018249976,36.78113183363308,968047.4280461307,1864837.8278166875
commerce__convstore,commerce_convstore_cheonan.csv,씨유천안신방새샘점,commerce,convstore,편의점,다바6764,127.13464523730254,36.776796726354775,967397.3340700698,1864359.385932791
commerce__convstore,commerce_convstore_cheonan.csv,세븐일레븐천안부성점,commerce,convstore,편의점,다바6771,127.13791941685008,36.83700855992792,967714.7978407394,1871037.5903368078
commerce__convstore,commerce_convstore_cheonan.csv,지에스25성환,commerce,convstore,편의점,다바6779,127.13261351762443,36.91496255408085,967274.9659026448,1879686.955250863
commerce__convstore,commerce_convstore_cheonan.csv,씨유직산상덕,commerce,convstore,편의점,다바6674,127.11862477235704,36.87094304932957,966009.3972521352,1874808.6765617528
commerce__convstore,commerce_convstore_cheonan.csv,세븐일레븐천안불당,commerce,convstore,편의점,다바6467,127.10624733521482,36.80129471500665,964874.4027169318,1867086.9996751207
commerce__convstore,commerce_convstore_cheonan.csv,GS25성정두정로점,commerce,convstore,편의점,다바6770,127.14094889531424,36.82949482753691,967981.7933753238,1870203.067190656
commerce__convstore,commerce_convstore_cheonan.csv,세븐일레븐천안,commerce,convstore,편의점,다바6769,127.14075090662564,36.81928312782445,967959.8806141161,1869070.343717909
commerce__convstore,commerce_convstore_cheonan.csv,세븐일레븐천안1번국도점,commerce,convstore,편의점,다바6776,127.13982869615494,36.8894192014858,967906.966383164,1876850.928173186
commerce__convstore,commerce_convstore_cheonan.csv,씨유천안직산마정점,commerce,convstore,편의점,다바6475,127.10020571577148,36.87388630752998,964369.1326491494,1875141.8918395792
commerce__convstore,commerce_convstore_cheonan.csv,씨유천안충무로점,commerce,convstore,편의점,,127.11870723770014,36.78770474349477,965979.9123113938,1865574.9591426956
commerce__convstore,commerce_convstore_cheonan.csv,리챠드불당동1526,commerce,convstore,편의점,다바6468,127.10691235801966,36.81642051303932,964940.6251005926,1868764.6667375115
commerce__convstore,commerce_convstore_cheonan.csv,지에스25백석해여림점,commerce,convstore,편의점,다바6670,127.12160071123029,36.8307295323455,966256.9638274733,1870346.689904603
commerce__convstore,commerce_convstore_cheonan.csv,씨스페이스정성점,commerce,convstore,편의점,다바6867,127.15165492703883,36.806786135445385,968927.3235963817,1867680.4493155652
commerce__convstore,commerce_convstore_cheonan.csv,지에스25천안신방통정점,commerce,convstore,편의점,다바6764,127.13548147900052,36.77398351808032,967470.7682900721,1864047.033045815
commerce__convstore,commerce_convstore_cheonan.csv,씨유천안두정중점,commerce,convstore,편의점,다바6771,127.14021164796056,36.83704287595267,967919.2015411155,1871040.6250928533
commerce__convstore,commerce_convstore_cheonan.csv,지에스25풍세공단,commerce,convstore,편의점,다바6458,127.10561069917296,36.72696221135185,964783.6383200156,1858841.5595040624
commerce__convstore,commerce_convstore_cheonan.csv,GS25천안두정고점,commerce,convstore,편의점,다바6770,127.13146834530023,36.83496510744318,967138.7065565385,1870813.107276632
commerce__convstore,commerce_convstore_cheonan.csv,씨유성환우신점,commerce,convstore,편의점,다바6680,127.11880335743555,36.92400980936352,966048.8288150413,1880695.4160749833
commerce__convstore,commerce_convstore_cheonan.csv,이마트24천안입장효계점,commerce,convstore,편의점,다바7578,127.22437283063611,36.90250616949259,975444.4761293652,1878277.5970062786
commerce__convstore,commerce_convstore_cheonan.csv,씨유천안쌍용,commerce,convstore,편의점,다바6767,127.1312665836874,36.802749328462106,967106.9325581017,1867239.4637404985
commerce__convstore,commerce_convstore_cheonan.csv,GS25입장,commerce,convstore,편의점,다바7379,127.20400083662284,36.91233073427478,973632.9194381977,1879372.891308575
commerce__convstore,commerce_convstore_cheonan.csv,GS25천안그랜드점,commerce,convstore,편의점,다바6870,127.15086530790413,36.83535001998701,968868.4604608292,1870849.3118162379
commerce__convstore,commerce_convstore_cheonan.csv,GS25두정,commerce,convstore,편의점,다바6771,127.1318574056498,36.83810454417716,967174.7400742224,1871161.2339277123
commerce__convstore,commerce_convstore_cheonan.csv,세븐일레븐천안,commerce,convstore,편의점,다바6569,127.11104532697884,36.82376655155485,965312.5604394447,1869578.0597217672
commerce__convstore,commerce_convstore_cheonan.csv,GS25신부그랜드점,commerce,convstore,편의점,다바6869,127.1514631367257,36.82430728071054,968917.3007760358,1869624.1390037406
commerce__convstore,commerce_convstore_cheonan.csv,GS25뉴천안드림타워무인자판점,commerce,convstore,편의점,다바6870,127.14653048750058,36.82917437581938,968479.3994774682,1870165.6640595084
commerce__convstore,commerce_convstore_cheonan.csv,지에스25입장휴게소점,commerce,convstore,편의점,,127.21765711540355,36.9281632622098,974854.59843417,1881125.5400518877
commerce__convstore,commerce_convstore_cheonan.csv,GS25두정앨리스점,commerce,convstore,편의점,다바6771,127.1347992085422,36.83824887349412,967437.1067330256,1871176.2380401685
commerce__convstore,commerce_convstore_cheonan.csv,GS25용곡,commerce,convstore,편의점,다바6765,127.13805569127868,36.78955494476107,967707.0227613585,1865773.4964299253
commerce__convstore,commerce_convstore_cheonan.csv,씨유천안두정대림,commerce,convstore,편의점,다바6671,127.12892485540476,36.836919825648,966912.7492750364,1871030.8234051338
commerce__convstore,commerce_convstore_cheonan.csv,GS25성성,commerce,convstore,편의점,다바6771,127.13124924620242,36.84020211305104,967121.4115077798,1871394.1281881565
commerce__convstore,commerce_convstore_cheonan.csv,미니스톱천안,commerce,convstore,편의점,다바6569,127.11104532697884,36.82376655155485,965312.5604394447,1869578.0597217672
commerce__convstore,commerce_convstore_cheonan.csv,세븐천안문성점,commerce,convstore,편의점,다바6968,127.15289011055452,36.81441193716593,969040.5740946833,1868525.9810581917
commerce__convstore,commerce_convstore_cheonan.csv,GS25봉명,commerce,convstore,편의점,다바6768,127.13227179849034,36.81359322527488,967201.2292981296,1868442.0353491313
commerce__convstore,commerce_convstore_cheonan.csv,세븐일레븐천안성정OK점,commerce,convstore,편의점,다바6768,127.13530082779684,36.81433448210289,967471.7120969322,1868523.2285224833
commerce__convstore,commerce_convstore_cheonan.csv,이마트24천안두정새아스점,commerce,convstore,편의점,다바6770,127.13859126685108,36.83084827849208,967772.1199294903,1870353.9988129325
commerce__convstore,commerce_convstore_cheonan.csv,세븐일레븐천안테딘워터파크점,commerce,convstore,편의점,다바7562,127.22520404176848,36.75883919193156,975472.7087842573,1862340.341763461
commerce__convstore,commerce_convstore_cheonan.csv,세븐일레븐천안입장,commerce,convstore,편의점,다바7579,127.22826406295232,36.91083382317385,975793.7763840279,1879200.4047644723
commerce__convstore,commerce_convstore_cheonan.csv,GS25백석원룸점,commerce,convstore,편의점,다바6669,127.1264334677958,36.82279971280699,966684.4796324172,1869465.3343764688
commerce__convstore,commerce_convstore_cheonan.csv,지에스25천안,commerce,convstore,편의점,다바6571,127.11591392632418,36.838986483717086,965753.5346013373,1871264.6634383586
commerce__convstore,commerce_convstore_cheonan.csv,지에스25직산군동점,commerce,convstore,편의점,다바7077,127.1659711980588,36.898917037723535,970240.0871405822,1877896.0692249676
commerce__convstore,commerce_convstore_cheonan.csv,씨유천안성정,commerce,convstore,편의점,다바6869,127.1420835573496,36.82482337050461,968081.0362984848,1869684.4800204318
commerce__convstore,commerce_convstore_cheonan.csv,지에스25불당뉴타운,commerce,convstore,편의점,다바6469,127.1070038963471,36.82243876939085,964951.533737905,1869432.2420459639
commerce__convstore,commerce_convstore_cheonan.csv,세븐일레븐한국기술교육대점,commerce,convstore,편의점,다바8063,127.2833366289182,36.767466914299256,980663.5869351825,1863284.0892456206
commerce__convstore,commerce_convstore_cheonan.csv,씨유천안,commerce,convstore,편의점,다바6768,127.14004824441038,36.80971898976244,967893.2184329362,1868009.6257502234
commerce__convstore,commerce_convstore_cheonan.csv,세븐일레븐두정한별점,commerce,convstore,편의점,다바6771,127.13982959447024,36.83770212456407,967885.4109502868,1871113.8844106856
commerce__convstore,commerce_convstore_cheonan.csv,이마트24북천안휴게소점,commerce,convstore,편의점,다바7179,127.18320825139357,36.91497725620809,971781.7226314696,1879672.4243127713
commerce__convstore,commerce_convstore_cheonan.csv,씨유천안안서,commerce,convstore,편의점,다바7170,127.17790756239654,36.83077483781499,971278.0533568979,1870333.31610409
commerce__convstore,commerce_convstore_cheonan.csv,세븐일레븐천안동산점,commerce,convstore,편의점,다바8764,127.35604887312914,36.78065983471382,987155.0947676874,1864735.3445934402
commerce__convstore,commerce_convstore_cheonan.csv,이마트24SMART천안해오름주유소점,commerce,convstore,편의점,다바7564,127.22013026721224,36.77468114360813,975024.9790875961,1864098.9896675556
commerce__convstore,commerce_convstore_cheonan.csv,세븐일레븐천안쌍용건국점,commerce,convstore,편의점,다바6666,127.11892957073294,36.7997652871494,966005.0791086954,1866912.757314512
commerce__convstore,commerce_convstore_cheonan.csv,지에스25불당타운점,commerce,convstore,편의점,다바6567,127.1086985681306,36.80412325533696,965094.355214261,1867399.8730679648
commerce__convstore,commerce_convstore_cheonan.csv,씨유천안용곡하이빌점,commerce,convstore,편의점,다바6765,127.13744160295046,36.79090369211213,967652.8000762067,1865923.3203769035
commerce__convstore,commerce_convstore_cheonan.csv,씨유천안신부,commerce,convstore,편의점,다바6969,127.1561475814378,36.82177002649935,969334.0510459377,1869341.167164067
commerce__convstore,commerce_convstore_cheonan.csv,지에스25불당프라임점,commerce,convstore,편의점,다바6569,127.1099304278797,36.821277164921526,965212.0051899727,1869302.3155544195
commerce__convstore,commerce_convstore_cheonan.csv,지에스25직산대로점,commerce,convstore,편의점,다바6874,127.14825004261743,36.87116604373862,968649.891964596,1874823.2777194143
commerce__convstore,commerce_convstore_cheonan.csv,씨유남천안ic점,commerce,convstore,편의점,다바7061,127.17137348651444,36.74898588295952,970664.2233125281,1861262.4638777333
commerce__convstore,commerce_convstore_cheonan.csv,세븐일레븐천안성정하늘점,commerce,convstore,편의점,다바6869,127.1416418557244,36.82719506220069,968042.6315509041,1869947.7208093447
commerce__convstore,commerce_convstore_cheonan.csv,세븐일레븐천안두정해성점,commerce,convstore,편의점,다바6770,127.13147346569735,36.83486657826339,967139.1209877653,1870802.1755940206
commerce__convstore,commerce_convstore_cheonan.csv,씨유천안원성점,commerce,convstore,편의점,다바6966,127.15364478522471,36.79972598396259,969101.985001553,1866896.6209788097
commerce__convstore,commerce_convstore_cheonan.csv,지에스25천안,commerce,convstore,편의점,다바6665,127.123368865204,36.78922382244061,966396.5018372542,1865741.8230747674
commerce__convstore,commerce_convstore_cheonan.csv,GS25천안,commerce,convstore,편의점,다바6868,127.1415896636064,36.81269678899944,968031.9477502183,1868339.4375865997
commerce__convstore,commerce_convstore_cheonan.csv,4.19민주혁명회CU렛츠런파크CCC,commerce,convstore,편의점,다바6870,127.14187128544796,36.8307587030024,968064.572692994,1870342.9611752944
commerce__convstore,commerce_convstore_cheonan.csv,씨유천안,commerce,convstore,편의점,다바6866,127.15136081861483,36.79620738226823,968896.8111645746,1866507.0425410562
commerce__convstore,commerce_convstore_cheonan.csv,이마트24천안더메인즈점,commerce,convstore,편의점,다바6964,127.15623319088436,36.78243948900297,969326.004390134,1864978.198591638
commerce__convstore,commerce_convstore_cheonan.csv,씨유천안백석그린빌점,commerce,convstore,편의점,다바6669,127.11965558914558,36.82278578393477,966080.0042151114,1869466.1727799277
commerce__convstore,commerce_convstore_cheonan.csv,미니스톱천안주공점,commerce,convstore,편의점,다바6667,127.12110043944855,36.80498134743105,966201.033278106,1867490.606782778
commerce__convstore,commerce_convstore_cheonan.csv,씨유천안신부꿈,commerce,convstore,편의점,다바6968,127.1574227399836,36.81801725057145,969446.2827562024,1868924.4617788356
commerce__convstore,commerce_convstore_cheonan.csv,세븐천안직산대명점주,commerce,convstore,편의점,다바6975,127.15685132163138,36.87866715901349,969419.4837179814,1875652.598094575
commerce__convstore,commerce_convstore_cheonan.csv,지에스25천안구룡천점,commerce,convstore,편의점,다바6764,127.13976832936784,36.77566778003542,967854.0268020688,1864232.4191681354
commerce__convstore,commerce_convstore_cheonan.csv,세븐일레븐천안청담엔리치점,commerce,convstore,편의점,다바6965,127.15880183360778,36.78622694460545,969556.7009913484,1865397.5198489646
commerce__convstore,commerce_convstore_cheonan.csv,지에스25뉴천안,commerce,convstore,편의점,다바6767,127.1394830244336,36.80398677363753,967840.4049106846,1867373.9394391945
commerce__convstore,commerce_convstore_cheonan.csv,씨유천안목천해윰점,commerce,convstore,편의점,다바7664,127.23460949262474,36.78200604059334,976319.3326161547,1864907.8556502236
commerce__convstore,commerce_convstore_cheonan.csv,이마트24천안입장,commerce,convstore,편의점,다바7680,127.23404723708842,36.91965031337113,976311.6690567043,1880176.9839010267
commerce__convstore,commerce_convstore_cheonan.csv,지에스25성환역점,commerce,convstore,편의점,다바6679,127.12790643536717,36.91572183947363,966856.0083932915,1879772.809705894
commerce__convstore,commerce_convstore_cheonan.csv,씨유천안직산월드점,commerce,convstore,편의점,다바6976,127.1543602933485,36.88287010856161,969199.1770258709,1876119.638760059
commerce__convstore,commerce_convstore_cheonan.csv,씨유천안,commerce,convstore,편의점,다바6867,127.14745224881362,36.80097877031033,968550.0650660592,1867037.6110295418
commerce__convstore,commerce_convstore_cheonan.csv,지에스25두정다온점,commerce,convstore,편의점,다바6770,127.13270918820218,36.83533251289284,967249.5073149113,1870853.4379174607
commerce__convstore,commerce_convstore_cheonan.csv,GS25광덕온누리점,commerce,convstore,편의점,다바6556,127.10994174665228,36.706263789958406,965161.0287203637,1856543.92753459
commerce__convstore,commerce_convstore_cheonan.csv,GS25두정,commerce,convstore,편의점,다바6670,127.12973001539396,36.83304317596586,966982.8762473012,1870600.5050095432
commerce__convstore,commerce_convstore_cheonan.csv,세븐일레븐천안봉명,commerce,convstore,편의점,다바6767,127.1363253563784,36.80724046708844,967560.0994122033,1867735.9389252248
commerce__convstore,commerce_convstore_cheonan.csv,GS25불당,commerce,convstore,편의점,다바6467,127.1049392983296,36.80540525077073,964759.5993404798,1867543.4639126994
commerce__convstore,commerce_convstore_cheonan.csv,이마트24천안직산마정점,commerce,convstore,편의점,다바6474,127.10074605241486,36.869072587129175,964415.0565596314,1874607.6966025333
commerce__convstore,commerce_convstore_cheonan.csv,씨유천안고재,commerce,convstore,편의점,다바7067,127.16406317639532,36.80152324253751,970032.1029685267,1867092.676052073
commerce__convstore,commerce_convstore_cheonan.csv,씨유천안성정,commerce,convstore,편의점,다바6769,127.13795678676588,36.82411107924241,967712.7105406524,1869606.8510389214
commerce__convstore,commerce_convstore_cheonan.csv,씨유천안이편한4차점,commerce,convstore,편의점,다바6971,127.1560742789106,36.83698716363067,969333.5876274676,1871029.2372185485
commerce__convstore,commerce_convstore_cheonan.csv,지에스25천안성성호수점,commerce,convstore,편의점,다바6771,127.1340940310442,36.844688228932526,967376.9651353887,1871890.8022212463
commerce__convstore,commerce_convstore_cheonan.csv,지에스25원성파크점,commerce,convstore,편의점,다바6967,127.16183274937642,36.8034690256716,969833.8959166411,1867309.2231562699
commerce__convstore,commerce_convstore_cheonan.csv,이마트24천안직산상덕점,commerce,convstore,편의점,다바6677,127.12459803000728,36.891026075395246,966550.5348868177,1877034.4110752037
commerce__convstore,commerce_convstore_cheonan.csv,씨유직산청명점,commerce,convstore,편의점,다바6975,127.15312609797964,36.87854122238002,969087.4495936517,1875639.827446915
commerce__convstore,commerce_convstore_cheonan.csv,지에스25천안공단점,commerce,convstore,편의점,다바6572,127.11777586441356,36.84965803674192,965924.2878549825,1872447.8042243922
commerce__convstore,commerce_convstore_cheonan.csv,세븐일레븐천안두정,commerce,convstore,편의점,다바6770,127.13497339187582,36.830511985187925,967449.359666711,1870317.9195664132
commerce__convstore,commerce_convstore_cheonan.csv,지에스25불당프레시점,commerce,convstore,편의점,다바6568,127.1100919449678,36.81031044354267,965221.448903607,1868085.7125275289
commerce__convstore,commerce_convstore_cheonan.csv,지에스25성성미래점,commerce,convstore,편의점,다바6671,127.12872785486296,36.84040278094267,966896.6845808668,1871417.2589686143
commerce__convstore,commerce_convstore_cheonan.csv,씨유천안쌍용고,commerce,convstore,편의점,,127.11553169317077,36.789540599777865,965697.3978540559,1865779.7445662343
commerce__convstore,commerce_convstore_cheonan.csv,지에스25천안상록호텔점,commerce,convstore,편의점,다바8160,127.28888498343902,36.7405748857004,981152.1806748034,1860299.8805789503
commerce__convstore,commerce_convstore_cheonan.csv,이마트24천안신부포레나점,commerce,convstore,편의점,다바6969,127.15684090117406,36.82603585970027,969397.5826197318,1869814.1560849906
commerce__convstore,commerce_convstore_cheonan.csv,지에스25청수버들점,commerce,convstore,편의점,다바6865,127.15028867932324,36.78475332601208,968796.5173396617,1865236.7941474735
commerce__convstore,commerce_convstore_cheonan.csv,씨유천안주공5단지점,commerce,convstore,편의점,다바6768,127.13965702810415,36.81383022399386,967860.0414424033,1868465.8178393096
commerce__convstore,commerce_convstore_cheonan.csv,이마트24천안신방한성점,commerce,convstore,편의점,다바6764,127.135324992478,36.77583194957855,967457.584872956,1864252.1321632005
commerce__convstore,commerce_convstore_cheonan.csv,성남면매점운영위원회,commerce,convstore,편의점,다바7860,127.26009882948551,36.73974105208159,978581.9893041276,1860213.4352761388
commerce__convstore,commerce_convstore_cheonan.csv,지에스25천안산업점,commerce,convstore,편의점,다바6665,127.1216557779572,36.7877073334236,966242.9921783921,1865574.202048016
commerce__convstore,commerce_convstore_cheonan.csv,씨유천안두정베스트점,commerce,convstore,편의점,다바6770,127.13264118573515,36.83444690753182,967243.0660374549,1870755.2203052791
commerce__convstore,commerce_convstore_cheonan.csv,세븐일레븐천안오성초점,commerce,convstore,편의점,다바6670,127.12932523452692,36.83126876707358,966946.0182319816,1870403.8083806003
commerce__convstore,commerce_convstore_cheonan.csv,세븐천안뉴남서울대점,commerce,convstore,편의점,다바6879,127.1422941224522,36.91190123940504,968135.997760155,1879344.079479214
commerce__convstore,commerce_convstore_cheonan.csv,세븐일레븐,commerce,convstore,편의점,다바6665,127.12424615991048,36.78835231650211,966474.3957859755,1865644.839156157
commerce__convstore,commerce_convstore_cheonan.csv,더달콤아이스크림,commerce,convstore,편의점,다바6770,127.13113507032982,36.83464072422897,967108.8500348652,1870777.2378314522
commerce__convstore,commerce_convstore_cheonan.csv,씨유봉명베스트점,commerce,convstore,편의점,다바6767,127.13388490324606,36.80481428416135,967341.3789927844,1867467.6324362378
commerce__convstore,commerce_convstore_cheonan.csv,씨유천안두정누리점,commerce,convstore,편의점,다바6871,127.15040779592992,36.836948900479314,968828.3138415128,1871026.8259939777
commerce__convstore,commerce_convstore_cheonan.csv,세븐천안성정롯데점주,commerce,convstore,편의점,다바6769,127.13900682750148,36.82681154673854,967807.4856167713,1869906.0614015004
commerce__convstore,commerce_convstore_cheonan.csv,세븐일레븐천안메르디앙점,commerce,convstore,편의점,다바6769,127.14078010187237,36.82764703647299,967965.9709088623,1869998.147061252
commerce__convstore,commerce_convstore_cheonan.csv,이마트24천안성정,commerce,convstore,편의점,다바6769,127.13873850072616,36.82289622249159,967781.91536218,1869471.8225370613
commerce__convstore,commerce_convstore_cheonan.csv,GS25두정리안점,commerce,convstore,편의점,다바6770,127.13603690734068,36.83451930215556,967545.8901051722,1870762.092584307
commerce__convstore,commerce_convstore_cheonan.csv,지에스25천안한기대점,commerce,convstore,편의점,다바8063,127.28446832651312,36.766872927667535,980764.4385787782,1863217.970816057
commerce__convstore,commerce_convstore_cheonan.csv,세븐두정한별점,commerce,convstore,편의점,다바6771,127.13982959447024,36.83770212456407,967885.4109502868,1871113.8844106856
commerce__convstore,commerce_convstore_cheonan.csv,지에스25두정,commerce,convstore,편의점,다바6970,127.1533469038765,36.83265156509145,969088.6536919933,1870549.164759125
commerce__convstore,commerce_convstore_cheonan.csv,씨유천안청수청솔점,commerce,convstore,편의점,다바6965,127.1568267976241,36.79161355149529,969382.6217689235,1865995.6856925339
commerce__convstore,commerce_convstore_cheonan.csv,씨유천안유량,commerce,convstore,편의점,다바7168,127.17639686558326,36.812379481729145,971136.4321718419,1868293.1666605365
commerce__convstore,commerce_convstore_cheonan.csv,세븐일레븐천안성성,commerce,convstore,편의점,다바6671,127.12200917518996,36.83983555776786,966297.3832551169,1871356.6849486476
commerce__convstore,commerce_convstore_cheonan.csv,씨유천안봉명,commerce,convstore,편의점,다바6768,127.1329403247248,36.81486508007698,967261.3989933887,1868582.8936273197
commerce__convstore,commerce_convstore_cheonan.csv,씨유천안삼성SDI점,commerce,convstore,편의점,다바6671,127.1208925692918,36.84429641887907,966199.7867445502,1871851.9270602874
commerce__convstore,commerce_convstore_cheonan.csv,세븐일레븐천안쌍용,commerce,convstore,편의점,,127.116928303943,36.78841008579449,965821.5030967437,1865653.8367923822
commerce__convstore,commerce_convstore_cheonan.csv,씨유천안주공6단지점,commerce,convstore,편의점,다바6769,127.13471009566602,36.823271883536194,967422.8113164864,1869514.8600725594
commerce__convstore,commerce_convstore_cheonan.csv,씨유천안두정역,commerce,convstore,편의점,다바6870,127.14942405086228,36.83530434335879,968739.9278352718,1870844.7153343528
commerce__convstore,commerce_convstore_cheonan.csv,비지에프리테일단국대천안생활관점,commerce,convstore,편의점,다바7070,127.16521391827428,36.83595451915676,970148.1322631803,1870911.791304783
commerce__convstore,commerce_convstore_cheonan.csv,씨유천안,commerce,convstore,편의점,다바6868,127.14432692010864,36.81368663251677,968276.5039485139,1868448.3296393738
commerce__convstore,commerce_convstore_cheonan.csv,세븐천안부영점,commerce,convstore,편의점,다바7162,127.17722879536784,36.76025651859993,971191.1302288871,1862510.9283223008
commerce__convstore,commerce_convstore_cheonan.csv,지에스25신부,commerce,convstore,편의점,다바7068,127.16412596863368,36.81524460650624,970043.0505622408,1868614.7701363366
commerce__convstore,commerce_convstore_cheonan.csv,지에스25천안비스타동원점,commerce,convstore,편의점,다바6771,127.1367607697966,36.84185022414329,967613.5273449662,1871575.072459818
commerce__convstore,commerce_convstore_cheonan.csv,씨유천안불당라드니체점,commerce,convstore,편의점,다바6568,127.1095405590464,36.81808175740036,965175.7872368474,1868947.9889943614
commerce__convstore,commerce_convstore_cheonan.csv,씨유상명대생활관점,commerce,convstore,편의점,다바7170,127.17930399350573,36.83281134165,971403.3356837191,1870558.8079629599
commerce__convstore,commerce_convstore_cheonan.csv,씨유천안천성중점,commerce,convstore,편의점,다바7068,127.17331007460396,36.81305328344326,970861.3624156127,1868368.8478760894
commerce__convstore,commerce_convstore_cheonan.csv,씨유천안카니자점,commerce,convstore,편의점,다바6868,127.15156078359706,36.81757715721356,968923.2879350914,1868877.5314062743
commerce__convstore,commerce_convstore_cheonan.csv,세븐일레븐천안단대원룸점,commerce,convstore,편의점,다바6970,127.16270294739212,36.83016714118917,969921.9700871952,1870270.5808584478
commerce__convstore,commerce_convstore_cheonan.csv,세븐일레븐천안광덕,commerce,convstore,편의점,다바6355,127.09414505204408,36.69689563924795,963745.7036390511,1855510.590453245
commerce__convstore,commerce_convstore_cheonan.csv,대호페트로디에이치마켓,commerce,convstore,편의점,다바6971,127.15511353071425,36.84517144323058,969251.1982631627,1871937.4350148903
commerce__convstore,commerce_convstore_cheonan.csv,세븐일레븐천안성정해피점,commerce,convstore,편의점,다바6768,127.13673561696868,36.816690447385405,967600.6774049811,1868784.089614641
commerce__convstore,commerce_convstore_cheonan.csv,씨유천안쌍용,commerce,convstore,편의점,다바6667,127.12105785930407,36.802983088019765,966196.3566869001,1867268.954367905
commerce__convstore,commerce_convstore_cheonan.csv,씨유단국대천안승차대기실점,commerce,convstore,편의점,다바7070,127.16521391827428,36.83595451915676,970148.1322631803,1870911.791304783
commerce__convstore,commerce_convstore_cheonan.csv,씨유목천,commerce,convstore,편의점,다바7162,127.1799413481998,36.760738178873744,971433.4178584205,1862563.5457124189
commerce__convstore,commerce_convstore_cheonan.csv,GS25두정프라임점,commerce,convstore,편의점,다바6871,127.15018761885376,36.83759216032061,968808.9426988743,1871098.2551584973
commerce__convstore,commerce_convstore_cheonan.csv,지에스25뉴천안동보,commerce,convstore,편의점,다바7170,127.17753197677624,36.83123275877133,971244.732545906,1870384.2264760118
commerce__convstore,commerce_convstore_cheonan.csv,지에스천안단대,commerce,convstore,편의점,다바7070,127.16369980786293,36.83107512158723,970011.2185233922,1870370.9904519925
commerce__convstore,commerce_convstore_cheonan.csv,IGA,commerce,convstore,편의점,다바6571,127.11591392632418,36.838986483717086,965753.5346013373,1871264.6634383586
commerce__convstore,commerce_convstore_cheonan.csv,씨유천안광덕점,commerce,convstore,편의점,다바6556,127.10996465369202,36.70582046937266,965162.8746291986,1856494.7423246014
commerce__convstore,commerce_convstore_cheonan.csv,CU천안원성,commerce,convstore,편의점,다바6967,127.16046156092672,36.803722814823246,969711.6790196266,1867337.8093901079
commerce__convstore,commerce_convstore_cheonan.csv,청당마트,commerce,convstore,편의점,다바6964,127.15266166897776,36.78034475464299,969006.4762055317,1864746.9811118275
commerce__convstore,commerce_convstore_cheonan.csv,씨유단국대천안체육관점,commerce,convstore,편의점,다바7070,127.16521391827428,36.83595451915676,970148.1322631803,1870911.791304783
commerce__convstore,commerce_convstore_cheonan.csv,신선마트,commerce,convstore,편의점,다바6867,127.14981382986404,36.80338293540131,968761.7132446631,1867303.5314647611
commerce__convstore,commerce_convstore_cheonan.csv,세븐일레븐천안성정,commerce,convstore,편의점,다바6870,127.1420190583122,36.82803611316226,968076.6189522069,1870040.8930869973
commerce__convstore,commerce_convstore_cheonan.csv,지에스25나사렛,commerce,convstore,편의점,다바6666,127.12058866923118,36.79838434061031,966152.4786314103,1866758.9802680286
commerce__convstore,commerce_convstore_cheonan.csv,세븐일레븐천안두정아크로점,commerce,convstore,편의점,다바6870,127.14215964465416,36.831925800571256,968090.7713778414,1870472.3318257728
commerce__convstore,commerce_convstore_cheonan.csv,세븐일레븐천안두정,commerce,convstore,편의점,다바6770,127.13277521437558,36.830881799169305,967253.4977037696,1870359.694173127
commerce__convstore,commerce_convstore_cheonan.csv,씨유봉명스마일점,commerce,convstore,편의점,다바6767,127.13516473303132,36.80151612871038,967454.1486337164,1867101.3310822702
commerce__convstore,commerce_convstore_cheonan.csv,씨유천안영성점,commerce,convstore,편의점,다바6967,127.1529545197604,36.80363445192901,969041.9800779216,1867330.4110034797
commerce__convstore,commerce_convstore_cheonan.csv,지에스25백석대타운점,commerce,convstore,편의점,다바7171,127.18007142425292,36.841158853891606,971474.8681709497,1871484.5739140227
commerce__convstore,commerce_convstore_cheonan.csv,지에스25신부탑클래스점,commerce,convstore,편의점,다바6968,127.15497860375858,36.81832352448413,969228.4174476821,1868959.220747068
commerce__convstore,commerce_convstore_cheonan.csv,이마트24천안풍세점,commerce,convstore,편의점,다바6458,127.1047080719755,36.7264749174587,964702.8162839173,1858787.8366829997
commerce__convstore,commerce_convstore_cheonan.csv,이마트24천안북면점,commerce,convstore,편의점,다바7763,127.25181744054429,36.769604766095625,977851.2248843084,1863528.069762656
commerce__convstore,commerce_convstore_cheonan.csv,세븐일레븐천안극동,commerce,convstore,편의점,다바6865,127.14905313648144,36.79129803446909,968688.9369937637,1865963.2015078475
commerce__convstore,commerce_convstore_cheonan.csv,지에스25상록유스점,commerce,convstore,편의점,다바8160,127.28888498343902,36.7405748857004,981152.1806748034,1860299.8805789503
commerce__convstore,commerce_convstore_cheonan.csv,지에스25뉴두정푸름점,commerce,convstore,편의점,다바6770,127.14106127455626,36.83330337398951,967993.4014090966,1870625.5143272155
commerce__convstore,commerce_convstore_cheonan.csv,씨유천안성정타운점,commerce,convstore,편의점,다바6870,127.14370600458425,36.82860966511127,968227.2921301706,1870103.9554959405
commerce__convstore,commerce_convstore_cheonan.csv,세븐일레븐천안초원점,commerce,convstore,편의점,다바6665,127.12843356677588,36.78813123884518,966847.9119205734,1865618.8558502921
commerce__convstore,commerce_convstore_cheonan.csv,세븐일레븐천안두정이안점,commerce,convstore,편의점,다바6870,127.15074996422165,36.831224878357865,968856.5032826648,1870391.7444817366
commerce__convstore,commerce_convstore_cheonan.csv,씨유천안백석아이파크2차,commerce,convstore,편의점,다바6669,127.12045284396024,36.82410890042173,966151.6882903046,1869612.6643461285
commerce__convstore,commerce_convstore_cheonan.csv,씨유천안대홍교차로점,commerce,convstore,편의점,다바6781,127.13387565059864,36.93191013492161,967394.6083365189,1881566.5597329312
commerce__convstore,commerce_convstore_cheonan.csv,지에스25성정,commerce,convstore,편의점,다바6768,127.13641833201032,36.81768768958399,967572.7995332065,1868894.8217210122
commerce__convstore,commerce_convstore_cheonan.csv,씨유천안다가일등점,commerce,convstore,편의점,다바6766,127.13734323742683,36.80057567350909,967648.091599693,1866996.2671411042
commerce__convstore,commerce_convstore_cheonan.csv,씨유천안성성동원점,commerce,convstore,편의점,다바6771,127.1367537629374,36.84289645542233,967613.3438120052,1871691.1342466255
commerce__convstore,commerce_convstore_cheonan.csv,씨유천안직산,commerce,convstore,편의점,다바6673,127.12050000551268,36.86167943163228,966172.4471087388,1873780.384266985
commerce__convstore,commerce_convstore_cheonan.csv,에스엔에스무인분식천안,commerce,convstore,편의점,다바6670,127.12336697874191,36.82784218625546,966413.2059174394,1870025.7723665813
commerce__convstore,commerce_convstore_cheonan.csv,세븐일레븐천안렉스빌점,commerce,convstore,편의점,다바6770,127.13829239735604,36.82962658286974,967744.9558885967,1870218.5760774787
commerce__convstore,commerce_convstore_cheonan.csv,아이스크림저장소,commerce,convstore,편의점,다바6670,127.1256582217056,36.83015142328347,966618.5349008744,1870281.1350467084
commerce__convstore,commerce_convstore_cheonan.csv,씨유천안불당너울점,commerce,convstore,편의점,다바6467,127.10685639297743,36.80234428451884,964929.213920921,1867203.2052157894
commerce__convstore,commerce_convstore_cheonan.csv,세븐일레븐천안유량타운점,commerce,convstore,편의점,다바7068,127.17177638091938,36.81448191994146,970725.1104008396,1868527.7954024572
commerce__convstore,commerce_convstore_cheonan.csv,세븐일레븐천안율금공단점,commerce,convstore,편의점,다바6477,127.1044586996526,36.896571012439416,964758.600352686,1877656.7694493993
commerce__convstore,commerce_convstore_cheonan.csv,세븐일레븐천안불당파크빌점,commerce,convstore,편의점,다바6467,127.10734345952449,36.8033168337746,964973.106321265,1867310.9119080536
commerce__convstore,commerce_convstore_cheonan.csv,씨유천안역필,commerce,convstore,편의점,다바6968,127.15673400165528,36.81211558061458,969382.5051160399,1868270.0077522502
commerce__convstore,commerce_convstore_cheonan.csv,씨유남,commerce,convstore,편의점,다바6879,127.1417812742565,36.9119684538562,968090.3417005759,1879351.707146558
commerce__convstore,commerce_convstore_cheonan.csv,이마트24천안두정,commerce,convstore,편의점,다바6870,127.14371229279124,36.8320019292355,968229.255622727,1870480.25958592
commerce__convstore,commerce_convstore_cheonan.csv,지에스25천안1번국도점,commerce,convstore,편의점,다바6874,127.14929469346136,36.866018738578994,968740.9009718923,1874251.937598698
commerce__convstore,commerce_convstore_cheonan.csv,씨유천안용원,commerce,convstore,편의점,다바7461,127.21672861672587,36.75320139307005,974714.3710490374,1861717.1507346658
commerce__convstore,commerce_convstore_cheonan.csv,세븐일레븐천안성진로점,commerce,convstore,편의점,다바7279,127.19661902060712,36.91218019551005,972975.3055429982,1879358.2574456586
commerce__convstore,commerce_convstore_cheonan.csv,제이씨푸드시스템CU남서울대생활관점,commerce,convstore,편의점,다바6879,127.14336518376544,36.90941781138002,968230.3770781774,1879068.2301769522
commerce__convstore,commerce_convstore_cheonan.csv,픽미픽미성정목화점,commerce,convstore,편의점,다바6769,127.1402218887548,36.82221184316196,967913.9219032831,1869395.4050500228
commerce__convstore,commerce_convstore_cheonan.csv,씨유천안성정두꺼비점,commerce,convstore,편의점,다바6769,127.1395698915216,36.82062014065435,967855.1089408294,1869219.055675645
commerce__convstore,commerce_convstore_cheonan.csv,씨유천안양당산업단지점,commerce,convstore,편의점,다바6576,127.11263265008589,36.88239987222587,965480.4950553301,1876081.750664757
commerce__convstore,commerce_convstore_cheonan.csv,씨유단국대천안의학관점,commerce,convstore,편의점,다바7070,127.16521391827428,36.83595451915676,970148.1322631803,1870911.791304783
commerce__convstore,commerce_convstore_cheonan.csv,씨유천안대룡점,commerce,convstore,편의점,다바6867,127.14850651163108,36.80735151066019,968646.7117851801,1867744.1941253603
commerce__convstore,commerce_convstore_cheonan.csv,씨유천안목천동우점,commerce,convstore,편의점,다바7263,127.19498732072503,36.770750172235886,972779.8768302532,1863669.7852382222
commerce__convstore,commerce_convstore_cheonan.csv,지에스25성성,commerce,convstore,편의점,다바6771,127.13124924620242,36.84020211305104,967121.4115077798,1871394.1281881565
commerce__convstore,commerce_convstore_cheonan.csv,세븐일레븐천안목천IC점,commerce,convstore,편의점,다바7663,127.23339721614884,36.7693514108122,976207.2509887877,1863504.3858971358
commerce__convstore,commerce_convstore_cheonan.csv,GS25성정5단지점,commerce,convstore,편의점,다바6768,127.1373585986182,36.81532977010001,967655.6684629081,1868632.9381557887
commerce__convstore,commerce_convstore_cheonan.csv,세븐일레븐천안성환,commerce,convstore,편의점,다바6779,127.13217163633615,36.91630001230738,967236.177185431,1879835.4742704458
commerce__convstore,commerce_convstore_cheonan.csv,세븐일레븐천안두정하이스타운점,commerce,convstore,편의점,다바6870,127.14129645349767,36.83208819583391,968013.866489988,1870490.6349849831
commerce__convstore,commerce_convstore_cheonan.csv,세븐일레븐천안불당더다움점,commerce,convstore,편의점,다바6468,127.10739699911544,36.81310091515802,964982.3382387393,1868396.2443963627
commerce__convstore,commerce_convstore_cheonan.csv,씨유천안성정원룸점,commerce,convstore,편의점,다바6770,127.13681493820825,36.828221734618765,967612.6117673039,1870063.2349089368
commerce__convstore,commerce_convstore_cheonan.csv,GS25성정,commerce,convstore,편의점,다바6768,127.13955057774298,36.813025486875496,967850.2102919637,1868376.5838286532
commerce__convstore,commerce_convstore_cheonan.csv,씨유천안쌍용,commerce,convstore,편의점,다바6667,127.12940266930438,36.80802309103965,966942.9274076837,1867825.1263109553
commerce__convstore,commerce_convstore_cheonan.csv,세븐일레븐천안성정,commerce,convstore,편의점,다바6769,127.13900682750148,36.82681154673854,967807.4856167713,1869906.0614015004
commerce__convstore,commerce_convstore_cheonan.csv,세븐천안성정사랑점,commerce,convstore,편의점,다바6870,127.1420190583122,36.82803611316226,968076.6189522069,1870040.8930869973
commerce__convstore,commerce_convstore_cheonan.csv,픽미픽미성정선경점,commerce,convstore,편의점,다바6769,127.13404201858924,36.82071934976741,967362.1468744393,1869231.9339423494
commerce__convstore,commerce_convstore_cheonan.csv,세븐일레븐천안입장신덕점,commerce,convstore,편의점,다바7478,127.21885205439447,36.903934420650494,974953.0979249957,1878437.4704588503
commerce__convstore,commerce_convstore_cheonan.csv,씨유천안천아이유쉘점,commerce,convstore,편의점,다바6868,127.14920333479697,36.81725057879199,968712.8973449413,1868842.0727884723
commerce__convstore,commerce_convstore_cheonan.csv,세븐일레븐천안한성점,commerce,convstore,편의점,다바6870,127.14817961469916,36.835312546891856,968628.9672047433,1870846.0331315927
commerce__convstore,commerce_convstore_cheonan.csv,세븐일레븐천안쌍용초점,commerce,convstore,편의점,다바6667,127.12236374023264,36.802177388125344,966312.4957553378,1867179.117119445
commerce__convstore,commerce_convstore_cheonan.csv,씨유천안월봉단밤점,commerce,convstore,편의점,다바6566,127.11609745213671,36.79980166991306,965752.4436993508,1866917.8035930744
commerce__convstore,commerce_convstore_cheonan.csv,이마트24천안안서이편한점,commerce,convstore,편의점,다바7270,127.18945531554238,36.82994884464343,972307.5062795283,1870238.2802792895
commerce__convstore,commerce_convstore_cheonan.csv,지에스25천안운동장점,commerce,convstore,편의점,다바6569,127.11570830195564,36.82187713707195,965727.5693119947,1869366.7838766729
commerce__convstore,commerce_convstore_cheonan.csv,씨유천안쌍용봉서점,commerce,convstore,편의점,다바6767,127.130119165575,36.805290428264,967005.6662775018,1867521.7437942417
commerce__convstore,commerce_convstore_cheonan.csv,세븐일레븐천안직산포도점,commerce,convstore,편의점,다바7078,127.16922220107205,36.90658733231209,970532.6820844279,1878745.9410436612
commerce__convstore,commerce_convstore_cheonan.csv,지에스25두정앨리스점,commerce,convstore,편의점,다바6771,127.1347992085422,36.83824887349412,967437.1067330256,1871176.2380401685
commerce__convstore,commerce_convstore_cheonan.csv,한성필마트,commerce,convstore,편의점,다바6968,127.15306195826837,36.81089557092547,969054.4862810528,1868135.8537834778
commerce__convstore,commerce_convstore_cheonan.csv,씨유병천신한점,commerce,convstore,편의점,다바8163,127.2886995711644,36.765022186020005,981141.6119070854,1863011.8278016048
commerce__convstore,commerce_convstore_cheonan.csv,세븐일레븐천안성정,commerce,convstore,편의점,다바6869,127.14306847022712,36.82675228920014,968169.6700689688,1869898.1277136968
commerce__convstore,commerce_convstore_cheonan.csv,씨유천안불당타운점,commerce,convstore,편의점,다바6468,127.10659040182182,36.81091580940458,964909.3973457798,1868154.1452732575
commerce__convstore,commerce_convstore_cheonan.csv,이마트24천안두정,commerce,convstore,편의점,다바6770,127.1328278556512,36.8313988871891,967258.4122556493,1870417.0370941148
commerce__convstore,commerce_convstore_cheonan.csv,지에스25신부,commerce,convstore,편의점,다바6869,127.14994839749362,36.81892008953255,968780.0268440857,1869027.028785252
commerce__convstore,commerce_convstore_cheonan.csv,세븐일레븐천안신부,commerce,convstore,편의점,다바6968,127.16099039913448,36.815278529560295,969763.3983197986,1868619.520235999
commerce__convstore,commerce_convstore_cheonan.csv,씨유천안법조점,commerce,convstore,편의점,다바6965,127.15288040874948,36.78327926898477,969027.1756337823,1865072.4352280772
commerce__convstore,commerce_convstore_cheonan.csv,씨유천안백석,commerce,convstore,편의점,다바6569,127.1153145703666,36.826312756607145,965694.4349337859,1869858.9713489518
commerce__convstore,commerce_convstore_cheonan.csv,지에스25신방,commerce,convstore,편의점,다바6664,127.13002636960616,36.7783829577813,966985.8451061513,1864536.9296925175
commerce__convstore,commerce_convstore_cheonan.csv,씨유천안백석,commerce,convstore,편의점,다바6670,127.12257340701994,36.83074996690592,966343.7114308885,1870348.613766219
commerce__convstore,commerce_convstore_cheonan.csv,지에스25백석대문화,commerce,convstore,편의점,다바7171,127.17907833670634,36.839902979455545,971385.8554127839,1871345.555723851
commerce__convstore,commerce_convstore_cheonan.csv,세븐일레븐천안신풍공단점,commerce,convstore,편의점,다바7960,127.26865429441996,36.73847318376336,979345.4696898434,1860070.9134010228
commerce__convstore,commerce_convstore_cheonan.csv,지에스25불당베스트점,commerce,convstore,편의점,다바6568,127.10773557414603,36.81459986425445,965013.2192459482,1868562.399638112
commerce__convstore,commerce_convstore_cheonan.csv,세븐천안삼성점,commerce,convstore,편의점,다바6572,127.11576336868256,36.846796321195455,965743.5941166064,1872131.070626018
commerce__convstore,commerce_convstore_cheonan.csv,씨유천안성정완소점,commerce,convstore,편의점,다바6768,127.14066592599973,36.81322391746964,967949.7753365522,1868398.2213734759
commerce__convstore,commerce_convstore_cheonan.csv,씨유천안미소지움점,commerce,convstore,편의점,다바7065,127.16415390623902,36.7911063309294,970036.1396130524,1865937.0998012654
commerce__convstore,commerce_convstore_cheonan.csv,GS25쌍용,commerce,convstore,편의점,다바6767,127.1317730538446,36.80713117111433,967153.9842274158,1867725.3685888988
commerce__convstore,commerce_convstore_cheonan.csv,세븐일레븐천안안서점,commerce,convstore,편의점,다바7271,127.18670224869112,36.84451128850288,972067.2997371773,1871854.503187552
commerce__convstore,commerce_convstore_cheonan.csv,지에스25성거로얄점,commerce,convstore,편의점,다바7375,127.20430985708056,36.87850264948395,973648.8197000498,1875620.1986712033
commerce__convstore,commerce_convstore_cheonan.csv,지에스25두정역길점,commerce,convstore,편의점,다바6870,127.14605581770444,36.835685472392704,968439.745532418,1870888.1013023555
commerce__convstore,commerce_convstore_cheonan.csv,세븐천안렉스빌점,commerce,convstore,편의점,다바6770,127.13829239735604,36.82962658286974,967744.9558885967,1870218.5760774787
commerce__convstore,commerce_convstore_cheonan.csv,씨유천안성환누리점,commerce,convstore,편의점,다바6783,127.13230961756382,36.94806839419872,967262.0571202936,1883359.5767937733
commerce__convstore,commerce_convstore_cheonan.csv,세븐일레븐천안원성원룸점,commerce,convstore,편의점,다바6968,127.15957348643686,36.81219180809978,969635.8029596668,1868277.5582489884
commerce__convstore,commerce_convstore_cheonan.csv,세븐일레븐천안두정베스트점,commerce,convstore,편의점,다바6771,127.13129523994498,36.83781048538211,967124.4887824964,1871128.8069794793
commerce__convstore,commerce_convstore_cheonan.csv,세븐일레븐천안쌍용선경점,commerce,convstore,편의점,다바6666,127.1230343325922,36.79258962528368,966368.1255100459,1866115.3092167634
commerce__convstore,commerce_convstore_cheonan.csv,씨유천안복자,commerce,convstore,편의점,다바6868,127.15097508203183,36.81432565063856,968869.7333275068,1868517.0310452252
commerce__convstore,commerce_convstore_cheonan.csv,씨유천안북일고점,commerce,convstore,편의점,다바6970,127.15762234563972,36.8310955920062,969469.2813911601,1870375.1853602924
commerce__convstore,commerce_convstore_cheonan.csv,응응스크르천안,commerce,convstore,편의점,다바6765,127.13785653478016,36.78976989617125,967689.3440419885,1865797.4082212388
commerce__convstore,commerce_convstore_cheonan.csv,지에스25온누리원성점,commerce,convstore,편의점,다바6967,127.15880156411318,36.80097162046763,969562.5107612133,1867033.1460874313
commerce__convstore,commerce_convstore_cheonan.csv,세븐일레븐천안풍세,commerce,convstore,편의점,다바6558,127.11921469600414,36.72199356947008,965996.2002870662,1858285.4799117858
commerce__convstore,commerce_convstore_cheonan.csv,세븐일레븐천안,commerce,convstore,편의점,다바6968,127.15289011055452,36.81441193716593,969040.5740946833,1868525.9810581917
commerce__convstore,commerce_convstore_cheonan.csv,세븐일레븐천안성정타운점,commerce,convstore,편의점,다바6869,127.1435847320209,36.82408356713266,968214.6054603488,1869601.9130012824
commerce__convstore,commerce_convstore_cheonan.csv,이마트24천안성성,commerce,convstore,편의점,다바6671,127.12975471906424,36.84036518091564,966988.2259052707,1871412.7327231334
commerce__convstore,commerce_convstore_cheonan.csv,우리네주유소,commerce,convstore,편의점,다바6665,127.12845710263632,36.7892497140174,966850.493690924,1865742.9201041353
commerce__convstore,commerce_convstore_cheonan.csv,세븐천안법조엔리치점,commerce,convstore,편의점,다바6965,127.15449513047264,36.78310891357992,969171.1864619417,1865053.016276313
commerce__convstore,commerce_convstore_cheonan.csv,세븐일레븐천안신방유안점,commerce,convstore,편의점,다바6664,127.12749788157596,36.774248126226695,966758.432247941,1864079.129212166
commerce__convstore,commerce_convstore_cheonan.csv,세븐일레븐천안불당한마음점,commerce,convstore,편의점,다바6467,127.1074117314861,36.804762720106986,964979.8549445685,1867471.2795482737
commerce__convstore,commerce_convstore_cheonan.csv,씨유천안성정,commerce,convstore,편의점,다바6769,127.13746172521282,36.82184866775077,967667.6086269293,1869356.0477690867
commerce__convstore,commerce_convstore_cheonan.csv,씨유천안운전교차로점,commerce,convstore,편의점,다바7762,127.25203159890803,36.76242161631546,977868.2731149219,1862731.1993820292
commerce__convstore,commerce_convstore_cheonan.csv,세븐천안성정시티점주,commerce,convstore,편의점,다바6769,127.13817220277105,36.826748614814186,967733.0290577695,1869899.3617386138
commerce__convstore,commerce_convstore_cheonan.csv,씨유,commerce,convstore,편의점,다바6966,127.15736237319648,36.79648888296996,969432.3422595183,1866536.3347577606
commerce__convstore,commerce_convstore_cheonan.csv,제이씨푸드시스템CU편의점마트,commerce,convstore,편의점,다바6879,127.14336518376544,36.90941781138002,968230.3770781774,1879068.2301769522
commerce__convstore,commerce_convstore_cheonan.csv,이마트24천안병천탑원점,commerce,convstore,편의점,다바8362,127.31461605694275,36.764850084494725,983454.6022770928,1862987.944224283
commerce__convstore,commerce_convstore_cheonan.csv,씨유천안수신점,commerce,convstore,편의점,다바8059,127.2817146308412,36.73122461229731,980509.6651459011,1859264.103335403
commerce__convstore,commerce_convstore_cheonan.csv,이마트24천안업성점,commerce,convstore,편의점,다바6773,127.1363692839958,36.85997850333415,967586.276703044,1873586.195052586
commerce__convstore,commerce_convstore_cheonan.csv,세븐천안불당점,commerce,convstore,편의점,다바6568,127.1102098937646,36.81108734000955,965232.3209075675,1868171.8511020718
commerce__convstore,commerce_convstore_cheonan.csv,세븐일레븐천안성정,commerce,convstore,편의점,다바6770,127.13399494686836,36.82856201428631,967361.2798138729,1870101.9415911417
commerce__convstore,commerce_convstore_cheonan.csv,씨유천안신방로또점,commerce,convstore,편의점,다바6663,127.12968177586318,36.773012647181126,966952.790400279,1863941.3215983356
commerce__convstore,commerce_convstore_cheonan.csv,이마트24천안5공단점,commerce,convstore,편의점,다바7960,127.26569030314,36.73845763420985,979080.8400910108,1860069.8317396394
commerce__convstore,commerce_convstore_cheonan.csv,씨유두정,commerce,convstore,편의점,다바6770,127.13084374668318,36.830595528374,967081.139783368,1870328.6014333519
commerce__convstore,commerce_convstore_cheonan.csv,지에스더프레시,commerce,convstore,편의점,다바6572,127.10836080158376,36.8465994944768,965083.5299246062,1872111.9161497073
commerce__convstore,commerce_convstore_cheonan.csv,지에스25성정명성점,commerce,convstore,편의점,다바6769,127.13945903941551,36.82474783872169,967846.9494929701,1869676.9807993923
commerce__convstore,commerce_convstore_cheonan.csv,미니스톱성정빅토리점,commerce,convstore,편의점,다바6769,127.14015406595088,36.82192861768925,967907.7549785626,1869364.009460554
commerce__convstore,commerce_convstore_cheonan.csv,세븐남서울대성월점주,commerce,convstore,편의점,다바6779,127.14024479579456,36.91632369186803,967955.295732687,1879835.3585743571
commerce__convstore,commerce_convstore_cheonan.csv,아이지에이마트신당점,commerce,convstore,편의점,다바6973,127.1564018046632,36.85728515107304,969370.8894978476,1873280.8073022836
commerce__convstore,commerce_convstore_cheonan.csv,세븐일레븐천안쌍용충무점,commerce,convstore,편의점,다바6766,127.13105952201444,36.79740008989946,967086.172538905,1866646.1430558537
commerce__convstore,commerce_convstore_cheonan.csv,씨유천안,commerce,convstore,편의점,다바6969,127.15721388168004,36.81997500501846,969428.4337430162,1869141.7030843399
commerce__convstore,commerce_convstore_cheonan.csv,지에스뉴청당,commerce,convstore,편의점,다바6965,127.16003566965053,36.78976919115407,969668.1862504471,1865790.0688181187
commerce__convstore,commerce_convstore_cheonan.csv,지에스25쌍용이화점,commerce,convstore,편의점,다바6766,127.13343179301674,36.797892529743976,967298.0171682329,1866699.9557955083
commerce__convstore,commerce_convstore_cheonan.csv,레이크편의점,commerce,convstore,편의점,다바6771,127.1358204133572,36.844978702793824,967531.0074032191,1871922.436718346
commerce__convstore,commerce_convstore_cheonan.csv,CU천안대로점,commerce,convstore,편의점,다바6783,127.13192100637193,36.95042875121488,967228.467472001,1883621.5516843009
commerce__convstore,commerce_convstore_cheonan.csv,세븐천안봉명그린점,commerce,convstore,편의점,다바6768,127.13369589771024,36.814458194414094,967328.6170205668,1868537.4991813314
commerce__convstore,commerce_convstore_cheonan.csv,씨유천안성성점,commerce,convstore,편의점,다바6771,127.13609332154051,36.837263237236414,967552.0795663251,1871066.4603819957
commerce__convstore,commerce_convstore_cheonan.csv,지에스25봉명빌리지,commerce,convstore,편의점,다바6768,127.13315717803437,36.816991829198585,967281.6457209615,1868818.7406412703
commerce__convstore,commerce_convstore_cheonan.csv,세븐일레븐천안신부,commerce,convstore,편의점,다바6968,127.15660769852632,36.81737836394809,969373.3361936528,1868853.8506041255
commerce__convstore,commerce_convstore_cheonan.csv,이마트24천안성거장미점,commerce,convstore,편의점,다바7374,127.20080022909704,36.87270514015372,973334.0341287367,1874978.0475688726
commerce__convstore,commerce_convstore_cheonan.csv,씨유천안성거휴게소점,commerce,convstore,편의점,다바7172,127.18204160933404,36.848760268973535,971653.3383001522,1872327.2188977308
commerce__convstore,commerce_convstore_cheonan.csv,씨유단국대천안예술관점,commerce,convstore,편의점,다바7070,127.16521391827428,36.83595451915676,970148.1322631803,1870911.791304783
commerce__convstore,commerce_convstore_cheonan.csv,세븐일레븐천안백석타운점,commerce,convstore,편의점,다바6669,127.12562031280062,36.82235331168538,966611.7663812394,1869416.0985261165
commerce__convstore,commerce_convstore_cheonan.csv,미스터마트천안공단점,commerce,convstore,편의점,다바6573,127.1166380582747,36.86325317435449,965828.9033818693,1873956.336503074
commerce__convstore,commerce_convstore_cheonan.csv,미니스톱천안불당,commerce,convstore,편의점,다바6569,127.11034050880691,36.82247355217413,965249.1189907803,1869434.8824185592
commerce__convstore,commerce_convstore_cheonan.csv,지에스25천안서북,commerce,convstore,편의점,다바6975,127.15685338775651,36.87788772964342,969419.3570827727,1875566.1341369485
commerce__convstore,commerce_convstore_cheonan.csv,씨유단국대천안학생회관점,commerce,convstore,편의점,다바7070,127.16521391827428,36.83595451915676,970148.1322631803,1870911.791304783
commerce__convstore,commerce_convstore_cheonan.csv,세븐천안두정드림점,commerce,convstore,편의점,다바6870,127.1436011711906,36.83010148691477,968218.5605842661,1870269.4791361026
commerce__convstore,commerce_convstore_cheonan.csv,세븐일레븐천안봉명,commerce,convstore,편의점,다바6768,127.1320443450604,36.8150997375643,967181.5850908757,1868609.231447552
commerce__convstore,commerce_convstore_cheonan.csv,씨유천안단대,commerce,convstore,편의점,다바7171,127.1747683996362,36.83937085838762,971001.3690302481,1871287.8263714935
commerce__convstore,commerce_convstore_cheonan.csv,씨유단국대천안보건간호관점,commerce,convstore,편의점,다바7070,127.16521391827428,36.83595451915676,970148.1322631803,1870911.791304783
commerce__convstore,commerce_convstore_cheonan.csv,세븐일레븐천안백석엔시티점,commerce,convstore,편의점,다바6570,127.11832922662856,36.83613165193763,965967.6273555205,1870947.1114871337
commerce__convstore,commerce_convstore_cheonan.csv,세븐일레븐천안불당지웰점,commerce,convstore,편의점,다바6468,127.10486150422602,36.81605823786041,964757.543125915,1868725.2333402457
commerce__convstore,commerce_convstore_cheonan.csv,이마트24천안대로점,commerce,convstore,편의점,다바7063,127.1669576380723,36.76548979071442,970276.3971477861,1863094.5917724313
commerce__convstore,commerce_convstore_cheonan.csv,지에스25천안유락점,commerce,convstore,편의점,다바6869,127.14308715518504,36.82646839742487,968171.2187685465,1869866.629201892
commerce__convstore,commerce_convstore_cheonan.csv,이마트24천안구성,commerce,convstore,편의점,다바6966,127.15880084546096,36.79390975317554,969559.6523253432,1866249.7732268134
commerce__convstore,commerce_convstore_cheonan.csv,세븐천안성정파크점주,commerce,convstore,편의점,다바6768,127.13959225957215,36.812151144820106,967853.562480862,1868279.5787284386
commerce__convstore,commerce_convstore_cheonan.csv,세븐천안한성점주,commerce,convstore,편의점,다바6870,127.14817961469916,36.835312546891856,968628.9672047433,1870846.0331315927
commerce__convstore,commerce_convstore_cheonan.csv,이마트24천안입장대로점,commerce,convstore,편의점,다바7578,127.22245852076566,36.90367371600431,975274.3073135057,1878407.6093900867
commerce__convstore,commerce_convstore_cheonan.csv,세븐일레븐천안이랜드점,commerce,convstore,편의점,다바6459,127.0992734441696,36.73155718742214,964219.8926399992,1859353.6235150758
commerce__convstore,commerce_convstore_cheonan.csv,GS25천안시민점,commerce,convstore,편의점,다바6968,127.15934261940882,36.8183996451084,969617.6643266059,1868966.2691316092
commerce__convstore,commerce_convstore_cheonan.csv,GS25신방충무점,commerce,convstore,편의점,다바6665,127.12699967591936,36.78878980090236,966720.2608875519,1865692.4079361728
commerce__convstore,commerce_convstore_cheonan.csv,씨유두정예그리나점,commerce,convstore,편의점,다바6871,127.14533321288992,36.83691994068197,968375.820778156,1871025.2807223198
commerce__convstore,commerce_convstore_cheonan.csv,세븐일레븐천안율금공단점,commerce,convstore,편의점,다바6477,127.1044586996526,36.896571012439416,964758.600352686,1877656.7694493993
commerce__convstore,commerce_convstore_cheonan.csv,행운슈퍼,commerce,convstore,편의점,다바6665,127.12478595756473,36.78663363495114,966521.8102511781,1865453.9968718889
commerce__convstore,commerce_convstore_cheonan.csv,지에스25천안낙원,commerce,convstore,편의점,다바7763,127.249955861781,36.76992478353588,977685.182804872,1863564.0014437279
commerce__convstore,commerce_convstore_cheonan.csv,씨유천안문화,commerce,convstore,편의점,다바6868,127.14885137486864,36.8111625688245,968679.0261762263,1868166.8428433368
commerce__convstore,commerce_convstore_cheonan.csv,세븐천안신부뉴점,commerce,convstore,편의점,다바6969,127.15839804088756,36.82083760807027,969534.3858947852,1869237.0140160134
commerce__convstore,commerce_convstore_cheonan.csv,세븐일레븐천안부대,commerce,convstore,편의점,다바6872,127.14985712866074,36.84876332409032,968784.0154928289,1872337.5903653023
commerce__convstore,commerce_convstore_cheonan.csv,지에스25천안,commerce,convstore,편의점,다바6667,127.121146073865,36.80234092544749,966203.943748146,1867197.6879382976
commerce__convstore,commerce_convstore_cheonan.csv,씨유천안백석대지혜관점,commerce,convstore,편의점,다바7171,127.18487300927808,36.84057574801815,971902.7699121202,1871418.4669367224
commerce__convstore,commerce_convstore_cheonan.csv,이마트24천안,commerce,convstore,편의점,다바6972,127.15261792102342,36.849570984856015,969030.4726563122,1872426.286488216
commerce__convstore,commerce_convstore_cheonan.csv,씨유뉴천안스타,commerce,convstore,편의점,다바6870,127.1430500547638,36.83307548057394,968170.6473554875,1870599.5697596143
commerce__convstore,commerce_convstore_cheonan.csv,지에스25천안역힐스점,commerce,convstore,편의점,다바6867,127.15017800688022,36.80689694951781,968795.6255647108,1867693.222842905
commerce__convstore,commerce_convstore_cheonan.csv,미니스톱천안파크밸리점,commerce,convstore,편의점,다바6567,127.11859476862658,36.80743640972384,965978.6052081985,1867763.8361061823
commerce__convstore,commerce_convstore_cheonan.csv,GS25천안쌍용역점,commerce,convstore,편의점,다바6666,127.1212675260914,36.79420057088753,966211.202573587,1866294.6341380598
commerce__convstore,commerce_convstore_cheonan.csv,GS25성정크라운점,commerce,convstore,편의점,다바6769,127.138628996093,36.82136633442872,967771.5079368496,1869302.1481249258
commerce__convstore,commerce_convstore_cheonan.csv,씨유천안직산상덕점,commerce,convstore,편의점,다바6676,127.12484201243844,36.88481665384744,966569.5672432386,1876345.50314076
commerce__convstore,commerce_convstore_cheonan.csv,씨유천안1번국도점,commerce,convstore,편의점,다바6973,127.1524387969558,36.85783348501769,969017.8382495054,1873342.9127234942
commerce__convstore,commerce_convstore_cheonan.csv,세븐일레븐천안성환두진점,commerce,convstore,편의점,다바6478,127.10147413695266,36.90566502781567,964496.8979325539,1878666.694486621
commerce__convstore,commerce_convstore_cheonan.csv,세븐일레븐천안입장세화점,commerce,convstore,편의점,다바7379,127.20400083662284,36.91233073427478,973632.9194381977,1879372.891308575
commerce__convstore,commerce_convstore_cheonan.csv,지에스25불당,commerce,convstore,편의점,다바6568,127.108503813377,36.81016242229894,965079.7247945298,1868069.8712495696
commerce__convstore,commerce_convstore_cheonan.csv,이마트24천안신부다나힐점,commerce,convstore,편의점,다바6969,127.1589020855935,36.82014969383417,969579.0667729487,1869160.5428716152
commerce__convstore,commerce_convstore_cheonan.csv,미니스톱천안4,commerce,convstore,편의점,다바6673,127.12447325401432,36.86258672165533,966527.0083800644,1873879.6312900116
commerce__convstore,commerce_convstore_cheonan.csv,세븐일레븐천안,commerce,convstore,편의점,다바6767,127.1404754831595,36.80833049817112,967930.7481033239,1867855.4566000616
commerce__convstore,commerce_convstore_cheonan.csv,씨유천안백석대정문,commerce,convstore,편의점,다바7171,127.18173447533842,36.841423287503446,971623.2455008002,1871513.4125756656
commerce__convstore,commerce_convstore_cheonan.csv,미니스톱신방,commerce,convstore,편의점,다바6664,127.1283219960176,36.77362237332945,966831.7057870368,1864009.428710328
commerce__convstore,commerce_convstore_cheonan.csv,씨유천안백석비전점,commerce,convstore,편의점,다바6569,127.11362088672992,36.824315312843495,965542.4989574875,1869638.0027004941
commerce__convstore,commerce_convstore_cheonan.csv,씨유천안오룡점,commerce,convstore,편의점,다바6968,127.16140775641549,36.81129464340262,969799.0580212038,1868177.4546139732
commerce__convstore,commerce_convstore_cheonan.csv,세븐천안성정빌리지점,commerce,convstore,편의점,다바6770,127.13514020902409,36.82785176396962,967463.1088990909,1870022.7625845978
commerce__convstore,commerce_convstore_cheonan.csv,세븐일레븐천안연곡점,commerce,convstore,편의점,,127.1856398112046,36.95514288568062,972013.0051728145,1884127.3816121067
commerce__convstore,commerce_convstore_cheonan.csv,세븐일레븐천안쌍용,commerce,convstore,편의점,다바6667,127.1298500303159,36.80417417247888,966981.1793611903,1867398.010139973
commerce__convstore,commerce_convstore_cheonan.csv,씨유천안,commerce,convstore,편의점,다바6767,127.14001734236462,36.801491543203696,967887.0266139478,1867096.9635309628
commerce__convstore,commerce_convstore_cheonan.csv,씨유뉴천안신방한성점,commerce,convstore,편의점,다바6764,127.13452019181496,36.77512600221864,967385.4677306773,1864174.0956065012
commerce__convstore,commerce_convstore_cheonan.csv,지에스25천안,commerce,convstore,편의점,다바6569,127.11104532697884,36.82376655155485,965312.5604394447,1869578.0597217672
commerce__convstore,commerce_convstore_cheonan.csv,씨유성환,commerce,convstore,편의점,다바6779,127.1296335363324,36.91766680720774,967010.6871298807,1879987.9708287437
commerce__convstore,commerce_convstore_cheonan.csv,이마트24스마트천안불당꿈에,commerce,convstore,편의점,다바6567,127.11299691693358,36.801306043934645,965476.5221423209,1867085.7988290188
commerce__convstore,commerce_convstore_cheonan.csv,씨유뉴천안입장한성점,commerce,convstore,편의점,다바7779,127.2441812216401,36.91444807839444,977212.7539683646,1879597.4206710756
commerce__convstore,commerce_convstore_cheonan.csv,세븐일레븐성정,commerce,convstore,편의점,다바6770,127.1404334420042,36.8276860592788,967935.0731097937,1870002.5921203473
commerce__convstore,commerce_convstore_cheonan.csv,이마트24천안,commerce,convstore,편의점,다바7961,127.26574779531818,36.75151609781091,979089.5161167433,1861518.3781781502
commerce__convstore,commerce_convstore_cheonan.csv,세븐일레븐천안성환대로점,commerce,convstore,편의점,다바6680,127.1183305741015,36.92384312104058,966006.6463261601,1880677.093330185
commerce__convstore,commerce_convstore_cheonan.csv,지에스25천안,commerce,convstore,편의점,다바6770,127.1325894427748,36.83244609548412,967237.5989139435,1870533.2863978683
commerce__convstore,commerce_convstore_cheonan.csv,세븐천안두정중앙점,commerce,convstore,편의점,다바6770,127.1356863847168,36.83127031295679,967513.2605052725,1870401.7988321653
commerce__convstore,commerce_convstore_cheonan.csv,세븐일레븐천안성정타운,commerce,convstore,편의점,다바6768,127.14054366528956,36.81021701779705,967937.6165532956,1868064.7059314987
commerce__convstore,commerce_convstore_cheonan.csv,GS25천안청수점,commerce,convstore,편의점,다바6966,127.15620219900704,36.792135400956425,969327.103900474,1866053.7744963346
commerce__convstore,commerce_convstore_cheonan.csv,세븐일레븐천안불당파크빌점,commerce,convstore,편의점,다바6467,127.10734345952449,36.8033168337746,964973.106321265,1867310.9119080536
commerce__convstore,commerce_convstore_cheonan.csv,씨유천안청당원룸점,commerce,convstore,편의점,다바6964,127.15975737157548,36.7825401145874,969640.5045385021,1864988.2370123914
commerce__convstore,commerce_convstore_cheonan.csv,이마트24천안유량점,commerce,convstore,편의점,다바7168,127.18354646709804,36.81626372990138,971775.5640832933,1868721.9129879968
commerce__convstore,commerce_convstore_cheonan.csv,씨유천안불당,commerce,convstore,편의점,,127.10749365784002,36.80035611289564,964985.1569607765,1866982.4233005575
commerce__convstore,commerce_convstore_cheonan.csv,지에스25천안,commerce,convstore,편의점,다바6673,127.11995553661896,36.85813729230016,966122.3510294027,1873387.64305583
commerce__convstore,commerce_convstore_cheonan.csv,천안직산점세븐일레븐,commerce,convstore,편의점,다바6875,127.15168376295946,36.87863176226073,968958.948434895,1875650.3391552556
commerce__convstore,commerce_convstore_cheonan.csv,지에스25천안중앙도서관점,commerce,convstore,편의점,다바6867,127.1523424077258,36.8087377544397,968989.4347216424,1867896.7197138963
commerce__convstore,commerce_convstore_cheonan.csv,씨유천안성정크로바점,commerce,convstore,편의점,다바6769,127.14084594838268,36.82472577025353,967970.6253277061,1869674.0671307978
commerce__convstore,commerce_convstore_cheonan.csv,이마트24천안FM점,commerce,convstore,편의점,다바6770,127.1392594337594,36.83268307177251,967832.4707773585,1870557.3086748857
commerce__convstore,commerce_convstore_cheonan.csv,씨유천안직산대로점,commerce,convstore,편의점,다바6875,127.1479795598854,36.87285647541439,968626.476117622,1875010.8885880378
commerce__convstore,commerce_convstore_cheonan.csv,코리아세븐천안두정주,commerce,convstore,편의점,다바6770,127.13310256046512,36.83188329273106,967283.114691453,1870470.6784923421
commerce__convstore,commerce_convstore_cheonan.csv,이마트24천안,commerce,convstore,편의점,다바8664,127.34367323261746,36.77541199115591,986049.8520904793,1864154.9380441434
commerce__convstore,commerce_convstore_cheonan.csv,씨유두정대아점,commerce,convstore,편의점,다바6871,127.14152094248716,36.837872840233885,968036.2915712101,1871132.2549872778
commerce__convstore,commerce_convstore_cheonan.csv,지에스25백석창조관점,commerce,convstore,편의점,다바7171,127.18305320217551,36.83732201931041,971739.3153858889,1871058.065109158
commerce__convstore,commerce_convstore_cheonan.csv,씨유천안동남,commerce,convstore,편의점,다바6867,127.15165492703883,36.806786135445385,968927.3235963817,1867680.4493155652
commerce__convstore,commerce_convstore_cheonan.csv,지에스25천안동면,commerce,convstore,편의점,다바8664,127.35249684466422,36.7787001828593,986837.8083876088,1864518.4445953136
commerce__convstore,commerce_convstore_cheonan.csv,세븐일레븐천안성정도원점,commerce,convstore,편의점,다바6769,127.13402000986476,36.819188044650055,967359.53374668,1869062.0729757282
commerce__convstore,commerce_convstore_cheonan.csv,씨유천안성정동원점,commerce,convstore,편의점,다바6769,127.13526732063676,36.82103445794064,967471.5588511677,1869266.4714467097
commerce__convstore,commerce_convstore_cheonan.csv,세븐일레븐천안두정,commerce,convstore,편의점,다바6770,127.1356863847168,36.83127031295679,967513.2605052725,1870401.7988321653
commerce__convstore,commerce_convstore_cheonan.csv,씨유천안단국대병원,commerce,convstore,편의점,다바7070,127.16521391827428,36.83595451915676,970148.1322631803,1870911.791304783
commerce__convstore,commerce_convstore_cheonan.csv,GS25뉴천안수신점,commerce,convstore,편의점,다바8059,127.28095061369204,36.73064604017192,980441.3004938137,1859200.0789329978
commerce__convstore,commerce_convstore_cheonan.csv,세븐일레븐천안성정파크점,commerce,convstore,편의점,다바6768,127.13959225957215,36.812151144820106,967853.562480862,1868279.5787284386
commerce__convstore,commerce_convstore_cheonan.csv,세븐일레븐천안서북,commerce,convstore,편의점,다바6975,127.15469105303612,36.87718513050884,969226.3709390786,1875488.8885289803
commerce__convstore,commerce_convstore_cheonan.csv,세븐일레븐천안성거공단점,commerce,convstore,편의점,다바7276,127.19328456410398,36.88795586820886,972669.6393134582,1876671.95832883
commerce__convstore,commerce_convstore_cheonan.csv,공주건설공구,commerce,convstore,편의점,다바6767,127.13982195879032,36.80255617904526,967870.0417153693,1867215.1293858115
commerce__convstore,commerce_convstore_cheonan.csv,씨유천안풍세센토피아점,commerce,convstore,편의점,다바6458,127.10563684014772,36.72783128311917,964786.369362358,1858937.9550771036
commerce__convstore,commerce_convstore_cheonan.csv,씨유천안쌍용인,commerce,convstore,편의점,다바6667,127.12840589866516,36.80390773282038,966852.2418349686,1867368.953480687
commerce__convstore,commerce_convstore_cheonan.csv,세븐일레븐천안봉명,commerce,convstore,편의점,다바6768,127.13169516990948,36.81617848104786,967150.902568891,1868729.0168588893
commerce__convstore,commerce_convstore_cheonan.csv,씨유천안백석대본부동점,commerce,convstore,편의점,다바7171,127.18487300927808,36.84057574801815,971902.7699121202,1871418.4669367224
commerce__convstore,commerce_convstore_cheonan.csv,지에스25뉴안서,commerce,convstore,편의점,다바7070,127.17450591191016,36.83208355823378,970975.2114883553,1870479.5208644886
commerce__convstore,commerce_convstore_cheonan.csv,GS25천안용곡,commerce,convstore,편의점,다바6764,127.13919349741752,36.77987105286074,967804.4883327532,1864698.88029108
commerce__convstore,commerce_convstore_cheonan.csv,씨유천안쌍용역점,commerce,convstore,편의점,다바6666,127.12236203343356,36.79458126440132,966309.0166833231,1866336.4784624965
commerce__convstore,commerce_convstore_cheonan.csv,세븐일레븐천안성정,commerce,convstore,편의점,다바6768,127.14019619693768,36.81121971678308,967907.0418703875,1868176.0522232978
commerce__convstore,commerce_convstore_cheonan.csv,제이에이치365,commerce,convstore,편의점,다바6667,127.1189584066536,36.8018662303604,966008.5800239423,1867145.8051645327
commerce__convstore,commerce_convstore_cheonan.csv,씨유상명대계당관점,commerce,convstore,편의점,다바7170,127.17930399350573,36.83281134165,971403.3356837191,1870558.8079629599
commerce__convstore,commerce_convstore_cheonan.csv,이마트24R천안신라점,commerce,convstore,편의점,다바6869,127.1430266087349,36.82606693047664,968165.6530216094,1869822.1143903043
commerce__convstore,commerce_convstore_cheonan.csv,지에스25연암대로점,commerce,convstore,편의점,다바6477,127.09620336185462,36.892681474709605,964021.24852989,1877228.3754129447
commerce__convstore,commerce_convstore_cheonan.csv,씨유천안동부역점,commerce,convstore,편의점,다바6867,127.14744407414456,36.80908016333902,968552.648774109,1867936.3028716256
commerce__convstore,commerce_convstore_cheonan.csv,지에스25성환매주리점,commerce,convstore,편의점,다바6678,127.1199642502772,36.908029599991096,966145.1612122655,1878922.2810229098
commerce__convstore,commerce_convstore_cheonan.csv,제로스토어안서점,commerce,convstore,편의점,다바7170,127.17654957918155,36.83107228146896,971157.0692260258,1870366.7206456854
commerce__convstore,commerce_convstore_cheonan.csv,세븐일레븐천안메르디앙점,commerce,convstore,편의점,다바6769,127.14078010187237,36.82764703647299,967965.9709088623,1869998.147061252
commerce__convstore,commerce_convstore_cheonan.csv,씨유두산위브,commerce,convstore,편의점,다바6964,127.15282228775057,36.77976535849756,969020.5753267299,1864682.6568501075
commerce__convstore,commerce_convstore_cheonan.csv,지에스25,commerce,convstore,편의점,다바7069,127.1649597848804,36.82581026722121,970121.5272390492,1869786.562515937
commerce__convstore,commerce_convstore_cheonan.csv,씨유천안직산타운점,commerce,convstore,편의점,다바6875,127.14922893678256,36.87930035284261,968740.4523385811,1875725.3079158072
commerce__convstore,commerce_convstore_cheonan.csv,미니스톱천안,commerce,convstore,편의점,다바6867,127.14934104653,36.80902526495594,968721.8335535396,1867929.5908287226
commerce__convstore,commerce_convstore_cheonan.csv,세븐일레븐천안두정이편한점,commerce,convstore,편의점,다바6870,127.14145913839565,36.83577890299885,968029.9093282586,1870899.993500619
commerce__convstore,commerce_convstore_cheonan.csv,지에스25청당,commerce,convstore,편의점,다바6964,127.15675178829788,36.78026987688818,969371.4151896338,1864737.357988451
commerce__convstore,commerce_convstore_cheonan.csv,GS25쌍용이화점,commerce,convstore,편의점,다바6766,127.13343179301674,36.797892529743976,967298.0171682329,1866699.9557955083
commerce__convstore,commerce_convstore_cheonan.csv,지에스25풍세,commerce,convstore,편의점,다바6459,127.1048276377398,36.729022693061445,964714.6585363108,1859070.4146285343
commerce__convstore,commerce_convstore_cheonan.csv,씨유스타비발디점,commerce,convstore,편의점,다바6871,127.150279965665,36.84528987221475,968820.3020630574,1871952.138894099
commerce__convstore,commerce_convstore_cheonan.csv,지에스GS25연암대로점,commerce,convstore,편의점,다바6477,127.09620336185462,36.892681474709605,964021.24852989,1877228.3754129447
commerce__convstore,commerce_convstore_cheonan.csv,지에스25천안창조점,commerce,convstore,편의점,다바6969,127.16014068270724,36.81958634038935,969689.3096896991,1869097.656419072
commerce__convstore,commerce_convstore_cheonan.csv,이마트24천안풍세점,commerce,convstore,편의점,다바6458,127.1047080719755,36.7264749174587,964702.8162839173,1858787.8366829997
commerce__convstore,commerce_convstore_cheonan.csv,씨유입장신두리점,commerce,convstore,편의점,다바7380,127.20370565022048,36.92354147105479,973610.4877601712,1880616.603862249
commerce__convstore,commerce_convstore_cheonan.csv,지에스25신부한들점,commerce,convstore,편의점,다바6969,127.15885052229618,36.82284802159661,969575.5362228317,1869459.8860457253
commerce__convstore,commerce_convstore_cheonan.csv,씨유천안두정대우,commerce,convstore,편의점,다바6870,127.14295115025102,36.834388921322834,968162.3722981652,1870745.3036711148
commerce__convstore,commerce_convstore_cheonan.csv,세븐일레븐천안성정한빛점,commerce,convstore,편의점,다바6869,127.14262631944428,36.82124287778013,968127.9551330714,1869287.1128885543
commerce__convstore,commerce_convstore_cheonan.csv,이마트24천안신부더샵점,commerce,convstore,편의점,다바6970,127.15924227759156,36.82840791647797,969612.672558677,1870076.5236068293
commerce__convstore,commerce_convstore_cheonan.csv,세븐일레븐천안목천점,commerce,convstore,편의점,다바7463,127.21032722201124,36.77348380093895,974149.7706365538,1863968.7721419497
commerce__convstore,commerce_convstore_cheonan.csv,씨유천안두정시티점,commerce,convstore,편의점,다바6770,127.1405934319563,36.83280228223746,967951.474652881,1870570.0846243938
commerce__convstore,commerce_convstore_cheonan.csv,씨유천안병천,commerce,convstore,편의점,다바8162,127.2939288440963,36.761130913240656,981607.3915778033,1862579.155274961
commerce__convstore,commerce_convstore_cheonan.csv,지에스25원성,commerce,convstore,편의점,다바6966,127.15750224088626,36.79926525617422,969445.9230705358,1866844.2732437474
commerce__convstore,commerce_convstore_cheonan.csv,지에스25풍세,commerce,convstore,편의점,다바6458,127.10309766216562,36.725470728048855,964558.5542997335,1858677.0375561153
commerce__convstore,commerce_convstore_cheonan.csv,지에스25병천탑클래스점,commerce,convstore,편의점,다바8262,127.29905256498236,36.76098290491931,982064.6685894369,1862561.7647311585
commerce__convstore,commerce_convstore_cheonan.csv,세븐일레븐천안신방엔리치점,commerce,convstore,편의점,다바6764,127.13743396727055,36.77438149489103,967645.1741085929,1864090.5186236957
commerce__convstore,commerce_convstore_cheonan.csv,씨유봉명역,commerce,convstore,편의점,다바6767,127.13646773935092,36.80506986700867,967571.8847721992,1867495.1054055295
commerce__convstore,commerce_convstore_cheonan.csv,세븐순천향대천안새병원점,commerce,convstore,편의점,다바6767,127.13541967490896,36.802821407818406,967477.4432602037,1867246.039218255
commerce__convstore,commerce_convstore_cheonan.csv,씨유천안,commerce,convstore,편의점,다바6566,127.11840145117742,36.79861692660954,965957.4576573519,1866785.5572904062
commerce__convstore,commerce_convstore_cheonan.csv,GS25두정,commerce,convstore,편의점,다바6871,127.14150441348592,36.83712468650141,968034.5064218362,1871049.2672046828
commerce__convstore,commerce_convstore_cheonan.csv,씨유천안마치에비뉴점,commerce,convstore,편의점,다바6671,127.12029572861704,36.83763413296124,966143.6370619024,1871113.084550813
commerce__convstore,commerce_convstore_cheonan.csv,씨유뉴천안신방타운점,commerce,convstore,편의점,다바6664,127.12957424752366,36.77472516547783,966943.9297994577,1864131.3278441061
commerce__convstore,commerce_convstore_cheonan.csv,지에스25수신,commerce,convstore,편의점,다바8059,127.27718011495,36.72902979201741,980104.2189863642,1859021.567441531
commerce__convstore,commerce_convstore_cheonan.csv,이마트24천안직산,commerce,convstore,편의점,다바6875,127.14871851403812,36.87820933531368,968694.5196911299,1875604.4468756898
commerce__convstore,commerce_convstore_cheonan.csv,지에스25천안역점,commerce,convstore,편의점,다바6867,127.14833726903154,36.809072381335575,968632.317253987,1867935.1462523534
commerce__convstore,commerce_convstore_cheonan.csv,세븐천안입장한성점,commerce,convstore,편의점,다바7779,127.24419972693494,36.91471145395077,977214.4806900417,1879626.6330181009
commerce__convstore,commerce_convstore_cheonan.csv,씨유천안청당하늘채점,commerce,convstore,편의점,다바6864,127.14517430091615,36.77905633190239,968337.8346723331,1864606.5079525397
commerce__convstore,commerce_convstore_cheonan.csv,세븐일레븐천안성남약수로점,commerce,convstore,편의점,다바7459,127.21649119199628,36.73600091637169,974687.5295175499,1859809.1841432848
commerce__convstore,commerce_convstore_cheonan.csv,미니스톱신당타운점,commerce,convstore,편의점,다바6972,127.16052731760551,36.85412263044076,969737.4014042863,1872928.6704681872
commerce__convstore,commerce_convstore_cheonan.csv,인스케어플러스,commerce,convstore,편의점,다바7059,127.16849375720814,36.73375732054012,970401.3083806644,1859574.061556535
commerce__convstore,commerce_convstore_cheonan.csv,씨유쌍용,commerce,convstore,편의점,다바6566,127.11689830021253,36.791901227016645,965820.3768970859,1866041.1199188926
commerce__convstore,commerce_convstore_cheonan.csv,씨유단국대천안사회과학관점,commerce,convstore,편의점,다바7070,127.16521391827428,36.83595451915676,970148.1322631803,1870911.791304783
commerce__convstore,commerce_convstore_cheonan.csv,세븐일레븐천안,commerce,convstore,편의점,다바7173,127.1844421772678,36.85610579712683,971870.0462190353,1873141.355859508
commerce__convstore,commerce_convstore_cheonan.csv,씨유천안,commerce,convstore,편의점,다바6767,127.13974209856156,36.8071022647629,967864.817360674,1867719.4545211575
commerce__convstore,commerce_convstore_cheonan.csv,이마트24천안농수산점,commerce,convstore,편의점,다바6873,127.14936997228216,36.85943246321892,968744.9284718834,1873521.2890766386
commerce__convstore,commerce_convstore_cheonan.csv,세븐일레븐천안직산포도점,commerce,convstore,편의점,다바7078,127.16922220107205,36.90658733231209,970532.6820844279,1878745.9410436612
commerce__convstore,commerce_convstore_cheonan.csv,직산중앙GS25편의점,commerce,convstore,편의점,다바6875,127.14991111740932,36.87722269805372,968800.4010818311,1875494.607288864
commerce__convstore,commerce_convstore_cheonan.csv,세븐일레븐천안신부,commerce,convstore,편의점,다바6968,127.1562927491877,36.81847272371302,969345.6826437544,1868975.3493182969
commerce__convstore,commerce_convstore_cheonan.csv,지에스25천안중앙,commerce,convstore,편의점,다바6867,127.15073828612292,36.80177590165528,968843.5284743347,1867124.961427924
commerce__convstore,commerce_convstore_cheonan.csv,씨유천안성거SKC점,commerce,convstore,편의점,다바7375,127.20221920791982,36.87549457186364,973461.4649571758,1875287.0875694458
commerce__convstore,commerce_convstore_cheonan.csv,세븐일레븐천안신불당,commerce,convstore,편의점,다바6467,127.10649976180969,36.80676204071769,964899.4164980567,1867693.399240241
commerce__convstore,commerce_convstore_cheonan.csv,이마트24천안목천IC점,commerce,convstore,편의점,다바7563,127.23075140814254,36.77082079216187,975971.5860233476,1863668.0442889913
commerce__convstore,commerce_convstore_cheonan.csv,세븐일레븐천안직산부송점,commerce,convstore,편의점,다바6775,127.13868379332534,36.8752417537435,967798.9970091238,1875278.585776186
commerce__convstore,commerce_convstore_cheonan.csv,이마트24천안구성타운점,commerce,convstore,편의점,다바7066,127.17161037225488,36.79206890834901,970701.7668633377,1866041.5688783745
commerce__convstore,commerce_convstore_cheonan.csv,씨유천안원성메가시티점,commerce,convstore,편의점,다바6966,127.16012595033658,36.79894782130845,969679.8587178119,1866808.2252706166
commerce__convstore,commerce_convstore_cheonan.csv,씨유두정,commerce,convstore,편의점,다바6770,127.135849788267,36.83238334075561,967528.3020791311,1870525.2123007206
commerce__convstore,commerce_convstore_cheonan.csv,세븐일레븐천안풍세점,commerce,convstore,편의점,다바6662,127.12752860395868,36.758220452718845,966754.2556387438,1862301.1759635606
commerce__convstore,commerce_convstore_cheonan.csv,세븐일레븐천안월봉일성점,commerce,convstore,편의점,다바6566,127.11736470550804,36.796628708579846,965864.0865438227,1866565.373415093
commerce__convstore,commerce_convstore_cheonan.csv,세븐일레븐천안,commerce,convstore,편의점,다바6572,127.11576336868256,36.846796321195455,965743.5941166064,1872131.070626018
commerce__convstore,commerce_convstore_cheonan.csv,씨유천안입장,commerce,convstore,편의점,다바7282,127.1945176814945,36.9371734164422,972797.0019044823,1882131.4098533578
commerce__convstore,commerce_convstore_cheonan.csv,지에스25불당갤러리점,commerce,convstore,편의점,,127.1065526725799,36.79990404219921,964901.0065556038,1866932.6198789948
commerce__convstore,commerce_convstore_cheonan.csv,이마트24R천안백석,commerce,convstore,편의점,다바6569,127.11469257686387,36.82654384122223,965639.0697475827,1869884.8291380275
commerce__convstore,commerce_convstore_cheonan.csv,씨유단대호수점,commerce,convstore,편의점,다바7070,127.1728637915708,36.83551388188025,970830.0832594356,1870860.5488518092
commerce__convstore,commerce_convstore_cheonan.csv,세븐일레븐두정싱글벙글점,commerce,convstore,편의점,다바6770,127.13873571594876,36.8344051775974,967786.4923697225,1870748.5195821265
commerce__convstore,commerce_convstore_cheonan.csv,이마트24천안신부디이스트,commerce,convstore,편의점,다바6968,127.16268722687464,36.81530905813861,969914.7525107822,1868622.3715212604
commerce__convstore,commerce_convstore_cheonan.csv,지에스25청당타운점,commerce,convstore,편의점,다바6965,127.16263395677832,36.7828647617809,969897.3070652087,1865023.34120876
commerce__convstore,commerce_convstore_cheonan.csv,GS25신방프라자,commerce,convstore,편의점,다바6665,127.12608581978084,36.79105472887019,966639.7066954601,1865943.9746591542
commerce__convstore,commerce_convstore_cheonan.csv,씨유천안직산양당점,commerce,convstore,편의점,다바6674,127.11937783005976,36.87162276702645,966076.815413776,1874883.8108912024
commerce__convstore,commerce_convstore_cheonan.csv,두정2층맞이편의점,commerce,convstore,편의점,다바6870,127.14900381897236,36.83298812939994,968701.5129276928,1870587.9135497895
commerce__convstore,commerce_convstore_cheonan.csv,세븐일레븐천안연곡길점,commerce,convstore,편의점,다바7480,127.20921609583633,36.92621909361228,974102.1834947345,1880912.1279932137
commerce__convstore,commerce_convstore_cheonan.csv,이마트24천안한창이지엠점,commerce,convstore,편의점,다바7580,127.22101780271296,36.92366535854101,975152.4416232253,1880625.6966758063
commerce__convstore,commerce_convstore_cheonan.csv,GS25직산군동점,commerce,convstore,편의점,다바7077,127.1659711980588,36.898917037723535,970240.0871405822,1877896.0692249676
commerce__convstore,commerce_convstore_cheonan.csv,이마트24천안성환명당점,commerce,convstore,편의점,다바6777,127.1365507436832,36.89467616257112,967617.1043211871,1877435.1998214298
commerce__convstore,commerce_convstore_cheonan.csv,세븐일레븐천안역전2점,commerce,convstore,편의점,다바6867,127.14934104653,36.80902526495594,968721.8335535396,1867929.5908287226
commerce__convstore,commerce_convstore_cheonan.csv,씨유두정역점,commerce,convstore,편의점,다바6870,127.14759768605812,36.83308799114629,968576.167822349,1870599.4526891918
commerce__convstore,commerce_convstore_cheonan.csv,이마트24천안신방타운점,commerce,convstore,편의점,다바6664,127.12929496130182,36.777201660741554,966920.0708807705,1864406.141279321
commerce__convstore,commerce_convstore_cheonan.csv,세븐일레븐천안입장초원점,commerce,convstore,편의점,다바7579,127.22130104152204,36.9122432510267,975173.9661850599,1879358.544733609
commerce__convstore,commerce_convstore_cheonan.csv,씨유천안노태포레나,commerce,convstore,편의점,다바6670,127.12273743939082,36.83528240735149,966360.3234387946,1870851.3433006105
commerce__convstore,commerce_convstore_cheonan.csv,GS25천안영성점,commerce,convstore,편의점,다바6867,127.15160246542628,36.80431968066649,968921.6472216639,1867406.862049737
commerce__convstore,commerce_convstore_cheonan.csv,세븐일레븐천안두정제스점,commerce,convstore,편의점,다바6870,127.14499364971252,36.83185288580586,968343.4552720183,1870463.3009167595
commerce__convstore,commerce_convstore_cheonan.csv,대한통운택배입장SM,commerce,convstore,편의점,다바7172,127.18360351011856,36.850912090466274,971793.3759886542,1872565.460151547
commerce__convstore,commerce_convstore_cheonan.csv,세븐일레븐천안공대점,commerce,convstore,편의점,다바6972,127.1549218302326,36.85024834080053,969236.141026826,1872500.6819011231
commerce__convstore,commerce_convstore_cheonan.csv,이마트24천안직산수자인점,commerce,convstore,편의점,다바6875,127.14910595742016,36.88176954233175,968730.4995522036,1875999.2593350816
commerce__convstore,commerce_convstore_cheonan.csv,비지에프리테일단국대천안단우홀점,commerce,convstore,편의점,다바7070,127.16521391827428,36.83595451915676,970148.1322631803,1870911.791304783
commerce__convstore,commerce_convstore_cheonan.csv,씨유천안한기대원룸점,commerce,convstore,편의점,다바8063,127.28456067332432,36.76521401957523,980772.2661048349,1863033.931084412
commerce__convstore,commerce_convstore_cheonan.csv,씨유천안직산우성점,commerce,convstore,편의점,다바6674,127.12524517633796,36.8699311941391,966599.0119390895,1874694.0937799858
commerce__convstore,commerce_convstore_cheonan.csv,씨유천안성환,commerce,convstore,편의점,다바6780,127.13035461401095,36.92043557163297,967076.1055840062,1880294.8673234864
commerce__convstore,commerce_convstore_cheonan.csv,이마트24천안성정도원점,commerce,convstore,편의점,다바6769,127.13444374518429,36.82089431014703,967398.0490925342,1869251.2053184453
commerce__convstore,commerce_convstore_cheonan.csv,이마트24천안왕림길점,commerce,convstore,편의점,다바6480,127.1030931705892,36.92580224416245,964650.4268292815,1880899.9634360203
commerce__convstore,commerce_convstore_cheonan.csv,씨유풍세수자인그린라이트,commerce,convstore,편의점,다바6458,127.10397846030172,36.724739419045896,964636.8703447394,1858595.5888276463
commerce__convstore,commerce_convstore_cheonan.csv,씨유천안풍세수자인,commerce,convstore,편의점,다바6458,127.10639950982394,36.72627757983226,964853.7622339543,1858765.32444092
commerce__convstore,commerce_convstore_cheonan.csv,세븐일레븐천안성환일등점,commerce,convstore,편의점,다바6783,127.13316131028468,36.94693170900548,967337.4040495886,1883233.1888195043
commerce__convstore,commerce_convstore_cheonan.csv,씨유원성,commerce,convstore,편의점,다바6967,127.15518898919812,36.80168244391727,969240.5248368514,1867113.1535384206
commerce__convstore,commerce_convstore_cheonan.csv,지에스25두정,commerce,convstore,편의점,다바6771,127.13768154296284,36.83671026221949,967693.4620903868,1871004.5803142644
commerce__convstore,commerce_convstore_cheonan.csv,씨유천안쌍용예림점,commerce,convstore,편의점,다바6666,127.12521544210205,36.79481771051347,966563.6874321449,1866361.706279087
commerce__convstore,commerce_convstore_cheonan.csv,씨유천안성정해피점,commerce,convstore,편의점,다바6768,127.1354715975324,36.81539659490387,967487.3926585275,1868640.9910646344
commerce__convstore,commerce_convstore_cheonan.csv,씨유천안불당지웰점,commerce,convstore,편의점,다바6469,127.10537947281884,36.82206001930902,964806.4891240587,1869390.8238358127
commerce__convstore,commerce_convstore_cheonan.csv,세븐일레븐천안뉴남,commerce,convstore,편의점,다바6879,127.1422941224522,36.91190123940504,968135.997760155,1879344.079479214
commerce__convstore,commerce_convstore_cheonan.csv,지에스25뉴신부한내점,commerce,convstore,편의점,다바6969,127.15587009184654,36.82282191845864,969309.7235250795,1869457.9431073552
commerce__convstore,commerce_convstore_cheonan.csv,씨유천안구성대로점,commerce,convstore,편의점,다바6966,127.15914606802464,36.79712603048333,969591.723039277,1866606.4450201006
commerce__convstore,commerce_convstore_cheonan.csv,지에스25와촌,commerce,convstore,편의점,다바6867,127.14532422973708,36.80713309149111,968362.7607256061,1867721.0128925762
commerce__convstore,commerce_convstore_cheonan.csv,세븐일레븐천안불당파크점,commerce,convstore,편의점,다바6568,127.10934903822783,36.81007539738283,965155.0771887565,1868059.909209458
commerce__convstore,commerce_convstore_cheonan.csv,세븐일레븐천안불당호반점,commerce,convstore,편의점,다바6467,127.10406784267248,36.80870363429575,964683.3778275956,1867909.6763756473
commerce__convstore,commerce_convstore_cheonan.csv,세븐일레븐천안두정,commerce,convstore,편의점,다바6770,127.13992544471104,36.83484370745416,967892.7627519034,1870796.7656832172
commerce__convstore,commerce_convstore_cheonan.csv,세븐일레븐천안목천점,commerce,convstore,편의점,다바7463,127.21032722201124,36.77348380093895,974149.7706365538,1863968.7721419497
commerce__convstore,commerce_convstore_cheonan.csv,이마트24천안쌍용타운점,commerce,convstore,편의점,,127.11664183119888,36.79025858663091,965796.7649233481,1865858.9934017789
commerce__convstore,commerce_convstore_cheonan.csv,지에스25입장용정점,commerce,convstore,편의점,다바7280,127.18832200097992,36.92214158807866,972239.8289458826,1880465.6788056213
commerce__convstore,commerce_convstore_cheonan.csv,세븐일레븐천안베스티안점,commerce,convstore,편의점,다바6871,127.14910847270296,36.83840402990212,968713.0508706761,1871188.6692757022
commerce__convstore,commerce_convstore_cheonan.csv,지에스25베스트원성점,commerce,convstore,편의점,다바6967,127.15931620893946,36.80129647728444,969608.549499127,1867069.0188288768
commerce__convstore,commerce_convstore_cheonan.csv,미니스톱백석문암점,commerce,convstore,편의점,다바7171,127.1825444862301,36.84216362054737,971695.7396335122,1871595.2980514104
commerce__convstore,commerce_convstore_cheonan.csv,학사할인마트,commerce,convstore,편의점,다바7170,127.17620103285132,36.831227740040944,971126.0467554647,1870384.0709961653
commerce__convstore,commerce_convstore_cheonan.csv,씨유천안성남포크빌점,commerce,convstore,편의점,다바7860,127.26009882948551,36.73974105208159,978581.9893041276,1860213.4352761388
commerce__convstore,commerce_convstore_cheonan.csv,세븐일레븐천안신부베스트점,commerce,convstore,편의점,다바6969,127.16112056501912,36.81947107171857,969776.6564315596,1869084.5593966413
commerce__convstore,commerce_convstore_cheonan.csv,세븐일레븐천안프라지움점,commerce,convstore,편의점,다바6770,127.14011480957294,36.830599159433895,967907.8751706687,1870325.8512219812
commerce__convstore,commerce_convstore_cheonan.csv,세븐일레븐천안다가타운점,commerce,convstore,편의점,다바6866,127.14970324725256,36.79585122661303,968748.7888477781,1866468.0744394215
commerce__convstore,commerce_convstore_cheonan.csv,지에스25청수타운,commerce,convstore,편의점,다바6965,127.15589605315824,36.78918842743955,969298.6143012227,1865726.9652081188
commerce__convstore,commerce_convstore_cheonan.csv,씨유두정,commerce,convstore,편의점,다바6770,127.13102547586516,36.83316707373419,967098.4464947949,1870613.8023334956
commerce__convstore,commerce_convstore_cheonan.csv,지에스25쌍용,commerce,convstore,편의점,다바6667,127.1296294939136,36.80290201059869,966960.960073851,1867256.9650865714
commerce__convstore,commerce_convstore_cheonan.csv,미니스톱입장기로점,commerce,convstore,편의점,다바7679,127.2396953046058,36.91152656695518,976812.2825119443,1879274.4127054228
commerce__convstore,commerce_convstore_cheonan.csv,지에스25뉴북천안IC점,commerce,convstore,편의점,다바7179,127.18339258568984,36.91146371914177,971796.8487059603,1879282.6057455328
commerce__convstore,commerce_convstore_cheonan.csv,씨유천안불당하이빌점,commerce,convstore,편의점,다바6567,127.11124457330884,36.807457771130494,965322.9736519784,1867768.8458375675
commerce__convstore,commerce_convstore_cheonan.csv,씨유백석아이파크,commerce,convstore,편의점,다바6669,127.12525523746912,36.82701242952415,966581.2339390346,1869933.0650380044
commerce__convstore,commerce_convstore_cheonan.csv,세븐일레븐천안입장점,commerce,convstore,편의점,다바7479,127.2120632162978,36.91317353470282,974351.3858383234,1879464.1868335174
commerce__convstore,commerce_convstore_cheonan.csv,씨유원성타운점,commerce,convstore,편의점,다바6967,127.1614921980522,36.806135028505054,969804.5638177621,1867605.0707186174
commerce__convstore,commerce_convstore_cheonan.csv,이마트24천안더리치빌점,commerce,convstore,편의점,다바6770,127.14088655223352,36.83174524274886,967977.1718984693,1870452.728210573
commerce__convstore,commerce_convstore_cheonan.csv,지에스25천안로얄점,commerce,convstore,편의점,다바6767,127.13234680781656,36.80185415345178,967202.9132022652,1867139.79082584
commerce__convstore,commerce_convstore_cheonan.csv,씨유천안성정세관점,commerce,convstore,편의점,다바6869,127.1441870524189,36.82290790777039,968267.8356428286,1869471.2963487417
commerce__convstore,commerce_convstore_cheonan.csv,씨유프라지움11차점,commerce,convstore,편의점,다바6869,127.1417363584923,36.825877902609854,968050.5114410071,1869801.5758873974
commerce__convstore,commerce_convstore_cheonan.csv,지에스25성환,commerce,convstore,편의점,다바6779,127.13061072369848,36.91265360261547,967095.574061747,1879431.506940983
commerce__convstore,commerce_convstore_cheonan.csv,씨유천안성거모시울점,commerce,convstore,편의점,다바7376,127.198899932945,36.88511901022366,973169.014217372,1876355.6681384447
commerce__convstore,commerce_convstore_cheonan.csv,지에스25백석,commerce,convstore,편의점,다바6669,127.12243093421588,36.826560875748335,966329.1710078814,1869883.965011621
commerce__convstore,commerce_convstore_cheonan.csv,씨유천안역e편한점,commerce,convstore,편의점,다바6967,127.15600043739424,36.80488054992605,969314.1877821726,1867467.6592242399
commerce__convstore,commerce_convstore_cheonan.csv,씨유천안신부경남점,commerce,convstore,편의점,다바6968,127.15720633583166,36.81560813687891,969426.0239185946,1868657.287042913
commerce__convstore,commerce_convstore_cheonan.csv,24시무인편의점,commerce,convstore,편의점,다바6968,127.15803251639844,36.81826844575376,969500.7672343701,1868952.1322666414
commerce__convstore,commerce_convstore_cheonan.csv,세븐일레븐천안성환타운점,commerce,convstore,편의점,다바6679,127.1285704700252,36.91615850936257,966915.3457005111,1879821.0199960398
commerce__convstore,commerce_convstore_cheonan.csv,편의점,commerce,convstore,편의점,다바6967,127.15600043739424,36.80488054992605,969314.1877821726,1867467.6592242399
commerce__convstore,commerce_convstore_cheonan.csv,씨유천안성푸,commerce,convstore,편의점,다바6671,127.1263509126212,36.84117478521224,966685.0860076285,1871503.7241972215
commerce__convstore,commerce_convstore_cheonan.csv,지에스25청수,commerce,convstore,편의점,다바6965,127.15431564707887,36.78975694687482,969157.8358747931,1865790.5393301398
commerce__convstore,commerce_convstore_cheonan.csv,세븐천안두정파크점,commerce,convstore,편의점,다바6770,127.14024524495218,36.83573050171716,967921.6492137065,1870895.0310787894
commerce__convstore,commerce_convstore_cheonan.csv,GS25차암조은점,commerce,convstore,편의점,다바6471,127.1024045220924,36.83980366580788,964549.360378075,1871360.2408754958
commerce__convstore,commerce_convstore_cheonan.csv,씨유천안불당호반오점,commerce,convstore,편의점,다바6468,127.10125917010517,36.81770688351025,964437.0117063466,1868909.4524565947
commerce__convstore,commerce_convstore_cheonan.csv,씨유천안두정,commerce,convstore,편의점,다바6870,127.14697200946271,36.832014123619714,968519.935815133,1870480.5336974687
commerce__convstore,commerce_convstore_cheonan.csv,지에스25두정우리점,commerce,convstore,편의점,다바6770,127.13849972852364,36.83580918613812,967766.0387043686,1870904.3469302808
commerce__convstore,commerce_convstore_cheonan.csv,씨유월봉대우점,commerce,convstore,편의점,다바6566,127.11527423601036,36.79508997260657,965676.9028800902,1866395.4292704128
commerce__convstore,commerce_convstore_cheonan.csv,씨유천안성거,commerce,convstore,편의점,다바7477,127.20952107387528,36.89164336807816,974117.6675175531,1877076.4926600503
commerce__convstore,commerce_convstore_cheonan.csv,지에스25천안불당,commerce,convstore,편의점,다바6567,127.10927887980412,36.80292976049218,965145.5806728584,1867267.2666714615
commerce__convstore,commerce_convstore_cheonan.csv,지에스25천안신부타운점,commerce,convstore,편의점,다바6969,127.15403815748762,36.82153945960669,969145.8321082562,1869316.2689990767
commerce__convstore,commerce_convstore_cheonan.csv,세븐일레븐천안입장공단점,commerce,convstore,편의점,다바7480,127.21625754019088,36.92025110058617,974727.3409510334,1880248.1964027858
commerce__convstore,commerce_convstore_cheonan.csv,이마트24천안성환신가점,commerce,convstore,편의점,다바6583,127.11447671170112,36.95159958417609,965675.8516855321,1883757.5757742722
commerce__convstore,commerce_convstore_cheonan.csv,지에스25성정구름점,commerce,convstore,편의점,다바6869,127.1438383264256,36.82346238478191,968236.9645570191,1869532.9206022057
commerce__convstore,commerce_convstore_cheonan.csv,씨유차암로또명당점,commerce,convstore,편의점,다바6471,127.10402912528374,36.84097503956932,964694.753304381,1871489.581082515
commerce__convstore,commerce_convstore_cheonan.csv,씨유천안한성스위트점,commerce,convstore,편의점,다바6770,127.13478133206806,36.8356045662127,967434.3917498165,1870882.908907979
commerce__convstore,commerce_convstore_cheonan.csv,지에스25성정대로점,commerce,convstore,편의점,다바6769,127.13978791264104,36.82542964986221,967876.5635306734,1869752.503950007
commerce__convstore,commerce_convstore_cheonan.csv,씨유천안충절로점,commerce,convstore,편의점,다바6967,127.1583317452196,36.807975269164665,969523.374768411,1867810.2115304451
commerce__convstore,commerce_convstore_cheonan.csv,세븐일레븐천안성정시티점,commerce,convstore,편의점,다바6769,127.13817220277105,36.826748614814186,967733.0290577695,1869899.3617386138
commerce__convstore,commerce_convstore_cheonan.csv,씨유천안직산공단점,commerce,convstore,편의점,다바6775,127.1317072971658,36.87589937230229,967177.5209627397,1875353.9120148395
commerce__convstore,commerce_convstore_cheonan.csv,지에스25천안,commerce,convstore,편의점,다바6868,127.15011844857688,36.81065501022808,968791.8381855439,1868110.124935128
commerce__convstore,commerce_convstore_cheonan.csv,세븐일레븐천안,commerce,convstore,편의점,다바7162,127.17722879536784,36.76025651859993,971191.1302288871,1862510.9283223008
commerce__convstore,commerce_convstore_cheonan.csv,세븐일레븐천안,commerce,convstore,편의점,다바6868,127.15141274123826,36.81035732898358,968907.1644119883,1868076.6814372684
commerce__convstore,commerce_convstore_cheonan.csv,세븐일레븐천안입장한성점,commerce,convstore,편의점,다바7779,127.24419972693494,36.91471145395077,977214.4806900417,1879626.6330181009
commerce__convstore,commerce_convstore_cheonan.csv,씨유천안용곡우림필유,commerce,convstore,편의점,다바6766,127.14008498550552,36.79211025131964,967889.1452040963,1866056.273431328
commerce__convstore,commerce_convstore_cheonan.csv,세븐일레븐천안성거삼일점,commerce,convstore,편의점,다바7375,127.20089616916938,36.874149686550936,973343.0867089335,1875138.2662026272
commerce__convstore,commerce_convstore_cheonan.csv,지에스25상명대,commerce,convstore,편의점,다바7170,127.17596369795322,36.83295978644264,971105.5343643421,1870576.2796888493
commerce__convstore,commerce_convstore_cheonan.csv,지에스25성거푸른점,commerce,convstore,편의점,다바7172,127.17669654356204,36.85136519692209,971177.7908753875,1872617.7852463298
commerce__convstore,commerce_convstore_cheonan.csv,씨유천안백석대진리관점,commerce,convstore,편의점,다바7171,127.18487300927808,36.84057574801815,971902.7699121202,1871418.4669367224
commerce__convstore,commerce_convstore_cheonan.csv,씨유천안성환율금점,commerce,convstore,편의점,다바6478,127.10450810699322,36.903319921141936,964766.1052986103,1878405.4219706424
commerce__convstore,commerce_convstore_cheonan.csv,GS25천흥공단점,commerce,convstore,편의점,다바7375,127.20642341328104,36.880774385953046,973837.9500461194,1875871.6243264752
commerce__convstore,commerce_convstore_cheonan.csv,씨유천안병천점,commerce,convstore,편의점,다바8162,127.2972891720796,36.76364355668044,981907.9037620509,1862857.2399861321
commerce__convstore,commerce_convstore_cheonan.csv,세븐일레븐천안미죽공단점,commerce,convstore,편의점,다바6860,127.1516354335972,36.738444712240536,968897.990772771,1860099.370082724
commerce__convstore,commerce_convstore_cheonan.csv,지에스25성정,commerce,convstore,편의점,다바6770,127.13513185469192,36.82806706088863,967462.4550533704,1870046.648459941
commerce__convstore,commerce_convstore_cheonan.csv,세븐일레븐천안차돌고개점,commerce,convstore,편의점,다바6766,127.133592321958,36.79905335973567,967312.831481545,1866828.6719426976
commerce__convstore,commerce_convstore_cheonan.csv,지에스25한성에듀시티점,commerce,convstore,편의점,다바6968,127.1536533192199,36.811227872554205,969107.3670592604,1868172.5248867113
commerce__convstore,commerce_convstore_cheonan.csv,세븐천안목천점,commerce,convstore,편의점,다바7463,127.21032722201124,36.77348380093895,974149.7706365538,1863968.7721419497
commerce__convstore,commerce_convstore_cheonan.csv,세븐일레븐천안불당EJ점,commerce,convstore,편의점,다바6467,127.10334595651015,36.80388342859784,964616.7684607276,1867375.2359572998
commerce__convstore,commerce_convstore_cheonan.csv,지에스25신부,commerce,convstore,편의점,다바6968,127.15903189215204,36.817070892466205,969589.4256152341,1868818.968861238
commerce__convstore,commerce_convstore_cheonan.csv,광덕산25,commerce,convstore,편의점,다바5952,127.04376591394316,36.67274088463947,959232.6528462643,1852851.3752172813
commerce__convstore,commerce_convstore_cheonan.csv,이마트24천안모아엘가점,commerce,convstore,편의점,다바6870,127.14198591047824,36.82964992260871,968074.3334808088,1870219.9251098526
commerce__convstore,commerce_convstore_cheonan.csv,이마트24,commerce,convstore,편의점,다바6568,127.10785954165522,36.81244749577586,965023.2969770082,1868323.5909706885
commerce__convstore,commerce_convstore_cheonan.csv,이마트24풍세산단타운점,commerce,convstore,편의점,다바6459,127.1048997724571,36.72872877698896,964720.9650912136,1859037.7842660034
commerce__convstore,commerce_convstore_cheonan.csv,이마트24R천안백석,commerce,convstore,편의점,다바6569,127.11469257686387,36.82654384122223,965639.0697475827,1869884.8291380275
commerce__convstore,commerce_convstore_cheonan.csv,씨유천안유관순체육관점,commerce,convstore,편의점,다바6569,127.11526058161805,36.81874051499613,965686.239654034,1869018.9971139757
commerce__convstore,commerce_convstore_cheonan.csv,지에스25쌍용바른점,commerce,convstore,편의점,,127.1153296620634,36.78828133862945,965678.8107285227,1865640.1271660854
commerce__convstore,commerce_convstore_cheonan.csv,구일,commerce,convstore,편의점,다바7069,127.16510414414658,36.823825502198815,970133.6297189136,1869566.346405246
commerce__convstore,commerce_convstore_cheonan.csv,씨유신부타운점,commerce,convstore,편의점,다바6969,127.15902560394508,36.82105808075398,969590.4422364573,1869261.271346531
commerce__convstore,commerce_convstore_cheonan.csv,지에스25두정타운점,commerce,convstore,편의점,다바6770,127.13564245709942,36.83354250460447,967510.3042608618,1870653.8696904667
commerce__convstore,commerce_convstore_cheonan.csv,씨유천안신부,commerce,convstore,편의점,다바6969,127.15301722216722,36.82034845832805,969054.301447807,1869184.4806459534
commerce__convstore,commerce_convstore_cheonan.csv,지에스25청당,commerce,convstore,편의점,다바6965,127.1569972080335,36.78496478716904,969395.1813682694,1865258.0846924277
commerce__convstore,commerce_convstore_cheonan.csv,세븐일레븐천안수신점,commerce,convstore,편의점,다바8059,127.2794433304768,36.72938200308576,980306.3936981815,1859060.1700536916
commerce__convstore,commerce_convstore_cheonan.csv,이마트24천안성환,commerce,convstore,편의점,다바6578,127.11246601260066,36.904449254578175,965475.5773906615,1878527.7923805888
commerce__convstore,commerce_convstore_cheonan.csv,세븐일레븐안서어울림점,commerce,convstore,편의점,다바7171,127.17726886022956,36.83924924251978,971224.2727518901,1871273.5795566759
commerce__convstore,commerce_convstore_cheonan.csv,이마트24천안신부,commerce,convstore,편의점,다바6968,127.162636112735,36.81763163955221,969911.1026801515,1868880.0324059806
commerce__convstore,commerce_convstore_cheonan.csv,지에스25용곡,commerce,convstore,편의점,다바6765,127.13805569127868,36.78955494476107,967707.0227613585,1865773.4964299253
commerce__convstore,commerce_convstore_cheonan.csv,신방마트천안신방2점,commerce,convstore,편의점,다바6664,127.13008826352925,36.77872527214181,966991.5149432546,1864574.8811939764
commerce__convstore,commerce_convstore_cheonan.csv,지에스25두정,commerce,convstore,편의점,다바6771,127.1318574056498,36.83810454417716,967174.7400742224,1871161.2339277123
commerce__convstore,commerce_convstore_cheonan.csv,응응스크르천안,commerce,convstore,편의점,다바6669,127.12228953939014,36.82688134560278,966316.7021317026,1869919.5647704243
commerce__convstore,commerce_convstore_cheonan.csv,세븐일레븐천안쌍용일성점,commerce,convstore,편의점,다바6767,127.13226003056012,36.80852467590562,967198.0173855675,1867879.7833515313
commerce__convstore,commerce_convstore_cheonan.csv,씨유천안체육,commerce,convstore,편의점,다바6569,127.11526058161805,36.81874051499613,965686.239654034,1869018.9971139757
commerce__convstore,commerce_convstore_cheonan.csv,씨유천안입장,commerce,convstore,편의점,다바7579,127.22201367503692,36.91336890425335,975237.8103919206,1879483.2304651954
commerce__convstore,commerce_convstore_cheonan.csv,씨유천안종합운동장점,commerce,convstore,편의점,다바6569,127.11526058161805,36.81874051499613,965686.239654034,1869018.9971139757
commerce__convstore,commerce_convstore_cheonan.csv,씨유천안성정,commerce,convstore,편의점,다바6769,127.1323918134123,36.82030945335375,967214.7984043075,1869187.0285575886
commerce__convstore,commerce_convstore_cheonan.csv,세븐일레븐천안수신,commerce,convstore,편의점,다바8059,127.28470467326436,36.73303614798397,980777.0929930484,1859464.450067357
commerce__convstore,commerce_convstore_cheonan.csv,지에스25신방한성필점,commerce,convstore,편의점,다바6764,127.13140717002938,36.77688016267085,967108.4175799241,1864369.7495348502
commerce__convstore,commerce_convstore_cheonan.csv,씨유직산공단,commerce,convstore,편의점,다바6674,127.1186631304197,36.8678506038447,966011.4460608623,1874465.6132894545
commerce__convstore,commerce_convstore_cheonan.csv,세븐천안두정아띠점,commerce,convstore,편의점,다바6771,127.13421719006963,36.837253926715405,967384.7887715616,1871066.066224902
commerce__convstore,commerce_convstore_cheonan.csv,지에스25불당,commerce,convstore,편의점,다바6467,127.10198285289805,36.80930541675363,964497.6765119969,1867977.2044144652
commerce__convstore,commerce_convstore_cheonan.csv,세븐일레븐천안부송,commerce,convstore,편의점,다바6775,127.13817507737993,36.87494133442089,967753.5330763713,1875245.431486976
commerce__convstore,commerce_convstore_cheonan.csv,지에스25천안중앙고점,commerce,convstore,편의점,다바6968,127.15864058601429,36.81139052031288,969552.2757069245,1868188.9678122515
commerce__convstore,commerce_convstore_cheonan.csv,세븐일레븐순천향대천안,commerce,convstore,편의점,다바6767,127.13541967490896,36.802821407818406,967477.4432602037,1867246.039218255
commerce__convstore,commerce_convstore_cheonan.csv,씨유천안월봉청솔2단지,commerce,convstore,편의점,다바6566,127.1155378017147,36.79448555347789,965700.1473762279,1866328.2864439578
commerce__convstore,commerce_convstore_cheonan.csv,씨유천안신방통정점,commerce,convstore,편의점,다바6763,127.13168439012604,36.7694186499238,967129.9702677188,1863541.95120432
commerce__convstore,commerce_convstore_cheonan.csv,이마트24SMART천안불당,commerce,convstore,편의점,다바6567,127.11059257607565,36.808481665989845,965265.2776806206,1867882.6635136288
commerce__convstore,commerce_convstore_cheonan.csv,지에스25뉴봉명,commerce,convstore,편의점,다바6768,127.13241463062052,36.81219418144229,967213.3723495835,1868286.7898730203
commerce__convstore,commerce_convstore_cheonan.csv,씨유단국대천안생자관점,commerce,convstore,편의점,다바7070,127.16521391827428,36.83595451915676,970148.1322631803,1870911.791304783
commerce__convstore,commerce_convstore_cheonan.csv,세븐일레븐천안백석,commerce,convstore,편의점,다바7271,127.18691955115835,36.84206645938816,972085.7852077377,1871583.232864166
commerce__convstore,commerce_convstore_cheonan.csv,씨유천안성남,commerce,convstore,편의점,다바7560,127.22163485548162,36.74188503957047,975148.6683371539,1860460.5556626588
commerce__convstore,commerce_convstore_cheonan.csv,지에스25입장,commerce,convstore,편의점,다바7381,127.20295052639266,36.92844016251031,973544.9249889804,1881160.2361015452
commerce__convstore,commerce_convstore_cheonan.csv,미니스톱천안월봉점,commerce,convstore,편의점,다바6567,127.11217846187822,36.8034759307271,965404.4857545537,1867326.800713392
commerce__convstore,commerce_convstore_cheonan.csv,세븐천안성성센터점,commerce,convstore,편의점,다바6771,127.13549387575142,36.83994963108758,967499.766176947,1871364.66808605
commerce__convstore,commerce_convstore_cheonan.csv,세븐일레븐천안백석엔리치점,commerce,convstore,편의점,다바6670,127.12033112223924,36.835546386758,966145.8728537849,1870881.4764805748
commerce__convstore,commerce_convstore_cheonan.csv,지에스25용곡,commerce,convstore,편의점,다바6765,127.13916861408416,36.79109759030701,967806.9644791262,1865944.2469479465
commerce__convstore,commerce_convstore_cheonan.csv,씨유천안불당호반써밋점,commerce,convstore,편의점,다바6468,127.10459425542898,36.81293991078114,964732.2765513945,1868379.4142031511
commerce__convstore,commerce_convstore_cheonan.csv,이마트24천안성환,commerce,convstore,편의점,다바6679,127.12942333055592,36.91637056976334,966991.4049506768,1879844.2488843575
commerce__convstore,commerce_convstore_cheonan.csv,데이앤데이,commerce,convstore,편의점,다바6869,127.14236697582176,36.82585537426517,968106.7399373589,1869798.8662142954
commerce__convstore,commerce_convstore_cheonan.csv,지에스25신방해피점,commerce,convstore,편의점,다바6764,127.13197140185932,36.774435885638205,967157.7246108786,1864098.412820529
commerce__convstore,commerce_convstore_cheonan.csv,씨유천안두정,commerce,convstore,편의점,다바6770,127.13418529987705,36.83167518228759,967379.5764684597,1870447.2225566767
commerce__convstore,commerce_convstore_cheonan.csv,세븐일레븐천안병천점,commerce,convstore,편의점,다바8363,127.31555228113186,36.7650530728596,983538.2031536058,1863010.3001158736
commerce__convstore,commerce_convstore_cheonan.csv,마마트천안,commerce,convstore,편의점,다바7271,127.1892404385264,36.84572418453823,972294.0354680723,1871988.3117204537
commerce__convstore,commerce_convstore_cheonan.csv,씨유천안불당월봉고점,commerce,convstore,편의점,다바6567,127.1110493693976,36.80370771725497,965303.8694959636,1867352.921884868
commerce__convstore,commerce_convstore_cheonan.csv,씨유단국대천안도서관점,commerce,convstore,편의점,다바7070,127.16521391827428,36.83595451915676,970148.1322631803,1870911.791304783
commerce__convstore,commerce_convstore_cheonan.csv,씨유천안병천아우내점,commerce,convstore,편의점,다바8162,127.29699093140528,36.75928800720011,981880.2609658041,1862374.1396993962
commerce__convstore,commerce_convstore_cheonan.csv,세븐천안입장점주,commerce,convstore,편의점,다바7479,127.2120632162978,36.91317353470282,974351.3858383234,1879464.1868335174
commerce__convstore,commerce_convstore_cheonan.csv,이마트24천안우남점,commerce,convstore,편의점,다바6871,127.14586501553812,36.83754706738604,968423.49740374,1871094.6725414086
commerce__convstore,commerce_convstore_cheonan.csv,지에스25풍세원룸점,commerce,convstore,편의점,다바6359,127.09635176353952,36.73266365133998,963959.5372919315,1859477.4576785115
commerce__convstore,commerce_convstore_cheonan.csv,씨유천안쌍용,commerce,convstore,편의점,,127.11497869028186,36.790932777232335,965648.6797590924,1865934.3772900652
commerce__convstore,commerce_convstore_cheonan.csv,세븐일레븐천안청수,commerce,convstore,편의점,다바6865,127.1483068161434,36.786559468387495,968620.4186417786,1865437.7973823736
commerce__convstore,commerce_convstore_cheonan.csv,씨유천안두정,commerce,convstore,편의점,다바6670,127.1293843436726,36.83208287517638,966951.6393527838,1870494.0975704978
commerce__convstore,commerce_convstore_cheonan.csv,씨유천안신흥초점,commerce,convstore,편의점,다바7463,127.2151581819462,36.77310769414733,974580.7595315791,1863925.7568880264
commerce__convstore,commerce_convstore_cheonan.csv,지에스25신부베스트,commerce,convstore,편의점,다바6969,127.15884351543696,36.82180814623089,969574.4996737648,1869344.534397231
commerce__convstore,commerce_convstore_cheonan.csv,씨유천안4공단점,commerce,convstore,편의점,다바6673,127.12444747236566,36.86358737597213,966525.1467858624,1873990.6442727838
commerce__convstore,commerce_convstore_cheonan.csv,지에스25백석대타운점,commerce,convstore,편의점,다바7171,127.18007142425292,36.841158853891606,971474.8681709497,1871484.5739140227
commerce__convstore,commerce_convstore_cheonan.csv,GS25,commerce,convstore,편의점,다바6770,127.13547905354925,36.83219458014654,967495.1632445734,1870504.3989667713
commerce__convstore,commerce_convstore_cheonan.csv,세븐일레븐천안,commerce,convstore,편의점,다바7660,127.23639821801852,36.74228631430568,976466.807811436,1860501.3395166355
commerce__convstore,commerce_convstore_cheonan.csv,씨유천안성정보건소점,commerce,convstore,편의점,다바6769,127.13921164338628,36.81923748475131,967822.579704552,1869065.7974734227
commerce__convstore,commerce_convstore_cheonan.csv,세븐천안성정2점,commerce,convstore,편의점,다바6768,127.14024641276208,36.81188225168712,967911.7974320056,1868249.5305975229
commerce__convstore,commerce_convstore_cheonan.csv,씨유천안스마일시티점,commerce,convstore,편의점,다바6471,127.10163035398055,36.84055847217712,964480.6823025268,1871444.2598013142
commerce__convstore,commerce_convstore_cheonan.csv,지에스25천안그랜드점,commerce,convstore,편의점,다바6870,127.15086530790413,36.83535001998701,968868.4604608292,1870849.3118162379
commerce__convstore,commerce_convstore_cheonan.csv,세븐순천향대천안병원점,commerce,convstore,편의점,다바6767,127.13541967490896,36.802821407818406,967477.4432602037,1867246.039218255
commerce__convstore,commerce_convstore_cheonan.csv,지에스25뉴불당펜타포트점,commerce,convstore,편의점,,127.100681643209,36.79976768245643,964377.1930792261,1866919.663988835
commerce__convstore,commerce_convstore_cheonan.csv,이마트24천안신방통정점,commerce,convstore,편의점,다바6763,127.13553465926532,36.772795137486895,967475.0120414672,1863915.1883252005
commerce__convstore,commerce_convstore_cheonan.csv,미니스톱청당,commerce,convstore,편의점,다바6965,127.1605807673649,36.78372437267408,969714.4415336875,1865119.345532068
commerce__convstore,commerce_convstore_cheonan.csv,옐로우스푼,commerce,convstore,편의점,다바6572,127.10800264328,36.84622114436745,965051.4260939154,1872070.0763013242
commerce__convstore,commerce_convstore_cheonan.csv,이마트24천안야구장점,commerce,convstore,편의점,다바7063,127.16617583428052,36.76937014911506,970208.1231172081,1863525.280795004
commerce__convstore,commerce_convstore_cheonan.csv,지에스25우신교차로점,commerce,convstore,편의점,다바6580,127.11234006879783,36.9252554251716,965473.7370638731,1880835.915790547
commerce__convstore,commerce_convstore_cheonan.csv,세븐일레븐천안불당,commerce,convstore,편의점,다바6567,127.11083062962592,36.80298165665014,965284.0291119099,1867272.459141827
commerce__convstore,commerce_convstore_cheonan.csv,씨유천안신방,commerce,convstore,편의점,다바6763,127.13115025185812,36.76675050577587,967081.1608018854,1863246.1586867422
commerce__convstore,commerce_convstore_cheonan.csv,지에스25직산휴게소점,commerce,convstore,편의점,다바6977,127.15977821249008,36.89580416556257,969687.0972929331,1877552.701711602
commerce__convstore,commerce_convstore_cheonan.csv,365플러스,commerce,convstore,편의점,다바6870,127.14215964465416,36.831925800571256,968090.7713778414,1870472.3318257728
commerce__convstore,commerce_convstore_cheonan.csv,GS25성정주공점,commerce,convstore,편의점,다바6769,127.1350483113705,36.82435001567498,967453.4306877139,1869634.3427053895
commerce__convstore,commerce_convstore_cheonan.csv,지에스25천안우방점,commerce,convstore,편의점,다바6869,127.1523914557403,36.82313440048008,968999.6159290196,1869493.7293281676
commerce__convstore,commerce_convstore_cheonan.csv,지에스25신방프라자,commerce,convstore,편의점,다바6665,127.12608581978084,36.79105472887019,966639.7066954601,1865943.9746591542
commerce__convstore,commerce_convstore_cheonan.csv,지에스25신방,commerce,convstore,편의점,다바6663,127.12954666924443,36.770929082158425,966939.8388281899,1863710.2391249104
commerce__convstore,commerce_convstore_cheonan.csv,이마트24은혜관점,commerce,convstore,편의점,다바7171,127.18166081348512,36.83865875289021,971615.6561105867,1871206.7625752161
commerce__convstore,commerce_convstore_cheonan.csv,데이앤데이천안역점,commerce,convstore,편의점,다바6867,127.15055125688076,36.8087898192759,968829.6871434569,1867903.0776187433
commerce__convstore,commerce_convstore_cheonan.csv,씨유천안제2,commerce,convstore,편의점,다바6673,127.12026285027764,36.85530375445746,966148.4958842037,1873073.2061831993
commerce__convstore,commerce_convstore_cheonan.csv,이마트24천안불당리치점,commerce,convstore,편의점,다바6568,127.10773692161897,36.81418431830341,965013.1503170254,1868516.3024177635
commerce__convstore,commerce_convstore_cheonan.csv,방죽안슈퍼,commerce,convstore,편의점,다바6868,127.1521315731286,36.818278549636624,968974.4789755596,1868955.151786541
commerce__convstore,commerce_convstore_cheonan.csv,GS25한기대실학관점,commerce,convstore,편의점,다바6871,127.14485530915876,36.841822811871786,968335.2292260603,1871569.318640715
commerce__convstore,commerce_convstore_cheonan.csv,세븐일레븐천안백석햇살점,commerce,convstore,편의점,다바6669,127.12361051201545,36.82193494579739,966432.3432379387,1869370.392773618
commerce__convstore,commerce_convstore_cheonan.csv,지에스25천안성정아너스점,commerce,convstore,편의점,다바6868,127.14719560013695,36.8171837196493,968533.8020667578,1868835.3149694859
commerce__convstore,commerce_convstore_cheonan.csv,세븐천안목천대로점,commerce,convstore,편의점,다바7464,127.21204021942653,36.77509476686046,974303.1755803999,1864147.0143611198
commerce__convstore,commerce_convstore_cheonan.csv,세븐일레븐천안문화대자유관점,commerce,convstore,편의점,다바7171,127.18303882913096,36.83856783492639,971738.4921797302,1871196.2685574845
commerce__convstore,commerce_convstore_cheonan.csv,코리아세븐천안성환,commerce,convstore,편의점,다바6779,127.13217163633615,36.91630001230738,967236.177185431,1879835.4742704458
commerce__convstore,commerce_convstore_cheonan.csv,세븐일레븐천안성정SK점,commerce,convstore,편의점,다바6769,127.13467973260944,36.822053755930426,967419.5870897494,1869379.742826774
commerce__convstore,commerce_convstore_cheonan.csv,세븐일레븐천안성거,commerce,convstore,편의점,다바7475,127.21059465047132,36.87293520786223,974207.0344248875,1875000.878785653
commerce__convstore,commerce_convstore_cheonan.csv,지에스25성정봉정점,commerce,convstore,편의점,다바6869,127.14340470963796,36.82003567009121,968196.8758953535,1869152.9375042524
commerce__convstore,commerce_convstore_cheonan.csv,지에스25불당명품,commerce,convstore,편의점,다바6568,127.1098482320312,36.81159800268506,965200.2931548192,1868228.6307031915
commerce__convstore,commerce_convstore_cheonan.csv,CU천안봉명청솔점,commerce,convstore,편의점,다바6767,127.13226290516904,36.80957987850218,967198.7239331988,1867996.836335823
commerce__convstore,commerce_convstore_cheonan.csv,미니스톱두정타운점,commerce,convstore,편의점,다바6770,127.13377467996068,36.83229307681776,967343.2231762164,1870515.9062844682
commerce__convstore,commerce_convstore_cheonan.csv,세븐일레븐천안성정,commerce,convstore,편의점,다바6869,127.14525101704142,36.8239893815864,968363.1678402376,1869590.9121903677
commerce__convstore,commerce_convstore_cheonan.csv,세븐일레븐천안직산군동점,commerce,convstore,편의점,다바7078,127.16376475605794,36.90087267058114,970044.270493656,1878113.701696609
commerce__convstore,commerce_convstore_cheonan.csv,지에스25천안문화중앙,commerce,convstore,편의점,다바6968,127.1577313112837,36.81727492192024,969473.5088549677,1868842.0163960182
commerce__convstore,commerce_convstore_cheonan.csv,씨유천안성거모시울점,commerce,convstore,편의점,다바7376,127.198899932945,36.88511901022366,973169.014217372,1876355.6681384447
commerce__convstore,commerce_convstore_cheonan.csv,씨유공단휴게소점,commerce,convstore,편의점,다바6572,127.11743037235529,36.84850010915805,965892.9723559394,1872319.4772979743
commerce__convstore,commerce_convstore_cheonan.csv,세븐일레븐남서울대성월점,commerce,convstore,편의점,다바6779,127.14024479579456,36.91632369186803,967955.295732687,1879835.3585743571
commerce__convstore,commerce_convstore_cheonan.csv,이마트24천안단대점,commerce,convstore,편의점,다바7070,127.16449391857408,36.83039289338801,970081.7660595069,1870295.0615846214
commerce__convstore,commerce_convstore_cheonan.csv,씨유천안청광점,commerce,convstore,편의점,다바6869,127.1510040976155,36.82220346563991,968875.5112817938,1869390.911044937
commerce__convstore,commerce_convstore_cheonan.csv,씨유천안두정타운점,commerce,convstore,편의점,다바6770,127.1369598364636,36.8304784212073,967626.4840902602,1870313.5216215542
commerce__convstore,commerce_convstore_cheonan.csv,미니스톱삼성,commerce,convstore,편의점,다바6571,127.11591392632418,36.838986483717086,965753.5346013373,1871264.6634383586
commerce__convstore,commerce_convstore_cheonan.csv,세븐일레븐천안위례성점,commerce,convstore,편의점,다바7969,127.27241985242792,36.82710195906622,979705.0422469643,1869901.6481338427
commerce__convstore,commerce_convstore_cheonan.csv,씨유천안승천점,commerce,convstore,편의점,다바7363,127.20669659095891,36.76966989657471,973824.4779454693,1863546.68481943
commerce__convstore,commerce_convstore_cheonan.csv,세븐일레븐천안쌍용베스트점,commerce,convstore,편의점,다바6667,127.12862508759449,36.80588502343129,966872.6462343473,1867588.2189021492
commerce__convstore,commerce_convstore_cheonan.csv,세븐일레븐천안목천마론점,commerce,convstore,편의점,다바7665,127.23733228625092,36.7859696225828,976563.4936616914,1865346.8636092148
commerce__convstore,commerce_convstore_cheonan.csv,씨유천안뉴봉명태평양점,commerce,convstore,편의점,다바6867,127.14181684754176,36.80281961680438,968048.1074011106,1867243.6842712201
commerce__convstore,commerce_convstore_cheonan.csv,세븐일레븐천안두정,commerce,convstore,편의점,다바6670,127.1282230016733,36.83263631504787,966848.3191258991,1870555.893287006
commerce__convstore,commerce_convstore_cheonan.csv,지에스25천안원성천점,commerce,convstore,편의점,다바6967,127.16172468204772,36.808450854189175,969826.2105417942,1867861.8923344833
commerce__convstore,commerce_convstore_cheonan.csv,씨유천안성정리젠다점,commerce,convstore,편의점,다바6770,127.13794645614014,36.82782188034698,967713.3483730418,1870018.4960074362
commerce__convstore,commerce_convstore_cheonan.csv,GS25천안하늘빛점,commerce,convstore,편의점,다바7175,127.182465075159,36.87697170367567,971701.4960468916,1875456.620683904
commerce__convstore,commerce_convstore_cheonan.csv,세븐일레븐천안쌍용,commerce,convstore,편의점,다바6666,127.12895351166232,36.797514125777504,966898.3399833841,1866659.5198105592
commerce__convstore,commerce_convstore_cheonan.csv,지에스25두정,commerce,convstore,편의점,다바6871,127.14395950915744,36.83787959839534,968253.7294365871,1871132.1917999594
commerce__convstore,commerce_convstore_cheonan.csv,지에스25두정프라점,commerce,convstore,편의점,다바6770,127.13883623742905,36.83284239529483,967794.800662518,1870575.1250715773
commerce__convstore,commerce_convstore_cheonan.csv,씨유천안신계리BNC점,commerce,convstore,편의점,다바7363,127.20745917080365,36.772099264941474,973893.3573433154,1863815.964866711
commerce__convstore,commerce_convstore_cheonan.csv,씨유단국대천안인문과학관점,commerce,convstore,편의점,다바7070,127.16521391827428,36.83595451915676,970148.1322631803,1870911.791304783
commerce__convstore,commerce_convstore_cheonan.csv,씨유천안두정한성점,commerce,convstore,편의점,다바6870,127.14580321144656,36.83430873275832,968416.6552104605,1870735.461972839
commerce__convstore,commerce_convstore_cheonan.csv,세븐천안성정한빛점,commerce,convstore,편의점,다바6869,127.14262631944428,36.82124287778013,968127.9551330714,1869287.1128885543
commerce__convstore,commerce_convstore_cheonan.csv,GS25백석생활관,commerce,convstore,편의점,다바7171,127.18487300927808,36.84057574801815,971902.7699121202,1871418.4669367224
commerce__convstore,commerce_convstore_cheonan.csv,토마트24두정점,commerce,convstore,편의점,다바6871,127.14539295085632,36.83756558770167,968381.4131518645,1871096.8831009353
commerce__convstore,commerce_convstore_cheonan.csv,지에스25백석대점,commerce,convstore,편의점,다바7171,127.18118228093329,36.84137871445041,971573.9948587781,1871508.6321787399
commerce__convstore,commerce_convstore_cheonan.csv,GS25성정,commerce,convstore,편의점,다바6769,127.13422572406482,36.82028055916934,967378.3444227335,1869183.1959659504
commerce__convstore,commerce_convstore_cheonan.csv,지에스25직산삼은점,commerce,convstore,편의점,다바6875,127.15118699460734,36.87946818759681,968915.0165578187,1875743.2867593875
commerce__convstore,commerce_convstore_cheonan.csv,지에스25성정아트빌점,commerce,convstore,편의점,다바6770,127.13524387460784,36.83002511189013,967473.2734944397,1870263.8182821786
commerce__convstore,commerce_convstore_cheonan.csv,세븐천안신부중앙점주,commerce,convstore,편의점,다바6968,127.15660769852632,36.81737836394809,969373.3361936528,1868853.8506041255
commerce__convstore,commerce_convstore_cheonan.csv,세븐일레븐천안직산,commerce,convstore,편의점,다바6675,127.12042122326224,36.876659599721656,966172.0300837433,1875442.1845427714
commerce__convstore,commerce_convstore_cheonan.csv,세븐천안두정해성점,commerce,convstore,편의점,다바6770,127.13147346569735,36.83486657826339,967139.1209877653,1870802.1755940206
commerce__convstore,commerce_convstore_cheonan.csv,세븐천안공대점,commerce,convstore,편의점,다바6972,127.1549218302326,36.85024834080053,969236.141026826,1872500.6819011231
commerce__convstore,commerce_convstore_cheonan.csv,지에스25목천동우점,commerce,convstore,편의점,다바7263,127.19306285989188,36.773428193462045,972609.0851746377,1863967.4056694144
commerce__convstore,commerce_convstore_cheonan.csv,지에스25불당호반점,commerce,convstore,편의점,다바6467,127.10490255723448,36.80758847116288,964757.3224957206,1867785.6629220787
commerce__commercial_area,commerce_market_cheonan.csv,성정시장,commerce,commercial_area,market,다바6768,127.1392027,36.81267105,967819.033341544,1868337.3830373106
commerce__commercial_area,commerce_market_cheonan.csv,천안역전시장,commerce,commercial_area,market,다바6868,127.1498779,36.81006288,968770.1415494295,1868044.5182899951
commerce__commercial_area,commerce_market_cheonan.csv,천안중앙시장(구 남산중앙시장),commerce,commercial_area,market,다바6866,127.1484498,36.80032317,968638.7872148182,1866964.5576607138
commerce__commercial_area,commerce_market_cheonan.csv,병천시장,commerce,commercial_area,market,다바8162,127.2981701,36.76242111,981986.2414486588,1862721.4690540582
commerce__commercial_area,commerce_market_cheonan.csv,성환이화시장,commerce,commercial_area,market,다바6780,127.1298906,36.91925493,967034.2680090797,1880164.0561862036
commerce__commercial_area,commerce_market_cheonan.csv,자유시장,commerce,commercial_area,market,다바6868,127.1516268134112,36.81219080573572,968926.9999999994,1868279.999982884
commerce__commercial_area,commerce_market_cheonan.csv,중앙시장,commerce,commercial_area,market,다바8263,127.3019333971244,36.76623645441917,982323.0000000001,1863143.9999822625
commerce__commercial_area,commerce_market_cheonan.csv,천일시장,commerce,commercial_area,market,다바6780,127.13054114448671,36.91876065089396,967091.9999999978,1880108.9999843317
commerce__commercial_area,commerce_shoppingmall_cheonan.csv,성정프라자,commerce,commercial_area,shoppingmall,다바6869,127.14193924918656,36.82201505305404,968067.0000000014,1869372.999983015
commerce__commercial_area,commerce_shoppingmall_cheonan.csv,(주)메가마트 메가도매센터 천안점,commerce,commercial_area,shoppingmall,다바6973,127.152302232904,36.86164273197967,969007.2029160326,1873765.5213783593
commerce__commercial_area,commerce_shoppingmall_cheonan.csv,천안역 지하상가,commerce,commercial_area,shoppingmall,다바6867,127.1485066405112,36.80958060505778,968647.6321647703,1867991.4681065127
commerce__commercial_area,commerce_shoppingmall_cheonan.csv,신세계백화점 천안아산점,commerce,commercial_area,shoppingmall,다바6969,127.1567087179536,36.82028316903868,969383.5030395465,1869176.0495171244
commerce__commercial_area,commerce_shoppingmall_cheonan.csv,우성(아)단지상가,commerce,commercial_area,shoppingmall,,,,,
commerce__commercial_area,commerce_shoppingmall_cheonan.csv,롯데쇼핑(주)롯데마트천안점,commerce,commercial_area,shoppingmall,다바6566,127.11677245354714,36.80019562607559,965812.8352441528,1866961.2637557948
commerce__commercial_area,commerce_shoppingmall_cheonan.csv,각원사 레저센터,commerce,commercial_area,shoppingmall,다바7270,127.190621715597,36.83379484408831,972412.9000737638,1870664.5818595549
commerce__commercial_area,commerce_shoppingmall_cheonan.csv,동우(아)상가,commerce,commercial_area,shoppingmall,다바7263,127.19388031304572,36.77201702983396,972681.5337937336,1863810.6324221794
commerce__commercial_area,commerce_shoppingmall_cheonan.csv,초원그린타운상가,commerce,commercial_area,shoppingmall,,,,,
commerce__commercial_area,commerce_shoppingmall_cheonan.csv,르씨엘 패션 쇼핑블럭,commerce,commercial_area,shoppingmall,다바6867,127.14797850416466,36.80690638641032,968599.4314862998,1867694.9896279671
commerce__commercial_area,commerce_shoppingmall_cheonan.csv,이마트 천안점,commerce,commercial_area,shoppingmall,다바6666,127.12724558648398,36.79606150443772,966745.344649804,1866498.9727624427
commerce__commercial_area,commerce_shoppingmall_cheonan.csv,천안산업기자재유통단지,commerce,commercial_area,shoppingmall,다바6665,127.1214492470738,36.78770815924083,966224.5651585992,1865574.366546637
commerce__commercial_area,commerce_shoppingmall_cheonan.csv,롯데쇼핑(주)롯데마트성정점,commerce,commercial_area,shoppingmall,다바6769,127.13999986754244,36.82624719218333,967895.807125264,1869843.123214239
commerce__commercial_area,commerce_shoppingmall_cheonan.csv,캐럿21,commerce,commercial_area,shoppingmall,다바6968,127.1525900683344,36.81843508816248,969015.43426653,1868972.367983061
commerce__commercial_area,commerce_shoppingmall_cheonan.csv,한화갤러리아(주) 센터시티,commerce,commercial_area,shoppingmall,,127.10468903405744,36.80045874995928,964735.0070308894,1866994.8392660255
commerce__commercial_area,commerce_shoppingmall_cheonan.csv,이마트  천안터미널점,commerce,commercial_area,shoppingmall,다바6969,127.1567087179536,36.82028316903868,969383.5030395465,1869176.0495171244
commerce__commercial_area,commerce_shoppingmall_cheonan.csv,이마트 서북점,commerce,commercial_area,shoppingmall,다바6671,127.12217853862356,36.83853957103652,966311.9157754891,1871212.860221327
commerce__commercial_area,commerce_shoppingmall_cheonan.csv,(주)지에스리테일 천안점,commerce,commercial_area,shoppingmall,다바6967,127.15839398762296,36.805394818544045,969527.9042720963,1867523.941805663
commerce__commercial_area,commerce_shoppingmall_cheonan.csv,롯데쇼핑(주)롯데슈퍼 신부점,commerce,commercial_area,shoppingmall,다바6968,127.15856568811334,36.81526701435724,969547.1306576054,1868619.0123811825
commerce__commercial_area,commerce_shoppingmall_cheonan.csv,펜타포트 복합쇼핑몰,commerce,commercial_area,shoppingmall,,127.10137535072045,36.7982884126686,964438.3944644373,1866755.3100733086
commerce__commercial_area,commerce_shoppingmall_cheonan.csv,코스트코 홀세일 천안점,commerce,commercial_area,shoppingmall,다바6471,127.10526868528648,36.84261125106645,964806.0242847278,1871670.630451157
commerce__commercial_area,commerce_shoppingmall_cheonan.csv,펜타포트 복합쇼핑몰,commerce,commercial_area,shoppingmall,,127.10137535072045,36.7982884126686,964438.3944644373,1866755.3100733086
commerce__commercial_area,commerce_shoppingmall_cheonan.csv,원랜드 패션몰,commerce,commercial_area,shoppingmall,다바6469,127.10588508375945,36.82457149263201,964852.7299111119,1869669.237287523
commerce__commercial_area,commerce_shoppingmall_cheonan.csv,마치에비뉴,commerce,commercial_area,shoppingmall,다바6671,127.11923478132675,36.83789604572428,966049.152978623,1871142.5151730885
commerce__commercial_area,commerce_shoppingmall_cheonan.csv,맘마마트 천안점,commerce,commercial_area,shoppingmall,다바6566,127.11677245354714,36.80019562607559,965812.8352441528,1866961.2637557948
commerce__commercial_area,commerce_shoppingmall_cheonan.csv,대하식자재마트 천안점,commerce,commercial_area,shoppingmall,다바6566,127.11677245354714,36.80019562607559,965812.8352441528,1866961.2637557948
commerce__commercial_area,commerce_shoppingmall_cheonan.csv,GS THR FRESH 천안극동점,commerce,commercial_area,shoppingmall,다바6866,127.14890550166056,36.79239219763249,968676.2105931826,1866084.6253031313
medical__hospital,medical_hospital_cheonan.csv,100혈9침한의원,medical,hospital,한의원,다바6770,127.137373,36.8287319,967662.5923733371,1870119.6389509228
medical__hospital,medical_hospital_cheonan.csv,123한의원,medical,hospital,한의원,다바6866,127.1485189,36.8005598,968645.0479949171,1866990.7843982277
medical__hospital,medical_hospital_cheonan.csv,123한의원,medical,hospital,한의원,다바7579,127.2218806,36.9127194,975225.7463825013,1879411.2142166086
medical__hospital,medical_hospital_cheonan.csv,35스마트플란트치과의원,medical,hospital,치과의원,다바6969,127.1539439,36.8190772,969136.4371471417,1869043.1598251855
medical__hospital,medical_hospital_cheonan.csv,365경희한의원,medical,hospital,한의원,다바6468,127.1065681,36.8165302,964909.9707577726,1868776.960665233
medical__hospital,medical_hospital_cheonan.csv,365아홉가지약속치과의원,medical,hospital,치과의원,다바6968,127.1540122,36.8184252,969142.2668688329,1868970.8111353198
medical__hospital,medical_hospital_cheonan.csv,365엠씨의원,medical,hospital,의원,다바6568,127.1087327,36.8147888,965102.2408825463,1868582.9939774424
medical__hospital,medical_hospital_cheonan.csv,365열린메디컬의원,medical,hospital,의원,다바6770,127.1380234,36.8283783,967720.4437267714,1870080.1940209772
medical__hospital,medical_hospital_cheonan.csv,365웰니스의원,medical,hospital,의원,다바6666,127.1264606,36.7939998,966674.4200460425,1866270.5408956918
medical__hospital,medical_hospital_cheonan.csv,CNP차앤박피부과의원,medical,hospital,의원,다바6568,127.1082039,36.8124074,965053.9936982356,1868319.017218612
medical__hospital,medical_hospital_cheonan.csv,JS메디칼내과외과정형외과의원,medical,hospital,의원,다바6975,127.152227,36.8775039,969006.9047509369,1875525.0471652877
medical__hospital,medical_hospital_cheonan.csv,NY단치과의원,medical,hospital,치과의원,다바6764,127.1337465,36.7751058,967316.4165033185,1864172.118526816
medical__hospital,medical_hospital_cheonan.csv,SG삼성조은병원,medical,hospital,병원,다바6569,127.109134,36.8188843,965139.8909434899,1869037.16368142
medical__hospital,medical_hospital_cheonan.csv,SM스마트치과의원,medical,hospital,치과의원,다바6965,127.15364,36.7833512,969094.9816434847,1865080.1689105842
medical__hospital,medical_hospital_cheonan.csv,S라인V라인의원,medical,hospital,의원,다바6568,127.1081762,36.8129631,965051.7756063621,1868380.671412383
medical__hospital,medical_hospital_cheonan.csv,W여성외과의원,medical,hospital,의원,다바6568,127.1091449,36.8161757,965139.6347474311,1868736.6931642068
medical__hospital,medical_hospital_cheonan.csv,가나다소아청소년과의원,medical,hospital,의원,다바6772,127.1403033,36.8473298,967931.6694431666,1872181.7322492641
medical__hospital,medical_hospital_cheonan.csv,가야요양병원,medical,hospital,요양병원,다바6866,127.1505959,36.7989313,968829.6739045668,1866809.4558664518
medical__hospital,medical_hospital_cheonan.csv,가온치과병원,medical,hospital,치과병원,다바6769,127.1378027,36.8262114,967699.8517172836,1869839.8929540804
medical__hospital,medical_hospital_cheonan.csv,가온한의원,medical,hospital,한의원,다바6965,127.1529449,36.7827604,969032.7213206097,1865014.8563360914
medical__hospital,medical_hospital_cheonan.csv,가지런-e치과교정과치과의원,medical,hospital,치과의원,다바6568,127.1082039,36.8124074,965053.9936982356,1868319.017218612
medical__hospital,medical_hospital_cheonan.csv,가톨릭성모의원,medical,hospital,의원,다바6868,127.1487218,36.8106782,968667.271218761,1868113.1541113914
medical__hospital,medical_hospital_cheonan.csv,가톨릭정형외과의원,medical,hospital,의원,다바6667,127.1188958,36.8014806,966002.8246196371,1867103.049348742
medical__hospital,medical_hospital_cheonan.csv,가톨릭치과의원,medical,hospital,치과의원,다바6467,127.1064318,36.8064529,964893.2130840985,1867659.1310906194
medical__hospital,medical_hospital_cheonan.csv,가톨릭피부과의원,medical,hospital,의원,다바6467,127.1064318,36.8064529,964893.2130840985,1867659.1310906194
medical__hospital,medical_hospital_cheonan.csv,강치과의원,medical,hospital,치과의원,다바6969,127.158409,36.8200291,969535.0428206295,1869147.3223588045
medical__hospital,medical_hospital_cheonan.csv,갤러리아의원,medical,hospital,의원,,127.1036262,36.8001848,964640.0671131554,1866964.8423215167
medical__hospital,medical_hospital_cheonan.csv,갤러리치과의원,medical,hospital,치과의원,다바6969,127.1554666,36.823179,969273.8818555413,1869497.6839575395
medical__hospital,medical_hospital_cheonan.csv,경여당중국한의원,medical,hospital,한의원,다바6967,127.1528467,36.8064795,969033.5076507082,1867646.0476127926
medical__hospital,medical_hospital_cheonan.csv,경희광장한의원,medical,hospital,한의원,다바6867,127.1507181,36.8019028,968841.7791388925,1867139.04485379
medical__hospital,medical_hospital_cheonan.csv,경희나라한의원,medical,hospital,한의원,다바6965,127.1537221,36.7831608,969102.2308539354,1865059.0213673278
medical__hospital,medical_hospital_cheonan.csv,경희상록수한의원,medical,hospital,한의원,다바6666,127.1228744,36.7955605,966355.1559243381,1866444.924834303
medical__hospital,medical_hospital_cheonan.csv,경희약손한의원,medical,hospital,한의원,다바6767,127.1305186,36.8074995,967042.2437797036,1867766.6590198418
medical__hospital,medical_hospital_cheonan.csv,경희한사랑한의원,medical,hospital,한의원,다바6870,127.1457984,36.8343409,968416.2394022692,1870739.0318992042
medical__hospital,medical_hospital_cheonan.csv,경희한의원,medical,hospital,한의원,다바6867,127.1508089,36.8085035,968852.5526323781,1867871.2321987231
medical__hospital,medical_hospital_cheonan.csv,경희허준한의원,medical,hospital,한의원,다바6969,127.1554666,36.823179,969273.8818555413,1869497.6839575395
medical__hospital,medical_hospital_cheonan.csv,경희현한의원,medical,hospital,한의원,다바7763,127.250659,36.7702491,977748.0271622841,1863599.813927894
medical__hospital,medical_hospital_cheonan.csv,고려가정의학과의원,medical,hospital,의원,다바7263,127.1934751,36.7721993,972645.4367804207,1863830.9672862205
medical__hospital,medical_hospital_cheonan.csv,고려치과병원,medical,hospital,치과병원,다바6966,127.1604839,36.7939225,969709.812864928,1866250.6529851088
medical__hospital,medical_hospital_cheonan.csv,고려한의원,medical,hospital,한의원,다바6968,127.155899,36.8185993,969310.6156380291,1868989.5168003535
medical__hospital,medical_hospital_cheonan.csv,고상덕치과교정과치과의원,medical,hospital,치과의원,다바6968,127.1576124,36.8186482,969463.4488303805,1868994.3926663855
medical__hospital,medical_hospital_cheonan.csv,고운미소치과의원,medical,hospital,치과의원,다바6779,127.1300051,36.9174477,967043.6889280763,1879963.5363075212
medical__hospital,medical_hospital_cheonan.csv,고운빛산부인과의원,medical,hospital,의원,다바6669,127.1258241,36.8221911,966629.8703396491,1869398.0331315757
medical__hospital,medical_hospital_cheonan.csv,고운신경과정신건강의학과의원,medical,hospital,의원,다바6868,127.1488388,36.8123202,968678.3761459148,1868295.2633601138
medical__hospital,medical_hospital_cheonan.csv,공감치과의원,medical,hospital,치과의원,다바6975,127.154194,36.8771602,969182.0638419385,1875486.2832753146
medical__hospital,medical_hospital_cheonan.csv,곽병수내과의원,medical,hospital,의원,다바6665,127.1284603,36.7886121,966850.5042845962,1865672.188494292
medical__hospital,medical_hospital_cheonan.csv,곽치과의원,medical,hospital,치과의원,다바6666,127.1245364,36.799774,966505.264723312,1866911.7457170628
medical__hospital,medical_hospital_cheonan.csv,광성연세치과의원,medical,hospital,치과의원,다바6679,127.1290201,36.9161987,966955.4134656056,1879825.3225816772
medical__hospital,medical_hospital_cheonan.csv,광제당한의원,medical,hospital,한의원,다바6866,127.1494291,36.8001264,968726.0692575497,1866942.40929138
medical__hospital,medical_hospital_cheonan.csv,광제산부인과의원,medical,hospital,의원,다바6769,127.1403438,36.8242839,967925.6591246377,1869625.218573264
medical__hospital,medical_hospital_cheonan.csv,굳건한의원,medical,hospital,한의원,다바6667,127.1191325,36.8025838,966024.4273470398,1867225.3434841954
medical__hospital,medical_hospital_cheonan.csv,굿모닝비뇨기과의원,medical,hospital,의원,다바6666,127.1264579,36.7947993,966674.5254830816,1866359.230432147
medical__hospital,medical_hospital_cheonan.csv,굿모닝정신건강의학과의원,medical,hospital,의원,다바6969,127.1530166,36.8191823,969053.7764506232,1869055.1183717973
medical__hospital,medical_hospital_cheonan.csv,굿모닝정형외과의원,medical,hospital,의원,다바6670,127.1283423,36.8337376,966859.4321755808,1870678.018324228
medical__hospital,medical_hospital_cheonan.csv,굿모닝치과의원,medical,hospital,치과의원,다바6870,127.1448557,36.8306527,968330.6592997313,1870330.209168056
medical__hospital,medical_hospital_cheonan.csv,귀엔서울이비인후과의원,medical,hospital,의원,다바6568,127.1085249,36.8102103,965081.6274088289,1868075.174643552
medical__hospital,medical_hospital_cheonan.csv,규림한의원,medical,hospital,한의원,다바6968,127.1561146,36.8186353,969329.858815526,1868993.4411097905
medical__hospital,medical_hospital_cheonan.csv,그린치과의원,medical,hospital,치과의원,다바6667,127.1188958,36.8014806,966002.8246196371,1867103.049348742
medical__hospital,medical_hospital_cheonan.csv,길상한의원,medical,hospital,한의원,다바6666,127.1220087,36.7925153,966276.5883413907,1866107.4253756043
medical__hospital,medical_hospital_cheonan.csv,길치과의원,medical,hospital,치과의원,다바6966,127.1530002,36.7971762,969043.4558670638,1866613.9817128365
medical__hospital,medical_hospital_cheonan.csv,길한의원,medical,hospital,한의원,다바6567,127.1185696,36.8070516,965976.1898939946,1867721.1579854735
medical__hospital,medical_hospital_cheonan.csv,김교수안과의원,medical,hospital,의원,다바6969,127.1593265,36.8191481,969616.5225238916,1869049.3006675348
medical__hospital,medical_hospital_cheonan.csv,김병기정형외과의원,medical,hospital,의원,다바6967,127.1591789,36.8036932,969597.2479369183,1867334.9311929175
medical__hospital,medical_hospital_cheonan.csv,김성태정형외과의원,medical,hospital,의원,다바6868,127.1507837,36.8172128,968853.8332720624,1868837.3659751988
medical__hospital,medical_hospital_cheonan.csv,김앤박치과의원,medical,hospital,치과의원,다바6866,127.1498651,36.8002389,968765.010018957,1866954.746456243
medical__hospital,medical_hospital_cheonan.csv,김앤윤내과의원,medical,hospital,의원,다바6666,127.1288032,36.7966603,966884.5628285432,1866564.8568442243
medical__hospital,medical_hospital_cheonan.csv,김앤장치과의원,medical,hospital,치과의원,다바6566,127.1184571,36.798966,965962.5765928748,1866824.2602624637
medical__hospital,medical_hospital_cheonan.csv,김영만치과의원,medical,hospital,치과의원,다바6767,127.1396004,36.80633,967851.8548853749,1867633.8346157242
medical__hospital,medical_hospital_cheonan.csv,김영순성형외과의원,medical,hospital,의원,다바6666,127.1294833,36.7971767,966945.4584603678,1866621.9059198964
medical__hospital,medical_hospital_cheonan.csv,김용철치과의원,medical,hospital,치과의원,다바6666,127.1294288,36.7930538,966938.8246392426,1866164.5711329042
medical__hospital,medical_hospital_cheonan.csv,김용현내과의원,medical,hospital,의원,다바6779,127.1334622,36.9174697,967351.6314751044,1879964.7879519898
medical__hospital,medical_hospital_cheonan.csv,김원상치과의원,medical,hospital,치과의원,다바6767,127.1324603,36.8077028,967215.5308542807,1867788.543725451
medical__hospital,medical_hospital_cheonan.csv,김유재마취통증의학과의원,medical,hospital,의원,다바6666,127.1294833,36.7971767,966945.4584603678,1866621.9059198964
medical__hospital,medical_hospital_cheonan.csv,김이태안과의원,medical,hospital,의원,다바6666,127.1288032,36.7966603,966884.5628285432,1866564.8568442243
medical__hospital,medical_hospital_cheonan.csv,김인한의원,medical,hospital,한의원,다바6767,127.1317927,36.8073293,967155.821304028,1867747.3403372061
medical__hospital,medical_hospital_cheonan.csv,김재하내과의원,medical,hospital,의원,다바6968,127.156893,36.8186205,969399.276397737,1868991.5499124748
medical__hospital,medical_hospital_cheonan.csv,김정훈내과의원,medical,hospital,의원,다바6666,127.1281705,36.7933555,966826.6927801251,1866198.4743384284
medical__hospital,medical_hospital_cheonan.csv,김종인소아청소년과의원,medical,hospital,의원,다바6666,127.1267499,36.7940774,966700.2638404872,1866279.048323324
medical__hospital,medical_hospital_cheonan.csv,김종훈내과의원,medical,hospital,의원,다바6770,127.1335183,36.8284543,967318.728565359,1870090.1556375844
medical__hospital,medical_hospital_cheonan.csv,김철현내과의원,medical,hospital,의원,다바6968,127.158527,36.81673,969544.2596236845,1868781.314239765
medical__hospital,medical_hospital_cheonan.csv,김한의원,medical,hospital,한의원,다바6670,127.1241786,36.8310969,966487.003331933,1870386.5352797308
medical__hospital,medical_hospital_cheonan.csv,김현응내과의원,medical,hospital,의원,다바6969,127.1543462,36.8228425,969173.8272223005,1869460.7165426617
medical__hospital,medical_hospital_cheonan.csv,김혜은여성외과의원,medical,hospital,의원,다바6770,127.1393316,36.8334113,967839.2107759357,1870638.0672918926
medical__hospital,medical_hospital_cheonan.csv,꿈꾸는김선생의원,medical,hospital,의원,다바6964,127.1528517,36.7813351,969023.8315692976,1864856.7783240941
medical__hospital,medical_hospital_cheonan.csv,나라부부한의원,medical,hospital,한의원,다바6975,127.1530034,36.878243,969076.3947756256,1875606.7849112193
medical__hospital,medical_hospital_cheonan.csv,나래한의원,medical,hospital,한의원,다바6968,127.157945,36.8180553,969492.8772443457,1868928.515842773
medical__hospital,medical_hospital_cheonan.csv,나은필병원,medical,hospital,병원,다바6969,127.1593265,36.8191481,969616.5225238916,1869049.3006675348
medical__hospital,medical_hospital_cheonan.csv,나음누리한의원,medical,hospital,한의원,다바6566,127.1184571,36.798966,965962.5765928748,1866824.2602624637
medical__hospital,medical_hospital_cheonan.csv,날개바로정형외과의원,medical,hospital,의원,다바6965,127.1528761,36.7832667,969026.7861127442,1865071.042348138
medical__hospital,medical_hospital_cheonan.csv,남산중국한의원,medical,hospital,한의원,다바6966,127.1582901,36.7988689,969516.0508032688,1866800.0540477333
medical__hospital,medical_hospital_cheonan.csv,남서울치과의원,medical,hospital,치과의원,다바6875,127.1501092,36.8772099,968818.0488791361,1875493.1228695097
medical__hospital,medical_hospital_cheonan.csv,남스부부치과의원,medical,hospital,치과의원,다바6969,127.15299,36.8191757,969051.4014249452,1869054.394841359
medical__hospital,medical_hospital_cheonan.csv,남안과의원,medical,hospital,의원,다바6666,127.1282685,36.7962293,966836.6748518345,1866517.2312137552
medical__hospital,medical_hospital_cheonan.csv,남인성이비인후과의원,medical,hospital,의원,다바6767,127.1324603,36.8077028,967215.5308542807,1867788.543725451
medical__hospital,medical_hospital_cheonan.csv,남향한의원,medical,hospital,한의원,다바6966,127.1590874,36.7940292,969585.2648179396,1866262.9323111125
medical__hospital,medical_hospital_cheonan.csv,내외치과의원,medical,hospital,치과의원,다바6968,127.156893,36.8186205,969399.276397737,1868991.5499124748
medical__hospital,medical_hospital_cheonan.csv,내이로치과의원,medical,hospital,치과의원,다바6566,127.1178982,36.7982183,965912.3856038195,1866741.5167971957
medical__hospital,medical_hospital_cheonan.csv,누리정형외과의원,medical,hospital,의원,다바6866,127.1519969,36.7986021,968954.5246351731,1866772.4820442155
medical__hospital,medical_hospital_cheonan.csv,뉴욕치과의원,medical,hospital,치과의원,다바6968,127.1576124,36.8186482,969463.4488303805,1868994.3926663855
medical__hospital,medical_hospital_cheonan.csv,뉴욕치과의원,medical,hospital,치과의원,다바7162,127.1792385,36.7606615,971370.6570109172,1862555.2497354532
medical__hospital,medical_hospital_cheonan.csv,뉴이진소아청소년과의원,medical,hospital,의원,다바6666,127.1256392,36.7944236,966601.3219504051,1866317.8395310384
medical__hospital,medical_hospital_cheonan.csv,늘봄안과의원,medical,hospital,의원,다바6965,127.1537221,36.7831608,969102.2308539354,1865059.0213673278
medical__hospital,medical_hospital_cheonan.csv,늘봄치과의원,medical,hospital,치과의원,다바6770,127.133527,36.8288752,967319.683412486,1870136.8433899512
medical__hospital,medical_hospital_cheonan.csv,늘푸른경희한의원,medical,hospital,한의원,다바6566,127.1178982,36.7982183,965912.3856038195,1866741.5167971957
medical__hospital,medical_hospital_cheonan.csv,늘푸른한의원,medical,hospital,한의원,다바6770,127.133527,36.8288752,967319.683412486,1870136.8433899512
medical__hospital,medical_hospital_cheonan.csv,닉스의원,medical,hospital,의원,다바6568,127.1082812,36.8132654,965061.2783693649,1868414.1673276564
medical__hospital,medical_hospital_cheonan.csv,다나메디피아의원,medical,hospital,의원,다바6670,127.1276165,36.8302838,966793.219858203,1870295.1375483065
medical__hospital,medical_hospital_cheonan.csv,다나소아청소년과의원,medical,hospital,의원,다바6670,127.1276165,36.8302838,966793.219858203,1870295.1375483065
medical__hospital,medical_hospital_cheonan.csv,다나여성의원,medical,hospital,의원,다바6670,127.1276165,36.8302838,966793.219858203,1870295.1375483065
medical__hospital,medical_hospital_cheonan.csv,다나웰치과의원,medical,hospital,치과의원,다바6670,127.1276165,36.8302838,966793.219858203,1870295.1375483065
medical__hospital,medical_hospital_cheonan.csv,다나의원,medical,hospital,의원,다바6669,127.1220444,36.8238851,966293.5269294777,1869587.2756528205
medical__hospital,medical_hospital_cheonan.csv,다나힐요양병원,medical,hospital,요양병원,다바6576,127.1072265,36.8861589,965000.4499048747,1876500.7149621665
medical__hospital,medical_hospital_cheonan.csv,다사랑의원,medical,hospital,의원,다바6866,127.1497551,36.8004868,968755.2977548679,1866982.2819574887
medical__hospital,medical_hospital_cheonan.csv,다온한의원,medical,hospital,한의원,다바6966,127.1550712,36.7978861,969228.4985186598,1866692.06270235
medical__hospital,medical_hospital_cheonan.csv,다이트한의원,medical,hospital,한의원,다바6568,127.1097404,36.8180572,965193.5995675005,1868945.19205516
medical__hospital,medical_hospital_cheonan.csv,다인치과의원,medical,hospital,치과의원,다바6567,127.1157952,36.805335,965727.9457523248,1867531.7256448052
medical__hospital,medical_hospital_cheonan.csv,다정부부한의원,medical,hospital,한의원,다바6770,127.1331168,36.8336065,967285.118258061,1870661.830321037
medical__hospital,medical_hospital_cheonan.csv,닥터스마일치과의원,medical,hospital,치과의원,다바6969,127.1584345,36.8196376,969537.1618965606,1869103.8849660554
medical__hospital,medical_hospital_cheonan.csv,닥터에버스의원,medical,hospital,의원,다바6568,127.1085045,36.8140496,965081.5515193954,1868501.0774551812
medical__hospital,medical_hospital_cheonan.csv,닥터정내과의원,medical,hospital,의원,다바6667,127.1188958,36.8014806,966002.8246196371,1867103.049348742
medical__hospital,medical_hospital_cheonan.csv,닥터진가정의학과의원,medical,hospital,의원,다바6568,127.1087183,36.8153477,965101.2102381703,1868644.9983044022
medical__hospital,medical_hospital_cheonan.csv,닥터차한의원,medical,hospital,한의원,다바6667,127.1190893,36.8023638,966020.4764462085,1867200.9541757593
medical__hospital,medical_hospital_cheonan.csv,단국대학교의과대학부속병원,medical,hospital,상급종합,다바7071,127.172575,36.8415904,970806.641948897,1871534.7097085444
medical__hospital,medical_hospital_cheonan.csv,단국대학교치과대학치과병원,medical,hospital,치과병원,다바7071,127.1685007,36.8373833,970441.7554255985,1871069.265356026
medical__hospital,medical_hospital_cheonan.csv,달천한의원,medical,hospital,한의원,다바6666,127.1287473,36.7958276,966879.2173170217,1866472.5047020894
medical__hospital,medical_hospital_cheonan.csv,대나무한의원,medical,hospital,한의원,다바6568,127.1098221,36.8099358,965197.2099147085,1868044.2513354304
medical__hospital,medical_hospital_cheonan.csv,대전대학교천안한방병원,medical,hospital,한방병원,다바6669,127.1275526,36.8252446,966785.3434962685,1869736.1578007163
medical__hospital,medical_hospital_cheonan.csv,더건강한치과의원,medical,hospital,치과의원,다바6568,127.1082039,36.8124074,965053.9936982356,1868319.017218612
medical__hospital,medical_hospital_cheonan.csv,더노블성형외과의원,medical,hospital,의원,다바6769,127.1385086,36.8264204,967762.8906117886,1869862.8391583292
medical__hospital,medical_hospital_cheonan.csv,더노블천안한방병원,medical,hospital,한방병원,다바6769,127.1385086,36.8264204,967762.8906117886,1869862.8391583292
medical__hospital,medical_hospital_cheonan.csv,더맑은의원,medical,hospital,의원,다바6569,127.1161144,36.8254588,965765.3821930418,1869763.954592753
medical__hospital,medical_hospital_cheonan.csv,더바른정형외과의원,medical,hospital,의원,다바6669,127.1188787,36.8236078,966011.0826954977,1869557.6354903409
medical__hospital,medical_hospital_cheonan.csv,더보스톤치과병원,medical,hospital,치과병원,다바6568,127.1078689,36.8124803,965024.1466153045,1868327.2265358723
medical__hospital,medical_hospital_cheonan.csv,더본정형외과의원,medical,hospital,의원,다바6468,127.1073927,36.8130782,964981.9444372755,1868393.726167114
medical__hospital,medical_hospital_cheonan.csv,더블유치과의원,medical,hospital,치과의원,다바6869,127.1413382,36.8261598,968015.1213819027,1869832.980090815
medical__hospital,medical_hospital_cheonan.csv,더섬세한치과의원,medical,hospital,치과의원,다바6669,127.1238968,36.8265044,966459.8697737736,1869877.1847679566
medical__hospital,medical_hospital_cheonan.csv,더예그린한의원,medical,hospital,한의원,다바6568,127.1081762,36.8129631,965051.7756063621,1868380.671412383
medical__hospital,medical_hospital_cheonan.csv,더조은치과의원,medical,hospital,치과의원,다바6569,127.109134,36.8188843,965139.8909434899,1869037.16368142
medical__hospital,medical_hospital_cheonan.csv,더편한내과의원,medical,hospital,의원,다바6764,127.1338518,36.7736712,967325.2044193113,1864012.9428558222
medical__hospital,medical_hospital_cheonan.csv,데이봄의원,medical,hospital,의원,다바6568,127.1083873,36.8136358,965070.9101124516,1868455.217219897
medical__hospital,medical_hospital_cheonan.csv,도본한의원,medical,hospital,한의원,다바6667,127.1195688,36.8029988,966063.531098456,1867271.224638314
medical__hospital,medical_hospital_cheonan.csv,도솔치과의원,medical,hospital,치과의원,다바6968,127.1579369,36.8184634,969492.3167910817,1868973.7891285762
medical__hospital,medical_hospital_cheonan.csv,도원한의원,medical,hospital,한의원,다바6666,127.1264579,36.7947993,966674.5254830816,1866359.230432147
medical__hospital,medical_hospital_cheonan.csv,도화범신경과의원,medical,hospital,의원,다바6968,127.1527477,36.8184577,969029.5021741381,1868974.8252493492
medical__hospital,medical_hospital_cheonan.csv,돋움병원,medical,hospital,병원,다바6769,127.1351972,36.8240498,967466.5816080977,1869600.9889184677
medical__hospital,medical_hospital_cheonan.csv,동고치과의원,medical,hospital,치과의원,다바6566,127.1179193,36.7989793,965914.6051721018,1866825.9271489286
medical__hospital,medical_hospital_cheonan.csv,동광한의원,medical,hospital,한의원,다바8262,127.2995726,36.7618113,982111.2761541323,1862653.5604545397
medical__hospital,medical_hospital_cheonan.csv,동명당한의원,medical,hospital,한의원,다바6665,127.1284341,36.788133,966847.9602550913,1865619.0510303422
medical__hospital,medical_hospital_cheonan.csv,동안미소의원,medical,hospital,의원,다바6771,127.1312324,36.8402188,967119.9166028458,1871395.9850830622
medical__hospital,medical_hospital_cheonan.csv,동의보감한의원,medical,hospital,한의원,다바6779,127.1321467,36.9170738,967234.2870315508,1879921.3209105164
medical__hospital,medical_hospital_cheonan.csv,두리이비인후과의원,medical,hospital,의원,다바6667,127.1192222,36.8013837,966031.8991233651,1867092.1842375642
medical__hospital,medical_hospital_cheonan.csv,두신경과의원,medical,hospital,의원,다바6666,127.1264579,36.7947993,966674.5254830816,1866359.230432147
medical__hospital,medical_hospital_cheonan.csv,두정바른정형외과의원,medical,hospital,의원,다바6870,127.1458041,36.8335447,968416.4203349233,1870650.7069564906
medical__hospital,medical_hospital_cheonan.csv,두정서울비디치과의원,medical,hospital,치과의원,다바6770,127.1356358,36.834043,967509.9223152328,1870709.3922967063
medical__hospital,medical_hospital_cheonan.csv,두정의원,medical,hospital,의원,다바6770,127.1331366,36.8323889,967286.3653572581,1870526.7542367605
medical__hospital,medical_hospital_cheonan.csv,두정이진병원,medical,hospital,병원,다바6769,127.1305984,36.8261086,967057.3377407762,1869830.9478867485
medical__hospital,medical_hospital_cheonan.csv,두정자연치과의원,medical,hospital,치과의원,다바6770,127.133364,36.8356693,967308.0389589288,1870890.5737873116
medical__hospital,medical_hospital_cheonan.csv,두정한의원,medical,hospital,한의원,다바6770,127.1335183,36.8284543,967318.728565359,1870090.1556375844
medical__hospital,medical_hospital_cheonan.csv,드림신경외과의원,medical,hospital,의원,다바6471,127.1031772,36.840979,964618.796086073,1871490.335520363
medical__hospital,medical_hospital_cheonan.csv,드림아이소아청소년과의원,medical,hospital,의원,다바6665,127.1284801,36.7887287,966852.3211137956,1865685.116067564
medical__hospital,medical_hospital_cheonan.csv,드림안과의원,medical,hospital,의원,다바6769,127.1378027,36.8262114,967699.8517172836,1869839.8929540804
medical__hospital,medical_hospital_cheonan.csv,드림한의원,medical,hospital,한의원,다바6566,127.1158661,36.7946241,965729.4983985672,1866343.5377604302
medical__hospital,medical_hospital_cheonan.csv,디즈니치과의원,medical,hospital,치과의원,다바6965,127.152764,36.783587,969016.9125454865,1865106.6094495917
medical__hospital,medical_hospital_cheonan.csv,딩동댕꾸러기치과의원,medical,hospital,치과의원,다바6671,127.1291706,36.8397176,966935.8657564449,1871341.0979319094
medical__hospital,medical_hospital_cheonan.csv,라인앤한의원,medical,hospital,한의원,다바6569,127.1096819,36.8204224,965189.4532335402,1869207.5864096868
medical__hospital,medical_hospital_cheonan.csv,라파엘의원,medical,hospital,의원,다바6568,127.1087183,36.8153477,965101.2102381703,1868644.9983044022
medical__hospital,medical_hospital_cheonan.csv,라팡산부인과의원,medical,hospital,의원,다바6568,127.1085045,36.8140496,965081.5515193954,1868501.0774551812
medical__hospital,medical_hospital_cheonan.csv,로고스요양병원,medical,hospital,요양병원,다바6966,127.157656,36.7945596,969457.7716845836,1866322.2256267157
medical__hospital,medical_hospital_cheonan.csv,로담한의원,medical,hospital,한의원,다바6968,127.1566244,36.8186141,969375.3181071313,1868990.9259628826
medical__hospital,medical_hospital_cheonan.csv,로덴메트로치과의원,medical,hospital,치과의원,다바6770,127.1370774,36.8335588,967638.2652091949,1870655.1905039523
medical__hospital,medical_hospital_cheonan.csv,류마앤장내과의원,medical,hospital,의원,다바6769,127.1376243,36.8254137,967683.6067855579,1869751.4638949924
medical__hospital,medical_hospital_cheonan.csv,리:튼정형외과의원,medical,hospital,의원,다바6669,127.1220444,36.8238851,966293.5269294777,1869587.2756528205
medical__hospital,medical_hospital_cheonan.csv,리건치과의원,medical,hospital,치과의원,다바6568,127.1081762,36.8129631,965051.7756063621,1868380.671412383
medical__hospital,medical_hospital_cheonan.csv,리더스신경외과의원,medical,hospital,의원,다바6468,127.106924,36.8119743,964939.6358149728,1868271.4417588098
medical__hospital,medical_hospital_cheonan.csv,리더스정치과의원,medical,hospital,치과의원,다바6769,127.1370408,36.8261479,967631.8797469262,1869833.106582112
medical__hospital,medical_hospital_cheonan.csv,리샘한의원,medical,hospital,한의원,다바6568,127.1081762,36.8129631,965051.7756063621,1868380.671412383
medical__hospital,medical_hospital_cheonan.csv,리아뜨의원,medical,hospital,의원,다바6969,127.1587644,36.8187122,969566.218035369,1869001.1248816648
medical__hospital,medical_hospital_cheonan.csv,리즈앤마리안들꽃한의원,medical,hospital,한의원,다바6770,127.1393316,36.8334113,967839.2107759357,1870638.0672918926
medical__hospital,medical_hospital_cheonan.csv,리즈앤마리안산부인과의원,medical,hospital,의원,다바6770,127.139564,36.8333992,967859.9288917519,1870636.6468507792
medical__hospital,medical_hospital_cheonan.csv,마디손병원,medical,hospital,병원,다바6467,127.1064318,36.8064529,964893.2130840985,1867659.1310906194
medical__hospital,medical_hospital_cheonan.csv,마디튼튼의원,medical,hospital,의원,다바6666,127.1269714,36.7943292,966720.1341003347,1866306.9034327636
medical__hospital,medical_hospital_cheonan.csv,마음나래의원,medical,hospital,의원,다바6568,127.1082812,36.8132654,965061.2783693649,1868414.1673276564
medical__hospital,medical_hospital_cheonan.csv,마음숲길정신건강의학과의원,medical,hospital,의원,다바6568,127.1081762,36.8129631,965051.7756063621,1868380.671412383
medical__hospital,medical_hospital_cheonan.csv,마음애병원,medical,hospital,정신병원,다바6568,127.110175,36.8098753,965228.6603982933,1868037.411663997
medical__hospital,medical_hospital_cheonan.csv,마인드림정신건강의학과의원,medical,hospital,의원,다바6769,127.1378027,36.8262114,967699.8517172836,1869839.8929540804
medical__hospital,medical_hospital_cheonan.csv,맑은마음정신건강의학과의원,medical,hospital,의원,다바6666,127.1294833,36.7971767,966945.4584603678,1866621.9059198964
medical__hospital,medical_hospital_cheonan.csv,맑은이비인후과의원,medical,hospital,의원,다바6568,127.1087327,36.8147888,965102.2408825463,1868582.9939774424
medical__hospital,medical_hospital_cheonan.csv,맘애든어린이치과의원,medical,hospital,치과의원,다바6568,127.1086065,36.8169717,965091.9761118923,1868825.1903256178
medical__hospital,medical_hospital_cheonan.csv,맨돌핀비뇨의학과의원,medical,hospital,의원,다바6969,127.1593265,36.8191481,969616.5225238916,1869049.3006675348
medical__hospital,medical_hospital_cheonan.csv,메디그린한방병원,medical,hospital,한방병원,다바6569,127.1100889,36.8191323,965225.168044319,1869064.3267108554
medical__hospital,medical_hospital_cheonan.csv,메디움천안요양병원,medical,hospital,요양병원,다바7168,127.1783182,36.8109893,971307.2860494712,1868138.375240918
medical__hospital,medical_hospital_cheonan.csv,메디캐슬의원,medical,hospital,의원,다바6666,127.1214264,36.7928023,966224.762807017,1866139.4677345331
medical__hospital,medical_hospital_cheonan.csv,메이릴리의원,medical,hospital,의원,다바6671,127.1291706,36.8397176,966935.8657564449,1871341.0979319094
medical__hospital,medical_hospital_cheonan.csv,메이퓨어의원,medical,hospital,의원,다바6568,127.1081762,36.8129631,965051.7756063621,1868380.671412383
medical__hospital,medical_hospital_cheonan.csv,명성한의원,medical,hospital,한의원,다바6968,127.152503,36.8123502,969005.2156254527,1868297.3972685859
medical__hospital,medical_hospital_cheonan.csv,명안과의원,medical,hospital,의원,다바6667,127.1188958,36.8014806,966002.8246196371,1867103.049348742
medical__hospital,medical_hospital_cheonan.csv,명이비인후과의원,medical,hospital,의원,다바6965,127.1528761,36.7832667,969026.7861127442,1865071.042348138
medical__hospital,medical_hospital_cheonan.csv,명인치과의원,medical,hospital,치과의원,다바6867,127.1490377,36.8006634,968691.3714787958,1867002.1068085898
medical__hospital,medical_hospital_cheonan.csv,모아여성의원,medical,hospital,의원,다바6966,127.1590874,36.7940292,969585.2648179396,1866262.9323111125
medical__hospital,medical_hospital_cheonan.csv,목천자연치과의원,medical,hospital,치과의원,다바7162,127.1792385,36.7606615,971370.6570109172,1862555.2497354532
medical__hospital,medical_hospital_cheonan.csv,목천포유치과의원,medical,hospital,치과의원,다바7464,127.2095183,36.773802,974077.6898652894,1864004.2885737312
medical__hospital,medical_hospital_cheonan.csv,몸사랑마음사랑한의원,medical,hospital,한의원,다바6868,127.1414972,36.8140862,968024.2783988637,1868493.596389522
medical__hospital,medical_hospital_cheonan.csv,몽벨리아성형외과의원,medical,hospital,의원,다바6770,127.1376084,36.8335529,967685.6120694611,1870654.356341803
medical__hospital,medical_hospital_cheonan.csv,문병탁의원,medical,hospital,의원,다바6967,127.1527373,36.8045075,969022.9546819683,1867427.3287053043
medical__hospital,medical_hospital_cheonan.csv,문치과병원,medical,hospital,치과병원,다바6968,127.1578454,36.8186549,969484.232150813,1868995.061504989
medical__hospital,medical_hospital_cheonan.csv,물방울치과의원,medical,hospital,치과의원,다바6666,127.1285368,36.7964805,966860.7190383249,1866545.003871128
medical__hospital,medical_hospital_cheonan.csv,미라클의원,medical,hospital,의원,다바6769,127.1376959,36.8256132,967690.0759230378,1869773.5703492628
medical__hospital,medical_hospital_cheonan.csv,미래아이소아청소년과의원,medical,hospital,의원,다바6968,127.1576124,36.8186482,969463.4488303805,1868994.3926663855
medical__hospital,medical_hospital_cheonan.csv,미래연합치과의원,medical,hospital,치과의원,다바6665,127.1251418,36.7891762,966554.6652312701,1865735.919057316
medical__hospital,medical_hospital_cheonan.csv,미래의원,medical,hospital,의원,다바6669,127.1246053,36.8225714,966521.339317414,1869440.6461790325
medical__hospital,medical_hospital_cheonan.csv,미래정형외과의원,medical,hospital,의원,다바6769,127.1364962,36.8235807,967582.2300792701,1869548.510076043
medical__hospital,medical_hospital_cheonan.csv,미래한의원,medical,hospital,한의원,다바6771,127.1312324,36.8402188,967119.9166028458,1871395.9850830622
medical__hospital,medical_hospital_cheonan.csv,미리본치과의원,medical,hospital,치과의원,다바6869,127.1415119,36.8265708,968030.7827107123,1869878.514467351
medical__hospital,medical_hospital_cheonan.csv,미소래이비인후과의원,medical,hospital,의원,다바6965,127.1537221,36.7831608,969102.2308539354,1865059.0213673278
medical__hospital,medical_hospital_cheonan.csv,미소로한의원,medical,hospital,한의원,다바6666,127.1288032,36.7966603,966884.5628285432,1866564.8568442243
medical__hospital,medical_hospital_cheonan.csv,미소앤치과의원,medical,hospital,치과의원,다바6969,127.156528,36.8207735,969367.5810388924,1869230.5000458336
medical__hospital,medical_hospital_cheonan.csv,미소에반하다치과교정과치과의원,medical,hospital,치과의원,다바6568,127.1082812,36.8132654,965061.2783693649,1868414.1673276564
medical__hospital,medical_hospital_cheonan.csv,미소인류시나산부인과의원,medical,hospital,의원,다바6667,127.1188958,36.8014806,966002.8246196371,1867103.049348742
medical__hospital,medical_hospital_cheonan.csv,미소준치과의원,medical,hospital,치과의원,다바6667,127.1191325,36.8025838,966024.4273470398,1867225.3434841954
medical__hospital,medical_hospital_cheonan.csv,미소진산부인과의원,medical,hospital,의원,다바6769,127.1370408,36.8261479,967631.8797469262,1869833.106582112
medical__hospital,medical_hospital_cheonan.csv,미앤유의원,medical,hospital,의원,다바6669,127.1188787,36.8236078,966011.0826954977,1869557.6354903409
medical__hospital,medical_hospital_cheonan.csv,미유의원,medical,hospital,의원,다바6666,127.1269714,36.7943292,966720.1341003347,1866306.9034327636
medical__hospital,medical_hospital_cheonan.csv,미즈산부인과의원,medical,hospital,의원,다바6768,127.1402383,36.8138279,967911.885869828,1868465.3648093627
medical__hospital,medical_hospital_cheonan.csv,미플란트치과의원,medical,hospital,치과의원,다바6669,127.1296515,36.8273293,966973.4189816299,1869966.6876989843
medical__hospital,medical_hospital_cheonan.csv,민상혁기둥정형외과의원,medical,hospital,의원,다바6969,127.1616329,36.8204935,969822.7511756518,1869197.8159649253
medical__hospital,medical_hospital_cheonan.csv,바로나마취통증의학과의원,medical,hospital,의원,다바6769,127.1378027,36.8262114,967699.8517172836,1869839.8929540804
medical__hospital,medical_hospital_cheonan.csv,바른뿌리치과의원,medical,hospital,치과의원,다바6569,127.109416,36.8196153,965165.3730357308,1869118.1511629897
medical__hospital,medical_hospital_cheonan.csv,바른이치과교정과치과의원,medical,hospital,치과의원,다바6568,127.1090273,36.8117304,965127.1295981052,1868243.6166781567
medical__hospital,medical_hospital_cheonan.csv,바른탑치과의원,medical,hospital,치과의원,다바6870,127.145739,36.8329799,968410.3831213777,1870588.0747943087
medical__hospital,medical_hospital_cheonan.csv,바른한방병원,medical,hospital,한방병원,다바6666,127.1226094,36.7932605,966330.5075853068,1866189.878866577
medical__hospital,medical_hospital_cheonan.csv,바를추한방병원,medical,hospital,한방병원,다바6569,127.1096819,36.8204224,965189.4532335402,1869207.5864096868
medical__hospital,medical_hospital_cheonan.csv,바비한의원,medical,hospital,한의원,다바6670,127.1239038,36.8307596,966462.3513490313,1870349.214722786
medical__hospital,medical_hospital_cheonan.csv,박병일성형외과의원,medical,hospital,의원,다바6968,127.1578454,36.8186549,969484.232150813,1868995.061504989
medical__hospital,medical_hospital_cheonan.csv,박성빈치과의원,medical,hospital,치과의원,다바6870,127.1441236,36.8330935,968266.3835564688,1870601.2116761457
medical__hospital,medical_hospital_cheonan.csv,박치과의원,medical,hospital,치과의원,다바6779,127.1298095,36.917037,967026.0894947079,1879918.0439891382
medical__hospital,medical_hospital_cheonan.csv,박태욱미소내과의원,medical,hospital,의원,다바6666,127.1269714,36.7943292,966720.1341003347,1866306.9034327636
medical__hospital,medical_hospital_cheonan.csv,반윤성정형외과의원,medical,hospital,의원,다바6968,127.1586686,36.8169706,969556.9841560386,1868807.9589938233
medical__hospital,medical_hospital_cheonan.csv,발머스한의원,medical,hospital,한의원,다바6968,127.1573761,36.8186128,969442.359778314,1868990.5412300916
medical__hospital,medical_hospital_cheonan.csv,밝은안과의원,medical,hospital,의원,다바6969,127.156528,36.8207735,969367.5810388924,1869230.5000458336
medical__hospital,medical_hospital_cheonan.csv,밝은의원,medical,hospital,의원,다바6779,127.1317159,36.9167494,967195.7753917454,1879885.4825279044
medical__hospital,medical_hospital_cheonan.csv,방비뇨기과의원,medical,hospital,의원,다바6868,127.1491734,36.8122796,968708.2041849805,1868290.6500376994
medical__hospital,medical_hospital_cheonan.csv,배편한배내과의원,medical,hospital,의원,다바6665,127.1251418,36.7891762,966554.6652312701,1865735.919057316
medical__hospital,medical_hospital_cheonan.csv,백기청정신건강의학과의원,medical,hospital,의원,다바6969,127.1539439,36.8190772,969136.4371471417,1869043.1598251855
medical__hospital,medical_hospital_cheonan.csv,백년가약한의원,medical,hospital,한의원,다바6866,127.1517291,36.7980965,968930.4298088287,1866716.4827590864
medical__hospital,medical_hospital_cheonan.csv,백년치과의원,medical,hospital,치과의원,다바7375,127.202261,36.8762726,973465.4586605411,1875373.3836661535
medical__hospital,medical_hospital_cheonan.csv,백석미소담은치과의원,medical,hospital,치과의원,다바6670,127.1232884,36.8310826,966407.6152466693,1870385.2614762955
medical__hospital,medical_hospital_cheonan.csv,백석소아청소년과의원,medical,hospital,의원,다바6670,127.1232884,36.8310826,966407.6152466693,1870385.2614762955
medical__hospital,medical_hospital_cheonan.csv,백석요양병원,medical,hospital,요양병원,다바6669,127.127605,36.8214172,966788.3625666373,1869311.5637755631
medical__hospital,medical_hospital_cheonan.csv,백피부과의원,medical,hospital,의원,다바6767,127.132186,36.8069642,967190.7481226776,1867706.704681073
medical__hospital,medical_hospital_cheonan.csv,버팀목한의원,medical,hospital,한의원,다바6679,127.12828,36.9162513,966889.5124306845,1879831.4142646987
medical__hospital,medical_hospital_cheonan.csv,베스트심장혈관흉부외과의원,medical,hospital,의원,다바6666,127.1281705,36.7933555,966826.6927801251,1866198.4743384284
medical__hospital,medical_hospital_cheonan.csv,베스트연합의원,medical,hospital,의원,다바6968,127.1585826,36.818304,969549.8420779346,1868955.9009737023
medical__hospital,medical_hospital_cheonan.csv,병천수한의원,medical,hospital,한의원,다바8262,127.3000016,36.7627358,982149.7799358714,1862756.0342348511
medical__hospital,medical_hospital_cheonan.csv,병천우리들의원,medical,hospital,의원,다바8162,127.2973881,36.7615855,981916.2499822436,1862628.9231080199
medical__hospital,medical_hospital_cheonan.csv,병천의원,medical,hospital,의원,다바8262,127.299925,36.7623167,982142.8460764282,1862709.5581760313
medical__hospital,medical_hospital_cheonan.csv,병천중앙치과의원,medical,hospital,치과의원,다바8262,127.2988157,36.7615227,982043.6532879896,1862621.6880499255
medical__hospital,medical_hospital_cheonan.csv,병천치과의원,medical,hospital,치과의원,다바8262,127.2997735,36.7623012,982129.3207410579,1862707.8670468908
medical__hospital,medical_hospital_cheonan.csv,병천한의원,medical,hospital,한의원,다바8162,127.2980059,36.7612774,981971.3185309815,1862594.6293658202
medical__hospital,medical_hospital_cheonan.csv,보명한의원,medical,hospital,한의원,다바6875,127.1516794,36.8786223,968958.5557881806,1875649.2909104805
medical__hospital,medical_hospital_cheonan.csv,보스톤연합치과의원,medical,hospital,치과의원,다바6669,127.1215864,36.8238058,966252.6470223641,1869578.64044244
medical__hospital,medical_hospital_cheonan.csv,보스톤탑치과의원,medical,hospital,치과의원,다바6968,127.1571061,36.8186167,969418.2807247429,1868991.0601906143
medical__hospital,medical_hospital_cheonan.csv,보원경희한의원,medical,hospital,한의원,다바6667,127.1189748,36.8018339,966010.028136918,1867142.212923753
medical__hospital,medical_hospital_cheonan.csv,본정형외과병원,medical,hospital,병원,다바6666,127.1256519,36.7998012,966604.7895851728,1866914.372961436
medical__hospital,medical_hospital_cheonan.csv,불당내과의원,medical,hospital,의원,다바6568,127.1081762,36.8129631,965051.7756063621,1868380.671412383
medical__hospital,medical_hospital_cheonan.csv,불당드림치과의원,medical,hospital,치과의원,다바6568,127.1077361,36.8141843,965013.0770262785,1868516.3006879997
medical__hospital,medical_hospital_cheonan.csv,불당메디칼의원,medical,hospital,의원,다바6568,127.1108675,36.809749,965290.3727893557,1868023.1495666164
medical__hospital,medical_hospital_cheonan.csv,불당본점서울비디치과의원,medical,hospital,치과의원,다바6467,127.1063137,36.8062016,964882.563607111,1867631.2976492364
medical__hospital,medical_hospital_cheonan.csv,불당사랑내과의원,medical,hospital,의원,다바6568,127.1088025,36.8176272,965109.7547726406,1868897.8337682912
medical__hospital,medical_hospital_cheonan.csv,불당치과교정과치과의원,medical,hospital,치과의원,다바6568,127.1085249,36.8102103,965081.6274088289,1868075.174643552
medical__hospital,medical_hospital_cheonan.csv,불당탑치과의원,medical,hospital,치과의원,다바6468,127.1073927,36.8130782,964981.9444372755,1868393.726167114
medical__hospital,medical_hospital_cheonan.csv,불무메디컬의원,medical,hospital,의원,다바6569,127.1077338,36.8222722,965016.5530096333,1869413.4970375302
medical__hospital,medical_hospital_cheonan.csv,뷰티라운지의원,medical,hospital,의원,다바6568,127.1079523,36.8149172,965032.6938466419,1868597.5225767621
medical__hospital,medical_hospital_cheonan.csv,블리비의원,medical,hospital,의원,다바6969,127.156528,36.8207735,969367.5810388924,1869230.5000458336
medical__hospital,medical_hospital_cheonan.csv,비앤알치과의원,medical,hospital,치과의원,다바6671,127.1224038,36.838582,966332.0196679916,1871217.4875172838
medical__hospital,medical_hospital_cheonan.csv,비에이랩의원,medical,hospital,의원,다바6569,127.1100889,36.8191323,965225.168044319,1869064.3267108554
medical__hospital,medical_hospital_cheonan.csv,비클린이비인후과의원,medical,hospital,의원,다바6771,127.1302621,36.8402876,967033.4318342664,1871403.9514376682
medical__hospital,medical_hospital_cheonan.csv,사랑드림치과의원,medical,hospital,치과의원,다바6667,127.1194111,36.8057292,966050.668693896,1867574.1646635327
medical__hospital,medical_hospital_cheonan.csv,사랑부부한의원,medical,hospital,한의원,다바6770,127.1331168,36.8336065,967285.118258061,1870661.830321037
medical__hospital,medical_hospital_cheonan.csv,사랑의메디칼의원,medical,hospital,의원,다바6768,127.1391883,36.8135316,967818.1091619564,1868432.8490217112
medical__hospital,medical_hospital_cheonan.csv,사암불당한의원,medical,hospital,한의원,다바6568,127.1088089,36.810137,965106.9261817858,1868066.9397738485
medical__hospital,medical_hospital_cheonan.csv,삼대한의원,medical,hospital,한의원,다바6866,127.1512037,36.7995927,968884.1634597433,1866882.6271236276
medical__hospital,medical_hospital_cheonan.csv,삼성365의원,medical,hospital,의원,다바6767,127.139641,36.8064762,967855.5375871414,1867650.0389712981
medical__hospital,medical_hospital_cheonan.csv,삼성SDI부속의원,medical,hospital,의원,다바6671,127.11875,36.8433904,966008.3591252312,1871752.1815351066
medical__hospital,medical_hospital_cheonan.csv,삼성다니엘의원,medical,hospital,의원,다바6870,127.1457984,36.8343409,968416.2394022692,1870739.0318992042
medical__hospital,medical_hospital_cheonan.csv,삼성라온내과의원,medical,hospital,의원,다바6667,127.1191325,36.8025838,966024.4273470398,1867225.3434841954
medical__hospital,medical_hospital_cheonan.csv,삼성미라클안과의원천안점,medical,hospital,의원,다바6666,127.1214264,36.7928023,966224.762807017,1866139.4677345331
medical__hospital,medical_hospital_cheonan.csv,삼성비뇨기과의원,medical,hospital,의원,다바6666,127.1269714,36.7943292,966720.1341003347,1866306.9034327636
medical__hospital,medical_hospital_cheonan.csv,삼성스마트김석재신경과의원,medical,hospital,의원,다바6568,127.1082812,36.8132654,965061.2783693649,1868414.1673276564
medical__hospital,medical_hospital_cheonan.csv,삼성스카이병원,medical,hospital,병원,다바6769,127.1389725,36.8267926,967804.4164218955,1869903.9711893592
medical__hospital,medical_hospital_cheonan.csv,삼성유바디외과의원,medical,hospital,의원,다바6568,127.1087183,36.8153477,965101.2102381703,1868644.9983044022
medical__hospital,medical_hospital_cheonan.csv,삼성유치과의원,medical,hospital,치과의원,다바6671,127.1188281,36.8417602,966014.6010299658,1871571.3140367607
medical__hospital,medical_hospital_cheonan.csv,삼성의원,medical,hospital,의원,다바6966,127.1597444,36.7940286,969643.8794522819,1866262.6570648216
medical__hospital,medical_hospital_cheonan.csv,삼성중앙의원,medical,hospital,의원,다바6867,127.1490377,36.8006634,968691.3714787958,1867002.1068085898
medical__hospital,medical_hospital_cheonan.csv,삼성천안부속의원,medical,hospital,의원,다바6671,127.1188281,36.8417602,966014.6010299658,1871571.3140367607
medical__hospital,medical_hospital_cheonan.csv,삼성흉부외과의원,medical,hospital,의원,다바6968,127.1578454,36.8186549,969484.232150813,1868995.061504989
medical__hospital,medical_hospital_cheonan.csv,삼아이치과의원,medical,hospital,치과의원,다바6671,127.1287295,36.8403761,966896.8197653866,1871414.2986570671
medical__hospital,medical_hospital_cheonan.csv,상쾌한내과의원,medical,hospital,의원,다바6864,127.1427055,36.7806364,968118.1897655143,1864782.604201149
medical__hospital,medical_hospital_cheonan.csv,상쾌한이비인후과의원,medical,hospital,의원,다바6670,127.1275923,36.8307057,966791.2442027176,1870341.9476372227
medical__hospital,medical_hospital_cheonan.csv,상쾌한한의원,medical,hospital,한의원,다바6567,127.1159201,36.805225,965739.0381948292,1867519.478557588
medical__hospital,medical_hospital_cheonan.csv,새늘치과의원,medical,hospital,치과의원,다바6966,127.1591251,36.7945377,969588.8292622126,1866319.3282106589
medical__hospital,medical_hospital_cheonan.csv,새로나병원,medical,hospital,병원,다바7068,127.1694354,36.8127543,970515.6506476183,1868336.869329583
medical__hospital,medical_hospital_cheonan.csv,새로여성의원,medical,hospital,의원,다바6568,127.1097404,36.8180572,965193.5995675005,1868945.19205516
medical__hospital,medical_hospital_cheonan.csv,새로운내과의원,medical,hospital,의원,다바6965,127.1526084,36.7839278,969003.1659140926,1865144.4647167015
medical__hospital,medical_hospital_cheonan.csv,새샘치과의원,medical,hospital,치과의원,다바6764,127.1334494,36.7739635,967289.4185856875,1864045.5050562457
medical__hospital,medical_hospital_cheonan.csv,새생명한방병원,medical,hospital,한방병원,다바6976,127.1545948,36.8833513,969220.2677133065,1876172.9424740935
medical__hospital,medical_hospital_cheonan.csv,새아침연합정형외과의원,medical,hospital,의원,다바6679,127.1283707,36.9149531,966897.030394338,1879687.3704385988
medical__hospital,medical_hospital_cheonan.csv,새이치과의원,medical,hospital,치과의원,다바6969,127.1583953,36.8208324,969534.1393847828,1869236.4371558484
medical__hospital,medical_hospital_cheonan.csv,새한의원,medical,hospital,의원,다바7263,127.197253,36.7682766,972981.2045744553,1863394.7514481153
medical__hospital,medical_hospital_cheonan.csv,샘치과의원,medical,hospital,치과의원,다바6568,127.1108675,36.809749,965290.3727893557,1868023.1495666164
medical__hospital,medical_hospital_cheonan.csv,생기한의원,medical,hospital,한의원,다바6568,127.1077361,36.8141843,965013.0770262785,1868516.3006879997
medical__hospital,medical_hospital_cheonan.csv,생명나무치과의원,medical,hospital,치과의원,다바6964,127.1527083,36.7803051,969010.6212118213,1864742.5671308835
medical__hospital,medical_hospital_cheonan.csv,생생한의원,medical,hospital,한의원,다바6458,127.1063343,36.7262638,964847.9330685326,1858763.8197822045
medical__hospital,medical_hospital_cheonan.csv,샤인빔의원,medical,hospital,의원,다바6968,127.156893,36.8186205,969399.276397737,1868991.5499124748
medical__hospital,medical_hospital_cheonan.csv,샤인유의원,medical,hospital,의원,다바6468,127.1073927,36.8130782,964981.9444372755,1868393.726167114
medical__hospital,medical_hospital_cheonan.csv,샤인이치과의원,medical,hospital,치과의원,다바6968,127.1585826,36.818304,969549.8420779346,1868955.9009737023
medical__hospital,medical_hospital_cheonan.csv,샤인치과의원,medical,hospital,치과의원,다바6666,127.1264579,36.7947993,966674.5254830816,1866359.230432147
medical__hospital,medical_hospital_cheonan.csv,서연석내과의원,medical,hospital,의원,다바6769,127.1383794,36.8261581,967751.2586833136,1869833.785635206
medical__hospital,medical_hospital_cheonan.csv,서울강남플란트치과의원천안점,medical,hospital,치과의원,다바6875,127.1518525,36.8774805,968973.520197338,1875522.573003564
medical__hospital,medical_hospital_cheonan.csv,서울나인앤의원,medical,hospital,의원,다바6568,127.1081509,36.8154373,965050.643798554,1868655.1449328705
medical__hospital,medical_hospital_cheonan.csv,서울내과의원,medical,hospital,의원,다바6665,127.1284341,36.788133,966847.9602550913,1865619.0510303422
medical__hospital,medical_hospital_cheonan.csv,서울니어치과의원,medical,hospital,치과의원,다바6568,127.1085045,36.8140496,965081.5515193954,1868501.0774551812
medical__hospital,medical_hospital_cheonan.csv,서울다시봄치과의원,medical,hospital,치과의원,다바6467,127.1066298,36.8073315,964911.2759211874,1867756.5218562307
medical__hospital,medical_hospital_cheonan.csv,서울대정병원,medical,hospital,병원,다바6568,127.1080081,36.8115949,965036.1598744564,1868228.9577875037
medical__hospital,medical_hospital_cheonan.csv,서울더블유내과의원,medical,hospital,의원,다바7464,127.2131112,36.7758092,974398.9850619386,1864225.979004877
medical__hospital,medical_hospital_cheonan.csv,서울두정치과의원,medical,hospital,치과의원,다바6870,127.1458041,36.8335447,968416.4203349233,1870650.7069564906
medical__hospital,medical_hospital_cheonan.csv,서울마취통증의학과의원,medical,hospital,의원,다바6779,127.1341341,36.9111581,967408.7940294585,1879264.397990924
medical__hospital,medical_hospital_cheonan.csv,서울모세치과의원,medical,hospital,치과의원,다바6566,127.1184245,36.7987712,965959.5821306093,1866802.6626631822
medical__hospital,medical_hospital_cheonan.csv,서울미즈여성의원,medical,hospital,의원,다바6968,127.1552443,36.8185466,969252.2035358024,1868983.8811252948
medical__hospital,medical_hospital_cheonan.csv,서울바르다치과의원,medical,hospital,치과의원,,127.0992362,36.7970961,964247.0041725292,1866623.8439868793
medical__hospital,medical_hospital_cheonan.csv,서울베스트치과의원,medical,hospital,치과의원,다바6968,127.1562968,36.8185001,969346.0548434327,1868978.3848825425
medical__hospital,medical_hospital_cheonan.csv,서울봄치과의원,medical,hospital,치과의원,다바6666,127.1277962,36.7937223,966793.4572444459,1866239.2933467664
medical__hospital,medical_hospital_cheonan.csv,서울사계절치과의원,medical,hospital,치과의원,다바6779,127.1341341,36.9111581,967408.7940294585,1879264.397990924
medical__hospital,medical_hospital_cheonan.csv,서울삼성내과의원,medical,hospital,의원,다바6670,127.1283423,36.8337376,966859.4321755808,1870678.018324228
medical__hospital,medical_hospital_cheonan.csv,서울삼성의원,medical,hospital,의원,다바6969,127.1593265,36.8191481,969616.5225238916,1869049.3006675348
medical__hospital,medical_hospital_cheonan.csv,서울성모마취통증의학과의원,medical,hospital,의원,다바6968,127.1566244,36.8186141,969375.3181071313,1868990.9259628826
medical__hospital,medical_hospital_cheonan.csv,서울성모이비인후과의원,medical,hospital,의원,다바6968,127.1549801,36.8185514,969228.6421174256,1868984.4985933425
medical__hospital,medical_hospital_cheonan.csv,서울성심의원,medical,hospital,의원,다바7062,127.1745054,36.761015,970948.339517725,1862595.8891023726
medical__hospital,medical_hospital_cheonan.csv,서울수석치과교정과치과의원,medical,hospital,치과의원,다바6968,127.1566244,36.8186141,969375.3181071313,1868990.9259628826
medical__hospital,medical_hospital_cheonan.csv,서울수소아청소년과의원,medical,hospital,의원,다바6670,127.1269959,36.8313915,966738.3580382671,1870418.23133537
medical__hospital,medical_hospital_cheonan.csv,서울아산알러비소아청소년과의원,medical,hospital,의원,다바6568,127.1083873,36.8136358,965070.9101124516,1868455.217219897
medical__hospital,medical_hospital_cheonan.csv,서울연합의원,medical,hospital,의원,다바6767,127.1394799,36.8039762,967840.1217758106,1867372.7675540159
medical__hospital,medical_hospital_cheonan.csv,서울우리병원,medical,hospital,병원,다바6669,127.1234641,36.8242886,966420.314077989,1869631.5365171812
medical__hospital,medical_hospital_cheonan.csv,서울원플란트치과의원,medical,hospital,치과의원,다바6468,127.1075116,36.8134164,964992.7036001815,1868431.1993229066
medical__hospital,medical_hospital_cheonan.csv,서울윌치과의원,medical,hospital,치과의원,다바6968,127.1553946,36.8185545,969265.6115770871,1868984.7091481704
medical__hospital,medical_hospital_cheonan.csv,서울의원,medical,hospital,의원,다바8262,127.2987698,36.7613336,982039.5124681434,1862600.7199894106
medical__hospital,medical_hospital_cheonan.csv,서울준치과의원,medical,hospital,치과의원,다바7463,127.2086676,36.7723497,974001.2836283237,1863843.4165365754
medical__hospital,medical_hospital_cheonan.csv,서울참정형외과의원,medical,hospital,의원,다바6666,127.1264579,36.7947993,966674.5254830816,1866359.230432147
medical__hospital,medical_hospital_cheonan.csv,서울탑치과의원,medical,hospital,치과의원,다바7579,127.2221116,36.9124857,975246.2478730647,1879385.229447528
medical__hospital,medical_hospital_cheonan.csv,서울프라임병원,medical,hospital,병원,다바6569,127.1099304,36.8212772,965212.0027194138,1869302.319455842
medical__hospital,medical_hospital_cheonan.csv,서울하나안과의원,medical,hospital,의원,다바6769,127.1365867,36.8262859,967591.4418819655,1869848.5688724164
medical__hospital,medical_hospital_cheonan.csv,서울한양정형외과의원,medical,hospital,의원,다바6666,127.1222263,36.793159,966296.2841148671,1866178.754370226
medical__hospital,medical_hospital_cheonan.csv,서울한의원,medical,hospital,한의원,다바6779,127.1324411,36.9158748,967259.9976385834,1879788.2119609239
medical__hospital,medical_hospital_cheonan.csv,서지섭치과의원,medical,hospital,치과의원,다바6567,127.1185696,36.8070516,965976.1898939946,1867721.1579854735
medical__hospital,medical_hospital_cheonan.csv,서훈태한의원,medical,hospital,한의원,다바6770,127.1339331,36.8356224,967358.7643663229,1870885.1766038053
medical__hospital,medical_hospital_cheonan.csv,선한메디컬의원,medical,hospital,의원,다바6666,127.121802,36.7975961,966260.3753464414,1866671.1119400521
medical__hospital,medical_hospital_cheonan.csv,선한이웃요양병원,medical,hospital,요양병원,다바7166,127.1774765,36.7994234,971227.8827716501,1866855.6216162865
medical__hospital,medical_hospital_cheonan.csv,설담한의원,medical,hospital,한의원,다바6568,127.1108675,36.809749,965290.3727893557,1868023.1495666164
medical__hospital,medical_hospital_cheonan.csv,성거메디컬의원,medical,hospital,의원,다바7375,127.2021634,36.8745408,973456.161248598,1875181.299896822
medical__hospital,medical_hospital_cheonan.csv,성거치과의원,medical,hospital,치과의원,다바7375,127.2009008,36.8730887,973343.1307417713,1875020.5682793886
medical__hospital,medical_hospital_cheonan.csv,성거한의원,medical,hospital,한의원,다바7375,127.2009008,36.8730887,973343.1307417713,1875020.5682793886
medical__hospital,medical_hospital_cheonan.csv,성광당한의원,medical,hospital,한의원,다바6664,127.1295737,36.7747237,966943.8803101052,1864131.1654682069
medical__hospital,medical_hospital_cheonan.csv,성모성형외과의원,medical,hospital,의원,다바6968,127.1566244,36.8186141,969375.3181071313,1868990.9259628826
medical__hospital,medical_hospital_cheonan.csv,성모피부과의원,medical,hospital,의원,다바6969,127.1537197,36.8190726,969116.4395966234,1869042.72194601
medical__hospital,medical_hospital_cheonan.csv,성모한의원,medical,hospital,한의원,다바6665,127.1284533,36.7884808,966849.8231646935,1865657.6258159997
medical__hospital,medical_hospital_cheonan.csv,성성N하나치과의원,medical,hospital,치과의원,다바6771,127.1312324,36.8402188,967119.9166028458,1871395.9850830622
medical__hospital,medical_hospital_cheonan.csv,성성고려산부인과의원,medical,hospital,의원,다바6671,127.1287168,36.8399447,966895.5014651711,1871366.4474578025
medical__hospital,medical_hospital_cheonan.csv,성성이음치과의원,medical,hospital,치과의원,다바6772,127.1403033,36.8473298,967931.6694431666,1872181.7322492641
medical__hospital,medical_hospital_cheonan.csv,성성조은내과의원,medical,hospital,의원,다바6671,127.1297531,36.8403803,966988.0880442398,1871414.410456411
medical__hospital,medical_hospital_cheonan.csv,성성하나로내과의원,medical,hospital,의원,다바6772,127.1403033,36.8473298,967931.6694431666,1872181.7322492641
medical__hospital,medical_hospital_cheonan.csv,성심의원,medical,hospital,의원,다바7579,127.2221116,36.9124857,975246.2478730647,1879385.229447528
medical__hospital,medical_hospital_cheonan.csv,성정가야재활의학과의원,medical,hospital,의원,다바6768,127.1348034,36.8140792,967427.2371317905,1868495.0793135453
medical__hospital,medical_hospital_cheonan.csv,성정윌내과의원,medical,hospital,의원,다바6768,127.1391883,36.8135316,967818.1091619564,1868432.8490217112
medical__hospital,medical_hospital_cheonan.csv,성환경희한의원,medical,hospital,한의원,다바6680,127.1290438,36.9200627,966959.1915389987,1880253.9570560325
medical__hospital,medical_hospital_cheonan.csv,성환다온한의원,medical,hospital,한의원,다바6679,127.1282545,36.9166717,966887.4227903741,1879878.059073525
medical__hospital,medical_hospital_cheonan.csv,성환본한의원,medical,hospital,한의원,다바6679,127.1286531,36.9162818,966922.7591425863,1879834.6682583783
medical__hospital,medical_hospital_cheonan.csv,성환부부치과의원,medical,hospital,치과의원,다바6779,127.1327273,36.9165893,967285.7959398135,1879867.3749131565
medical__hospital,medical_hospital_cheonan.csv,성환서울의원,medical,hospital,의원,다바6779,127.1298536,36.9172782,967030.1214508364,1879944.785628249
medical__hospital,medical_hospital_cheonan.csv,성환한의원,medical,hospital,한의원,다바6779,127.1306103,36.9126527,967095.5359317088,1879431.4069579474
medical__hospital,medical_hospital_cheonan.csv,세인트내과의원,medical,hospital,의원,다바6770,127.1330888,36.831135,967281.5689796213,1870387.6745338335
medical__hospital,medical_hospital_cheonan.csv,세종한의원,medical,hospital,한의원,다바6867,127.1487017,36.8008445,968661.4712861642,1867022.3062916233
medical__hospital,medical_hospital_cheonan.csv,센트럴치과의원,medical,hospital,치과의원,다바6669,127.1188787,36.8236078,966011.0826954977,1869557.6354903409
medical__hospital,medical_hospital_cheonan.csv,소리청자성당한의원,medical,hospital,한의원,다바6665,127.1284801,36.7887287,966852.3211137956,1865685.116067564
medical__hospital,medical_hospital_cheonan.csv,소울한의원,medical,hospital,한의원,다바6569,127.1159483,36.8243502,965750.0753828753,1869641.0363383284
medical__hospital,medical_hospital_cheonan.csv,속편한내과의원,medical,hospital,의원,다바6969,127.1593265,36.8191481,969616.5225238916,1869049.3006675348
medical__hospital,medical_hospital_cheonan.csv,손원택한의원,medical,hospital,한의원,다바6764,127.1324183,36.7740415,967197.437202123,1864054.5104813494
medical__hospital,medical_hospital_cheonan.csv,솔아한의원,medical,hospital,한의원,다바6869,127.1413382,36.8261598,968015.1213819027,1869832.980090815
medical__hospital,medical_hospital_cheonan.csv,송광한의원,medical,hospital,한의원,다바6666,127.1253712,36.7933538,966576.9474272748,1866199.2601451515
medical__hospital,medical_hospital_cheonan.csv,송두한한의원,medical,hospital,한의원,다바6769,127.1392225,36.8187434,967823.3411417374,1869010.9847564676
medical__hospital,medical_hospital_cheonan.csv,송재화외과의원,medical,hospital,의원,다바7375,127.2008218,36.8749309,973336.7302573594,1875224.9480143795
medical__hospital,medical_hospital_cheonan.csv,송하유승훈소아치과의원,medical,hospital,치과의원,다바6770,127.1376084,36.8335529,967685.6120694611,1870654.356341803
medical__hospital,medical_hospital_cheonan.csv,송호환치과의원,medical,hospital,치과의원,다바6967,127.1593365,36.8015925,969610.4765751179,1867101.8502091907
medical__hospital,medical_hospital_cheonan.csv,수비뇨의학과의원,medical,hospital,의원,다바6666,127.1293072,36.7927026,966927.8248697149,1866125.6545358885
medical__hospital,medical_hospital_cheonan.csv,수석이영재치과의원,medical,hospital,치과의원,다바6765,127.1399457,36.7908443,967876.1898637697,1865915.8882460925
medical__hospital,medical_hospital_cheonan.csv,수연산부인과의원,medical,hospital,의원,다바6770,127.133527,36.8288752,967319.683412486,1870136.8433899512
medical__hospital,medical_hospital_cheonan.csv,수이비인후과의원,medical,hospital,의원,다바6471,127.1040302,36.8409674,964694.8456160509,1871488.7332201719
medical__hospital,medical_hospital_cheonan.csv,수피부과의원,medical,hospital,의원,다바6769,127.1370408,36.8261479,967631.8797469262,1869833.106582112
medical__hospital,medical_hospital_cheonan.csv,수한의원,medical,hospital,한의원,다바6969,127.1524783,36.8217882,969006.8180192851,1869344.366465544
medical__hospital,medical_hospital_cheonan.csv,순천향대학교부속 천안병원,medical,hospital,종합병원,다바6767,127.1358588,36.8027381,967516.5805824638,1867236.6486310665
medical__hospital,medical_hospital_cheonan.csv,숨쉬는한의원,medical,hospital,한의원,다바6870,127.1434987,36.8335939,968210.8678718709,1870656.929089719
medical__hospital,medical_hospital_cheonan.csv,숲소아청소년과의원,medical,hospital,의원,다바6771,127.1302621,36.8402876,967033.4318342664,1871403.9514376682
medical__hospital,medical_hospital_cheonan.csv,스마일덴치과의원,medical,hospital,치과의원,다바6471,127.1040302,36.8409674,964694.8456160509,1871488.7332201719
medical__hospital,medical_hospital_cheonan.csv,스마일소아청소년과의원,medical,hospital,의원,다바6471,127.1040302,36.8409674,964694.8456160509,1871488.7332201719
medical__hospital,medical_hospital_cheonan.csv,스마일치과의원,medical,hospital,치과의원,다바6666,127.1293675,36.7920285,966932.9149761876,1866050.8557592449
medical__hospital,medical_hospital_cheonan.csv,스마일키즈한의원,medical,hospital,한의원,다바6568,127.1091268,36.8162381,965138.0486998858,1868743.6218298152
medical__hospital,medical_hospital_cheonan.csv,시엘치과의원,medical,hospital,치과의원,다바6770,127.1393316,36.8334113,967839.2107759357,1870638.0672918926
medical__hospital,medical_hospital_cheonan.csv,신계한의원,medical,hospital,한의원,다바7363,127.2075219,36.7721275,973898.9649461388,1863819.0798561026
medical__hospital,medical_hospital_cheonan.csv,신도의원,medical,hospital,의원,다바7464,127.2120236,36.7750852,974301.6893066319,1864145.9575771485
medical__hospital,medical_hospital_cheonan.csv,신방한의원,medical,hospital,한의원,다바6666,127.1293072,36.7927026,966927.8248697149,1866125.6545358885
medical__hospital,medical_hospital_cheonan.csv,신부정형외과의원,medical,hospital,의원,다바6969,127.1524783,36.8217882,969006.8180192851,1869344.366465544
medical__hospital,medical_hospital_cheonan.csv,신세계마취통증의학과의원,medical,hospital,의원,다바6969,127.1587644,36.8187122,969566.218035369,1869001.1248816648
medical__hospital,medical_hospital_cheonan.csv,신세계치과의원,medical,hospital,치과의원,다바6968,127.1552443,36.8185466,969252.2035358024,1868983.8811252948
medical__hospital,medical_hospital_cheonan.csv,신통이진소아청소년과의원,medical,hospital,의원,다바6764,127.1341757,36.7747712,967354.5755508967,1864134.854962613
medical__hospital,medical_hospital_cheonan.csv,신통한의원,medical,hospital,한의원,다바6764,127.1333029,36.7752365,967276.8861021716,1864186.7686243628
medical__hospital,medical_hospital_cheonan.csv,심기쁨한의원,medical,hospital,한의원,다바6568,127.1083873,36.8136358,965070.9101124516,1868455.217219897
medical__hospital,medical_hospital_cheonan.csv,쌍용굿모닝의원,medical,hospital,의원,다바6666,127.1264579,36.7947993,966674.5254830816,1866359.230432147
medical__hospital,medical_hospital_cheonan.csv,쌍용메디컬의원,medical,hospital,의원,다바6566,127.1179218,36.7983646,965914.555815168,1866757.7374722657
medical__hospital,medical_hospital_cheonan.csv,쌍용우리이비인후과의원,medical,hospital,의원,다바6666,127.1264579,36.7947993,966674.5254830816,1866359.230432147
medical__hospital,medical_hospital_cheonan.csv,쌍용치과의원,medical,hospital,치과의원,다바6666,127.1288032,36.7966603,966884.5628285432,1866564.8568442243
medical__hospital,medical_hospital_cheonan.csv,쓰담한의원,medical,hospital,한의원,다바6772,127.1397022,36.8490562,967878.8011115623,1872373.4455081713
medical__hospital,medical_hospital_cheonan.csv,씨엠씨우성구강악안면외과치과의원,medical,hospital,치과의원,다바6568,127.1081329,36.8119601,965047.4575217576,1868269.423968116
medical__hospital,medical_hospital_cheonan.csv,아름드리치과의원,medical,hospital,치과의원,다바6468,127.1048781,36.8149389,964758.5101804459,1868601.0584601327
medical__hospital,medical_hospital_cheonan.csv,아우내한의원,medical,hospital,한의원,다바8262,127.2989,36.761548,982051.183238703,1862624.4787448412
medical__hospital,medical_hospital_cheonan.csv,아이누리한의원,medical,hospital,한의원,다바6568,127.1081762,36.8129631,965051.7756063621,1868380.671412383
medical__hospital,medical_hospital_cheonan.csv,아이본병원,medical,hospital,병원,다바6569,127.1093305,36.8193168,965157.612288428,1869085.0695340398
medical__hospital,medical_hospital_cheonan.csv,아이본소아청소년과의원,medical,hospital,의원,다바6669,127.1238968,36.8265044,966459.8697737736,1869877.1847679566
medical__hospital,medical_hospital_cheonan.csv,아이사랑의원,medical,hospital,의원,다바6671,127.1206756,36.8388811,966178.0575430819,1871251.2772288048
medical__hospital,medical_hospital_cheonan.csv,아이힐소아청소년과의원,medical,hospital,의원,다바6769,127.1383794,36.8261581,967751.2586833136,1869833.785635206
medical__hospital,medical_hospital_cheonan.csv,아홉가지약속백석치과의원,medical,hospital,치과의원,다바6670,127.1269959,36.8313915,966738.3580382671,1870418.23133537
medical__hospital,medical_hospital_cheonan.csv,안빈치과의원,medical,hospital,치과의원,다바6868,127.1412443,36.8135184,968001.4852334955,1868430.6947213172
medical__hospital,medical_hospital_cheonan.csv,안아픈천안양치과의원,medical,hospital,치과의원,다바6769,127.1365278,36.8256538,967585.9226400295,1869778.4695935564
medical__hospital,medical_hospital_cheonan.csv,안창훈산부인과의원,medical,hospital,의원,다바6969,127.1539439,36.8190772,969136.4371471417,1869043.1598251855
medical__hospital,medical_hospital_cheonan.csv,압구정라인성형외과의원,medical,hospital,의원,다바6968,127.1553946,36.8185545,969265.6115770871,1868984.7091481704
medical__hospital,medical_hospital_cheonan.csv,압구정케이엠성형외과천안본점의원,medical,hospital,의원,다바6666,127.1264579,36.7947993,966674.5254830816,1866359.230432147
medical__hospital,medical_hospital_cheonan.csv,앙즈로여성병원,medical,hospital,병원,다바6468,127.1069713,36.810453,964943.1611152024,1868102.6659063748
medical__hospital,medical_hospital_cheonan.csv,애니산부인과의원,medical,hospital,의원,다바6968,127.1571061,36.8186167,969418.2807247429,1868991.0601906143
medical__hospital,medical_hospital_cheonan.csv,애플산부인과의원,medical,hospital,의원,다바6968,127.156893,36.8186205,969399.276397737,1868991.5499124748
medical__hospital,medical_hospital_cheonan.csv,약선당한의원,medical,hospital,한의원,다바7665,127.2346861,36.7834339,976326.6074487114,1865066.228460007
medical__hospital,medical_hospital_cheonan.csv,약선한의원,medical,hospital,한의원,다바6568,127.1093302,36.8100308,965153.3766549765,1868054.9688672915
medical__hospital,medical_hospital_cheonan.csv,약손한의원,medical,hospital,한의원,다바6867,127.1481909,36.8007253,968615.8551704516,1867009.2509087895
medical__hospital,medical_hospital_cheonan.csv,약수정한의원,medical,hospital,한의원,다바6870,127.1458515,36.8350948,968421.2841927109,1870822.6450515124
medical__hospital,medical_hospital_cheonan.csv,양종오내과의원,medical,hospital,의원,다바6568,127.1085045,36.8140496,965081.5515193954,1868501.0774551812
medical__hospital,medical_hospital_cheonan.csv,양현민비뇨기과의원,medical,hospital,의원,다바6666,127.1220087,36.7925153,966276.5883413907,1866107.4253756043
medical__hospital,medical_hospital_cheonan.csv,에덴산부인과의원,medical,hospital,의원,다바6767,127.1324603,36.8077028,967215.5308542807,1867788.543725451
medical__hospital,medical_hospital_cheonan.csv,에스앤유서울비뇨의학과의원,medical,hospital,의원,다바6968,127.1566244,36.8186141,969375.3181071313,1868990.9259628826
medical__hospital,medical_hospital_cheonan.csv,에스치과의원,medical,hospital,치과의원,다바6770,127.1377537,36.8340243,967698.7666961179,1870706.5999883278
medical__hospital,medical_hospital_cheonan.csv,에이스치과의원,medical,hospital,치과의원,다바6870,127.1434987,36.8335939,968210.8678718709,1870656.929089719
medical__hospital,medical_hospital_cheonan.csv,에이프릴의원,medical,hospital,의원,다바6968,127.1555676,36.8185333,969281.032542045,1868982.3018227923
medical__hospital,medical_hospital_cheonan.csv,여기치과의원,medical,hospital,치과의원,다바6771,127.1368541,36.8435657,967622.5719462836,1871765.340178443
medical__hospital,medical_hospital_cheonan.csv,연세경희한의원,medical,hospital,한의원,다바7579,127.2221204,36.914637,975247.726925802,1879623.8751747205
medical__hospital,medical_hospital_cheonan.csv,연세나무병원,medical,hospital,병원,다바6568,127.1085045,36.8140496,965081.5515193954,1868501.0774551812
medical__hospital,medical_hospital_cheonan.csv,연세나은치과의원,medical,hospital,치과의원,다바6568,127.1100649,36.8106973,965219.2115640936,1868128.636519711
medical__hospital,medical_hospital_cheonan.csv,연세바른의원,medical,hospital,의원,다바6471,127.1047956,36.8413395,964763.2606468332,1871529.72813354
medical__hospital,medical_hospital_cheonan.csv,연세보람의원,medical,hospital,의원,다바7763,127.2519516,36.7696687,977863.216195726,1863535.1308656333
medical__hospital,medical_hospital_cheonan.csv,연세보미온의원,medical,hospital,의원,다바7375,127.202261,36.8762726,973465.4586605411,1875373.3836661535
medical__hospital,medical_hospital_cheonan.csv,연세수빛내과가정의학과의원,medical,hospital,의원,다바6671,127.1287295,36.8403761,966896.8197653866,1871414.2986570671
medical__hospital,medical_hospital_cheonan.csv,연세엘유정메디컬의원,medical,hospital,의원,다바6468,127.1065681,36.8165302,964909.9707577726,1868776.960665233
medical__hospital,medical_hospital_cheonan.csv,연세열린의원,medical,hospital,의원,다바7374,127.200824,36.8727307,973336.1615827554,1874980.876317576
medical__hospital,medical_hospital_cheonan.csv,연세우일치과병원,medical,hospital,치과병원,다바6666,127.1265202,36.79853,966681.699434489,1866773.0557212746
medical__hospital,medical_hospital_cheonan.csv,연세웰치과의원,medical,hospital,치과의원,다바6870,127.1457984,36.8343409,968416.2394022692,1870739.0318992042
medical__hospital,medical_hospital_cheonan.csv,연세윤마취통증의학과의원,medical,hospital,의원,다바6870,127.1441236,36.8330935,968266.3835564688,1870601.2116761457
medical__hospital,medical_hospital_cheonan.csv,연세의원,medical,hospital,의원,다바6779,127.1330081,36.9170017,967310.9838400232,1879913.0271407536
medical__hospital,medical_hospital_cheonan.csv,연세이라인치과교정과치과의원,medical,hospital,치과의원,다바6769,127.1376959,36.8256132,967690.0759230378,1869773.5703492628
medical__hospital,medical_hospital_cheonan.csv,연세조은정신건강의학과의원,medical,hospital,의원,다바6568,127.1098221,36.8099358,965197.2099147085,1868044.2513354304
medical__hospital,medical_hospital_cheonan.csv,연세탑비뇨기과의원,medical,hospital,의원,다바6870,127.1414138,36.833259,968024.8177826161,1870620.4738872454
medical__hospital,medical_hospital_cheonan.csv,연세탑치과의원,medical,hospital,치과의원,다바6870,127.1414138,36.833259,968024.8177826161,1870620.4738872454
medical__hospital,medical_hospital_cheonan.csv,연세편안한치과의원,medical,hospital,치과의원,다바6965,127.1573869,36.7855627,969430.1897026128,1865324.2864650416
medical__hospital,medical_hospital_cheonan.csv,연세필치과교정과치과의원,medical,hospital,치과의원,다바6667,127.1188958,36.8014806,966002.8246196371,1867103.049348742
medical__hospital,medical_hospital_cheonan.csv,연세하나로의원,medical,hospital,의원,다바6779,127.1341341,36.9111581,967408.7940294585,1879264.397990924
medical__hospital,medical_hospital_cheonan.csv,연세하임산부인과의원,medical,hospital,의원,다바6665,127.1269387,36.7907956,966715.6881299455,1865914.932419617
medical__hospital,medical_hospital_cheonan.csv,연이재한의원,medical,hospital,한의원,다바6568,127.1091449,36.8161757,965139.6347474311,1868736.6931642068
medical__hospital,medical_hospital_cheonan.csv,열린마음허정신건강의학과의원,medical,hospital,의원,다바6867,127.1493369,36.809024,968721.4631744302,1867929.451863098
medical__hospital,medical_hospital_cheonan.csv,열린부부한의원,medical,hospital,한의원,다바6767,127.1318403,36.8076209,967160.1917828575,1867779.671265681
medical__hospital,medical_hospital_cheonan.csv,열린사랑의원,medical,hospital,의원,다바6568,127.1091268,36.8162381,965138.0486998858,1868743.6218298152
medical__hospital,medical_hospital_cheonan.csv,열린이비인후과의원,medical,hospital,의원,다바6666,127.1222263,36.793159,966296.2841148671,1866178.754370226
medical__hospital,medical_hospital_cheonan.csv,열린정형외과의원,medical,hospital,의원,다바6779,127.1320704,36.9157909,967226.941818719,1879779.0320372034
medical__hospital,medical_hospital_cheonan.csv,열린치과병원,medical,hospital,치과병원,다바6568,127.1091449,36.8161757,965139.6347474311,1868736.6931642068
medical__hospital,medical_hospital_cheonan.csv,열린치과의원,medical,hospital,치과의원,다바6667,127.1296484,36.803252,966962.7969461296,1867295.782959077
medical__hospital,medical_hospital_cheonan.csv,예쁨주의쁨의원,medical,hospital,의원,다바6968,127.1562968,36.8185001,969346.0548434327,1868978.3848825425
medical__hospital,medical_hospital_cheonan.csv,예소담의원,medical,hospital,의원,다바6567,127.1100531,36.806705,965216.3531352744,1867685.7733654259
medical__hospital,medical_hospital_cheonan.csv,예소담한의원,medical,hospital,한의원,다바6567,127.1100531,36.806705,965216.3531352744,1867685.7733654259
medical__hospital,medical_hospital_cheonan.csv,예스365한방병원,medical,hospital,한방병원,다바6771,127.1301874,36.8398062,967026.5647391304,1871350.575069882
medical__hospital,medical_hospital_cheonan.csv,예일가정의학과의원,medical,hospital,의원,다바6770,127.132307,36.8284719,967210.7170989898,1870092.522861826
medical__hospital,medical_hospital_cheonan.csv,예일병원,medical,hospital,병원,다바6666,127.1217497,36.793049,966253.7150203333,1866166.7200845024
medical__hospital,medical_hospital_cheonan.csv,오라클치과의원,medical,hospital,치과의원,다바6666,127.1287473,36.7958276,966879.2173170217,1866472.5047020894
medical__hospital,medical_hospital_cheonan.csv,오라클피부과의원,medical,hospital,의원,다바6968,127.1578454,36.8186549,969484.232150813,1868995.061504989
medical__hospital,medical_hospital_cheonan.csv,오라클피부과의원,medical,hospital,의원,다바6666,127.1264579,36.7947993,966674.5254830816,1866359.230432147
medical__hospital,medical_hospital_cheonan.csv,오렌지캐슬치과의원,medical,hospital,치과의원,다바6968,127.1561146,36.8186353,969329.858815526,1868993.4411097905
medical__hospital,medical_hospital_cheonan.csv,오름정형외과의원,medical,hospital,의원,다바6968,127.1527477,36.8184577,969029.5021741381,1868974.8252493492
medical__hospital,medical_hospital_cheonan.csv,오리진성형외과의원,medical,hospital,의원,,127.1036262,36.8001848,964640.0671131554,1866964.8423215167
medical__hospital,medical_hospital_cheonan.csv,오송한의원,medical,hospital,한의원,다바6867,127.1516466,36.8036649,968925.3196380245,1867334.212779906
medical__hospital,medical_hospital_cheonan.csv,온리영의원,medical,hospital,의원,다바6568,127.1085045,36.8140496,965081.5515193954,1868501.0774551812
medical__hospital,medical_hospital_cheonan.csv,온클리닉의원,medical,hospital,의원,다바6569,127.1187642,36.8199949,965999.2731185015,1869156.8949915417
medical__hospital,medical_hospital_cheonan.csv,올리본의원,medical,hospital,의원,다바6671,127.1287168,36.8399447,966895.5014651711,1871366.4474578025
medical__hospital,medical_hospital_cheonan.csv,왕소건한의원,medical,hospital,한의원,다바6666,127.1286393,36.7930787,966868.3984198613,1866167.6064349273
medical__hospital,medical_hospital_cheonan.csv,우리가족치과의원,medical,hospital,치과의원,다바6568,127.1087183,36.8153477,965101.2102381703,1868644.9983044022
medical__hospital,medical_hospital_cheonan.csv,우리누리이비인후과의원,medical,hospital,의원,다바6764,127.133441,36.7742008,967288.7697974688,1864071.831538669
medical__hospital,medical_hospital_cheonan.csv,우리신세계마취통증의학과의원,medical,hospital,의원,다바6666,127.1264579,36.7947993,966674.5254830816,1866359.230432147
medical__hospital,medical_hospital_cheonan.csv,우리앤소아청소년과의원,medical,hospital,의원,다바6771,127.1367754,36.8418602,967614.8359879733,1871576.1741322286
medical__hospital,medical_hospital_cheonan.csv,우리이비인후과의원,medical,hospital,의원,다바6969,127.1565279,36.8207735,969367.5721204005,1869230.5000778756
medical__hospital,medical_hospital_cheonan.csv,우리집한의원,medical,hospital,한의원,다바6870,127.145739,36.8329799,968410.3831213777,1870588.0747943087
medical__hospital,medical_hospital_cheonan.csv,우리척병원,medical,hospital,병원,다바6666,127.1245555,36.793903,966504.4123749697,1866260.4682449622
medical__hospital,medical_hospital_cheonan.csv,우리튼튼내과의원,medical,hospital,의원,다바6568,127.1078689,36.8124803,965024.1466153045,1868327.2265358723
medical__hospital,medical_hospital_cheonan.csv,우리한의원,medical,hospital,한의원,다바7579,127.2218347,36.9137261,975221.9833379623,1879522.9013759778
medical__hospital,medical_hospital_cheonan.csv,원내과의원,medical,hospital,의원,다바6767,127.1318899,36.8046835,967163.3618754374,1867453.8076426862
medical__hospital,medical_hospital_cheonan.csv,원성경희한의원,medical,hospital,한의원,다바6967,127.1593365,36.8065395,969612.4312959495,1867650.6216265769
medical__hospital,medical_hospital_cheonan.csv,원치과의원,medical,hospital,치과의원,다바6679,127.1282725,36.9163882,966888.9035570899,1879846.6035055055
medical__hospital,medical_hospital_cheonan.csv,원한의원,medical,hospital,한의원,다바7375,127.2019183,36.8739533,973434.1138958714,1875116.1959114426
medical__hospital,medical_hospital_cheonan.csv,웰소아청소년과의원,medical,hospital,의원,다바6669,127.1188787,36.8236078,966011.0826954977,1869557.6354903409
medical__hospital,medical_hospital_cheonan.csv,웰치과의원,medical,hospital,치과의원,다바7463,127.2089129,36.7730949,974023.4258484783,1863926.0145254107
medical__hospital,medical_hospital_cheonan.csv,위드치과의원,medical,hospital,치과의원,다바6770,127.1335183,36.8284543,967318.728565359,1870090.1556375844
medical__hospital,medical_hospital_cheonan.csv,유디신부치과의원,medical,hospital,치과의원,다바6968,127.1527477,36.8184577,969029.5021741381,1868974.8252493492
medical__hospital,medical_hospital_cheonan.csv,유디치과의원,medical,hospital,치과의원,다바6766,127.131454,36.7983625,967121.7760966881,1866752.7676605412
medical__hospital,medical_hospital_cheonan.csv,유로센터서경근비뇨기과의원,medical,hospital,의원,다바6969,127.156528,36.8207735,969367.5810388924,1869230.5000458336
medical__hospital,medical_hospital_cheonan.csv,유명치과의원,medical,hospital,치과의원,다바7579,127.2216733,36.9114453,975206.8681648347,1879269.9296448347
medical__hospital,medical_hospital_cheonan.csv,유스치과의원,medical,hospital,치과의원,다바6671,127.1297531,36.8403803,966988.0880442398,1871414.410456411
medical__hospital,medical_hospital_cheonan.csv,유앤아이의원,medical,hospital,의원,다바6568,127.1087183,36.8153477,965101.2102381703,1868644.9983044022
medical__hospital,medical_hospital_cheonan.csv,유웅선내과의원,medical,hospital,의원,다바6767,127.1313323,36.8013293,967112.1876435576,1867081.9170985771
medical__hospital,medical_hospital_cheonan.csv,유제열가정의학과의원,medical,hospital,의원,다바6868,127.1414796,36.8137781,968022.5804553021,1868459.4246232614
medical__hospital,medical_hospital_cheonan.csv,유지방의원,medical,hospital,의원,다바6968,127.155899,36.8185993,969310.6156380291,1868989.5168003535
medical__hospital,medical_hospital_cheonan.csv,유춘호치과의원,medical,hospital,치과의원,다바6666,127.1253712,36.7933538,966576.9474272748,1866199.2601451515
medical__hospital,medical_hospital_cheonan.csv,유파인의원,medical,hospital,의원,다바6568,127.1087327,36.8147888,965102.2408825463,1868582.9939774424
medical__hospital,medical_hospital_cheonan.csv,윤석중내과의원,medical,hospital,의원,다바6767,127.132186,36.8069642,967190.7481226776,1867706.704681073
medical__hospital,medical_hospital_cheonan.csv,윤여일내과의원,medical,hospital,의원,다바6966,127.1600494,36.7945992,969671.3152523665,1866325.8569565827
medical__hospital,medical_hospital_cheonan.csv,윤철민치과의원,medical,hospital,치과의원,다바6866,127.1504961,36.7993979,968820.9598507012,1866861.248369829
medical__hospital,medical_hospital_cheonan.csv,윤한의원,medical,hospital,한의원,다바6666,127.1294022,36.7933496,966936.5785814961,1866197.3934330528
medical__hospital,medical_hospital_cheonan.csv,율곡한의원,medical,hospital,한의원,다바6769,127.1349729,36.8201566,967444.9292187074,1869169.1904156231
medical__hospital,medical_hospital_cheonan.csv,으뜸이비인후과의원,medical,hospital,의원,다바6568,127.1091449,36.8161757,965139.6347474311,1868736.6931642068
medical__hospital,medical_hospital_cheonan.csv,의)창신의료재단큰사랑의원,medical,hospital,의원,다바6658,127.1192681,36.7218229,966000.8940144161,1858266.5288102166
medical__hospital,medical_hospital_cheonan.csv,의료법인 백석의료재단 한사랑요양병원,medical,hospital,요양병원,다바6867,127.1481019,36.8083735,968611.0373954161,1867857.696391069
medical__hospital,medical_hospital_cheonan.csv,의료법인 영서의료재단 천안충무병원,medical,hospital,종합병원,다바6766,127.1314943,36.7974082,967124.9634645061,1866646.8931925097
medical__hospital,medical_hospital_cheonan.csv,의료법인 혜강의료재단 혜강병원,medical,hospital,정신병원,다바6868,127.1495902,36.813351,968745.8161226438,1868409.3644843728
medical__hospital,medical_hospital_cheonan.csv,의료법인세온의료재단브라운요양병원,medical,hospital,요양병원,다바7363,127.1999499,36.7682579,973221.8847867418,1863391.9191952732
medical__hospital,medical_hospital_cheonan.csv,의료법인아선의료재단메디케어요양병원,medical,hospital,요양병원,다바6568,127.1102028,36.8113154,965231.791298909,1868197.152478397
medical__hospital,medical_hospital_cheonan.csv,이가웃는치과의원,medical,hospital,치과의원,다바6468,127.1065681,36.8165302,964909.9707577726,1868776.960665233
medical__hospital,medical_hospital_cheonan.csv,이규신경외과의원,medical,hospital,의원,다바6666,127.1245321,36.7997683,966504.8786408944,1866911.1149208453
medical__hospital,medical_hospital_cheonan.csv,이규현치과의원,medical,hospital,치과의원,다바6670,127.1275923,36.8307057,966791.2442027176,1870341.9476372227
medical__hospital,medical_hospital_cheonan.csv,이규형성형외과의원,medical,hospital,의원,다바6870,127.1458041,36.8335447,968416.4203349233,1870650.7069564906
medical__hospital,medical_hospital_cheonan.csv,이나혜여성의원,medical,hospital,의원,다바6568,127.1078689,36.8124803,965024.1466153045,1868327.2265358723
medical__hospital,medical_hospital_cheonan.csv,이낙원내과의원,medical,hospital,의원,다바6666,127.1294288,36.7930538,966938.8246392426,1866164.5711329042
medical__hospital,medical_hospital_cheonan.csv,이동규한의원,medical,hospital,한의원,다바7463,127.2090734,36.7726511,974037.5992355568,1863876.740502943
medical__hospital,medical_hospital_cheonan.csv,이든의원,medical,hospital,의원,다바6869,127.1413382,36.8261598,968015.1213819027,1869832.980090815
medical__hospital,medical_hospital_cheonan.csv,이레치과의원,medical,hospital,치과의원,다바6964,127.1529766,36.7822997,969035.3645382392,1864963.7407355255
medical__hospital,medical_hospital_cheonan.csv,이로울치과의원,medical,hospital,치과의원,다바6666,127.1281705,36.7933555,966826.6927801251,1866198.4743384284
medical__hospital,medical_hospital_cheonan.csv,이룸산부인과의원,medical,hospital,의원,다바6568,127.1098221,36.8099358,965197.2099147085,1868044.2513354304
medical__hospital,medical_hospital_cheonan.csv,이민형이비인후과의원,medical,hospital,의원,다바6666,127.1269714,36.7943292,966720.1341003347,1866306.9034327636
medical__hospital,medical_hospital_cheonan.csv,이바르게치과교정과치과의원,medical,hospital,치과의원,다바6968,127.1552443,36.8185466,969252.2035358024,1868983.8811252948
medical__hospital,medical_hospital_cheonan.csv,이석훈내과의원,medical,hospital,의원,다바6666,127.1293072,36.7927026,966927.8248697149,1866125.6545358885
medical__hospital,medical_hospital_cheonan.csv,이센스치과의원,medical,hospital,치과의원,다바6568,127.1088089,36.810137,965106.9261817858,1868066.9397738485
medical__hospital,medical_hospital_cheonan.csv,이수남내과의원,medical,hospital,의원,다바6967,127.1531042,36.8032078,969055.1606101984,1867283.0339997704
medical__hospital,medical_hospital_cheonan.csv,이스타치과의원,medical,hospital,치과의원,다바6968,127.155899,36.8185993,969310.6156380291,1868989.5168003535
medical__hospital,medical_hospital_cheonan.csv,이앤오신경과의원,medical,hospital,의원,다바6568,127.1081762,36.8129631,965051.7756063621,1868380.671412383
medical__hospital,medical_hospital_cheonan.csv,이에스길비뇨기과의원,medical,hospital,의원,다바6968,127.1576124,36.8186482,969463.4488303805,1868994.3926663855
medical__hospital,medical_hospital_cheonan.csv,이엔이치과의원,medical,hospital,치과의원,다바6770,127.1330888,36.831135,967281.5689796213,1870387.6745338335
medical__hospital,medical_hospital_cheonan.csv,이영준한의원,medical,hospital,한의원,다바6870,127.1458202,36.8366233,968419.1216169139,1870992.2130923185
medical__hospital,medical_hospital_cheonan.csv,이온치과의원,medical,hospital,치과의원,다바6669,127.1296918,36.8257727,966976.3438886773,1869793.9991051462
medical__hospital,medical_hospital_cheonan.csv,이웃한의원,medical,hospital,한의원,다바6771,127.1385407,36.8370085,967770.1952288401,1871037.373976699
medical__hospital,medical_hospital_cheonan.csv,이은희산부인과의원,medical,hospital,의원,다바6568,127.1082039,36.8124074,965053.9936982356,1868319.017218612
medical__hospital,medical_hospital_cheonan.csv,이음재활의학과의원,medical,hospital,의원,다바6568,127.1097404,36.8180572,965193.5995675005,1868945.19205516
medical__hospital,medical_hospital_cheonan.csv,이젠의원,medical,hospital,의원,다바6670,127.1276148,36.8317807,966793.7152246205,1870461.1903846073
medical__hospital,medical_hospital_cheonan.csv,이종현치과의원,medical,hospital,치과의원,다바6769,127.1376243,36.8254137,967683.6067855579,1869751.4638949924
medical__hospital,medical_hospital_cheonan.csv,이좋은치과의원,medical,hospital,치과의원,다바7375,127.2019183,36.8739533,973434.1138958714,1875116.1959114426
medical__hospital,medical_hospital_cheonan.csv,이지흉부외과의원,medical,hospital,의원,다바6769,127.1370408,36.8261479,967631.8797469262,1869833.106582112
medical__hospital,medical_hospital_cheonan.csv,이튼치과의원,medical,hospital,치과의원,다바6966,127.159832,36.7946292,969651.9316856158,1866329.2538040914
medical__hospital,medical_hospital_cheonan.csv,이편한용치과의원,medical,hospital,치과의원,다바6779,127.130105,36.917119,967052.4458894259,1879927.038332008
medical__hospital,medical_hospital_cheonan.csv,이편한치과의원,medical,hospital,치과의원,다바6870,127.1458515,36.8350948,968421.2841927109,1870822.6450515124
medical__hospital,medical_hospital_cheonan.csv,이현철한의원,medical,hospital,한의원,다바6975,127.152227,36.8775039,969006.9047509369,1875525.0471652877
medical__hospital,medical_hospital_cheonan.csv,이화병원,medical,hospital,병원,다바6666,127.1255011,36.7942423,966588.922544622,1866297.7761332411
medical__hospital,medical_hospital_cheonan.csv,익수당한의원,medical,hospital,한의원,다바6966,127.159683,36.7979499,969639.9491572928,1866697.666325996
medical__hospital,medical_hospital_cheonan.csv,인동한의원,medical,hospital,한의원,다바6568,127.1101616,36.8098321,965227.4456126395,1868032.6243423275
medical__hospital,medical_hospital_cheonan.csv,인생한의원,medical,hospital,한의원,다바6964,127.1528517,36.7813351,969023.8315692976,1864856.7783240941
medical__hospital,medical_hospital_cheonan.csv,일곱난장이치과의원,medical,hospital,치과의원,다바6969,127.15299,36.8191757,969051.4014249452,1869054.394841359
medical__hospital,medical_hospital_cheonan.csv,일맥한의원천안점,medical,hospital,한의원,다바6968,127.1562968,36.8185001,969346.0548434327,1868978.3848825425
medical__hospital,medical_hospital_cheonan.csv,임제당한의원,medical,hospital,한의원,다바6471,127.1047956,36.8413395,964763.2606468332,1871529.72813354
medical__hospital,medical_hospital_cheonan.csv,입장제일의원,medical,hospital,의원,다바7579,127.2218347,36.9137261,975221.9833379623,1879522.9013759778
medical__hospital,medical_hospital_cheonan.csv,입장중앙의원,medical,hospital,의원,다바7579,127.2219948,36.9130322,975236.0202066139,1879445.8840909137
medical__hospital,medical_hospital_cheonan.csv,잇츠미의원,medical,hospital,의원,다바6568,127.1081762,36.8129631,965051.7756063621,1868380.671412383
medical__hospital,medical_hospital_cheonan.csv,잇츠미의원,medical,hospital,의원,다바6968,127.1576124,36.8186482,969463.4488303805,1868994.3926663855
medical__hospital,medical_hospital_cheonan.csv,잇플란트치과의원,medical,hospital,치과의원,다바6467,127.1062703,36.8059431,964878.5741826338,1867602.6380869588
medical__hospital,medical_hospital_cheonan.csv,자라는소아청소년과의원,medical,hospital,의원,,127.0992362,36.7970961,964247.0041725292,1866623.8439868793
medical__hospital,medical_hospital_cheonan.csv,자승한의원,medical,hospital,한의원,다바6969,127.1555644,36.8226342,969282.3861198566,1869437.2175873849
medical__hospital,medical_hospital_cheonan.csv,자연과한의원,medical,hospital,한의원,다바6968,127.1579319,36.8178297,969491.619341962,1868903.4941232954
medical__hospital,medical_hospital_cheonan.csv,자인한의원,medical,hospital,한의원,다바6767,127.139641,36.8064762,967855.5375871414,1867650.0389712981
medical__hospital,medical_hospital_cheonan.csv,장편한연합내과의원,medical,hospital,의원,다바6975,127.1537593,36.8771042,969143.3010867945,1875480.2115125407
medical__hospital,medical_hospital_cheonan.csv,장헌식안과의원,medical,hospital,의원,다바6666,127.1294288,36.7930538,966938.8246392426,1866164.5711329042
medical__hospital,medical_hospital_cheonan.csv,전피부과의원,medical,hospital,의원,다바6667,127.1188958,36.8014806,966002.8246196371,1867103.049348742
medical__hospital,medical_hospital_cheonan.csv,전학수소아청소년과의원,medical,hospital,의원,다바6965,127.1529449,36.7827604,969032.7213206097,1865014.8563360914
medical__hospital,medical_hospital_cheonan.csv,정 정신건강의학과의원,medical,hospital,의원,다바6766,127.1310484,36.7981661,967085.5080823237,1866731.1204773798
medical__hospital,medical_hospital_cheonan.csv,정가정의학과의원,medical,hospital,의원,다바6975,127.1536735,36.879769,969136.7269550342,1875775.8496338222
medical__hospital,medical_hospital_cheonan.csv,정다운메디컬의원,medical,hospital,의원,다바6566,127.1179193,36.7989793,965914.6051721018,1866825.9271489286
medical__hospital,medical_hospital_cheonan.csv,정다운한의원,medical,hospital,한의원,다바6866,127.1498864,36.8002228,968766.903628054,1866952.9535259232
medical__hospital,medical_hospital_cheonan.csv,정빈의원,medical,hospital,의원,다바6968,127.1527477,36.8184577,969029.5021741381,1868974.8252493492
medical__hospital,medical_hospital_cheonan.csv,정세영치과의원,medical,hospital,치과의원,다바6968,127.1585218,36.8170585,969543.9259884171,1868817.7565275603
medical__hospital,medical_hospital_cheonan.csv,정원피부과의원,medical,hospital,의원,다바6771,127.1304793,36.8397095,967052.5499097058,1871339.7473675858
medical__hospital,medical_hospital_cheonan.csv,정호기치과의원,medical,hospital,치과의원,다바6769,127.1383767,36.8261329,967751.0073252791,1869830.9910943557
medical__hospital,medical_hospital_cheonan.csv,정희연정신건강의학과의원,medical,hospital,의원,다바6969,127.1565279,36.8207735,969367.5721204005,1869230.5000778756
medical__hospital,medical_hospital_cheonan.csv,제이엠치과의원,medical,hospital,치과의원,다바6567,127.1159201,36.805225,965739.0381948292,1867519.478557588
medical__hospital,medical_hospital_cheonan.csv,제일소아청소년과의원,medical,hospital,의원,다바6966,127.1592103,36.7955567,969596.833113822,1866432.3387729416
medical__hospital,medical_hospital_cheonan.csv,제일영상의학과의원,medical,hospital,의원,다바6968,127.1579369,36.8184634,969492.3167910817,1868973.7891285762
medical__hospital,medical_hospital_cheonan.csv,제일의원,medical,hospital,의원,다바8262,127.2990557,36.7609545,982064.9417884909,1862558.6132152812
medical__hospital,medical_hospital_cheonan.csv,제일편한내과의원,medical,hospital,의원,다바6870,127.1458515,36.8350948,968421.2841927109,1870822.6450515124
medical__hospital,medical_hospital_cheonan.csv,제중한방병원,medical,hospital,한방병원,다바6970,127.152436,36.8334971,969007.7684478265,1870643.2555420185
medical__hospital,medical_hospital_cheonan.csv,조병석내과의원,medical,hospital,의원,다바6779,127.1307498,36.917341,967109.9755369273,1879951.4427864598
medical__hospital,medical_hospital_cheonan.csv,조복형치과의원,medical,hospital,치과의원,다바6767,127.132237,36.8071893,967195.3934010318,1867731.657593799
medical__hospital,medical_hospital_cheonan.csv,조영번소아청소년과의원,medical,hospital,의원,다바7375,127.201064,36.8733963,973357.7826177727,1875054.645199961
medical__hospital,medical_hospital_cheonan.csv,조은마취통증의학과의원,medical,hospital,의원,다바6665,127.1284603,36.7886121,966850.5042845962,1865672.188494292
medical__hospital,medical_hospital_cheonan.csv,조은성모안과의원,medical,hospital,의원,다바6975,127.1536735,36.879769,969136.7269550342,1875775.8496338222
medical__hospital,medical_hospital_cheonan.csv,조은치과의원,medical,hospital,치과의원,다바6670,127.1277709,36.8337522,966808.4867715926,1870679.8362057472
medical__hospital,medical_hospital_cheonan.csv,좋은생각의원,medical,hospital,의원,다바6568,127.1123328,36.8113826,965421.8090506986,1868203.8346468876
medical__hospital,medical_hospital_cheonan.csv,좋은일한의원,medical,hospital,한의원,다바6568,127.1087183,36.8153477,965101.2102381703,1868644.9983044022
medical__hospital,medical_hospital_cheonan.csv,주내과의원,medical,hospital,의원,다바6566,127.1179468,36.7987149,965916.9413033229,1866796.5874072083
medical__hospital,medical_hospital_cheonan.csv,준내과의원,medical,hospital,의원,다바6669,127.1296515,36.8273293,966973.4189816299,1869966.6876989843
medical__hospital,medical_hospital_cheonan.csv,중경한의원,medical,hospital,한의원,다바6766,127.1340301,36.7981323,967351.4948129845,1866726.3491518938
medical__hospital,medical_hospital_cheonan.csv,중앙치과의원,medical,hospital,치과의원,다바6665,127.1284603,36.7886121,966850.5042845962,1865672.188494292
medical__hospital,medical_hospital_cheonan.csv,중앙한의원,medical,hospital,한의원,다바6967,127.1528591,36.8038561,969033.5574208661,1867355.029350418
medical__hospital,medical_hospital_cheonan.csv,중화당한의원,medical,hospital,한의원,다바6769,127.1371652,36.8237205,967641.951510222,1869563.7915103834
medical__hospital,medical_hospital_cheonan.csv,지혜로운여성의원,medical,hospital,의원,다바6965,127.1528761,36.7832667,969026.7861127442,1865071.042348138
medical__hospital,medical_hospital_cheonan.csv,직산가정의학과의원,medical,hospital,의원,다바6975,127.1537364,36.880118,969142.4727961378,1875814.5444212928
medical__hospital,medical_hospital_cheonan.csv,직산한의원,medical,hospital,한의원,다바6875,127.1497159,36.8772046,968782.9960590947,1875492.6634553256
medical__hospital,medical_hospital_cheonan.csv,진정형외과의원,medical,hospital,의원,다바6966,127.1530002,36.7971762,969043.4558670638,1866613.9817128365
medical__hospital,medical_hospital_cheonan.csv,진치과의원,medical,hospital,치과의원,다바6665,127.1284533,36.7884808,966849.8231646935,1865657.6258159997
medical__hospital,medical_hospital_cheonan.csv,진클래식의원,medical,hospital,의원,다바6769,127.1378027,36.8262114,967699.8517172836,1869839.8929540804
medical__hospital,medical_hospital_cheonan.csv,진플란트치과의원,medical,hospital,치과의원,다바6965,127.1541385,36.7826401,969139.1768428559,1865001.1258583649
medical__hospital,medical_hospital_cheonan.csv,차암조은치과의원,medical,hospital,치과의원,다바6471,127.1047956,36.8413395,964763.2606468332,1871529.72813354
medical__hospital,medical_hospital_cheonan.csv,착한미소치과의원,medical,hospital,치과의원,다바6665,127.1284341,36.788133,966847.9602550913,1865619.0510303422
medical__hospital,medical_hospital_cheonan.csv,찬스신경과의원,medical,hospital,의원,다바6666,127.1288032,36.7966603,966884.5628285432,1866564.8568442243
medical__hospital,medical_hospital_cheonan.csv,참사랑한의원,medical,hospital,한의원,다바6666,127.1293633,36.79228,966932.6483486334,1866078.7561120132
medical__hospital,medical_hospital_cheonan.csv,참조은치과병원,medical,hospital,치과병원,다바6568,127.1082812,36.8132654,965061.2783693649,1868414.1673276564
medical__hospital,medical_hospital_cheonan.csv,참조은한의원,medical,hospital,한의원,다바7375,127.201064,36.8733963,973357.7826177727,1875054.645199961
medical__hospital,medical_hospital_cheonan.csv,참편한마취통증의학과의원,medical,hospital,의원,다바6779,127.1304651,36.9169671,967084.4558210339,1879910.0633865597
medical__hospital,medical_hospital_cheonan.csv,창문외과의원,medical,hospital,의원,다바6766,127.1310484,36.7981661,967085.5080823237,1866731.1204773798
medical__hospital,medical_hospital_cheonan.csv,채강한의원,medical,hospital,한의원,다바6870,127.1458041,36.8335447,968416.4203349233,1870650.7069564906
medical__hospital,medical_hospital_cheonan.csv,채움비뇨의학과의원,medical,hospital,의원,다바6568,127.1081762,36.8129631,965051.7756063621,1868380.671412383
medical__hospital,medical_hospital_cheonan.csv,천년나무치과의원,medical,hospital,치과의원,다바6966,127.1590874,36.7940292,969585.2648179396,1866262.9323111125
medical__hospital,medical_hospital_cheonan.csv,천수당한의원,medical,hospital,한의원,다바6870,127.1441236,36.8330935,968266.3835564688,1870601.2116761457
medical__hospital,medical_hospital_cheonan.csv,천안21세기병원,medical,hospital,병원,다바6770,127.1379086,36.836574,967713.6506940395,1870989.3878998777
medical__hospital,medical_hospital_cheonan.csv,천안365치과의원,medical,hospital,치과의원,다바6666,127.1222263,36.793159,966296.2841148671,1866178.754370226
medical__hospital,medical_hospital_cheonan.csv,천안개방교도소부속의원,medical,hospital,의원,다바6973,127.1606822,36.8587882,969753.0470762044,1873446.178245899
medical__hospital,medical_hospital_cheonan.csv,천안경희한의원,medical,hospital,한의원,다바6769,127.1378027,36.8262114,967699.8517172836,1869839.8929540804
medical__hospital,medical_hospital_cheonan.csv,천안고든정형외과의원,medical,hospital,의원,다바6768,127.1340238,36.8111032,967356.4389182276,1868165.2163443423
medical__hospital,medical_hospital_cheonan.csv,천안고려의원,medical,hospital,의원,다바6966,127.1590874,36.7940292,969585.2648179396,1866262.9323111125
medical__hospital,medical_hospital_cheonan.csv,천안교도소부속의원,medical,hospital,의원,다바7073,127.1662205,36.8609636,970247.5787179618,1873685.758402639
medical__hospital,medical_hospital_cheonan.csv,천안국가대표정형외과의원,medical,hospital,의원,다바6969,127.1565279,36.8207735,969367.5721204005,1869230.5000778756
medical__hospital,medical_hospital_cheonan.csv,천안김안과신불당의원,medical,hospital,의원,다바6568,127.1081329,36.8119601,965047.4575217576,1868269.423968116
medical__hospital,medical_hospital_cheonan.csv,천안김안과천안역본점의원,medical,hospital,의원,다바6967,127.1526464,36.806653,969015.710493174,1867665.3588817213
medical__hospital,medical_hospital_cheonan.csv,천안나안과의원,medical,hospital,의원,다바6968,127.1586686,36.8169706,969556.9841560386,1868807.9589938233
medical__hospital,medical_hospital_cheonan.csv,천안다나힐병원,medical,hospital,병원,다바6969,127.1586367,36.8198442,969555.2771853193,1869126.738784928
medical__hospital,medical_hospital_cheonan.csv,천안다정의원,medical,hospital,의원,다바6770,127.1317172,36.8316908,967159.4969170307,1870449.800251316
medical__hospital,medical_hospital_cheonan.csv,천안더맑은치과의원,medical,hospital,치과의원,다바6968,127.1566244,36.8186141,969375.3181071313,1868990.9259628826
medical__hospital,medical_hospital_cheonan.csv,천안도솔한방병원,medical,hospital,한방병원,다바6666,127.1270509,36.8001324,966729.7367024277,1866950.6254888314
medical__hospital,medical_hospital_cheonan.csv,천안동의보감한의원,medical,hospital,한의원,다바6667,127.1240967,36.8021597,966467.0794719098,1867176.5459802686
medical__hospital,medical_hospital_cheonan.csv,천안드림이비인후과의원,medical,hospital,의원,다바6968,127.1579369,36.8184634,969492.3167910817,1868973.7891285762
medical__hospital,medical_hospital_cheonan.csv,천안리턴병원,medical,hospital,병원,다바6569,127.1096819,36.8204224,965189.4532335402,1869207.5864096868
medical__hospital,medical_hospital_cheonan.csv,천안모아치과의원,medical,hospital,치과의원,다바6666,127.1282685,36.7962293,966836.6748518345,1866517.2312137552
medical__hospital,medical_hospital_cheonan.csv,천안바른마취통증의학과의원,medical,hospital,의원,다바6866,127.1498864,36.8002228,968766.903628054,1866952.9535259232
medical__hospital,medical_hospital_cheonan.csv,천안바른치과의원,medical,hospital,치과의원,다바6471,127.1031772,36.840979,964618.796086073,1871490.335520363
medical__hospital,medical_hospital_cheonan.csv,천안베스트덴치과의원,medical,hospital,치과의원,다바6870,127.1430544,36.8330764,968171.0352040761,1870599.6703051147
medical__hospital,medical_hospital_cheonan.csv,천안본치과의원,medical,hospital,치과의원,다바6666,127.1214264,36.7928023,966224.762807017,1866139.4677345331
medical__hospital,medical_hospital_cheonan.csv,천안사랑인한의원,medical,hospital,한의원,다바6666,127.1281705,36.7933555,966826.6927801251,1866198.4743384284
medical__hospital,medical_hospital_cheonan.csv,천안삼성안과의원,medical,hospital,의원,다바6669,127.1188787,36.8236078,966011.0826954977,1869557.6354903409
medical__hospital,medical_hospital_cheonan.csv,천안서울안과신부점의원,medical,hospital,의원,다바6968,127.1553946,36.8185545,969265.6115770871,1868984.7091481704
medical__hospital,medical_hospital_cheonan.csv,천안서울안과신불당점의원,medical,hospital,의원,다바6568,127.1091268,36.8162381,965138.0486998858,1868743.6218298152
medical__hospital,medical_hospital_cheonan.csv,천안세브란스의원,medical,hospital,의원,다바6866,127.1485189,36.8005598,968645.0479949171,1866990.7843982277
medical__hospital,medical_hospital_cheonan.csv,천안세인트요양병원,medical,hospital,요양병원,다바6966,127.1597911,36.7983903,969649.7666686388,1866746.4856062373
medical__hospital,medical_hospital_cheonan.csv,천안스노우의원,medical,hospital,의원,다바6568,127.1087183,36.8153477,965101.2102381703,1868644.9983044022
medical__hospital,medical_hospital_cheonan.csv,천안시광덕면보건지소,medical,hospital,보건지소,다바6555,127.1115968,36.6985409,965305.3834550993,1855686.6393050204
medical__hospital,medical_hospital_cheonan.csv,천안시광덕면보산원보건진료소,medical,hospital,보건진료소,다바6254,127.0766339,36.6850495,962175.6539777117,1854203.282208487
medical__hospital,medical_hospital_cheonan.csv,천안시광덕면행정보건진료소,medical,hospital,보건진료소,다바6954,127.156801,36.686042,969338.3593388272,1854284.754015627
medical__hospital,medical_hospital_cheonan.csv,천안시동남구보건소,medical,hospital,보건소,다바6867,127.1512768,36.8074578,968893.8659199825,1867755.0801443465
medical__hospital,medical_hospital_cheonan.csv,천안시동면보건지소,medical,hospital,보건지소,다바8664,127.3446612,36.7764832,986138.2083760521,1864273.6228019963
medical__hospital,medical_hospital_cheonan.csv,천안시동면화덕보건진료소,medical,hospital,보건진료소,다바9062,127.3958373,36.7609202,990703.0748438654,1862541.0435900835
medical__hospital,medical_hospital_cheonan.csv,천안시립노인전문병원,medical,hospital,요양병원,다바7569,127.2268643,36.8254161,975641.9837691917,1869725.2755340748
medical__hospital,medical_hospital_cheonan.csv,천안시목천면덕전보건진료소,medical,hospital,보건진료소,다바7568,127.2241625,36.8183167,975398.7666201427,1868938.428949636
medical__hospital,medical_hospital_cheonan.csv,천안시목천읍보건지소,medical,hospital,보건지소,다바7665,127.2347995,36.7853993,976337.3301902801,1865284.2213596613
medical__hospital,medical_hospital_cheonan.csv,천안시병천면매성보건진료소,medical,hospital,보건진료소,다바8368,127.3183875,36.8111083,983800.9419963129,1868118.6970620223
medical__hospital,medical_hospital_cheonan.csv,천안시병천면보건지소,medical,hospital,보건지소,다바8263,127.3020982,36.7660137,982337.6572178135,1863119.2596219163
medical__hospital,medical_hospital_cheonan.csv,천안시북면보건지소,medical,hospital,보건지소,다바7969,127.2732386,36.8274219,979778.140157653,1869936.9657441995
medical__hospital,medical_hospital_cheonan.csv,천안시북면위례보건진료소,medical,hospital,보건진료소,다바8074,127.2814843,36.8680422,980523.7723202371,1874441.2884937678
medical__hospital,medical_hospital_cheonan.csv,천안시서북구보건소,medical,hospital,보건소,다바6568,127.113892,36.815147,965562.5695937764,1868620.8586227759
medical__hospital,medical_hospital_cheonan.csv,천안시성거읍보건지소,medical,hospital,보건지소,다바7375,127.1990193,36.8780155,973177.1666529683,1875567.631791169
medical__hospital,medical_hospital_cheonan.csv,천안시성남면보건지소,medical,hospital,보건지소,다바7660,127.2359772,36.7427592,976429.3657279399,1860553.8996764794
medical__hospital,medical_hospital_cheonan.csv,천안시성남면봉양보건진료소,medical,hospital,보건진료소,다바7757,127.2526125,36.7176859,977907.3027465467,1857768.5910707226
medical__hospital,medical_hospital_cheonan.csv,천안시성남면화성보건진료소,medical,hospital,보건진료소,다바7861,127.2608543,36.7523985,978652.9428169499,1861617.3418348844
medical__hospital,medical_hospital_cheonan.csv,천안시성환읍보건지소,medical,hospital,보건지소,다바6780,127.1343397,36.918198,967430.1024426961,1880045.2799919723
medical__hospital,medical_hospital_cheonan.csv,천안시성환읍수향보건진료소,medical,hospital,보건진료소,다바6883,127.1455386,36.9499615,968440.707488781,1883565.122602016
medical__hospital,medical_hospital_cheonan.csv,천안시성환읍신가보건진료소,medical,hospital,보건진료소,다바6583,127.115046,36.9522325,965726.8207098407,1883827.5821906764
medical__hospital,medical_hospital_cheonan.csv,천안시성환읍안궁보건진료소,medical,hospital,보건진료소,다바6784,127.1362976,36.9625121,967623.2501041727,1884960.4986915884
medical__hospital,medical_hospital_cheonan.csv,천안시수신면발산보건진료소,medical,hospital,보건진료소,다바8058,127.2870152,36.7199451,980980.1634066342,1858011.8205052412
medical__hospital,medical_hospital_cheonan.csv,천안시수신면보건지소,medical,hospital,보건지소,다바8059,127.2818033,36.7308183,980517.4796237944,1859219.0137063407
medical__hospital,medical_hospital_cheonan.csv,천안시입장면가산보건진료소,medical,hospital,보건진료소,다바7282,127.19385,36.9374429,972737.6411439616,1882161.4950538725
medical__hospital,medical_hospital_cheonan.csv,천안시입장면기로보건진료소,medical,hospital,보건진료소,다바7779,127.2431154,36.9093336,977116.2871950789,1879030.3169192397
medical__hospital,medical_hospital_cheonan.csv,천안시입장면보건지소,medical,hospital,보건지소,다바7579,127.2211117,36.912709,975157.2509668693,1879410.26048059
medical__hospital,medical_hospital_cheonan.csv,천안시직산면양당보건진료소,medical,hospital,보건진료소,다바6575,127.1129939,36.8764085,965509.9930847413,1875416.9869433506
medical__hospital,medical_hospital_cheonan.csv,천안시직산읍군서보건진료소,medical,hospital,보건진료소,다바7078,127.1633522,36.9007086,970007.4508921742,1878095.6306215916
medical__hospital,medical_hospital_cheonan.csv,천안시직산읍보건지소,medical,hospital,보건지소,다바6975,127.154648,36.878467,969223.0484463753,1875631.10215453
medical__hospital,medical_hospital_cheonan.csv,천안시풍세면미죽보건진료소,medical,hospital,보건진료소,다바6860,127.1500652,36.7377265,968757.5086636072,1860020.2105721347
medical__hospital,medical_hospital_cheonan.csv,천안시풍세면보건지소,medical,hospital,보건지소,다바6558,127.1182455,36.7221091,965909.7026083221,1858298.6399435473
medical__hospital,medical_hospital_cheonan.csv,천안시풍세면용정보건진료소,medical,hospital,보건진료소,다바6460,127.1026664,36.7430529,964528.1342508637,1860627.570728655
medical__hospital,medical_hospital_cheonan.csv,천안쌍용요양병원,medical,hospital,요양병원,다바6666,127.1252108,36.794823,966563.2755853882,1866362.2946649
medical__hospital,medical_hospital_cheonan.csv,천안엔도내과의원,medical,hospital,의원,다바6666,127.1277962,36.7937223,966793.4572444459,1866239.2933467664
medical__hospital,medical_hospital_cheonan.csv,천안엘츠의원,medical,hospital,의원,다바6568,127.1081509,36.8154373,965050.643798554,1868655.1449328705
medical__hospital,medical_hospital_cheonan.csv,천안연세내과의원,medical,hospital,의원,다바6669,127.1188787,36.8236078,966011.0826954977,1869557.6354903409
medical__hospital,medical_hospital_cheonan.csv,천안영상의학과의원,medical,hospital,의원,다바6666,127.1264579,36.7947993,966674.5254830816,1866359.230432147
medical__hospital,medical_hospital_cheonan.csv,천안영플란트치과의원,medical,hospital,치과의원,다바6969,127.1587644,36.8187122,969566.218035369,1869001.1248816648
medical__hospital,medical_hospital_cheonan.csv,천안예인치과의원,medical,hospital,치과의원,다바6568,127.1086065,36.8169717,965091.9761118923,1868825.1903256178
medical__hospital,medical_hospital_cheonan.csv,천안오케이내과의원,medical,hospital,의원,다바6870,127.145739,36.8329799,968410.3831213777,1870588.0747943087
medical__hospital,medical_hospital_cheonan.csv,천안요양병원,medical,hospital,요양병원,다바7065,127.1640064,36.7909072,970022.9016268058,1865915.0564408205
medical__hospital,medical_hospital_cheonan.csv,천안우리병원,medical,hospital,병원,다바6964,127.1557347,36.7810029,969280.9510112962,1864818.9980651545
medical__hospital,medical_hospital_cheonan.csv,천안우리요양병원,medical,hospital,요양병원,다바6666,127.1212785,36.7941814,966212.1732007351,1866292.5036336298
medical__hospital,medical_hospital_cheonan.csv,천안자생한방병원,medical,hospital,한방병원,다바6568,127.1081762,36.8129631,965051.7756063621,1868380.671412383
medical__hospital,medical_hospital_cheonan.csv,천안재활병원,medical,hospital,병원,다바6768,127.1349515,36.8175781,967441.9284829441,1868883.163405062
medical__hospital,medical_hospital_cheonan.csv,천안정다운내과의원,medical,hospital,의원,다바6967,127.1593365,36.8065395,969612.4312959495,1867650.6216265769
medical__hospital,medical_hospital_cheonan.csv,천안제일의원,medical,hospital,의원,다바6966,127.1602788,36.7941181,969691.5917071915,1866272.415846718
medical__hospital,medical_hospital_cheonan.csv,천안중앙병원,medical,hospital,정신병원,다바6769,127.1379146,36.8271927,967710.2431556159,1869948.711382124
medical__hospital,medical_hospital_cheonan.csv,천안중앙플란트치과의원,medical,hospital,치과의원,다바6866,127.1504299,36.7995902,968815.1321284954,1866882.6018072618
medical__hospital,medical_hospital_cheonan.csv,천안진한의원,medical,hospital,한의원,다바6968,127.1586062,36.8125039,969549.6495761361,1868312.4862959916
medical__hospital,medical_hospital_cheonan.csv,천안치과의원,medical,hospital,치과의원,다바6967,127.1582441,36.80844,969515.7410724645,1867861.7921616873
medical__hospital,medical_hospital_cheonan.csv,천안탑정형외과의원,medical,hospital,의원,다바6867,127.1520352,36.807211,968961.4158742204,1867727.4561442405
medical__hospital,medical_hospital_cheonan.csv,천안튼튼정형외과의원,medical,hospital,의원,다바6768,127.1391883,36.8135316,967818.1091619564,1868432.8490217112
medical__hospital,medical_hospital_cheonan.csv,천안퍼스트힐요양병원,medical,hospital,요양병원,다바6669,127.122742,36.8239736,966355.7786219534,1869596.847266315
medical__hospital,medical_hospital_cheonan.csv,천안한의원,medical,hospital,한의원,다바6967,127.1527183,36.8023056,969020.3728778126,1867183.0777565388
medical__hospital,medical_hospital_cheonan.csv,천안해울병원,medical,hospital,병원,다바6770,127.1370774,36.8335588,967638.2652091949,1870655.1905039523
medical__hospital,medical_hospital_cheonan.csv,천일한의원,medical,hospital,한의원,다바6867,127.1508635,36.803441,968855.3727019686,1867309.6302449927
medical__hospital,medical_hospital_cheonan.csv,청담맥의원,medical,hospital,의원,다바6969,127.15299,36.8191757,969051.4014249452,1869054.394841359
medical__hospital,medical_hospital_cheonan.csv,청담한의원,medical,hospital,한의원,다바6965,127.155334,36.7895977,969248.6306016111,1865772.5462782863
medical__hospital,medical_hospital_cheonan.csv,청당 앤 미소치과의원,medical,hospital,치과의원,다바6965,127.1528761,36.7832667,969026.7861127442,1865071.042348138
medical__hospital,medical_hospital_cheonan.csv,청당드림여성의원,medical,hospital,의원,다바6965,127.1537221,36.7831608,969102.2308539354,1865059.0213673278
medical__hospital,medical_hospital_cheonan.csv,청당라이프의원,medical,hospital,의원,다바6964,127.1527083,36.7803051,969010.6212118213,1864742.5671308835
medical__hospital,medical_hospital_cheonan.csv,청당맑은정신건강의학과의원,medical,hospital,의원,다바6964,127.1544815,36.7826136,969169.7718288122,1864998.0756494573
medical__hospital,medical_hospital_cheonan.csv,청당메디컬의원,medical,hospital,의원,다바6964,127.1527083,36.7803051,969010.6212118213,1864742.5671308835
medical__hospital,medical_hospital_cheonan.csv,청당연세치과의원,medical,hospital,치과의원,다바6964,127.1528517,36.7813351,969023.8315692976,1864856.7783240941
medical__hospital,medical_hospital_cheonan.csv,청당왕치과의원,medical,hospital,치과의원,다바6965,127.152764,36.783587,969016.9125454865,1865106.6094495917
medical__hospital,medical_hospital_cheonan.csv,청당주한의원,medical,hospital,한의원,다바6965,127.152764,36.783587,969016.9125454865,1865106.6094495917
medical__hospital,medical_hospital_cheonan.csv,청당진소아청소년과의원,medical,hospital,의원,다바6964,127.1527083,36.7803051,969010.6212118213,1864742.5671308835
medical__hospital,medical_hospital_cheonan.csv,청당탑치과의원,medical,hospital,치과의원,다바6965,127.1529449,36.7827604,969032.7213206097,1865014.8563360914
medical__hospital,medical_hospital_cheonan.csv,청솔한의원,medical,hospital,한의원,다바6666,127.1259425,36.800283,966630.9228360441,1866967.717700133
medical__hospital,medical_hospital_cheonan.csv,청수내과의원,medical,hospital,의원,다바6965,127.1552476,36.7891275,969240.7339431955,1865720.414822564
medical__hospital,medical_hospital_cheonan.csv,청아소아청소년과의원,medical,hospital,의원,다바6568,127.1097404,36.8180572,965193.5995675005,1868945.19205516
medical__hospital,medical_hospital_cheonan.csv,청혈한의원,medical,hospital,한의원,다바6969,127.1528309,36.8226326,969038.6043778049,1869437.9219264474
medical__hospital,medical_hospital_cheonan.csv,최마취통증의학과의원,medical,hospital,의원,다바6666,127.1282685,36.7962293,966836.6748518345,1866517.2312137552
medical__hospital,medical_hospital_cheonan.csv,최무수마취통증의학과의원,medical,hospital,의원,다바6968,127.155899,36.8185993,969310.6156380291,1868989.5168003535
medical__hospital,medical_hospital_cheonan.csv,최우창치과의원,medical,hospital,치과의원,다바6867,127.150504,36.808406,968825.3162761248,1867860.5158526062
medical__hospital,medical_hospital_cheonan.csv,최재형소아청소년과의원,medical,hospital,의원,다바6671,127.1287295,36.8403761,966896.8197653866,1871414.2986570671
medical__hospital,medical_hospital_cheonan.csv,최치과의원,medical,hospital,치과의원,다바6867,127.1506407,36.8020889,968834.9499378925,1867159.7141695227
medical__hospital,medical_hospital_cheonan.csv,최필선비뇨기과의원,medical,hospital,의원,다바6566,127.1179468,36.7987149,965916.9413033229,1866796.5874072083
medical__hospital,medical_hospital_cheonan.csv,충청남도 천안의료원,medical,hospital,종합병원,다바7164,127.1794126,36.7754908,971391.7057795197,1864200.2031620084
medical__hospital,medical_hospital_cheonan.csv,치항외과의원,medical,hospital,의원,다바6969,127.156528,36.8207735,969367.5810388924,1869230.5000458336
medical__hospital,medical_hospital_cheonan.csv,케이플란트치과의원,medical,hospital,치과의원,다바7579,127.2219238,36.9138893,975229.9728533027,1879540.9823398325
medical__hospital,medical_hospital_cheonan.csv,코숨한의원,medical,hospital,한의원,다바6969,127.15299,36.8191757,969051.4014249452,1869054.394841359
medical__hospital,medical_hospital_cheonan.csv,퀸스산부인과의원,medical,hospital,의원,다바6769,127.1378335,36.826474,967702.7087893967,1869869.0129305539
medical__hospital,medical_hospital_cheonan.csv,퀸의원,medical,hospital,의원,다바6666,127.1282208,36.7953559,966832.0428106843,1866420.361406639
medical__hospital,medical_hospital_cheonan.csv,큰나무한의원,medical,hospital,한의원,다바6568,127.1076283,36.8138052,965003.2894797819,1868474.286382554
medical__hospital,medical_hospital_cheonan.csv,큰사랑요양병원,medical,hospital,요양병원,다바6769,127.1329906,36.81974,967267.9589980099,1869123.6536172999
medical__hospital,medical_hospital_cheonan.csv,클린앤피부과의원,medical,hospital,의원,다바6568,127.1082812,36.8132654,965061.2783693649,1868414.1673276564
medical__hospital,medical_hospital_cheonan.csv,클린휴의원,medical,hospital,의원,다바6965,127.1528761,36.7832667,969026.7861127442,1865071.042348138
medical__hospital,medical_hospital_cheonan.csv,키즈웰치과의원,medical,hospital,치과의원,다바6666,127.1264579,36.7947993,966674.5254830816,1866359.230432147
medical__hospital,medical_hospital_cheonan.csv,탑이비인후과의원,medical,hospital,의원,다바6568,127.1082039,36.8124074,965053.9936982356,1868319.017218612
medical__hospital,medical_hospital_cheonan.csv,탑치과의원,medical,hospital,치과의원,다바8262,127.2990557,36.7609545,982064.9417884909,1862558.6132152812
medical__hospital,medical_hospital_cheonan.csv,탑플란트치과의원,medical,hospital,치과의원,다바6864,127.1427055,36.7806364,968118.1897655143,1864782.604201149
medical__hospital,medical_hospital_cheonan.csv,태조한의원,medical,hospital,한의원,다바6967,127.1593365,36.8015925,969610.4765751179,1867101.8502091907
medical__hospital,medical_hospital_cheonan.csv,태종한의원,medical,hospital,한의원,다바6968,127.158527,36.81673,969544.2596236845,1868781.314239765
medical__hospital,medical_hospital_cheonan.csv,태화당한의원,medical,hospital,한의원,,127.1169677,36.7884079,965825.0171435628,1865653.5802489135
medical__hospital,medical_hospital_cheonan.csv,터미널마취통증의학과의원,medical,hospital,의원,다바6968,127.156893,36.8186205,969399.276397737,1868991.5499124748
medical__hospital,medical_hospital_cheonan.csv,턱앤사랑니치과의원,medical,hospital,치과의원,다바6969,127.15299,36.8191757,969051.4014249452,1869054.394841359
medical__hospital,medical_hospital_cheonan.csv,토마토의원,medical,hospital,의원,다바6870,127.1416821,36.8294229,968047.1468752647,1870194.842859202
medical__hospital,medical_hospital_cheonan.csv,톡스앤필의원,medical,hospital,의원,다바6968,127.1566244,36.8186141,969375.3181071313,1868990.9259628826
medical__hospital,medical_hospital_cheonan.csv,톡스앤필의원불당점,medical,hospital,의원,다바6568,127.1091449,36.8161757,965139.6347474311,1868736.6931642068
medical__hospital,medical_hospital_cheonan.csv,투명한이치과교정과치과의원,medical,hospital,치과의원,다바6568,127.1123328,36.8113826,965421.8090506986,1868203.8346468876
medical__hospital,medical_hospital_cheonan.csv,트루맨남성의원,medical,hospital,의원,다바6968,127.1561146,36.8186353,969329.858815526,1868993.4411097905
medical__hospital,medical_hospital_cheonan.csv,튼튼연합의원,medical,hospital,의원,다바6875,127.1503285,36.8772007,968837.5890272787,1875492.030699011
medical__hospital,medical_hospital_cheonan.csv,튼튼한의원,medical,hospital,한의원,다바6667,127.1258078,36.800585,966619.0374776577,1867001.2656203744
medical__hospital,medical_hospital_cheonan.csv,파티마외과의원,medical,hospital,의원,다바6769,127.1370408,36.8261479,967631.8797469262,1869833.106582112
medical__hospital,medical_hospital_cheonan.csv,팍스신통의원,medical,hospital,의원,다바6568,127.1091449,36.8161757,965139.6347474311,1868736.6931642068
medical__hospital,medical_hospital_cheonan.csv,퍼스트의원,medical,hospital,의원,다바6770,127.1330062,36.8305808,967273.9672360392,1870326.225001469
medical__hospital,medical_hospital_cheonan.csv,퍼스트치과의원,medical,hospital,치과의원,다바6965,127.1526084,36.7839278,969003.1659140926,1865144.4647167015
medical__hospital,medical_hospital_cheonan.csv,편안한정신건강의학과의원,medical,hospital,의원,다바6769,127.1370408,36.8261479,967631.8797469262,1869833.106582112
medical__hospital,medical_hospital_cheonan.csv,평화당한의원,medical,hospital,한의원,다바6770,127.1337635,36.8298992,967341.2086870703,1870250.3555935163
medical__hospital,medical_hospital_cheonan.csv,포에버의원,medical,hospital,의원,다바6568,127.1085045,36.8140496,965081.5515193954,1868501.0774551812
medical__hospital,medical_hospital_cheonan.csv,포유치과의원,medical,hospital,치과의원,다바6568,127.1098221,36.8099358,965197.2099147085,1868044.2513354304
medical__hospital,medical_hospital_cheonan.csv,푸른나무마취통증의학과의원,medical,hospital,의원,다바6770,127.1393316,36.8334113,967839.2107759357,1870638.0672918926
medical__hospital,medical_hospital_cheonan.csv,푸른신방의원,medical,hospital,의원,다바6763,127.1349676,36.770424,967423.4041485823,1863652.3517986136
medical__hospital,medical_hospital_cheonan.csv,푸른이비인후과의원,medical,hospital,의원,다바6666,127.1293072,36.7927026,966927.8248697149,1866125.6545358885
medical__hospital,medical_hospital_cheonan.csv,푸른치과의원,medical,hospital,치과의원,다바6768,127.1402383,36.8138279,967911.885869828,1868465.3648093627
medical__hospital,medical_hospital_cheonan.csv,프라미스요양병원,medical,hospital,요양병원,다바7063,127.1651058,36.7674507,970111.8834658823,1863312.6909274613
medical__hospital,medical_hospital_cheonan.csv,프라임치과의원,medical,hospital,치과의원,다바6767,127.1318899,36.8046835,967163.3618754374,1867453.8076426862
medical__hospital,medical_hospital_cheonan.csv,프렌드치과의원,medical,hospital,치과의원,다바6967,127.1592787,36.8025216,969605.6875635341,1867204.9337372112
medical__hospital,medical_hospital_cheonan.csv,프리허그한의원,medical,hospital,한의원,다바6968,127.1573761,36.8186128,969442.359778314,1868990.5412300916
medical__hospital,medical_hospital_cheonan.csv,플러스이비인후과의원,medical,hospital,의원,다바6870,127.1441236,36.8330935,968266.3835564688,1870601.2116761457
medical__hospital,medical_hospital_cheonan.csv,필이비인후과의원,medical,hospital,의원,다바6769,127.1370408,36.8261479,967631.8797469262,1869833.106582112
medical__hospital,medical_hospital_cheonan.csv,하나마취통증의학과의원,medical,hospital,의원,다바6666,127.1214264,36.7928023,966224.762807017,1866139.4677345331
medical__hospital,medical_hospital_cheonan.csv,하나메디칼의원,medical,hospital,의원,다바6568,127.1086804,36.8106149,965095.6812625934,1868120.0003277636
medical__hospital,medical_hospital_cheonan.csv,하나정형외과의원,medical,hospital,의원,다바6666,127.1281705,36.7933555,966826.6927801251,1866198.4743384284
medical__hospital,medical_hospital_cheonan.csv,하나퍼스트의원,medical,hospital,의원,다바6568,127.1083873,36.8136358,965070.9101124516,1868455.217219897
medical__hospital,medical_hospital_cheonan.csv,하늘마음한의원,medical,hospital,한의원,다바6666,127.1294833,36.7971767,966945.4584603678,1866621.9059198964
medical__hospital,medical_hospital_cheonan.csv,하늘미치과의원,medical,hospital,치과의원,다바6969,127.1583911,36.8210596,969533.854867388,1869261.6418949533
medical__hospital,medical_hospital_cheonan.csv,하루도쉬지않는연세정형외과의원,medical,hospital,의원,다바6666,127.1294289,36.7980289,966940.9715473625,1866716.4593726853
medical__hospital,medical_hospital_cheonan.csv,하루소아치과의원,medical,hospital,치과의원,다바6568,127.107746,36.8146163,965014.1566307415,1868564.219048991
medical__hospital,medical_hospital_cheonan.csv,하앤김미소치과교정과치과의원,medical,hospital,치과의원,다바6666,127.1264606,36.7939998,966674.4200460425,1866270.5408956918
medical__hospital,medical_hospital_cheonan.csv,하얀미소치과의원,medical,hospital,치과의원,다바6875,127.1508367,36.8772983,968882.9191098546,1875502.6918645946
medical__hospital,medical_hospital_cheonan.csv,하얀플란트치과의원,medical,hospital,치과의원,다바6965,127.1549013,36.7892904,969209.9016739866,1865738.596694837
medical__hospital,medical_hospital_cheonan.csv,하종오정형외과의원,medical,hospital,의원,다바6665,127.1285601,36.790077,966860.0395769498,1865834.6552388067
medical__hospital,medical_hospital_cheonan.csv,한내과의원,medical,hospital,의원,다바6867,127.1508089,36.8085035,968852.5526323781,1867871.2321987231
medical__hospital,medical_hospital_cheonan.csv,한덕희한의원,medical,hospital,한의원,다바6768,127.1391883,36.8135316,967818.1091619564,1868432.8490217112
medical__hospital,medical_hospital_cheonan.csv,한림홍치과의원,medical,hospital,치과의원,다바6969,127.1593265,36.8191481,969616.5225238916,1869049.3006675348
medical__hospital,medical_hospital_cheonan.csv,한마음정형외과의원,medical,hospital,의원,다바6967,127.1581804,36.8085524,969510.1036500044,1867874.2810275517
medical__hospital,medical_hospital_cheonan.csv,한마음한의원,medical,hospital,한의원,다바6769,127.1364714,36.8233203,967579.9085237968,1869519.63216303
medical__hospital,medical_hospital_cheonan.csv,한빛내과의원,medical,hospital,의원,다바6769,127.1364962,36.8235807,967582.2300792701,1869548.510076043
medical__hospital,medical_hospital_cheonan.csv,한빛정신건강의학과의원,medical,hospital,의원,다바6666,127.1281705,36.7933555,966826.6927801251,1866198.4743384284
medical__hospital,medical_hospital_cheonan.csv,한빛치과의원,medical,hospital,치과의원,다바6669,127.1240555,36.8241768,966473.0069078213,1869618.9268884512
medical__hospital,medical_hospital_cheonan.csv,한사랑가정의학과의원,medical,hospital,의원,다바6666,127.1294022,36.7933496,966936.5785814961,1866197.3934330528
medical__hospital,medical_hospital_cheonan.csv,한사랑내과의원,medical,hospital,의원,다바6875,127.1508367,36.8772983,968882.9191098546,1875502.6918645946
medical__hospital,medical_hospital_cheonan.csv,한솔내과의원,medical,hospital,의원,다바6666,127.1259425,36.800283,966630.9228360441,1866967.717700133
medical__hospital,medical_hospital_cheonan.csv,한양수치과의원,medical,hospital,치과의원,다바6458,127.1063343,36.7262638,964847.9330685326,1858763.8197822045
medical__hospital,medical_hospital_cheonan.csv,한양정형외과의원,medical,hospital,의원,다바6875,127.1461212,36.8763304,968462.279045245,1875396.868471982
medical__hospital,medical_hospital_cheonan.csv,한우물한의원,medical,hospital,한의원,다바6965,127.1526084,36.7839278,969003.1659140926,1865144.4647167015
medical__hospital,medical_hospital_cheonan.csv,한음한방신경정신과한의원,medical,hospital,한의원,다바6666,127.1288032,36.7966603,966884.5628285432,1866564.8568442243
medical__hospital,medical_hospital_cheonan.csv,함소아한의원,medical,hospital,한의원,다바6568,127.1081509,36.8154373,965050.643798554,1868655.1449328705
medical__hospital,medical_hospital_cheonan.csv,해맑은한의원,medical,hospital,한의원,다바6468,127.1073927,36.8130782,964981.9444372755,1868393.726167114
medical__hospital,medical_hospital_cheonan.csv,해비치한의원,medical,hospital,한의원,다바6769,127.1370221,36.8256446,967630.000098608,1869777.2815308115
medical__hospital,medical_hospital_cheonan.csv,해오름한의원,medical,hospital,한의원,다바6965,127.1543118,36.7896632,969157.4550587834,1865780.1412396536
medical__hospital,medical_hospital_cheonan.csv,해율한의원,medical,hospital,한의원,다바6568,127.1085045,36.8140496,965081.5515193954,1868501.0774551812
medical__hospital,medical_hospital_cheonan.csv,행복드림치과의원,medical,hospital,치과의원,다바6965,127.1559005,36.7891916,969299.0123211675,1865727.3157128554
medical__hospital,medical_hospital_cheonan.csv,행복주는의원,medical,hospital,의원,다바6969,127.1537197,36.8190726,969116.4395966234,1869042.72194601
medical__hospital,medical_hospital_cheonan.csv,행복플란트치과의원,medical,hospital,치과의원,다바6568,127.1088025,36.8176272,965109.7547726406,1868897.8337682912
medical__hospital,medical_hospital_cheonan.csv,행복한가정의학과의원,medical,hospital,의원,다바6969,127.1554666,36.823179,969273.8818555413,1869497.6839575395
medical__hospital,medical_hospital_cheonan.csv,행복한치과의원,medical,hospital,치과의원,다바6779,127.1321489,36.9170654,967234.479398882,1879920.3883231452
medical__hospital,medical_hospital_cheonan.csv,허메디칼의원,medical,hospital,의원,다바6679,127.1277726,36.9170374,966844.6565320697,1879918.7944288882
medical__hospital,medical_hospital_cheonan.csv,허밍치과의원,medical,hospital,치과의원,다바6666,127.1245555,36.793903,966504.4123749697,1866260.4682449622
medical__hospital,medical_hospital_cheonan.csv,허윤내과의원,medical,hospital,의원,다바7579,127.2219238,36.9138893,975229.9728533027,1879540.9823398325
medical__hospital,medical_hospital_cheonan.csv,허준앤심내과의원,medical,hospital,의원,다바6666,127.1245364,36.799774,966505.264723312,1866911.7457170628
medical__hospital,medical_hospital_cheonan.csv,현대치과의원,medical,hospital,치과의원,다바6666,127.1227982,36.7984522,966349.6227488338,1866765.7283181008
medical__hospital,medical_hospital_cheonan.csv,형제한의원,medical,hospital,한의원,다바6679,127.1283497,36.9147978,966895.0926867323,1879670.149938007
medical__hospital,medical_hospital_cheonan.csv,혜민신경정신과의원,medical,hospital,의원,다바6967,127.1592399,36.8029994,969602.4152093724,1867257.948479176
medical__hospital,medical_hospital_cheonan.csv,혜성산부인과병원,medical,hospital,병원,다바6767,127.1304632,36.8008489,967034.4514656118,1867028.925435214
medical__hospital,medical_hospital_cheonan.csv,호수부부한의원,medical,hospital,한의원,다바6772,127.1403033,36.8473298,967931.6694431666,1872181.7322492641
medical__hospital,medical_hospital_cheonan.csv,호수앤마취통증의학과의원,medical,hospital,의원,다바6671,127.1286674,36.8401835,966891.1997652096,1871392.9548761135
medical__hospital,medical_hospital_cheonan.csv,홍성조신경외과의원,medical,hospital,의원,다바6969,127.1534636,36.8190546,969093.591593241,1869040.807957742
medical__hospital,medical_hospital_cheonan.csv,홍순형 신경정신과의원,medical,hospital,의원,다바6968,127.155899,36.8185993,969310.6156380291,1868989.5168003535
medical__hospital,medical_hospital_cheonan.csv,홍종민한의원,medical,hospital,한의원,다바6669,127.122742,36.8239736,966355.7786219534,1869596.847266315
medical__hospital,medical_hospital_cheonan.csv,홍한의원,medical,hospital,한의원,다바6666,127.1245321,36.7997683,966504.8786408944,1866911.1149208453
medical__hospital,medical_hospital_cheonan.csv,화사의원,medical,hospital,의원,다바6666,127.1214264,36.7928023,966224.762807017,1866139.4677345331
medical__hospital,medical_hospital_cheonan.csv,화인21한의원,medical,hospital,한의원,다바6770,127.1377537,36.8340243,967698.7666961179,1870706.5999883278
medical__hospital,medical_hospital_cheonan.csv,화인치과의원,medical,hospital,치과의원,다바6670,127.1237232,36.8309338,966446.322704794,1870368.6022482784
medical__hospital,medical_hospital_cheonan.csv,화인한의원,medical,hospital,한의원,다바7170,127.1781529,36.8308226,971299.9487518056,1870338.5406937646
medical__hospital,medical_hospital_cheonan.csv,화타손한의원,medical,hospital,한의원,,127.1177754,36.7897456,965897.6750648101,1865801.683109268
medical__hospital,medical_hospital_cheonan.csv,활기찬의원,medical,hospital,의원,다바6969,127.1579634,36.8228004,969496.4015295483,1869454.8860611292
medical__hospital,medical_hospital_cheonan.csv,활기찬정형외과의원,medical,hospital,의원,다바6568,127.1087019,36.8173065,965100.6367880945,1868862.2950511607
medical__hospital,medical_hospital_cheonan.csv,황일면성형외과의원,medical,hospital,의원,다바6968,127.1571061,36.8186167,969418.2807247429,1868991.0601906143
medical__hospital,medical_hospital_cheonan.csv,후생치과의원,medical,hospital,치과의원,다바6768,127.1391883,36.8135316,967818.1091619564,1868432.8490217112
medical__hospital,medical_hospital_cheonan.csv,후한의원,medical,hospital,한의원,다바6968,127.1578454,36.8186549,969484.232150813,1868995.061504989
medical__hospital,medical_hospital_cheonan.csv,훈키즈치과의원,medical,hospital,치과의원,다바6568,127.1081329,36.8119601,965047.4575217576,1868269.423968116
medical__hospital,medical_hospital_cheonan.csv,휴먼피부과의원,medical,hospital,의원,다바6968,127.1540122,36.8184252,969142.2668688329,1868970.8111353198
medical__hospital,medical_hospital_cheonan.csv,휴한의원,medical,hospital,한의원,다바6568,127.1086804,36.8106149,965095.6812625934,1868120.0003277636
medical__hospital,medical_hospital_cheonan.csv,히스기야가정의학과의원,medical,hospital,의원,다바6964,127.1528517,36.7813351,969023.8315692976,1864856.7783240941
medical__hospital,medical_hospital_cheonan.csv,힐링미한의원,medical,hospital,한의원,다바6568,127.1082039,36.8124074,965053.9936982356,1868319.017218612
medical__hospital,medical_hospital_cheonan.csv,힐링톡한의원,medical,hospital,한의원,다바6669,127.1188787,36.8236078,966011.0826954977,1869557.6354903409
medical__pharmacy,medical_pharmacy_cheonan.csv,365열린약국,medical,pharmacy,약국,다바6770,127.1380234,36.8283783,967720.4437267714,1870080.1940209772
medical__pharmacy,medical_pharmacy_cheonan.csv,6단지약국,medical,pharmacy,약국,다바6769,127.1371417,36.8233613,967639.7044954796,1869523.9532006127
medical__pharmacy,medical_pharmacy_cheonan.csv,가까운대학약국,medical,pharmacy,약국,다바6767,127.1353909,36.8044096,967475.5480231642,1867422.2275051519
medical__pharmacy,medical_pharmacy_cheonan.csv,가까운삼성약국,medical,pharmacy,약국,다바6767,127.1361516,36.8053662,967543.8091952951,1867528.08493937
medical__pharmacy,medical_pharmacy_cheonan.csv,가까운약국,medical,pharmacy,약국,다바6666,127.1214264,36.7928023,966224.762807017,1866139.4677345331
medical__pharmacy,medical_pharmacy_cheonan.csv,가나다약국,medical,pharmacy,약국,다바6666,127.1219813,36.7930016,966274.3569412809,1866161.3803240713
medical__pharmacy,medical_pharmacy_cheonan.csv,가람약국,medical,pharmacy,약국,다바6671,127.1287295,36.8403761,966896.8197653866,1871414.2986570671
medical__pharmacy,medical_pharmacy_cheonan.csv,가온약국,medical,pharmacy,약국,다바6965,127.1552476,36.7891275,969240.7339431955,1865720.414822564
medical__pharmacy,medical_pharmacy_cheonan.csv,건강누리약국,medical,pharmacy,약국,다바6866,127.1519969,36.7986021,968954.5246351731,1866772.4820442155
medical__pharmacy,medical_pharmacy_cheonan.csv,건강드림약국,medical,pharmacy,약국,다바6770,127.1379086,36.836574,967713.6506940395,1870989.3878998777
medical__pharmacy,medical_pharmacy_cheonan.csv,건강백세약국,medical,pharmacy,약국,다바7164,127.1777318,36.7765935,971242.1275006707,1864323.028950182
medical__pharmacy,medical_pharmacy_cheonan.csv,건강약국,medical,pharmacy,약국,다바6666,127.1288032,36.7966603,966884.5628285432,1866564.8568442243
medical__pharmacy,medical_pharmacy_cheonan.csv,건강한이야기가있는다나약국,medical,pharmacy,약국,다바6568,127.1088025,36.8176272,965109.7547726406,1868897.8337682912
medical__pharmacy,medical_pharmacy_cheonan.csv,건민약국,medical,pharmacy,약국,다바6966,127.159575,36.7984767,969630.5223086419,1866756.138552328
medical__pharmacy,medical_pharmacy_cheonan.csv,공단약국,medical,pharmacy,약국,다바6674,127.11953,36.8725668,966090.7949821362,1874988.4798806002
medical__pharmacy,medical_pharmacy_cheonan.csv,광혜당약국,medical,pharmacy,약국,다바6767,127.1324603,36.8077028,967215.5308542807,1867788.543725451
medical__pharmacy,medical_pharmacy_cheonan.csv,구름약국,medical,pharmacy,약국,다바6665,127.1284341,36.788133,966847.9602550913,1865619.0510303422
medical__pharmacy,medical_pharmacy_cheonan.csv,구세광해당약국,medical,pharmacy,약국,다바6967,127.1527465,36.804291,969023.6881551549,1867403.3093434174
medical__pharmacy,medical_pharmacy_cheonan.csv,국민약국,medical,pharmacy,약국,다바6765,127.1301423,36.7891664,967000.8139048909,1865733.0954943756
medical__pharmacy,medical_pharmacy_cheonan.csv,그린약국,medical,pharmacy,약국,다바6666,127.1222263,36.793159,966296.2841148671,1866178.754370226
medical__pharmacy,medical_pharmacy_cheonan.csv,금강약국,medical,pharmacy,약국,다바6665,127.1251418,36.7891762,966554.6652312701,1865735.919057316
medical__pharmacy,medical_pharmacy_cheonan.csv,나나약국,medical,pharmacy,약국,다바6767,127.132186,36.8069642,967190.7481226776,1867706.704681073
medical__pharmacy,medical_pharmacy_cheonan.csv,나눔약국,medical,pharmacy,약국,다바6568,127.1087327,36.8147888,965102.2408825463,1868582.9939774424
medical__pharmacy,medical_pharmacy_cheonan.csv,나비약국,medical,pharmacy,약국,다바6769,127.1383794,36.8261581,967751.2586833136,1869833.785635206
medical__pharmacy,medical_pharmacy_cheonan.csv,남관약국,medical,pharmacy,약국,다바6661,127.1272676,36.7547339,966729.4534117018,1861914.5055413358
medical__pharmacy,medical_pharmacy_cheonan.csv,남산제일약국,medical,pharmacy,약국,다바6867,127.1490377,36.8006634,968691.3714787958,1867002.1068085898
medical__pharmacy,medical_pharmacy_cheonan.csv,남산중앙약국,medical,pharmacy,약국,다바6866,127.1498864,36.8002228,968766.903628054,1866952.9535259232
medical__pharmacy,medical_pharmacy_cheonan.csv,누리약국,medical,pharmacy,약국,다바6569,127.1161144,36.8254588,965765.3821930418,1869763.954592753
medical__pharmacy,medical_pharmacy_cheonan.csv,눈사랑약국,medical,pharmacy,약국,다바6967,127.1526464,36.806653,969015.710493174,1867665.3588817213
medical__pharmacy,medical_pharmacy_cheonan.csv,늘봄약국,medical,pharmacy,약국,다바6965,127.1528761,36.7832667,969026.7861127442,1865071.042348138
medical__pharmacy,medical_pharmacy_cheonan.csv,늘사랑약국,medical,pharmacy,약국,다바6767,127.136388,36.8024036,967563.6472743519,1867199.3628748422
medical__pharmacy,medical_pharmacy_cheonan.csv,다나약국,medical,pharmacy,약국,다바6875,127.1509814,36.8783065,968896.2235231021,1875614.4858973597
medical__pharmacy,medical_pharmacy_cheonan.csv,다사랑약국,medical,pharmacy,약국,다바6767,127.1361516,36.8053662,967543.8091952951,1867528.08493937
medical__pharmacy,medical_pharmacy_cheonan.csv,다솜약국,medical,pharmacy,약국,다바6767,127.1373576,36.8028947,967650.3482528728,1867253.5122952778
medical__pharmacy,medical_pharmacy_cheonan.csv,대광약국,medical,pharmacy,약국,다바6969,127.156528,36.8207735,969367.5810388924,1869230.5000458336
medical__pharmacy,medical_pharmacy_cheonan.csv,대문약국,medical,pharmacy,약국,다바7071,127.1740153,36.8396858,970934.3393691881,1871322.991884196
medical__pharmacy,medical_pharmacy_cheonan.csv,대성약국,medical,pharmacy,약국,다바6666,127.1294022,36.7933496,966936.5785814961,1866197.3934330528
medical__pharmacy,medical_pharmacy_cheonan.csv,대은약국,medical,pharmacy,약국,다바6769,127.1378027,36.8262114,967699.8517172836,1869839.8929540804
medical__pharmacy,medical_pharmacy_cheonan.csv,대진약국,medical,pharmacy,약국,다바6767,127.139641,36.8064762,967855.5375871414,1867650.0389712981
medical__pharmacy,medical_pharmacy_cheonan.csv,대학약국,medical,pharmacy,약국,다바7171,127.1748818,36.8408474,971012.0374566509,1871451.5858554651
medical__pharmacy,medical_pharmacy_cheonan.csv,대학정문약국,medical,pharmacy,약국,다바6767,127.1353951,36.801634,967474.7488989591,1867114.328200249
medical__pharmacy,medical_pharmacy_cheonan.csv,대학하나로약국,medical,pharmacy,약국,다바6767,127.1369147,36.8027087,967610.7607112945,1867233.0291778645
medical__pharmacy,medical_pharmacy_cheonan.csv,더맑은약국,medical,pharmacy,약국,다바6468,127.1073927,36.8130782,964981.9444372755,1868393.726167114
medical__pharmacy,medical_pharmacy_cheonan.csv,더편한약국,medical,pharmacy,약국,다바6767,127.1350048,36.8045568,967441.1686909768,1867438.687810667
medical__pharmacy,medical_pharmacy_cheonan.csv,도담약국,medical,pharmacy,약국,다바6768,127.1340238,36.8111032,967356.4389182276,1868165.2163443423
medical__pharmacy,medical_pharmacy_cheonan.csv,동백약국,medical,pharmacy,약국,다바6969,127.1616329,36.8204935,969822.7511756518,1869197.8159649253
medical__pharmacy,medical_pharmacy_cheonan.csv,동서당약국,medical,pharmacy,약국,다바6869,127.1415119,36.8265708,968030.7827107123,1869878.514467351
medical__pharmacy,medical_pharmacy_cheonan.csv,동우약국,medical,pharmacy,약국,다바7263,127.1934751,36.7721993,972645.4367804207,1863830.9672862205
medical__pharmacy,medical_pharmacy_cheonan.csv,동행약국,medical,pharmacy,약국,다바6968,127.156893,36.8186205,969399.276397737,1868991.5499124748
medical__pharmacy,medical_pharmacy_cheonan.csv,두리약국,medical,pharmacy,약국,다바6964,127.1553655,36.7810585,969248.0291204388,1864825.284345171
medical__pharmacy,medical_pharmacy_cheonan.csv,두리이화약국,medical,pharmacy,약국,다바6667,127.1192222,36.8013837,966031.8991233651,1867092.1842375642
medical__pharmacy,medical_pharmacy_cheonan.csv,두정구름약국,medical,pharmacy,약국,다바6870,127.1458041,36.8335447,968416.4203349233,1870650.7069564906
medical__pharmacy,medical_pharmacy_cheonan.csv,두정아름약국,medical,pharmacy,약국,다바6970,127.152436,36.8334971,969007.7684478265,1870643.2555420185
medical__pharmacy,medical_pharmacy_cheonan.csv,두정약국,medical,pharmacy,약국,다바6870,127.1414138,36.833259,968024.8177826161,1870620.4738872454
medical__pharmacy,medical_pharmacy_cheonan.csv,두정역스타약국,medical,pharmacy,약국,다바6870,127.145739,36.8329799,968410.3831213777,1870588.0747943087
medical__pharmacy,medical_pharmacy_cheonan.csv,두정역일번약국,medical,pharmacy,약국,다바6870,127.1475777,36.8330958,968574.3888466966,1870600.325502443
medical__pharmacy,medical_pharmacy_cheonan.csv,두정제일약국,medical,pharmacy,약국,다바6770,127.1393316,36.8334113,967839.2107759357,1870638.0672918926
medical__pharmacy,medical_pharmacy_cheonan.csv,드림약국,medical,pharmacy,약국,다바6867,127.1481019,36.8083735,968611.0373954161,1867857.696391069
medical__pharmacy,medical_pharmacy_cheonan.csv,디노약국,medical,pharmacy,약국,다바6568,127.1097404,36.8180572,965193.5995675005,1868945.19205516
medical__pharmacy,medical_pharmacy_cheonan.csv,딸기약국,medical,pharmacy,약국,다바6671,127.1297531,36.8403803,966988.0880442398,1871414.410456411
medical__pharmacy,medical_pharmacy_cheonan.csv,라라약국,medical,pharmacy,약국,다바6670,127.1276148,36.8317807,966793.7152246205,1870461.1903846073
medical__pharmacy,medical_pharmacy_cheonan.csv,라키아명일약국,medical,pharmacy,약국,다바6767,127.1380795,36.8042719,967715.3239856173,1867406.041440888
medical__pharmacy,medical_pharmacy_cheonan.csv,레몬약국,medical,pharmacy,약국,다바6771,127.133926,36.8370941,967358.7566435732,1871048.4359325932
medical__pharmacy,medical_pharmacy_cheonan.csv,로타리약국,medical,pharmacy,약국,다바6867,127.1504448,36.8034745,968818.036131694,1867313.4828352914
medical__pharmacy,medical_pharmacy_cheonan.csv,루가약국,medical,pharmacy,약국,다바6666,127.1250616,36.7940588,966549.6324234142,1866277.5740584992
medical__pharmacy,medical_pharmacy_cheonan.csv,리튼약국,medical,pharmacy,약국,다바6669,127.1220444,36.8238851,966293.5269294777,1869587.2756528205
medical__pharmacy,medical_pharmacy_cheonan.csv,마더스약국,medical,pharmacy,약국,다바6666,127.1270861,36.795922,966731.0559453059,1866483.5529780076
medical__pharmacy,medical_pharmacy_cheonan.csv,마음약국,medical,pharmacy,약국,다바6666,127.1292986,36.7969228,966928.8717830135,1866593.804605679
medical__pharmacy,medical_pharmacy_cheonan.csv,맘편한약국,medical,pharmacy,약국,다바6670,127.1275923,36.8307057,966791.2442027176,1870341.9476372227
medical__pharmacy,medical_pharmacy_cheonan.csv,메가센트럴약국,medical,pharmacy,약국,다바6767,127.1349102,36.8069431,967433.7405676709,1867703.432893817
medical__pharmacy,medical_pharmacy_cheonan.csv,메디컬약국,medical,pharmacy,약국,다바6666,127.1294288,36.7930538,966938.8246392426,1866164.5711329042
medical__pharmacy,medical_pharmacy_cheonan.csv,메디팜백화점약국,medical,pharmacy,약국,다바6969,127.1593265,36.8191481,969616.5225238916,1869049.3006675348
medical__pharmacy,medical_pharmacy_cheonan.csv,명가약국,medical,pharmacy,약국,다바7579,127.2217887,36.9110428,975217.0177214708,1879225.249547386
medical__pharmacy,medical_pharmacy_cheonan.csv,명보약국,medical,pharmacy,약국,다바6967,127.1530507,36.8029076,969050.2673214191,1867249.7500817927
medical__pharmacy,medical_pharmacy_cheonan.csv,명진약국,medical,pharmacy,약국,다바7071,127.1740061,36.8399336,970933.612846307,1871350.4833254144
medical__pharmacy,medical_pharmacy_cheonan.csv,모범약국,medical,pharmacy,약국,다바6767,127.1397009,36.8027559,967859.3259949405,1867237.3251434804
medical__pharmacy,medical_pharmacy_cheonan.csv,목천약국,medical,pharmacy,약국,다바7464,127.2120236,36.7750852,974301.6893066319,1864145.9575771485
medical__pharmacy,medical_pharmacy_cheonan.csv,목천온누리약국,medical,pharmacy,약국,다바7464,127.2131112,36.7758092,974398.9850619386,1864225.979004877
medical__pharmacy,medical_pharmacy_cheonan.csv,목천종로약국,medical,pharmacy,약국,다바7363,127.2083835,36.7727832,973976.0767933355,1863891.5816455134
medical__pharmacy,medical_pharmacy_cheonan.csv,문타워약국,medical,pharmacy,약국,다바6968,127.1578454,36.8186549,969484.232150813,1868995.061504989
medical__pharmacy,medical_pharmacy_cheonan.csv,미래로약국,medical,pharmacy,약국,다바6767,127.1361516,36.8053662,967543.8091952951,1867528.08493937
medical__pharmacy,medical_pharmacy_cheonan.csv,미르온누리약국,medical,pharmacy,약국,다바6665,127.1284801,36.7887287,966852.3211137956,1865685.116067564
medical__pharmacy,medical_pharmacy_cheonan.csv,미소약국,medical,pharmacy,약국,다바6671,127.11875,36.8433904,966008.3591252312,1871752.1815351066
medical__pharmacy,medical_pharmacy_cheonan.csv,미소팜약국,medical,pharmacy,약국,다바6868,127.1487218,36.8106782,968667.271218761,1868113.1541113914
medical__pharmacy,medical_pharmacy_cheonan.csv,미원약국,medical,pharmacy,약국,다바6667,127.1188958,36.8014806,966002.8246196371,1867103.049348742
medical__pharmacy,medical_pharmacy_cheonan.csv,믿음약국,medical,pharmacy,약국,다바6967,127.1581804,36.8085524,969510.1036500044,1867874.2810275517
medical__pharmacy,medical_pharmacy_cheonan.csv,바다약국,medical,pharmacy,약국,다바6670,127.1276165,36.8302838,966793.219858203,1870295.1375483065
medical__pharmacy,medical_pharmacy_cheonan.csv,바로약국,medical,pharmacy,약국,다바6966,127.1597444,36.7940286,969643.8794522819,1866262.6570648216
medical__pharmacy,medical_pharmacy_cheonan.csv,바른약국,medical,pharmacy,약국,다바6568,127.1087183,36.8153477,965101.2102381703,1868644.9983044022
medical__pharmacy,medical_pharmacy_cheonan.csv,밝은미래약국,medical,pharmacy,약국,다바6866,127.1497551,36.8004868,968755.2977548679,1866982.2819574887
medical__pharmacy,medical_pharmacy_cheonan.csv,밝은약국,medical,pharmacy,약국,다바6968,127.1584983,36.8168386,969541.7429117742,1868793.3704218627
medical__pharmacy,medical_pharmacy_cheonan.csv,백두산옵티마약국,medical,pharmacy,약국,다바8262,127.2997735,36.7623012,982129.3207410579,1862707.8670468908
medical__pharmacy,medical_pharmacy_cheonan.csv,백석제일약국,medical,pharmacy,약국,다바6569,127.1187642,36.8199949,965999.2731185015,1869156.8949915417
medical__pharmacy,medical_pharmacy_cheonan.csv,백세약국,medical,pharmacy,약국,다바6666,127.1269714,36.7943292,966720.1341003347,1866306.9034327636
medical__pharmacy,medical_pharmacy_cheonan.csv,백제약국,medical,pharmacy,약국,다바6969,127.1537197,36.8190726,969116.4395966234,1869042.72194601
medical__pharmacy,medical_pharmacy_cheonan.csv,백화점약국,medical,pharmacy,약국,다바6767,127.1394799,36.8039762,967840.1217758106,1867372.7675540159
medical__pharmacy,medical_pharmacy_cheonan.csv,버들약국,medical,pharmacy,약국,다바6967,127.1593365,36.8065395,969612.4312959495,1867650.6216265769
medical__pharmacy,medical_pharmacy_cheonan.csv,범약국,medical,pharmacy,약국,다바6467,127.1049503,36.8040319,964759.9514186183,1867391.1135801286
medical__pharmacy,medical_pharmacy_cheonan.csv,베데스다병천약국,medical,pharmacy,약국,다바8162,127.2979928,36.7629472,981970.540163391,1862779.861072893
medical__pharmacy,medical_pharmacy_cheonan.csv,별님온누리약국,medical,pharmacy,약국,다바6568,127.1082039,36.8124074,965053.9936982356,1868319.017218612
medical__pharmacy,medical_pharmacy_cheonan.csv,별약국,medical,pharmacy,약국,다바6666,127.1245555,36.793903,966504.4123749697,1866260.4682449622
medical__pharmacy,medical_pharmacy_cheonan.csv,보건약국,medical,pharmacy,약국,다바6867,127.1508809,36.8082565,968858.8749423611,1867843.8089776062
medical__pharmacy,medical_pharmacy_cheonan.csv,보룡약국,medical,pharmacy,약국,다바6870,127.1457984,36.8343409,968416.2394022692,1870739.0318992042
medical__pharmacy,medical_pharmacy_cheonan.csv,본약국,medical,pharmacy,약국,다바6569,127.1099304,36.8212772,965212.0027194138,1869302.319455842
medical__pharmacy,medical_pharmacy_cheonan.csv,봄날약국,medical,pharmacy,약국,다바6670,127.1269959,36.8313915,966738.3580382671,1870418.23133537
medical__pharmacy,medical_pharmacy_cheonan.csv,봄빛약국,medical,pharmacy,약국,다바6770,127.1317172,36.8316908,967159.4969170307,1870449.800251316
medical__pharmacy,medical_pharmacy_cheonan.csv,봄약국,medical,pharmacy,약국,다바6468,127.1065681,36.8165302,964909.9707577726,1868776.960665233
medical__pharmacy,medical_pharmacy_cheonan.csv,봉명우리약국,medical,pharmacy,약국,다바6767,127.1361516,36.8053662,967543.8091952951,1867528.08493937
medical__pharmacy,medical_pharmacy_cheonan.csv,부광약국,medical,pharmacy,약국,다바6769,127.1372458,36.8234501,967649.0257188181,1869533.7686015845
medical__pharmacy,medical_pharmacy_cheonan.csv,불당설약국,medical,pharmacy,약국,다바6568,127.1081762,36.8129631,965051.7756063621,1868380.671412383
medical__pharmacy,medical_pharmacy_cheonan.csv,불당센트럴약국,medical,pharmacy,약국,다바6568,127.1085249,36.8102103,965081.6274088289,1868075.174643552
medical__pharmacy,medical_pharmacy_cheonan.csv,불당아름약국,medical,pharmacy,약국,다바6468,127.106924,36.8119743,964939.6358149728,1868271.4417588098
medical__pharmacy,medical_pharmacy_cheonan.csv,불당호수약국,medical,pharmacy,약국,,127.0992362,36.7970961,964247.0041725292,1866623.8439868793
medical__pharmacy,medical_pharmacy_cheonan.csv,사랑약국,medical,pharmacy,약국,다바6666,127.1282685,36.7962293,966836.6748518345,1866517.2312137552
medical__pharmacy,medical_pharmacy_cheonan.csv,사슴약국,medical,pharmacy,약국,,127.1171774,36.7889901,965843.9855410723,1865718.0888112558
medical__pharmacy,medical_pharmacy_cheonan.csv,사직천안종합약국,medical,pharmacy,약국,다바6866,127.1496978,36.8005742,968750.2216180706,1866991.9959687712
medical__pharmacy,medical_pharmacy_cheonan.csv,삼성약국,medical,pharmacy,약국,다바6670,127.1232884,36.8310826,966407.6152466693,1870385.2614762955
medical__pharmacy,medical_pharmacy_cheonan.csv,새로나약국,medical,pharmacy,약국,다바6968,127.1585276,36.8164365,969544.1968564724,1868748.7559824444
medical__pharmacy,medical_pharmacy_cheonan.csv,새봄약국,medical,pharmacy,약국,다바6665,127.1282562,36.7898936,966832.846381745,1865814.4159937901
medical__pharmacy,medical_pharmacy_cheonan.csv,새봄온누리약국,medical,pharmacy,약국,다바6763,127.1332474,36.7734358,967271.1679321486,1863987.0365308612
medical__pharmacy,medical_pharmacy_cheonan.csv,새샘약국,medical,pharmacy,약국,다바6764,127.133441,36.7742008,967288.7697974688,1864071.831538669
medical__pharmacy,medical_pharmacy_cheonan.csv,새싹약국,medical,pharmacy,약국,다바6870,127.1467703,36.8304117,968501.2920533877,1870302.8421952582
medical__pharmacy,medical_pharmacy_cheonan.csv,새하얀약국,medical,pharmacy,약국,다바6471,127.1040302,36.8409674,964694.8456160509,1871488.7332201719
medical__pharmacy,medical_pharmacy_cheonan.csv,샬롬약국,medical,pharmacy,약국,다바7763,127.2519516,36.7696687,977863.216195726,1863535.1308656333
medical__pharmacy,medical_pharmacy_cheonan.csv,서부수약국,medical,pharmacy,약국,다바6771,127.1306482,36.8404069,967067.90856803,1871417.0523636462
medical__pharmacy,medical_pharmacy_cheonan.csv,서부평화약국,medical,pharmacy,약국,다바6666,127.121802,36.7975961,966260.3753464414,1866671.1119400521
medical__pharmacy,medical_pharmacy_cheonan.csv,서산약국,medical,pharmacy,약국,다바6767,127.136388,36.8024036,967563.6472743519,1867199.3628748422
medical__pharmacy,medical_pharmacy_cheonan.csv,서울약국,medical,pharmacy,약국,다바6968,127.1540122,36.8184252,969142.2668688329,1868970.8111353198
medical__pharmacy,medical_pharmacy_cheonan.csv,서일약국,medical,pharmacy,약국,다바7065,127.1718517,36.7836047,970720.0773020821,1865102.562055037
medical__pharmacy,medical_pharmacy_cheonan.csv,서주약국,medical,pharmacy,약국,다바6966,127.1592103,36.7955567,969596.833113822,1866432.3387729416
medical__pharmacy,medical_pharmacy_cheonan.csv,서진약국,medical,pharmacy,약국,다바6770,127.1335183,36.8284543,967318.728565359,1870090.1556375844
medical__pharmacy,medical_pharmacy_cheonan.csv,서해약국,medical,pharmacy,약국,다바6968,127.1566244,36.8186141,969375.3181071313,1868990.9259628826
medical__pharmacy,medical_pharmacy_cheonan.csv,선경약국,medical,pharmacy,약국,다바7263,127.197253,36.7682766,972981.2045744553,1863394.7514481153
medical__pharmacy,medical_pharmacy_cheonan.csv,선우약국,medical,pharmacy,약국,다바6770,127.1339331,36.8356224,967358.7643663229,1870885.1766038053
medical__pharmacy,medical_pharmacy_cheonan.csv,성거약국,medical,pharmacy,약국,다바7375,127.2020837,36.874371,973448.999423763,1875162.4859174597
medical__pharmacy,medical_pharmacy_cheonan.csv,성모약국,medical,pharmacy,약국,다바6666,127.1256392,36.7944236,966601.3219504051,1866317.8395310384
medical__pharmacy,medical_pharmacy_cheonan.csv,성성노블약국,medical,pharmacy,약국,다바6671,127.1287168,36.8399447,966895.5014651711,1871366.4474578025
medical__pharmacy,medical_pharmacy_cheonan.csv,성성올리브약국,medical,pharmacy,약국,다바6771,127.1302621,36.8402876,967033.4318342664,1871403.9514376682
medical__pharmacy,medical_pharmacy_cheonan.csv,성성진약국,medical,pharmacy,약국,다바6671,127.1286674,36.8401835,966891.1997652096,1871392.9548761135
medical__pharmacy,medical_pharmacy_cheonan.csv,성성하나로약국,medical,pharmacy,약국,다바6772,127.1403135,36.8473688,967932.59510266,1872186.0551352235
medical__pharmacy,medical_pharmacy_cheonan.csv,성성호수약국,medical,pharmacy,약국,다바6771,127.1304793,36.8397095,967052.5499097058,1871339.7473675858
medical__pharmacy,medical_pharmacy_cheonan.csv,성일약국,medical,pharmacy,약국,다바6779,127.130105,36.917119,967052.4458894259,1879927.038332008
medical__pharmacy,medical_pharmacy_cheonan.csv,성정약국,medical,pharmacy,약국,다바6769,127.1405697,36.824531,967945.9081534314,1869652.5537482472
medical__pharmacy,medical_pharmacy_cheonan.csv,성정천사약국,medical,pharmacy,약국,다바6769,127.1378335,36.826474,967702.7087893967,1869869.0129305539
medical__pharmacy,medical_pharmacy_cheonan.csv,성주약국,medical,pharmacy,약국,다바6769,127.1376243,36.8254137,967683.6067855579,1869751.4638949924
medical__pharmacy,medical_pharmacy_cheonan.csv,성환녹십자약국,medical,pharmacy,약국,다바6679,127.128163,36.9169075,966879.3745242434,1879904.2486886194
medical__pharmacy,medical_pharmacy_cheonan.csv,성환문화약국,medical,pharmacy,약국,다바6779,127.1307498,36.917341,967109.9755369273,1879951.4427864598
medical__pharmacy,medical_pharmacy_cheonan.csv,성환온누리약국,medical,pharmacy,약국,다바6779,127.1320244,36.9166037,967223.1922135227,1879869.2136363904
medical__pharmacy,medical_pharmacy_cheonan.csv,성환이화약국,medical,pharmacy,약국,다바6679,127.12828,36.9162513,966889.5124306845,1879831.4142646987
medical__pharmacy,medical_pharmacy_cheonan.csv,성환제일약국,medical,pharmacy,약국,다바6779,127.1334622,36.9174697,967351.6314751044,1879964.7879519898
medical__pharmacy,medical_pharmacy_cheonan.csv,세계로약국,medical,pharmacy,약국,다바6566,127.1179193,36.7989793,965914.6051721018,1866825.9271489286
medical__pharmacy,medical_pharmacy_cheonan.csv,세종메디칼약국,medical,pharmacy,약국,다바6864,127.1427055,36.7806364,968118.1897655143,1864782.604201149
medical__pharmacy,medical_pharmacy_cheonan.csv,세종약국,medical,pharmacy,약국,다바6666,127.1293072,36.7927026,966927.8248697149,1866125.6545358885
medical__pharmacy,medical_pharmacy_cheonan.csv,세훈약국,medical,pharmacy,약국,,127.1036262,36.8001848,964640.0671131554,1866964.8423215167
medical__pharmacy,medical_pharmacy_cheonan.csv,소망약국,medical,pharmacy,약국,다바6567,127.1100531,36.806705,965216.3531352744,1867685.7733654259
medical__pharmacy,medical_pharmacy_cheonan.csv,소망온누리약국,medical,pharmacy,약국,다바7170,127.1779107,36.8308147,971278.348048604,1870337.7370966072
medical__pharmacy,medical_pharmacy_cheonan.csv,솔약국,medical,pharmacy,약국,다바8262,127.2990557,36.7609545,982064.9417884909,1862558.6132152812
medical__pharmacy,medical_pharmacy_cheonan.csv,수약국,medical,pharmacy,약국,다바6870,127.1416821,36.8294229,968047.1468752647,1870194.842859202
medical__pharmacy,medical_pharmacy_cheonan.csv,수자인약국,medical,pharmacy,약국,다바6458,127.1039466,36.7236944,964633.5461735695,1858479.6778215182
medical__pharmacy,medical_pharmacy_cheonan.csv,수정약국,medical,pharmacy,약국,다바6679,127.1283274,36.9150624,966893.2206632581,1879699.5103677157
medical__pharmacy,medical_pharmacy_cheonan.csv,순천당약국,medical,pharmacy,약국,다바6767,127.1361516,36.8053662,967543.8091952951,1867528.08493937
medical__pharmacy,medical_pharmacy_cheonan.csv,순천안약국,medical,pharmacy,약국,다바6767,127.1361516,36.8053662,967543.8091952951,1867528.08493937
medical__pharmacy,medical_pharmacy_cheonan.csv,스마일약국,medical,pharmacy,약국,다바6764,127.1341757,36.7747712,967354.5755508967,1864134.854962613
medical__pharmacy,medical_pharmacy_cheonan.csv,시민약국,medical,pharmacy,약국,다바6867,127.150849,36.801137,968853.1461996296,1867054.051928823
medical__pharmacy,medical_pharmacy_cheonan.csv,신방약국,medical,pharmacy,약국,다바6763,127.1349676,36.770424,967423.4041485823,1863652.3517986136
medical__pharmacy,medical_pharmacy_cheonan.csv,신방종로약국,medical,pharmacy,약국,다바6665,127.1285601,36.790077,966860.0395769498,1865834.6552388067
medical__pharmacy,medical_pharmacy_cheonan.csv,신불당하나로약국,medical,pharmacy,약국,다바6569,127.109134,36.8188843,965139.8909434899,1869037.16368142
medical__pharmacy,medical_pharmacy_cheonan.csv,신비약국,medical,pharmacy,약국,다바6969,127.1554666,36.823179,969273.8818555413,1869497.6839575395
medical__pharmacy,medical_pharmacy_cheonan.csv,신세계약국,medical,pharmacy,약국,다바6768,127.1410337,36.8137852,967982.8122179755,1868460.3614462656
medical__pharmacy,medical_pharmacy_cheonan.csv,쌍용청솔약국,medical,pharmacy,약국,다바6666,127.1245364,36.799774,966505.264723312,1866911.7457170628
medical__pharmacy,medical_pharmacy_cheonan.csv,써니약국,medical,pharmacy,약국,다바6771,127.1367754,36.8418602,967614.8359879733,1871576.1741322286
medical__pharmacy,medical_pharmacy_cheonan.csv,아름약국,medical,pharmacy,약국,다바7071,127.1741104,36.840088,970942.9709213016,1871367.5793152985
medical__pharmacy,medical_pharmacy_cheonan.csv,아우내약국,medical,pharmacy,약국,다바8262,127.2985574,36.7614281,982020.5770728536,1862611.2426470956
medical__pharmacy,medical_pharmacy_cheonan.csv,아이미소약국,medical,pharmacy,약국,다바6468,127.1069713,36.810453,964943.1611152024,1868102.6659063748
medical__pharmacy,medical_pharmacy_cheonan.csv,아이행복약국,medical,pharmacy,약국,다바6569,127.109416,36.8196153,965165.3730357308,1869118.1511629897
medical__pharmacy,medical_pharmacy_cheonan.csv,야우리약국,medical,pharmacy,약국,다바6767,127.1381812,36.8035073,967724.0751648652,1867321.1898749464
medical__pharmacy,medical_pharmacy_cheonan.csv,약손약국,medical,pharmacy,약국,다바6568,127.1085045,36.8140496,965081.5515193954,1868501.0774551812
medical__pharmacy,medical_pharmacy_cheonan.csv,에덴약국,medical,pharmacy,약국,다바6769,127.1364962,36.8235807,967582.2300792701,1869548.510076043
medical__pharmacy,medical_pharmacy_cheonan.csv,엘림약국,medical,pharmacy,약국,다바6965,127.1526084,36.7839278,969003.1659140926,1865144.4647167015
medical__pharmacy,medical_pharmacy_cheonan.csv,연세약국,medical,pharmacy,약국,다바6966,127.1592755,36.7941586,969602.0974632697,1866277.2268587218
medical__pharmacy,medical_pharmacy_cheonan.csv,열린약국,medical,pharmacy,약국,다바6666,127.1259425,36.800283,966630.9228360441,1866967.717700133
medical__pharmacy,medical_pharmacy_cheonan.csv,예진약국,medical,pharmacy,약국,다바6769,127.1400903,36.8262797,967903.8853441908,1869846.6989578516
medical__pharmacy,medical_pharmacy_cheonan.csv,오단지약국,medical,pharmacy,약국,다바6768,127.1391883,36.8135316,967818.1091619564,1868432.8490217112
medical__pharmacy,medical_pharmacy_cheonan.csv,온누리약국,medical,pharmacy,약국,다바6670,127.1283423,36.8337376,966859.4321755808,1870678.018324228
medical__pharmacy,medical_pharmacy_cheonan.csv,온누리영신약국,medical,pharmacy,약국,다바6967,127.1593415,36.8037284,969611.7665343534,1867338.7842569703
medical__pharmacy,medical_pharmacy_cheonan.csv,온누리유명약국,medical,pharmacy,약국,다바6966,127.1603923,36.7939938,969701.6687529085,1866258.591298933
medical__pharmacy,medical_pharmacy_cheonan.csv,온사랑약국,medical,pharmacy,약국,다바6666,127.1294022,36.7933496,966936.5785814961,1866197.3934330528
medical__pharmacy,medical_pharmacy_cheonan.csv,올리브약국,medical,pharmacy,약국,다바6779,127.1341341,36.9111581,967408.7940294585,1879264.397990924
medical__pharmacy,medical_pharmacy_cheonan.csv,올바른온누리약국,medical,pharmacy,약국,다바6975,127.1537593,36.8771042,969143.3010867945,1875480.2115125407
medical__pharmacy,medical_pharmacy_cheonan.csv,옵티마사과약국,medical,pharmacy,약국,다바6969,127.1524783,36.8217882,969006.8180192851,1869344.366465544
medical__pharmacy,medical_pharmacy_cheonan.csv,왕약국,medical,pharmacy,약국,다바7579,127.2214691,36.914473,975189.6587838364,1879605.8515192945
medical__pharmacy,medical_pharmacy_cheonan.csv,용암동아약국,medical,pharmacy,약국,다바6667,127.1190893,36.8023638,966020.4764462085,1867200.9541757593
medical__pharmacy,medical_pharmacy_cheonan.csv,용암약국,medical,pharmacy,약국,다바6667,127.1191325,36.8025838,966024.4273470398,1867225.3434841954
medical__pharmacy,medical_pharmacy_cheonan.csv,용약국,medical,pharmacy,약국,다바6868,127.1491734,36.8122796,968708.2041849805,1868290.6500376994
medical__pharmacy,medical_pharmacy_cheonan.csv,우리들약국,medical,pharmacy,약국,다바6669,127.1234641,36.8242886,966420.314077989,1869631.5365171812
medical__pharmacy,medical_pharmacy_cheonan.csv,우리아이약국,medical,pharmacy,약국,다바6968,127.1576124,36.8186482,969463.4488303805,1868994.3926663855
medical__pharmacy,medical_pharmacy_cheonan.csv,우리약국,medical,pharmacy,약국,다바6769,127.1376959,36.8256132,967690.0759230378,1869773.5703492628
medical__pharmacy,medical_pharmacy_cheonan.csv,우리정문약국,medical,pharmacy,약국,다바6767,127.138032,36.8036209,967710.8134721611,1867333.8419081294
medical__pharmacy,medical_pharmacy_cheonan.csv,우리집약국,medical,pharmacy,약국,다바6777,127.1370955,36.8939029,967665.3154635389,1877349.2356307663
medical__pharmacy,medical_pharmacy_cheonan.csv,우정약국,medical,pharmacy,약국,다바6669,127.1238968,36.8265044,966459.8697737736,1869877.1847679566
medical__pharmacy,medical_pharmacy_cheonan.csv,원마트약국,medical,pharmacy,약국,다바6469,127.1062038,36.8250879,964881.3892260952,1869726.4055889049
medical__pharmacy,medical_pharmacy_cheonan.csv,원앙약국,medical,pharmacy,약국,다바7062,127.1745054,36.761015,970948.339517725,1862595.8891023726
medical__pharmacy,medical_pharmacy_cheonan.csv,위드유약국,medical,pharmacy,약국,다바6467,127.1064318,36.8064529,964893.2130840985,1867659.1310906194
medical__pharmacy,medical_pharmacy_cheonan.csv,윤약국,medical,pharmacy,약국,다바6671,127.1188281,36.8417602,966014.6010299658,1871571.3140367607
medical__pharmacy,medical_pharmacy_cheonan.csv,윤정약국,medical,pharmacy,약국,다바6666,127.1277962,36.7937223,966793.4572444459,1866239.2933467664
medical__pharmacy,medical_pharmacy_cheonan.csv,은하수약국,medical,pharmacy,약국,다바7375,127.202261,36.8762726,973465.4586605411,1875373.3836661535
medical__pharmacy,medical_pharmacy_cheonan.csv,이층약국,medical,pharmacy,약국,다바6777,127.1374725,36.8935665,967698.7644276322,1877311.7904814072
medical__pharmacy,medical_pharmacy_cheonan.csv,이튼약국,medical,pharmacy,약국,다바6968,127.1552443,36.8185466,969252.2035358024,1868983.8811252948
medical__pharmacy,medical_pharmacy_cheonan.csv,이화약국,medical,pharmacy,약국,다바6771,127.1312324,36.8402188,967119.9166028458,1871395.9850830622
medical__pharmacy,medical_pharmacy_cheonan.csv,일등약국,medical,pharmacy,약국,다바6767,127.1361516,36.8053662,967543.8091952951,1867528.08493937
medical__pharmacy,medical_pharmacy_cheonan.csv,일등온누리약국,medical,pharmacy,약국,다바7375,127.2008218,36.8749309,973336.7302573594,1875224.9480143795
medical__pharmacy,medical_pharmacy_cheonan.csv,입장메디칼약국,medical,pharmacy,약국,다바7579,127.2217748,36.9124348,975216.2298574771,1879379.6704556264
medical__pharmacy,medical_pharmacy_cheonan.csv,입장백약국,medical,pharmacy,약국,다바7579,127.2221116,36.9124857,975246.2478730647,1879385.229447528
medical__pharmacy,medical_pharmacy_cheonan.csv,입장정든약국,medical,pharmacy,약국,다바7479,127.2103136,36.912663,974195.3624942936,1879408.024027785
medical__pharmacy,medical_pharmacy_cheonan.csv,입장제일약국,medical,pharmacy,약국,다바7579,127.2219238,36.9138893,975229.9728533027,1879540.9823398325
medical__pharmacy,medical_pharmacy_cheonan.csv,자연을담은약국,medical,pharmacy,약국,다바6568,127.1080081,36.8115949,965036.1598744564,1868228.9577875037
medical__pharmacy,medical_pharmacy_cheonan.csv,자인약국,medical,pharmacy,약국,다바6770,127.1330062,36.8305808,967273.9672360392,1870326.225001469
medical__pharmacy,medical_pharmacy_cheonan.csv,장수약국,medical,pharmacy,약국,다바8162,127.2973881,36.7615855,981916.2499822436,1862628.9231080199
medical__pharmacy,medical_pharmacy_cheonan.csv,정다운온누리약국,medical,pharmacy,약국,다바6666,127.1281705,36.7933555,966826.6927801251,1866198.4743384284
medical__pharmacy,medical_pharmacy_cheonan.csv,정든약국,medical,pharmacy,약국,다바6779,127.1320611,36.9155968,967226.0303716572,1879757.50326998
medical__pharmacy,medical_pharmacy_cheonan.csv,정문약국,medical,pharmacy,약국,다바7071,127.1741104,36.840088,970942.9709213016,1871367.5793152985
medical__pharmacy,medical_pharmacy_cheonan.csv,정약국,medical,pharmacy,약국,다바6566,127.1179468,36.7987149,965916.9413033229,1866796.5874072083
medical__pharmacy,medical_pharmacy_cheonan.csv,조아약국,medical,pharmacy,약국,다바6671,127.1224038,36.838582,966332.0196679916,1871217.4875172838
medical__pharmacy,medical_pharmacy_cheonan.csv,조약국,medical,pharmacy,약국,다바6666,127.1256519,36.7998012,966604.7895851728,1866914.372961436
medical__pharmacy,medical_pharmacy_cheonan.csv,조은약국,medical,pharmacy,약국,다바6767,127.1404908,36.8078126,967931.8983764389,1867798.0008739135
medical__pharmacy,medical_pharmacy_cheonan.csv,조인약국,medical,pharmacy,약국,다바6968,127.155899,36.8185993,969310.6156380291,1868989.5168003535
medical__pharmacy,medical_pharmacy_cheonan.csv,좋은아침약국,medical,pharmacy,약국,다바6666,127.1264579,36.7947993,966674.5254830816,1866359.230432147
medical__pharmacy,medical_pharmacy_cheonan.csv,주차조은약국,medical,pharmacy,약국,다바6767,127.1381369,36.804457,967720.5219931082,1867426.5552494668
medical__pharmacy,medical_pharmacy_cheonan.csv,주차편한약국,medical,pharmacy,약국,다바6767,127.137713,36.804245,967682.619372984,1867403.1812013483
medical__pharmacy,medical_pharmacy_cheonan.csv,중앙약국,medical,pharmacy,약국,다바6568,127.1082812,36.8132654,965061.2783693649,1868414.1673276564
medical__pharmacy,medical_pharmacy_cheonan.csv,중앙약국,medical,pharmacy,약국,다바7963,127.2716169,36.7708309,979618.5328474925,1863659.6849524274
medical__pharmacy,medical_pharmacy_cheonan.csv,지누약국,medical,pharmacy,약국,다바6969,127.1586367,36.8198442,969555.2771853193,1869126.738784928
medical__pharmacy,medical_pharmacy_cheonan.csv,직산그린약국,medical,pharmacy,약국,다바6875,127.1462737,36.8760342,968475.748180171,1875363.9601901905
medical__pharmacy,medical_pharmacy_cheonan.csv,직산새봄약국,medical,pharmacy,약국,다바6975,127.1536735,36.879769,969136.7269550342,1875775.8496338222
medical__pharmacy,medical_pharmacy_cheonan.csv,직산열린약국,medical,pharmacy,약국,다바6875,127.1504935,36.877351,968852.354765921,1875508.6498668692
medical__pharmacy,medical_pharmacy_cheonan.csv,진약국,medical,pharmacy,약국,다바6669,127.1296515,36.8273293,966973.4189816299,1869966.6876989843
medical__pharmacy,medical_pharmacy_cheonan.csv,진주약국,medical,pharmacy,약국,다바6767,127.1313323,36.8013293,967112.1876435576,1867081.9170985771
medical__pharmacy,medical_pharmacy_cheonan.csv,참사랑약국,medical,pharmacy,약국,다바6578,127.1106551,36.9040677,965314.074355016,1878486.1224851727
medical__pharmacy,medical_pharmacy_cheonan.csv,참사랑약국,medical,pharmacy,약국,다바6866,127.1485189,36.8005598,968645.0479949171,1866990.7843982277
medical__pharmacy,medical_pharmacy_cheonan.csv,참약사맑은약국,medical,pharmacy,약국,다바6965,127.1537221,36.7831608,969102.2308539354,1865059.0213673278
medical__pharmacy,medical_pharmacy_cheonan.csv,참조은약국,medical,pharmacy,약국,다바6666,127.1264606,36.7939998,966674.4200460425,1866270.5408956918
medical__pharmacy,medical_pharmacy_cheonan.csv,참좋은약국,medical,pharmacy,약국,다바6968,127.1586686,36.8169706,969556.9841560386,1868807.9589938233
medical__pharmacy,medical_pharmacy_cheonan.csv,창가약국,medical,pharmacy,약국,다바6868,127.1505739,36.8166862,968834.9079116717,1868779.0183866522
medical__pharmacy,medical_pharmacy_cheonan.csv,천사온누리약국,medical,pharmacy,약국,다바6968,127.1585826,36.818304,969549.8420779346,1868955.9009737023
medical__pharmacy,medical_pharmacy_cheonan.csv,천안대학약국,medical,pharmacy,약국,다바6767,127.1369147,36.8027087,967610.7607112945,1867233.0291778645
medical__pharmacy,medical_pharmacy_cheonan.csv,천안대형약국,medical,pharmacy,약국,다바6869,127.1424235,36.8259158,968111.8057850271,1869805.5504199693
medical__pharmacy,medical_pharmacy_cheonan.csv,천안백제약국,medical,pharmacy,약국,다바6568,127.1078689,36.8124803,965024.1466153045,1868327.2265358723
medical__pharmacy,medical_pharmacy_cheonan.csv,천안부광약국,medical,pharmacy,약국,다바6966,127.159525,36.7942128,969624.3782016675,1866283.1600079753
medical__pharmacy,medical_pharmacy_cheonan.csv,천안새봄약국,medical,pharmacy,약국,다바6869,127.1413382,36.8261598,968015.1213819027,1869832.980090815
medical__pharmacy,medical_pharmacy_cheonan.csv,천안약국,medical,pharmacy,약국,다바7164,127.1783548,36.776641,971297.7393036415,1864328.1110732923
medical__pharmacy,medical_pharmacy_cheonan.csv,천안제일약국,medical,pharmacy,약국,다바6867,127.1520352,36.807211,968961.4158742204,1867727.4561442405
medical__pharmacy,medical_pharmacy_cheonan.csv,천안종로약국,medical,pharmacy,약국,다바6969,127.1580131,36.8214464,969500.2965872542,1869304.6703285896
medical__pharmacy,medical_pharmacy_cheonan.csv,천안주차장약국,medical,pharmacy,약국,다바6766,127.1319034,36.797225,967161.381927239,1866626.430269966
medical__pharmacy,medical_pharmacy_cheonan.csv,천안태평양약국,medical,pharmacy,약국,다바6968,127.1579369,36.8184634,969492.3167910817,1868973.7891285762
medical__pharmacy,medical_pharmacy_cheonan.csv,천안휴게소약국,medical,pharmacy,약국,다바7065,127.173763,36.7870722,970891.9302807648,1865486.6277875877
medical__pharmacy,medical_pharmacy_cheonan.csv,청담약국,medical,pharmacy,약국,다바6568,127.1081329,36.8119601,965047.4575217576,1868269.423968116
medical__pharmacy,medical_pharmacy_cheonan.csv,청당약국,medical,pharmacy,약국,다바6965,127.1539816,36.784412,969125.8875860249,1865197.7329474317
medical__pharmacy,medical_pharmacy_cheonan.csv,청수온누리약국,medical,pharmacy,약국,다바6966,127.1530002,36.7971762,969043.4558670638,1866613.9817128365
medical__pharmacy,medical_pharmacy_cheonan.csv,청아약국,medical,pharmacy,약국,다바6964,127.1527083,36.7803051,969010.6212118213,1864742.5671308835
medical__pharmacy,medical_pharmacy_cheonan.csv,청춘약국,medical,pharmacy,약국,다바6568,127.1091268,36.8162381,965138.0486998858,1868743.6218298152
medical__pharmacy,medical_pharmacy_cheonan.csv,충무건강약국,medical,pharmacy,약국,다바6766,127.1321121,36.7975258,967180.1288701964,1866659.7264190703
medical__pharmacy,medical_pharmacy_cheonan.csv,충무로약국,medical,pharmacy,약국,다바6766,127.1318342,36.7962546,967154.7941136443,1866518.8074597386
medical__pharmacy,medical_pharmacy_cheonan.csv,충무정문약국,medical,pharmacy,약국,다바6766,127.1319727,36.7976546,967167.7476961231,1866674.0620573992
medical__pharmacy,medical_pharmacy_cheonan.csv,충무한사랑약국,medical,pharmacy,약국,다바6766,127.1310663,36.7973864,967086.7713599534,1866644.622101464
medical__pharmacy,medical_pharmacy_cheonan.csv,충청약국,medical,pharmacy,약국,다바6665,127.1284603,36.7886121,966850.5042845962,1865672.188494292
medical__pharmacy,medical_pharmacy_cheonan.csv,친절한약국,medical,pharmacy,약국,다바6767,127.1352675,36.8044821,967464.5709254422,1867430.3119201695
medical__pharmacy,medical_pharmacy_cheonan.csv,캐럿21약국,medical,pharmacy,약국,다바6968,127.1527477,36.8184577,969029.5021741381,1868974.8252493492
medical__pharmacy,medical_pharmacy_cheonan.csv,코끼리약국,medical,pharmacy,약국,다바6568,127.1108675,36.809749,965290.3727893557,1868023.1495666164
medical__pharmacy,medical_pharmacy_cheonan.csv,코보약국,medical,pharmacy,약국,다바6767,127.1318899,36.8046835,967163.3618754374,1867453.8076426862
medical__pharmacy,medical_pharmacy_cheonan.csv,큰사랑약국,medical,pharmacy,약국,다바6667,127.1188958,36.8014806,966002.8246196371,1867103.049348742
medical__pharmacy,medical_pharmacy_cheonan.csv,터미널스타약국,medical,pharmacy,약국,다바6969,127.1563472,36.820513,969351.3525293372,1869201.660607762
medical__pharmacy,medical_pharmacy_cheonan.csv,토마스온누리약국,medical,pharmacy,약국,다바6569,127.1077338,36.8222722,965016.5530096333,1869413.4970375302
medical__pharmacy,medical_pharmacy_cheonan.csv,튼튼약국,medical,pharmacy,약국,다바6669,127.1188787,36.8236078,966011.0826954977,1869557.6354903409
medical__pharmacy,medical_pharmacy_cheonan.csv,튼튼약국,medical,pharmacy,약국,다바7375,127.201064,36.8733963,973357.7826177727,1875054.645199961
medical__pharmacy,medical_pharmacy_cheonan.csv,평화약국,medical,pharmacy,약국,다바6666,127.1294022,36.7933496,966936.5785814961,1866197.3934330528
medical__pharmacy,medical_pharmacy_cheonan.csv,푸른약국,medical,pharmacy,약국,다바6566,127.1179218,36.7983646,965914.555815168,1866757.7374722657
medical__pharmacy,medical_pharmacy_cheonan.csv,풍세서울약국,medical,pharmacy,약국,다바6658,127.1193933,36.7223582,966012.3101990534,1858325.8645578357
medical__pharmacy,medical_pharmacy_cheonan.csv,풍세일번약국,medical,pharmacy,약국,다바6458,127.1063343,36.7262638,964847.9330685326,1858763.8197822045
medical__pharmacy,medical_pharmacy_cheonan.csv,프라자약국,medical,pharmacy,약국,다바6769,127.1305984,36.8261086,967057.3377407762,1869830.9478867485
medical__pharmacy,medical_pharmacy_cheonan.csv,플러스약국,medical,pharmacy,약국,다바6870,127.1458515,36.8350948,968421.2841927109,1870822.6450515124
medical__pharmacy,medical_pharmacy_cheonan.csv,하나로약국,medical,pharmacy,약국,다바6975,127.1537364,36.880118,969142.4727961378,1875814.5444212928
medical__pharmacy,medical_pharmacy_cheonan.csv,하나약국,medical,pharmacy,약국,다바6568,127.1086804,36.8106149,965095.6812625934,1868120.0003277636
medical__pharmacy,medical_pharmacy_cheonan.csv,하나팜약국,medical,pharmacy,약국,다바6666,127.1245364,36.799774,966505.264723312,1866911.7457170628
medical__pharmacy,medical_pharmacy_cheonan.csv,하늘약국,medical,pharmacy,약국,다바6965,127.1529449,36.7827604,969032.7213206097,1865014.8563360914
medical__pharmacy,medical_pharmacy_cheonan.csv,하늘약국,medical,pharmacy,약국,다바7374,127.200824,36.8727307,973336.1615827554,1874980.876317576
medical__pharmacy,medical_pharmacy_cheonan.csv,하늘약국,medical,pharmacy,약국,다바6768,127.1348034,36.8140792,967427.2371317905,1868495.0793135453
medical__pharmacy,medical_pharmacy_cheonan.csv,하늘조은약국,medical,pharmacy,약국,다바6769,127.1365867,36.8262859,967591.4418819655,1869848.5688724164
medical__pharmacy,medical_pharmacy_cheonan.csv,하은약국,medical,pharmacy,약국,다바6568,127.1087019,36.8173065,965100.6367880945,1868862.2950511607
medical__pharmacy,medical_pharmacy_cheonan.csv,학산약국,medical,pharmacy,약국,다바6770,127.1331366,36.8323889,967286.3653572581,1870526.7542367605
medical__pharmacy,medical_pharmacy_cheonan.csv,한들약국,medical,pharmacy,약국,다바6471,127.1040302,36.8409674,964694.8456160509,1871488.7332201719
medical__pharmacy,medical_pharmacy_cheonan.csv,한사랑약국,medical,pharmacy,약국,다바7071,127.1741036,36.8394395,970942.1192755649,1871295.64278455
medical__pharmacy,medical_pharmacy_cheonan.csv,한성약국,medical,pharmacy,약국,다바6870,127.1441236,36.8330935,968266.3835564688,1870601.2116761457
medical__pharmacy,medical_pharmacy_cheonan.csv,한솔약국,medical,pharmacy,약국,다바6770,127.1319545,36.8291985,967179.5929014009,1870173.246087568
medical__pharmacy,medical_pharmacy_cheonan.csv,한아름약국,medical,pharmacy,약국,다바6975,127.152227,36.8775039,969006.9047509369,1875525.0471652877
medical__pharmacy,medical_pharmacy_cheonan.csv,한얼약국,medical,pharmacy,약국,다바6769,127.1370408,36.8261479,967631.8797469262,1869833.106582112
medical__pharmacy,medical_pharmacy_cheonan.csv,한울약국,medical,pharmacy,약국,다바6964,127.1528517,36.7813351,969023.8315692976,1864856.7783240941
medical__pharmacy,medical_pharmacy_cheonan.csv,한일섭약국,medical,pharmacy,약국,다바6867,127.150504,36.808406,968825.3162761248,1867860.5158526062
medical__pharmacy,medical_pharmacy_cheonan.csv,해누리약국,medical,pharmacy,약국,다바6969,127.1543462,36.8228425,969173.8272223005,1869460.7165426617
medical__pharmacy,medical_pharmacy_cheonan.csv,해맑은 약국,medical,pharmacy,약국,다바6666,127.1267499,36.7940774,966700.2638404872,1866279.048323324
medical__pharmacy,medical_pharmacy_cheonan.csv,햇살약국,medical,pharmacy,약국,다바6766,127.1308952,36.8004295,967072.8098279112,1866982.2525107153
medical__pharmacy,medical_pharmacy_cheonan.csv,행복약국,medical,pharmacy,약국,다바6875,127.1508367,36.8772983,968882.9191098546,1875502.6918645946
medical__pharmacy,medical_pharmacy_cheonan.csv,행복한약국,medical,pharmacy,약국,다바6770,127.1402171,36.833824,967918.3434198565,1870683.5508047796
medical__pharmacy,medical_pharmacy_cheonan.csv,허브약국,medical,pharmacy,약국,다바6666,127.1220087,36.7925153,966276.5883413907,1866107.4253756043
medical__pharmacy,medical_pharmacy_cheonan.csv,현대약국,medical,pharmacy,약국,다바6966,127.1600494,36.7945992,969671.3152523665,1866325.8569565827
medical__pharmacy,medical_pharmacy_cheonan.csv,혜광약국,medical,pharmacy,약국,다바6669,127.1246053,36.8225714,966521.339317414,1869440.6461790325
medical__pharmacy,medical_pharmacy_cheonan.csv,혜민원한약국,medical,pharmacy,약국,다바6568,127.1086065,36.8169717,965091.9761118923,1868825.1903256178
medical__pharmacy,medical_pharmacy_cheonan.csv,호수약국,medical,pharmacy,약국,다바7070,127.1732841,36.8360357,970867.7591177942,1870918.3062886214
medical__pharmacy,medical_pharmacy_cheonan.csv,화신약국,medical,pharmacy,약국,다바6767,127.1373576,36.8028947,967650.3482528728,1867253.5122952778
medical__pharmacy,medical_pharmacy_cheonan.csv,활기찬약국,medical,pharmacy,약국,다바6764,127.1338518,36.7736712,967325.2044193113,1864012.9428558222
medical__pharmacy,medical_pharmacy_cheonan.csv,희망약국,medical,pharmacy,약국,다바6766,127.1310484,36.7981661,967085.5080823237,1866731.1204773798
medical__pharmacy,medical_pharmacy_cheonan.csv,힐링약국,medical,pharmacy,약국,다바6471,127.1047956,36.8413395,964763.2606468332,1871529.72813354
medical__pharmacy,medical_pharmacy_cheonan.csv,힘찬약국,medical,pharmacy,약국,다바6969,127.1579634,36.8228004,969496.4015295483,1869454.8860611292
education__school,education_school_cheonan.csv,천안초등학교병설유치원,education,school,유치원,다바6868,127.15061378590998,36.81307127118483,968836.9999999998,1868377.9999828944
education__school,education_school_cheonan.csv,천안남산초등학교병설유치원,education,school,유치원,다바6967,127.15338825309937,36.80445234751065,969081.000000003,1867420.9999827773
education__school,education_school_cheonan.csv,천안부대초등학교병설유치원,education,school,유치원,다바6972,127.15252799675272,36.84844131275744,969021.9999999991,1872300.999983372
education__school,education_school_cheonan.csv,천안업성초등학교병설유치원,education,school,유치원,다바6873,127.14104671787976,36.86184796793661,968004.0,1873791.999983556
education__school,education_school_cheonan.csv,천안청수초등학교병설유치원,education,school,유치원,다바6865,127.15066440087554,36.7895881677158,968832.0000000009,1865772.9999825777
education__school,education_school_cheonan.csv,천안신안초등학교병설유치원,education,school,유치원,다바6968,127.16147278153971,36.814202468503154,969805.9999999994,1868499.9999829105
education__school,education_school_cheonan.csv,천안봉명초등학교병설유치원,education,school,유치원,다바6767,127.13545926315636,36.80524612325997,967482.0000000001,1867514.9999827873
education__school,education_school_cheonan.csv,천안구성초등학교병설유치원,education,school,유치원,다바6966,127.15901072318331,36.7929568411526,969577.9999999976,1866143.9999826234
education__school,education_school_cheonan.csv,천안봉서초등학교병설유치원,education,school,유치원,다바6768,127.13044653182152,36.81259563561263,967037.9999999994,1868331.9999828879
education__school,education_school_cheonan.csv,천안미라초등학교병설유치원,education,school,유치원,다바6667,127.12903556345988,36.80062877542066,966907.0000000005,1867004.9999827254
education__school,education_school_cheonan.csv,천안쌍용초등학교병설유치원,education,school,유치원,다바6667,127.12247205563,36.80181608904511,966321.999999999,1867138.9999827421
education__school,education_school_cheonan.csv,천안용소초등학교병설유치원,education,school,유치원,다바6765,127.13581139511938,36.79006647163318,967507.0000000005,1865830.9999825838
education__school,education_school_cheonan.csv,천안청당초등학교병설유치원,education,school,유치원,다바6864,127.15151460354146,36.78004408439318,968904.0000000002,1864713.9999824488
education__school,education_school_cheonan.csv,천안가온초등학교병설유치원,education,school,유치원,다바6865,127.14878918156796,36.78543588159371,968663.0000000012,1865312.999982521
education__school,education_school_cheonan.csv,풍세초등학교병설유치원,education,school,유치원,다바6558,127.117626688175,36.72562612820576,965855.9999999993,1858688.999981717
education__school,education_school_cheonan.csv,용정초등학교병설유치원,education,school,유치원,다바6460,127.10139182958548,36.744467824054944,964415.0000000022,1860784.9999819703
education__school,education_school_cheonan.csv,미죽초등학교병설유치원,education,school,유치원,다바6860,127.15176213755488,36.73769351992586,968909.0000000029,1860015.9999818783
education__school,education_school_cheonan.csv,광덕초등학교병설유치원,education,school,유치원,다바6555,127.11056298977392,36.698459640929485,965213.0,1855677.9999813545
education__school,education_school_cheonan.csv,보산원초등학교병설유치원,education,school,유치원,다바6254,127.07576173806292,36.68559375668558,962097.9999999993,1854263.9999811829
education__school,education_school_cheonan.csv,목천초등학교병설유치원,education,school,유치원,다바7665,127.23566165724638,36.78782418486468,976415.0000000008,1865552.999982553
education__school,education_school_cheonan.csv,신계초등학교병설유치원,education,school,유치원,다바7363,127.20236813909456,36.76912110333359,973437.9999999999,1863486.999982302
education__school,education_school_cheonan.csv,신흥초등학교병설유치원,education,school,유치원,다바7464,127.21609948232134,36.77383331496849,974665.0000000001,1864005.9999823645
education__school,education_school_cheonan.csv,위례초등학교병설유치원,education,school,유치원,다바7969,127.27448946148358,36.82479230266352,979888.9999999999,1869644.9999830525
education__school,education_school_cheonan.csv,은석초등학교병설유치원,education,school,유치원,다바7865,127.257884524078,36.7885746422903,978397.9999999978,1865630.999982562
education__school,education_school_cheonan.csv,성남초등학교병설유치원,education,school,유치원,다바7758,127.2507990910176,36.726844868425,977747.9999999991,1858784.999981733
education__school,education_school_cheonan.csv,신사초등학교병설유치원,education,school,유치원,다바7660,127.23757650394528,36.74228585755729,976571.9999999995,1860500.9999819405
education__school,education_school_cheonan.csv,수신초등학교병설유치원,education,school,유치원,다바8059,127.28268972568593,36.732298228377616,980597.0000000019,1859382.9999818068
education__school,education_school_cheonan.csv,병천초등학교병설유치원,education,school,유치원,다바8262,127.30095080826258,36.76490964333019,982234.999999999,1862996.999982243
education__school,education_school_cheonan.csv,천동초등학교병설유치원,education,school,유치원,다바8664,127.3478826515929,36.77831174431466,986426.0000000001,1864475.999982423
education__school,education_school_cheonan.csv,성환초등학교병설유치원,education,school,유치원,다바6779,127.1316927817196,36.91741205170082,967193.9999999971,1879958.9999843133
education__school,education_school_cheonan.csv,성신초등학교병설유치원,education,school,유치원,다바6680,127.12876071358376,36.917799563154205,966932.9999999995,1880002.9999843193
education__school,education_school_cheonan.csv,신방초등학교병설유치원,education,school,유치원,다바6381,127.0870839582453,36.92872277845965,963226.0000000003,1881229.9999844662
education__school,education_school_cheonan.csv,도하초등학교병설유치원,education,school,유치원,다바7083,127.16725932884488,36.9483916215403,970374.0,1883383.9999847373
education__school,education_school_cheonan.csv,삼은초등학교병설유치원,education,school,유치원,다바6875,127.14851262525583,36.87779002791546,968676.0000000006,1875557.9999837738
education__school,education_school_cheonan.csv,성거초등학교병설유치원,education,school,유치원,다바7374,127.20052215937336,36.87198284370123,973309.000000003,1874897.999983693
education__school,education_school_cheonan.csv,입장초등학교병설유치원,education,school,유치원,다바7479,127.21918563938068,36.91368469860082,974985.9999999994,1879518.9999842627
education__school,education_school_cheonan.csv,천안일봉유치원,education,school,유치원,다바6766,127.13857105153868,36.79908957996547,967757.0000000009,1866830.999982706
education__school,education_school_cheonan.csv,천안도솔유치원,education,school,유치원,다바6870,127.1508575756157,36.83591510805242,968868.000000001,1870911.9999832031
education__school,education_school_cheonan.csv,천안성정유치원,education,school,유치원,다바6868,127.14163266788636,36.81562273897016,968037.0000000008,1868663.999982929
education__school,education_school_cheonan.csv,천안버들유치원,education,school,유치원,다바6469,127.10560205397476,36.81913258706814,964825.000000001,1869065.9999829757
education__school,education_school_cheonan.csv,천안성성유치원,education,school,유치원,다바6771,127.1368508486101,36.84052469685123,967620.9999999988,1871427.9999832648
education__school,education_school_cheonan.csv,천안꽃마루유치원,education,school,유치원,다바6671,127.124114575607,36.8418823763215,966486.0000000005,1871582.9999832844
education__school,education_school_cheonan.csv,천안불당유치원,education,school,유치원,다바6468,127.1014745906,36.8139763731,964454.4998652213,1868495.5447094317
education__school,education_school_cheonan.csv,천안신촌초등학교병설유치원,education,school,유치원,다바6665,127.122967964753,36.78754741372718,966359.9999999993,1865555.9999825493
education__school,education_school_cheonan.csv,소망초등학교병설유치원,education,school,유치원,다바6975,127.16153532710106,36.87634944030908,969835.9999999993,1875393.9999837533
education__school,education_school_cheonan.csv,천안새샘초등학교병설유치원,education,school,유치원,다바6763,127.13092642501304,36.77099431771921,967063.000000001,1863716.9999823268
education__school,education_school_cheonan.csv,천안차암초등학교병설유치원,education,school,유치원,다바6471,127.10594241991672,36.844591016316464,964867.0000000007,1871889.9999833207
education__school,education_school_cheonan.csv,천안불무초등학교병설유치원,education,school,유치원,다바6469,127.1049041168784,36.81967114877786,964762.9999999997,1869125.9999829824
education__school,education_school_cheonan.csv,천안한들초등학교병설유치원,education,school,유치원,다바6569,127.117431154547,36.8258871410091,965883.0000000022,1869810.9999830674
education__school,education_school_cheonan.csv,천안백석초등학교병설유치원,education,school,유치원,다바6669,127.12208096537069,36.81980811163425,966295.0000000023,1869134.9999829845
education__school,education_school_cheonan.csv,천안희망초등학교병설유치원,education,school,유치원,다바6969,127.15413083815292,36.82627901050229,969156.0000000009,1869841.9999830727
education__school,education_school_cheonan.csv,천안호수초등학교병설유치원,education,school,유치원,,127.09816507443747,36.79613833664901,964150.9999999995,1866517.9999826646
education__school,education_school_cheonan.csv,천안가람초등학교병설유치원,education,school,유치원,다바6671,127.12435465994751,36.84324434192032,966507.999999999,1871733.999983302
education__school,education_school_cheonan.csv,천안능수초등학교병설유치원,education,school,유치원,다바6964,127.1604949348408,36.77665347317494,969703.999999997,1864334.9999824031
education__school,education_school_cheonan.csv,복자유치원,education,school,유치원,다바6867,127.150590624138,36.80583242166387,968832.0000000007,1867574.9999827964
education__school,education_school_cheonan.csv,색동유치원,education,school,유치원,다바6768,127.1405619462414,36.81442055757549,967941.000000002,1868530.9999829119
education__school,education_school_cheonan.csv,대한유치원,education,school,유치원,다바6769,127.13467368173671,36.82430070251603,967419.9999999994,1869628.999983046
education__school,education_school_cheonan.csv,중앙유치원,education,school,유치원,다바6869,127.1423686027056,36.82131320236733,968105.0000000001,1869294.9999830064
education__school,education_school_cheonan.csv,미래클유치원,education,school,유치원,다바6769,127.13586636032731,36.82343895488938,967525.9999999998,1869532.9999830339
education__school,education_school_cheonan.csv,예랑유치원,education,school,유치원,다바6667,127.12350131888788,36.80223402682012,966414.0000000007,1867184.9999827477
education__school,education_school_cheonan.csv,젤라유치원,education,school,유치원,다바6766,127.1304503913056,36.8001283578466,967032.9999999992,1866948.9999827198
education__school,education_school_cheonan.csv,호서대학교부속유치원,education,school,유치원,다바7170,127.18040811005984,36.830679574545776,971501.0000000014,1870321.9999831317
education__school,education_school_cheonan.csv,천안원광유치원,education,school,유치원,다바6969,127.15747027025525,36.82173627826934,969451.9999999995,1869336.9999830099
education__school,education_school_cheonan.csv,새미기픈믈유치원,education,school,유치원,다바6869,127.14163101064555,36.82078813191507,968039.0000000009,1869236.9999829978
education__school,education_school_cheonan.csv,늘푸른유치원,education,school,유치원,다바6770,127.1318594048199,36.82893456259245,967170.9999999999,1870143.999983109
education__school,education_school_cheonan.csv,한사랑유치원,education,school,유치원,다바6870,127.1440188162922,36.8354170531585,968258.0000000005,1870858.9999831957
education__school,education_school_cheonan.csv,더그림유치원(구 한라유치원),education,school,유치원,다바6765,127.13028399511394,36.78810224517218,967012.9999999988,1865614.9999825566
education__school,education_school_cheonan.csv,늘사랑유치원,education,school,유치원,다바6667,127.12142869374652,36.80426476366895,966230.0000000022,1867410.9999827745
education__school,education_school_cheonan.csv,미래유치원,education,school,유치원,다바6569,127.11463725505348,36.82400307425469,965633.0000000009,1869602.9999830413
education__school,education_school_cheonan.csv,푸른별유치원,education,school,유치원,다바6666,127.12288010159288,36.79632744368883,966356.0000000008,1866529.9999826672
education__school,education_school_cheonan.csv,좋은유치원,education,school,유치원,다바6666,127.1200521961965,36.79924821497725,966105.0000000007,1866854.9999827063
education__school,education_school_cheonan.csv,엔젤유치원,education,school,유치원,다바6566,127.11503858545352,36.79312013895934,965654.999999999,1866176.9999826262
education__school,education_school_cheonan.csv,아이캔유치원,education,school,유치원,다바6869,127.1519931498406,36.822901294347645,968964.0000000009,1869467.9999830273
education__school,education_school_cheonan.csv,우리유치원,education,school,유치원,다바6771,127.13499830745218,36.838580879991305,967455.0000000002,1871212.9999832402
education__school,education_school_cheonan.csv,유한유치원,education,school,유치원,,127.1158992434657,36.78911138448454,965730.0,1865731.9999825705
education__school,education_school_cheonan.csv,세중아유치원,education,school,유치원,다바6767,127.1361591027882,36.808971325597085,967545.9999999994,1867927.9999828385
education__school,education_school_cheonan.csv,행복한리더로유치원,education,school,유치원,다바6770,127.13058778414909,36.83219391620869,967058.9999999998,1870505.9999831533
education__school,education_school_cheonan.csv,백향목유치원,education,school,유치원,다바6763,127.13789968441432,36.770249494088525,967685.0000000006,1863631.999982317
education__school,education_school_cheonan.csv,세화유치원,education,school,유치원,다바6666,127.12574926634498,36.791793103456,966609.9999999992,1866025.9999826064
education__school,education_school_cheonan.csv,아이숲유치원,education,school,유치원,다바6766,127.13477708189129,36.79781593448114,967418.0000000001,1866690.999982687
education__school,education_school_cheonan.csv,사랑유치원,education,school,유치원,다바6580,127.11454005035267,36.92374890958052,965669.0000000003,1880667.9999843999
education__school,education_school_cheonan.csv,동심유치원,education,school,유치원,다바7274,127.1960813097343,36.8713946369892,972913.0000000001,1874833.999983686
education__school,education_school_cheonan.csv,동화유치원,education,school,유치원,다바6875,127.15188651499444,36.87364424098822,968975.0000000024,1875096.9999837163
education__school,education_school_cheonan.csv,새천안유치원,education,school,유치원,다바6674,127.12729960105048,36.869657356919305,966782.0,1874662.999983662
education__school,education_school_cheonan.csv,은파유치원,education,school,유치원,다바7663,127.23815233800276,36.76731214297825,976630.9999999995,1863276.9999822783
education__school,education_school_cheonan.csv,하얀유치원,education,school,유치원,다바7162,127.17803373787036,36.760322448727976,971263.0000000019,1862517.9999821822
education__school,education_school_cheonan.csv,가원유치원,education,school,유치원,다바7364,127.20761552185984,36.77708511649246,973908.999999999,1864368.9999824092
education__school,education_school_cheonan.csv,도담유치원,education,school,유치원,다바6677,127.12453629351003,36.89323975120634,966545.999999999,1877279.9999839833
education__school,education_school_cheonan.csv,화랑유치원,education,school,유치원,다바7579,127.22245050369538,36.91113224361,975276.000000001,1879234.9999842274
education__school,education_school_cheonan.csv,백석대학교부속유치원,education,school,유치원,다바6965,127.1604106597724,36.78559583224642,969699.9999999998,1865326.9999825235
education__school,education_school_cheonan.csv,명문유치원,education,school,유치원,다바6663,127.12914979045536,36.77227789834338,966905.0,1863859.9999823438
education__school,education_school_cheonan.csv,셀라유치원,education,school,유치원,다바6765,127.13503115278702,36.78915359572324,967437.0000000007,1865729.999982572
education__school,education_school_cheonan.csv,아이솔유치원,education,school,유치원,다바6570,127.11480953021234,36.82766357497739,965650.0000000006,1870008.9999830911
education__school,education_school_cheonan.csv,좋은나무숲유치원,education,school,유치원,다바6965,127.16124992627772,36.78334454710102,969773.9999999988,1865076.9999824928
education__school,education_school_cheonan.csv,백석유치원,education,school,유치원,다바6669,127.12310918084049,36.82734761624867,966390.0000000033,1869970.9999830886
education__school,education_school_cheonan.csv,해여림유치원,education,school,유치원,다바6670,127.12310898677498,36.829673391509374,966391.0000000002,1870228.9999831193
education__school,education_school_cheonan.csv,이튼유치원,education,school,유치원,다바6467,127.10522452919872,36.80531186909204,964785.0000000031,1867532.99998279
education__school,education_school_cheonan.csv,천안초등학교,education,school,초등학교,다바6868,127.15061378590998,36.81307127118483,968836.9999999998,1868377.9999828944
education__school,education_school_cheonan.csv,천안남산초등학교,education,school,초등학교,다바6967,127.15338825309937,36.80445234751065,969081.000000003,1867420.9999827773
education__school,education_school_cheonan.csv,천안성정초등학교,education,school,초등학교,다바6868,127.14163266788636,36.81562273897016,968037.0000000008,1868663.999982929
education__school,education_school_cheonan.csv,천안일봉초등학교,education,school,초등학교,다바6766,127.13857105153868,36.79908957996547,967757.0000000009,1866830.999982706
education__school,education_school_cheonan.csv,환서초등학교,education,school,초등학교,다바6670,127.12275758149072,36.82815781851164,966358.9999999993,1870060.9999830988
education__school,education_school_cheonan.csv,천안부대초등학교,education,school,초등학교,다바6972,127.15252799675272,36.84844131275744,969021.9999999991,1872300.999983372
education__school,education_school_cheonan.csv,천안업성초등학교,education,school,초등학교,다바6873,127.14104671787976,36.86184796793661,968004.0,1873791.999983556
education__school,education_school_cheonan.csv,천안청수초등학교,education,school,초등학교,다바6865,127.15066440087554,36.7895881677158,968832.0000000009,1865772.9999825777
education__school,education_school_cheonan.csv,천안청당초등학교,education,school,초등학교,다바6864,127.15151460354146,36.78004408439318,968904.0000000002,1864713.9999824488
education__school,education_school_cheonan.csv,천안신안초등학교,education,school,초등학교,다바6968,127.16147278153971,36.814202468503154,969805.9999999994,1868499.9999829105
education__school,education_school_cheonan.csv,안서초등학교,education,school,초등학교,다바7170,127.17537864736885,36.83199110222932,971053.0000000009,1870468.9999831503
education__school,education_school_cheonan.csv,천안봉명초등학교,education,school,초등학교,다바6767,127.13545926315636,36.80524612325997,967482.0000000001,1867514.9999827873
education__school,education_school_cheonan.csv,천안구성초등학교,education,school,초등학교,다바6966,127.15901072318331,36.7929568411526,969577.9999999976,1866143.9999826234
education__school,education_school_cheonan.csv,천안서초등학교,education,school,초등학교,다바6769,127.13963722723648,36.8227382854998,967862.0000000007,1869453.9999830255
education__school,education_school_cheonan.csv,천안봉서초등학교,education,school,초등학교,다바6768,127.13044653182152,36.81259563561263,967037.9999999994,1868331.9999828879
education__school,education_school_cheonan.csv,천안미라초등학교,education,school,초등학교,다바6667,127.12903556345988,36.80062877542066,966907.0000000005,1867004.9999827254
education__school,education_school_cheonan.csv,천안쌍용초등학교,education,school,초등학교,다바6667,127.12247205563,36.80181608904511,966321.999999999,1867138.9999827421
education__school,education_school_cheonan.csv,천안신부초등학교,education,school,초등학교,다바6969,127.15982361144616,36.82204051760116,969662.0000000005,1869369.9999830152
education__school,education_school_cheonan.csv,천안신용초등학교,education,school,초등학교,다바6765,127.132319716858,36.79130877237029,967195.9999999992,1865969.9999826
education__school,education_school_cheonan.csv,천안용암초등학교,education,school,초등학교,다바6567,127.11879584884176,36.80394985504447,965995.0,1867376.9999827712
education__school,education_school_cheonan.csv,천안월봉초등학교,education,school,초등학교,다바6566,127.11568943159172,36.79745830626608,965714.9999999986,1866657.9999826835
education__school,education_school_cheonan.csv,천안부성초등학교,education,school,초등학교,다바6770,127.1359682510237,36.8350681495906,967540.0000000007,1870822.9999831922
education__school,education_school_cheonan.csv,천안신촌초등학교,education,school,초등학교,다바6665,127.122967964753,36.78754741372718,966359.9999999993,1865555.9999825493
education__school,education_school_cheonan.csv,천안용곡초등학교,education,school,초등학교,다바6765,127.13119812798617,36.786788936774414,967094.0000000009,1865468.9999825407
education__school,education_school_cheonan.csv,천안용소초등학교,education,school,초등학교,다바6765,127.13581139511938,36.79006647163318,967507.0000000005,1865830.9999825838
education__school,education_school_cheonan.csv,천안백석초등학교,education,school,초등학교,다바6669,127.12208096537069,36.81980811163425,966295.0000000023,1869134.9999829845
education__school,education_school_cheonan.csv,천안오성초등학교,education,school,초등학교,다바6770,127.13044546907092,36.831472303369125,967045.9999999966,1870425.9999831445
education__school,education_school_cheonan.csv,천안두정초등학교,education,school,초등학교,다바6870,127.14691876683736,36.83643533923575,968517.0000000002,1870970.9999832108
education__school,education_school_cheonan.csv,천안수곡초등학교,education,school,초등학교,다바6665,127.12350496562016,36.79003717054109,966409.0000000002,1865831.9999825829
education__school,education_school_cheonan.csv,천안불당초등학교,education,school,초등학교,다바6567,127.10954832432118,36.8059842135492,965171.0000000001,1867605.9999827982
education__school,education_school_cheonan.csv,천안서당초등학교,education,school,초등학교,다바6567,127.11339312336034,36.803833253861455,965512.9999999991,1867365.9999827694
education__school,education_school_cheonan.csv,천안신대초등학교,education,school,초등학교,다바6871,127.14207099824624,36.83706088229161,968085.0000000006,1871041.9999832178
education__school,education_school_cheonan.csv,천안와촌초등학교,education,school,초등학교,다바6867,127.14527418673362,36.80641165190792,968357.9999999993,1867640.9999828031
education__school,education_school_cheonan.csv,천안청룡초등학교,education,school,초등학교,다바6764,127.14025938120092,36.78083091946756,967899.9999999991,1864804.9999824588
education__school,education_school_cheonan.csv,천안삼거리초등학교,education,school,초등학교,다바6965,127.16338493471176,36.78974203710874,969966.9999999999,1865785.9999825791
education__school,education_school_cheonan.csv,천안쌍정초등학교,education,school,초등학교,,127.11492206534176,36.78728725691246,965641.9999999979,1865529.9999825472
education__school,education_school_cheonan.csv,천안새샘초등학교,education,school,초등학교,다바6763,127.13092642501304,36.77099431771921,967063.000000001,1863716.9999823268
education__school,education_school_cheonan.csv,천안가온초등학교,education,school,초등학교,다바6865,127.14878918156796,36.78543588159371,968663.0000000012,1865312.999982521
education__school,education_school_cheonan.csv,천안차암초등학교,education,school,초등학교,다바6471,127.10594241991672,36.844591016316464,964867.0000000007,1871889.9999833207
education__school,education_school_cheonan.csv,천안불무초등학교,education,school,초등학교,다바6469,127.1049041168784,36.81967114877786,964762.9999999997,1869125.9999829824
education__school,education_school_cheonan.csv,천안아름초등학교,education,school,초등학교,다바6468,127.1018067333,36.8137201758,964484.0063021765,1868467.0011830654
education__school,education_school_cheonan.csv,천안한들초등학교,education,school,초등학교,다바6569,127.117431154547,36.8258871410091,965883.0000000022,1869810.9999830674
education__school,education_school_cheonan.csv,천안성성초등학교,education,school,초등학교,다바6771,127.13594035254148,36.840954613969245,967540.0000000013,1871475.9999832732
education__school,education_school_cheonan.csv,천안희망초등학교,education,school,초등학교,다바6969,127.15413083815292,36.82627901050229,969156.0000000009,1869841.9999830727
education__school,education_school_cheonan.csv,천안호수초등학교,education,school,초등학교,,127.09816507443747,36.79613833664901,964150.9999999995,1866517.9999826646
education__school,education_school_cheonan.csv,천안가람초등학교,education,school,초등학교,다바6671,127.12435465994751,36.84324434192032,966507.999999999,1871733.999983302
education__school,education_school_cheonan.csv,천안능수초등학교,education,school,초등학교,다바6964,127.1604949348408,36.77665347317494,969703.999999997,1864334.9999824031
education__school,education_school_cheonan.csv,풍세초등학교,education,school,초등학교,다바6558,127.117626688175,36.72562612820576,965855.9999999993,1858688.999981717
education__school,education_school_cheonan.csv,용정초등학교,education,school,초등학교,다바6460,127.10139182958548,36.744467824054944,964415.0000000022,1860784.9999819703
education__school,education_school_cheonan.csv,미죽초등학교,education,school,초등학교,다바6860,127.15176213755488,36.73769351992586,968909.0000000029,1860015.9999818783
education__school,education_school_cheonan.csv,광덕초등학교,education,school,초등학교,다바6555,127.11056298977392,36.698459640929485,965213.0,1855677.9999813545
education__school,education_school_cheonan.csv,행정초등학교,education,school,초등학교,다바6954,127.15652565204122,36.68664741901563,969313.9999999997,1854351.9999811964
education__school,education_school_cheonan.csv,보산원초등학교,education,school,초등학교,다바6254,127.07576173806292,36.68559375668558,962097.9999999993,1854263.9999811829
education__school,education_school_cheonan.csv,목천초등학교,education,school,초등학교,다바7665,127.23566165724638,36.78782418486468,976415.0000000008,1865552.999982553
education__school,education_school_cheonan.csv,신계초등학교,education,school,초등학교,다바7363,127.20236813909456,36.76912110333359,973437.9999999999,1863486.999982302
education__school,education_school_cheonan.csv,도장초등학교,education,school,초등학교,다바7161,127.17988098475531,36.747174892522,971422.9999999991,1861058.999982006
education__school,education_school_cheonan.csv,천안부영초등학교,education,school,초등학교,다바7162,127.17576431329236,36.75914436814401,971060.0000000027,1862387.9999821673
education__school,education_school_cheonan.csv,신흥초등학교,education,school,초등학교,다바7464,127.21609948232134,36.77383331496849,974665.0000000001,1864005.9999823645
education__school,education_school_cheonan.csv,위례초등학교,education,school,초등학교,다바7969,127.27448946148358,36.82479230266352,979888.9999999999,1869644.9999830525
education__school,education_school_cheonan.csv,은석초등학교,education,school,초등학교,다바7865,127.257884524078,36.7885746422903,978397.9999999978,1865630.999982562
education__school,education_school_cheonan.csv,성남초등학교,education,school,초등학교,다바7758,127.2507990910176,36.726844868425,977747.9999999991,1858784.999981733
education__school,education_school_cheonan.csv,신사초등학교,education,school,초등학교,다바7660,127.23757650394528,36.74228585755729,976571.9999999995,1860500.9999819405
education__school,education_school_cheonan.csv,수신초등학교,education,school,초등학교,다바8059,127.28268972568593,36.732298228377616,980597.0000000019,1859382.9999818068
education__school,education_school_cheonan.csv,병천초등학교,education,school,초등학교,다바8262,127.30095080826258,36.76490964333019,982234.999999999,1862996.999982243
education__school,education_school_cheonan.csv,천동초등학교,education,school,초등학교,다바8664,127.3478826515929,36.77831174431466,986426.0000000001,1864475.999982423
education__school,education_school_cheonan.csv,성환초등학교,education,school,초등학교,다바6779,127.1316927817196,36.91741205170082,967193.9999999971,1879958.9999843133
education__school,education_school_cheonan.csv,성신초등학교,education,school,초등학교,다바6680,127.12876071358376,36.917799563154205,966932.9999999995,1880002.9999843193
education__school,education_school_cheonan.csv,대홍초등학교,education,school,초등학교,다바6883,127.14794736149084,36.9495438802849,968655.0000000003,1883517.9999847529
education__school,education_school_cheonan.csv,신가초등학교,education,school,초등학교,다바6583,127.11540655613196,36.95017312602102,965757.9999999978,1883598.9999847624
education__school,education_school_cheonan.csv,신방초등학교,education,school,초등학교,다바6381,127.0870839582453,36.92872277845965,963226.0000000003,1881229.9999844662
education__school,education_school_cheonan.csv,도하초등학교,education,school,초등학교,다바7083,127.16725932884488,36.9483916215403,970374.0,1883383.9999847373
education__school,education_school_cheonan.csv,직산초등학교,education,school,초등학교,다바6978,127.16250486175842,36.90335979901021,969932.9999999991,1878389.9999841226
education__school,education_school_cheonan.csv,삼은초등학교,education,school,초등학교,다바6875,127.14851262525583,36.87779002791546,968676.0000000006,1875557.9999837738
education__school,education_school_cheonan.csv,양당초등학교,education,school,초등학교,다바6575,127.11450729146098,36.87893761246129,965645.9999999987,1875696.9999837885
education__school,education_school_cheonan.csv,성거초등학교,education,school,초등학교,다바7374,127.20052215937336,36.87198284370123,973309.000000003,1874897.999983693
education__school,education_school_cheonan.csv,소망초등학교,education,school,초등학교,다바6975,127.16153532710106,36.87634944030908,969835.9999999993,1875393.9999837533
education__school,education_school_cheonan.csv,입장초등학교,education,school,초등학교,다바7479,127.21918563938068,36.91368469860082,974985.9999999994,1879518.9999842627
education__school,education_school_cheonan.csv,양대초등학교,education,school,초등학교,다바7579,127.22570226563067,36.91531352455655,975566.9999999972,1879697.9999842853
education__school,education_school_cheonan.csv,천안중학교,education,school,중학교,다바6968,127.15693416381396,36.811214621155685,969400.0000000006,1868169.9999828686
education__school,education_school_cheonan.csv,천안북중학교,education,school,중학교,다바6968,127.1538555902849,36.81519018312475,969127.0000000001,1868611.9999829219
education__school,education_school_cheonan.csv,천안여자중학교,education,school,중학교,다바6967,127.15753542937026,36.80207547071947,969449.9999999992,1867155.9999827452
education__school,education_school_cheonan.csv,천안동중학교,education,school,중학교,다바7065,127.16690775881926,36.78894063065399,970280.9999999999,1865695.999982568
education__school,education_school_cheonan.csv,천안성정중학교,education,school,중학교,다바6770,127.13688995843032,36.829878539426666,967619.9999999999,1870246.9999831226
education__school,education_school_cheonan.csv,천안봉서중학교,education,school,중학교,다바6667,127.12983617478952,36.80663504327544,966980.999999998,1867670.9999828069
education__school,education_school_cheonan.csv,천안부성중학교,education,school,중학교,다바6872,127.15013369400586,36.84710914204587,968807.9999999995,1872153.9999833542
education__school,education_school_cheonan.csv,천안쌍용중학교,education,school,중학교,다바6667,127.12101938526122,36.80315465541845,966192.9999999993,1867287.9999827594
education__school,education_school_cheonan.csv,천안두정중학교,education,school,중학교,다바6770,127.13957634198243,36.835719180877376,967861.9999999995,1870893.9999832003
education__school,education_school_cheonan.csv,천안오성중학교,education,school,중학교,다바6670,127.12958216270316,36.83608510703295,966970.9999999994,1870937.9999832062
education__school,education_school_cheonan.csv,천안성성중학교,education,school,중학교,다바6771,127.13473561828329,36.83721886494694,967431.0000000015,1871061.9999832213
education__school,education_school_cheonan.csv,천안백석중학교,education,school,중학교,다바6669,127.12184874394832,36.81914930403656,966274.0000000009,1869061.9999829754
education__school,education_school_cheonan.csv,환서중학교,education,school,중학교,다바6670,127.12386829655246,36.8280441470425,966457.9999999991,1870047.9999830967
education__school,education_school_cheonan.csv,천안신방중학교,education,school,중학교,다바6665,127.12607181531966,36.790000193987886,966638.0,1865826.9999825833
education__school,education_school_cheonan.csv,천안불당중학교,education,school,중학교,다바6567,127.11067724918698,36.80442837719925,965270.9999999998,1867432.9999827761
education__school,education_school_cheonan.csv,천안월봉중학교,education,school,중학교,다바6567,127.11095108662109,36.80126512400336,965294.0000000002,1867081.9999827347
education__school,education_school_cheonan.csv,천안용곡중학교,education,school,중학교,다바6765,127.13330410882124,36.78936463687677,967282.9999999994,1865753.999982574
education__school,education_school_cheonan.csv,천안새샘중학교,education,school,중학교,다바6764,127.13729000998596,36.77598100082531,967633.0000000002,1864267.9999823943
education__school,education_school_cheonan.csv,천안가온중학교,education,school,중학교,다바6965,127.15552568176,36.78776334553462,969265.0000000008,1865568.9999825517
education__school,education_school_cheonan.csv,천안불무중학교,education,school,중학교,다바6468,127.10477693920492,36.8182373977371,964751.000000002,1868966.9999829642
education__school,education_school_cheonan.csv,성환중학교,education,school,중학교,다바6779,127.1312331124999,36.91494966586405,967151.9999999995,1879685.99998428
education__school,education_school_cheonan.csv,병천중학교,education,school,중학교,다바8362,127.31297808988992,36.76293689142484,983307.9999999995,1862775.999982218
education__school,education_school_cheonan.csv,입장중학교,education,school,중학교,다바7480,127.2188998132851,36.921211150903645,974963.0000000003,1880353.999984366
education__school,education_school_cheonan.csv,목천중학교,education,school,중학교,다바7664,127.23188281881228,36.78190206532388,976076.0000000009,1864896.9999824725
education__school,education_school_cheonan.csv,천남중학교,education,school,중학교,다바7859,127.26105556294436,36.73104877635783,978665.000000001,1859248.99998179
education__school,education_school_cheonan.csv,천안가람중학교,education,school,중학교,다바6671,127.12418650051238,36.840936069030654,966492.0000000006,1871477.9999832723
education__school,education_school_cheonan.csv,천안계광중학교,education,school,중학교,다바6767,127.13567219297812,36.80762664920277,967501.9999999967,1867778.9999828201
education__school,education_school_cheonan.csv,복자여자중학교,education,school,중학교,다바6868,127.152319547404,36.81519471677467,968990.000000001,1868612.9999829226
education__school,education_school_cheonan.csv,천성중학교,education,school,중학교,다바7068,127.1743170561296,36.81257963901135,970951.0000000008,1868315.999982887
education__school,education_school_cheonan.csv,천안서여자중학교,education,school,중학교,다바6767,127.13399917557778,36.80346574791342,967350.9999999995,1867317.9999827635
education__school,education_school_cheonan.csv,광풍중학교,education,school,중학교,다바6557,127.11539143319476,36.7157387100885,965652.0000000006,1857592.9999815854
education__school,education_school_cheonan.csv,천안동성중학교,education,school,중학교,다바6778,127.13016867059775,36.90521969659515,967052.9999999972,1878606.999984146
education__school,education_school_cheonan.csv,천안중학교부설방송통신중학교,education,school,중학교,다바6968,127.15693416381396,36.811214621155685,969400.0000000006,1868169.9999828686
education__school,education_school_cheonan.csv,천안제일고등학교,education,school,고등학교,다바6967,127.15481408795765,36.80897284764677,969210.0000000029,1867921.999982839
education__school,education_school_cheonan.csv,천안공업고등학교,education,school,고등학교,다바6968,127.15666072901423,36.814702508617096,969376.9999999967,1868556.9999829158
education__school,education_school_cheonan.csv,천안중앙고등학교,education,school,고등학교,다바6968,127.15865502805948,36.809966533576656,969553.0000000028,1868030.9999828527
education__school,education_school_cheonan.csv,천안여자고등학교,education,school,고등학교,다바7064,127.16952058515857,36.77818434764254,970509.9999999998,1864501.9999824231
education__school,education_school_cheonan.csv,병천고등학교,education,school,고등학교,다바8362,127.31297808988992,36.76293689142484,983307.9999999995,1862775.999982218
education__school,education_school_cheonan.csv,성환고등학교,education,school,고등학교,다바6580,127.1163169348363,36.92316872038233,965826.9999999999,1880602.999984393
education__school,education_school_cheonan.csv,목천고등학교,education,school,고등학교,다바7664,127.23188281881228,36.78190206532388,976076.0000000009,1864896.9999824725
education__school,education_school_cheonan.csv,충남예술고등학교,education,school,고등학교,다바7374,127.20319382946874,36.86875330693619,973546.000000001,1874538.9999836497
education__school,education_school_cheonan.csv,천안두정고등학교,education,school,고등학교,다바6770,127.13019140261984,36.835329774988864,967025.0000000033,1870853.9999831947
education__school,education_school_cheonan.csv,천안월봉고등학교,education,school,고등학교,다바6567,127.11213342213046,36.8046585018195,965401.0000000007,1867457.9999827815
education__school,education_school_cheonan.csv,천안쌍용고등학교,education,school,고등학교,,127.11361745997992,36.78818449579206,965525.9999999995,1865629.9999825594
education__school,education_school_cheonan.csv,천안신당고등학교,education,school,고등학교,다바6972,127.15904185939618,36.85165134674861,969603.9999999997,1872654.9999834169
education__school,education_school_cheonan.csv,천안오성고등학교,education,school,고등학교,다바6871,127.14213971802,36.84156840129456,968093.0000000006,1871541.9999832804
education__school,education_school_cheonan.csv,천안업성고등학교,education,school,고등학교,다바6773,127.13729803835132,36.86219717163086,967669.999999999,1873831.9999835598
education__school,education_school_cheonan.csv,천안청수고등학교,education,school,고등학교,다바6965,127.1598140569945,36.79125536302087,969649.0000000002,1865954.999982599
education__school,education_school_cheonan.csv,천안불당고등학교,education,school,고등학교,다바6467,127.10340025517924,36.809073928077375,964623.9999999992,1867950.9999828383
education__school,education_school_cheonan.csv,천안고등학교,education,school,고등학교,다바6767,127.13567219297812,36.80762664920277,967501.9999999967,1867778.9999828201
education__school,education_school_cheonan.csv,천안상업고등학교,education,school,고등학교,다바6973,127.1572387794846,36.858542333865394,969446.0000000016,1873419.9999835098
education__school,education_school_cheonan.csv,복자여자고등학교,education,school,고등학교,다바6868,127.152319547404,36.81519471677467,968990.000000001,1868612.9999829226
education__school,education_school_cheonan.csv,천안여자상업고등학교,education,school,고등학교,다바6767,127.13399917557778,36.80346574791342,967350.9999999995,1867317.9999827635
education__school,education_school_cheonan.csv,북일고등학교,education,school,고등학교,다바6970,127.158138154125,36.8329163623086,969515.9999999969,1870576.999983164
education__school,education_school_cheonan.csv,북일여자고등학교,education,school,고등학교,다바6970,127.1600396314213,36.83150651593685,969685.0000000005,1870419.9999831442
education__school,education_school_cheonan.csv,천안중앙고등학교부설방송통신고등학교,education,school,고등학교,다바6968,127.15865502805948,36.809966533576656,969553.0000000028,1868030.9999828527
education__school,education_school_cheonan.csv,천안인애학교,education,school,특수학교,다바7075,127.17185882059488,36.87888444447677,970756.9999999999,1875671.999983788
education__school,education_school_cheonan.csv,천안늘해랑학교,education,school,특수학교,다바8362,127.31253751178288,36.75981708463411,983268.0000000005,1862429.9999821747
education__school,education_school_cheonan.csv,나사렛새꿈학교,education,school,특수학교,다바6666,127.11909564854156,36.797739703944565,966019.0000000002,1866687.9999826862
education__school,education_school_cheonan.csv,드림학교(중),education,school,각종학교,다바7164,127.17990540536312,36.77634669474832,971435.999999999,1864294.999982399
education__school,education_school_cheonan.csv,드림학교(고),education,school,각종학교,다바7164,127.17990540536312,36.77634669474832,971435.999999999,1864294.999982399
leisure__outdoor_area,leisure_camping_cheonan.xlsx,광덕산 풍경캠핑장,leisure,outdoor_area,camping,다바5753,127.02892054098984,36.676195490294965,957908.000000002,1853240.9999810555
leisure__outdoor_area,leisure_camping_cheonan.xlsx,다인캠핑장,leisure,outdoor_area,camping,다바5853,127.03509542311934,36.67481344219903,958458.9999999986,1853084.9999810397
leisure__outdoor_area,leisure_camping_cheonan.xlsx,숲들내캠핑장,leisure,outdoor_area,camping,다바7973,127.2684221805859,36.85856754817407,979357.0,1873392.9999835126
leisure__outdoor_area,leisure_camping_cheonan.xlsx,(중복) 천안밤나무골 가족사랑 캠핑장 (천안밤나무골 가족캠핑농원),leisure,outdoor_area,camping,다바7373,127.20014296955668,36.859911339863984,973271.0000000001,1873558.9999835298
leisure__outdoor_area,leisure_camping_cheonan.xlsx,천안OK캠핑,leisure,outdoor_area,camping,다바7969,127.27544404082204,36.82045804820946,979973.0000000009,1869163.9999829947
leisure__outdoor_area,leisure_camping_cheonan.xlsx,캠프바베큐,leisure,outdoor_area,camping,,,,,
leisure__outdoor_area,leisure_camping_cheonan.xlsx,태학산 자연휴양림 오토캠핑장,leisure,outdoor_area,camping,다바6359,127.09388740885576,36.73159641360598,963738.9999999997,1859359.9999817964
leisure__outdoor_area,leisure_camping_cheonan.xlsx,포레스트 카라반,leisure,outdoor_area,camping,다바7272,127.19513218357118,36.8476477304264,972820.0000000003,1872199.9999833629
leisure__outdoor_area,leisure_camping_cheonan.xlsx,호두나무캠핑장,leisure,outdoor_area,camping,다바5853,127.03604748109504,36.6746819325413,958543.9999999986,1853069.9999810345
leisure__outdoor_area,leisure_camping_cheonan.xlsx,천안시 국민여가캠핑장,leisure,outdoor_area,camping,다바7567,127.22613128959124,36.80145089937409,975568.9999999973,1867066.9999827375
leisure__outdoor_area,leisure_camping_cheonan.xlsx,캠핑하우스,leisure,outdoor_area,camping,다바6866,127.14453098946082,36.79257189104344,968285.9999999992,1866105.9999826178
leisure__outdoor_area,leisure_camping_cheonan.xlsx,독립기념관 캠핑장,leisure,outdoor_area,camping,다바7564,127.22983362210655,36.778228431678826,975891.9999999992,1864489.9999824234
leisure__outdoor_area,leisure_camping_cheonan.xlsx,오시유,leisure,outdoor_area,camping,다바5753,127.02910427187255,36.67542995603156,957923.9999999984,1853155.9999810462
leisure__outdoor_area,leisure_camping_cheonan.xlsx,에스글램핑,leisure,outdoor_area,camping,다바6657,127.12977247094902,36.71731682312984,966937.0000000009,1857762.999981608
leisure__outdoor_area,leisure_camping_cheonan.xlsx,천안밤나무골 가족캠핑농원,leisure,outdoor_area,camping,다바7373,127.20014296955668,36.859911339863984,973271.0000000001,1873558.9999835298
leisure__outdoor_area,leisure_camping_cheonan.xlsx,서리실 힐링 가족캠핑장,leisure,outdoor_area,camping,다바6352,127.08778633300376,36.67028369809778,963165.0000000029,1852560.9999809768
leisure__outdoor_area,leisure_camping_cheonan.xlsx,아우내관광농원캠핑장,leisure,outdoor_area,camping,다바8569,127.34084570350775,36.82129375834145,985806.0000000005,1869244.9999830057
leisure__outdoor_area,leisure_camping_cheonan.xlsx,부싯돌 캠핑,leisure,outdoor_area,camping,다바8072,127.28540128780496,36.85242439183029,980868.9999999992,1872707.999983428
leisure__outdoor_area,leisure_camping_cheonan.xlsx,까치고개,leisure,outdoor_area,camping,다바8159,127.29732225503828,36.73017851790578,981903.0000000013,1859144.9999817775
leisure__outdoor_area,leisure_camping_cheonan.xlsx,뉴얼리글램핑,leisure,outdoor_area,camping,다바7667,127.23951084857332,36.8029323229429,976762.9999999986,1867227.9999827563
leisure__outdoor_area,leisure_camping_cheonan.xlsx,천안 몽각산 힐링뷰 캠핑장,leisure,outdoor_area,camping,다바8768,127.36096054358896,36.8155856311158,987598.9999999994,1868608.9999829293
leisure__outdoor_area,leisure_camping_cheonan.xlsx,천안 트리하우스,leisure,outdoor_area,camping,다바5752,127.0243691992913,36.66651349135036,957495.9999999994,1852168.9999809281
leisure__outdoor_area,leisure_camping_cheonan.xlsx,위례성캠핑장,leisure,outdoor_area,camping,다바7969,127.27121941214206,36.82713888588552,979598.000000001,1869905.999983085
leisure__outdoor_area,leisure_camping_cheonan.xlsx,천안 산들바람 글램핑장,leisure,outdoor_area,camping,다바7670,127.2388865625814,36.83491503342312,976716.9999999995,1870775.9999831892
leisure__outdoor_area,leisure_camping_cheonan.xlsx,파파스 캠핑장,leisure,outdoor_area,camping,다바8175,127.2968772631158,36.87336749335934,981896.9999999994,1875028.9999837119
leisure__outdoor_area,leisure_camping_cheonan.xlsx,몽키캠핑장,leisure,outdoor_area,camping,다바7772,127.2491083803619,36.84706174324536,977631.999999999,1872120.999983355
leisure__outdoor_area,leisure_camping_cheonan.xlsx,와우바베큐캠핑장,leisure,outdoor_area,camping,다바7567,127.22946913878222,36.80858916436483,975869.0000000002,1867857.999982833
leisure__outdoor_area,leisure_camping_cheonan.xlsx,도솔 캠핑 & 그릴,leisure,outdoor_area,camping,다바7069,127.16405555177762,36.82353095247715,970039.9999999994,1869533.9999830343
leisure__outdoor_area,leisure_camping_cheonan.xlsx,천안 놀이터 캠핑장,leisure,outdoor_area,camping,다바9062,127.39516223568197,36.76237960963009,990643.0000000034,1862702.9999822108
leisure__outdoor_area,leisure_camping_cheonan.xlsx,요새불멍,leisure,outdoor_area,camping,다바6750,127.13809523796525,36.64979408124096,967651.9999999988,1850269.9999807058
leisure__outdoor_area,leisure_camping_cheonan.xlsx,숯숯,leisure,outdoor_area,camping,다바7067,127.17051570056314,36.80750291964916,970609.9999999999,1867753.9999828204
leisure__outdoor_area,leisure_camping_cheonan.xlsx,천안 디디글램핑,leisure,outdoor_area,camping,다바6355,127.09379050829352,36.696826003376,963714.000000002,1855502.9999813314
leisure__outdoor_area,leisure_camping_cheonan.xlsx,깨비깨비,leisure,outdoor_area,camping,다바7660,127.2351692638105,36.74524639144074,976358.0000000003,1860829.9999819812
leisure__outdoor_area,leisure_camping_cheonan.xlsx,달꿈 오토캠핑장,leisure,outdoor_area,camping,다바8669,127.34886407866328,36.82066417677961,986521.0000000031,1869173.9999829973
leisure__outdoor_area,leisure_camping_cheonan.xlsx,빌라몬테,leisure,outdoor_area,camping,다바5852,127.04021075671584,36.67278693299182,958914.9999999987,1852857.9999810124
leisure__outdoor_area,leisure_camping_cheonan.xlsx,비비큐지대,leisure,outdoor_area,camping,다바6972,127.16295383155888,36.852293525570914,969953.0000000001,1872724.9999834262
leisure__outdoor_area,leisure_camping_cheonan.xlsx,더캠프 369,leisure,outdoor_area,camping,다바6250,127.08255480227288,36.65471481898474,962690.0000000028,1850835.9999807705
leisure__outdoor_area,leisure_camping_cheonan.xlsx,천안시 광덕쉼터 야영장,leisure,outdoor_area,camping,다바6052,127.05315925666264,36.67271902823331,960071.9999999967,1852844.999981011
leisure__cultural_area,leisure_cultural_facilities_cheonan.xlsx::문예회관,성환문화회관,leisure,cultural_area,cultural_facility,다바6779,127.1361604035953,36.91281940541359,967589.9999999994,1879447.9999842509
leisure__cultural_area,leisure_cultural_facilities_cheonan.xlsx::문예회관,신부문화회관,leisure,cultural_area,cultural_facility,다바6968,127.15952866333627,36.81774869604158,969633.9999999994,1868893.999982958
leisure__cultural_area,leisure_cultural_facilities_cheonan.xlsx::지방문화원,천안시동남구문화원,leisure,cultural_area,cultural_facility,다바8162,127.29804874548608,36.76066780890643,981975.0000000009,1862526.9999821873
leisure__cultural_area,leisure_cultural_facilities_cheonan.xlsx::지방문화원,천안시서북구문화원,leisure,cultural_area,cultural_facility,다바6679,127.1287480915342,36.915771260495,966931.0000000024,1879777.9999842902
leisure__outdoor_area,leisure_farm_cheonan.xlsx,유성관광농원,leisure,outdoor_area,farm,다바7873,127.25485171100593,36.8609652680058,978147.9999999998,1873661.9999835428
leisure__outdoor_area,leisure_farm_cheonan.xlsx,광덕산관광농원,leisure,outdoor_area,farm,다바5853,127.03604748109504,36.6746819325413,958543.9999999986,1853069.9999810345
leisure__outdoor_area,leisure_farm_cheonan.xlsx,아름다운 화수목 관광농원,leisure,outdoor_area,farm,다바7265,127.19308591943026,36.78426931487953,972615.0000000009,1865169.999982505
leisure__outdoor_area,leisure_farm_cheonan.xlsx,리차징 팜 관광농원,leisure,outdoor_area,farm,다바9064,127.38826903495732,36.78215331158581,990030.3271608906,1864897.173856854
leisure__outdoor_area,leisure_farm_cheonan.xlsx,풍세관광농원,leisure,outdoor_area,farm,다바6859,127.14314273103598,36.73418828126025,968137.9999999995,1859629.999981832
leisure__outdoor_area,leisure_farm_cheonan.xlsx,광덕밤골관광농원,leisure,outdoor_area,farm,다바6053,127.06272763966132,36.68260776967436,960932.0000000005,1853937.9999811442
leisure__outdoor_area,leisure_farm_cheonan.xlsx,몽각산 관광농원,leisure,outdoor_area,farm,다바8768,127.36107168898836,36.81535139457048,987608.8753655094,1868583.0017389695
leisure__outdoor_area,leisure_farm_cheonan.xlsx,산들바람 관광농원,leisure,outdoor_area,farm,다바7670,127.23873439921928,36.83457885491895,976703.3299009352,1870738.7446197818
leisure__outdoor_area,leisure_farm_cheonan.xlsx,아우내 관광농원,leisure,outdoor_area,farm,다바8569,127.34127345557992,36.82128883823646,985844.1477173285,1869244.3907719613
leisure__cultural_area,leisure_library_cheonan.csv,중앙도서관,leisure,cultural_area,library,다바6967,127.1535917,36.80917505,969101.0459359612,1867944.8246226967
leisure__cultural_area,leisure_library_cheonan.csv,쌍용도서관,leisure,cultural_area,library,다바6566,127.1146227,36.80040702,965621.152559812,1866985.4842806002
leisure__cultural_area,leisure_library_cheonan.csv,성거도서관,leisure,cultural_area,library,다바7374,127.2010108,36.87162717,973352.4267272247,1874858.4081699043
leisure__cultural_area,leisure_library_cheonan.csv,아우내도서관,leisure,cultural_area,library,다바8263,127.3032646,36.76684262,982441.9452029521,1863210.9963629795
leisure__cultural_area,leisure_library_cheonan.csv,도솔도서관,leisure,cultural_area,library,다바6568,127.113047,36.81612985,965487.6439640704,1868730.191366096
leisure__cultural_area,leisure_library_cheonan.csv,두정도서관,leisure,cultural_area,library,다바6770,127.1346155,36.83458255,967419.1714207585,1870769.5923486857
leisure__cultural_area,leisure_library_cheonan.csv,신방도서관,leisure,cultural_area,library,다바6764,127.1307313,36.77441534,967047.0507003511,1864096.5599759712
leisure__cultural_area,leisure_library_cheonan.csv,청수도서관,leisure,cultural_area,library,다바6965,127.1563569,36.78946178,969339.8406927624,1865757.1403853456
leisure__cultural_area,leisure_library_cheonan.csv,직산도서관,leisure,cultural_area,library,다바6875,127.1501874,36.87887862,968825.696267674,1875678.2110317461
leisure__cultural_area,leisure_library_cheonan.csv,원성2동작은도서관,leisure,cultural_area,library,다바6966,127.1581554,36.80016444,969504.5478020915,1866943.8113183277
leisure__cultural_area,leisure_library_cheonan.csv,중앙동작은도서관,leisure,cultural_area,library,다바6867,127.149649,36.80454611,968747.4822550861,1867432.6164748792
leisure__cultural_area,leisure_library_cheonan.csv,일봉동작은도서관,leisure,cultural_area,library,다바6766,127.1353607,36.79912421,967470.6187658551,1866835.9285035296
leisure__cultural_area,leisure_library_cheonan.csv,성남면작은도서관,leisure,cultural_area,library,다바7660,127.233142,36.7433553,976176.4369810625,1860620.7258239696
leisure__cultural_area,leisure_library_cheonan.csv,풍세면작은도서관,leisure,cultural_area,library,다바6558,127.1187681,36.72182167,965956.2436139472,1858266.5698926102
leisure__cultural_area,leisure_library_cheonan.csv,광덕작은도서관,leisure,cultural_area,library,다바6555,127.1105853,36.69497428,965213.42260255,1855291.3666619547
leisure__cultural_area,leisure_library_cheonan.csv,신안동작은도서관,leisure,cultural_area,library,다바6968,127.1601768,36.81746009,969691.692494028,1868861.7791422268
leisure__cultural_area,leisure_library_cheonan.csv,천안축구센터작은도서관,leisure,cultural_area,library,다바6869,127.1457655,36.82144008,968408.0021571184,1869307.9466541114
leisure__cultural_area,leisure_library_cheonan.csv,성정1동작은도서관,leisure,cultural_area,library,다바6868,127.1428691,36.8150359,968147.0353854962,1868598.4890721762
leisure__cultural_area,leisure_library_cheonan.csv,목천느티나무작은도서관,leisure,cultural_area,library,다바7665,127.2357226,36.78791236,976420.464510618,1865562.7661952835
leisure__cultural_area,leisure_library_cheonan.csv,북면바로내작은도서관,leisure,cultural_area,library,다바7969,127.2736819,36.8273821,979817.661845757,1869932.457028988
leisure__cultural_area,leisure_library_cheonan.csv,차암동작은도서관,leisure,cultural_area,library,다바6673,127.1203497527,36.8547301604,966155.9899080724,1873009.545897861
leisure__cultural_area,leisure_live_hall_cheonan.xlsx,충청남도교육청학생교육문화원소공연장,leisure,cultural_area,live_hall,다바6967,127.15695996197944,36.80956409388538,969401.6442689298,1867986.8982940596
leisure__cultural_area,leisure_live_hall_cheonan.xlsx,재단법인 천안문화재단 성환문화회관 대공연장,leisure,cultural_area,live_hall,다바6779,127.13685624149105,36.91270138993406,967651.9340477628,1879434.672083282
leisure__cultural_area,leisure_live_hall_cheonan.xlsx,충청남도교육청학생교육문화원대공연장,leisure,cultural_area,live_hall,다바6967,127.15695996197944,36.80956409388538,969401.6442689298,1867986.8982940596
leisure__cultural_area,leisure_live_hall_cheonan.xlsx,봉서홀,leisure,cultural_area,live_hall,다바6568,127.11405395740957,36.81487879718728,965576.8947355046,1868591.0484284468
leisure__cultural_area,leisure_live_hall_cheonan.xlsx,천안시신부문화회관(소강당),leisure,cultural_area,live_hall,다바6968,127.15921640030916,36.81755647474378,969606.0737489098,1868872.7760217665
leisure__cultural_area,leisure_live_hall_cheonan.xlsx,천안박물관공연장,leisure,cultural_area,live_hall,다바6965,127.16286571144556,36.78702269921219,969919.6114581003,1865484.5073883487
leisure__cultural_area,leisure_live_hall_cheonan.xlsx,천안예술의전당(대공연장),leisure,cultural_area,live_hall,다바7562,127.22616129014862,36.75609797563539,975557.2797768776,1862036.0163639404
leisure__cultural_area,leisure_live_hall_cheonan.xlsx,충남음악창작소 Live Hall,leisure,cultural_area,live_hall,다바6867,127.14947776529046,36.80807668568184,968733.6429689695,1867824.3199738618
leisure__cultural_area,leisure_live_hall_cheonan.xlsx,제이비소극장,leisure,cultural_area,live_hall,다바7170,127.18443216434994,36.82907397042216,971859.2503933582,1870142.6971350734
leisure__cultural_area,leisure_live_hall_cheonan.xlsx,천안어린이꿈누리터 꿈누리대공연장,leisure,cultural_area,live_hall,다바6867,127.15103539315112,36.80686139543186,968872.0909171553,1867688.9994001528
leisure__cultural_area,leisure_live_hall_cheonan.xlsx,아트센터 소극장,leisure,cultural_area,live_hall,다바6868,127.15108037599892,36.81681475992836,968880.1323884552,1868793.1146199973
leisure__cultural_area,leisure_live_hall_cheonan.xlsx,아우내아트홀,leisure,cultural_area,live_hall,다바6568,127.10931804671036,36.810041775965495,965152.2975861537,1868056.1908647341
leisure__cultural_area,leisure_live_hall_cheonan.xlsx,레이브,leisure,cultural_area,live_hall,다바6770,127.13524495602928,36.83192067637596,967474.1724063678,1870474.0942585815
leisure__cultural_area,leisure_museum_cheonan.csv,우정박물관,leisure,cultural_area,museum,다바7268,127.1885617847,36.8139658652,972222.0503762898,1868465.5414740052
leisure__cultural_area,leisure_museum_cheonan.csv,천안박물관,leisure,cultural_area,museum,다바6965,127.1633299,36.78669474,969960.9002255963,1865447.9810959946
leisure__cultural_area,leisure_museum_cheonan.csv,천안흥타령관,leisure,cultural_area,museum,다바7065,127.165631,36.78478709,970165.4750315406,1865235.6459055557
leisure__cultural_area,leisure_museum_cheonan.csv,유관순열사기념관,leisure,cultural_area,museum,다바8262,127.3083675,36.7600902,982895.8650553528,1862461.0332730087
leisure__cultural_area,leisure_museum_cheonan.csv,이동녕기념관,leisure,cultural_area,museum,다바7665,127.2392868,36.7907152,976739.319861282,1865872.8117248733
leisure__cultural_area,leisure_museum_cheonan.csv,독립기념관,leisure,cultural_area,museum,다바7564,127.2303981,36.781872,975943.5093970892,1864894.0370885967
leisure__cultural_area,leisure_museum_cheonan.csv,복권박물관,leisure,cultural_area,museum,다바7372,127.201708,36.8487251,973406.6309990103,1872317.6629489744
leisure__cultural_area,leisure_museum_cheonan.csv,도계민화박물관,leisure,cultural_area,museum,다바7066,127.1722236,36.7927962,970756.7543551777,1866122.0596263849
leisure__cultural_area,leisure_museum_cheonan.csv,백석대학교 기독교박물관,leisure,cultural_area,museum,다바7171,127.1845931,36.84044266,971877.7639483492,1871403.7857241384
leisure__cultural_area,leisure_museum_cheonan.csv,천안시립미술관,leisure,cultural_area,museum,다바7562,127.2248886,36.7561303,975443.6900793292,1862039.92773234
leisure__cultural_area,leisure_museum_cheonan.csv,리각미술관,leisure,cultural_area,museum,다바7269,127.186286,36.82015665,972021.3202470649,1869152.9506563612
leisure__cultural_area,leisure_museum_cheonan.csv,백석대학교 기독교박물관,leisure,cultural_area,museum,다바7171,127.1825206,36.83883721,971692.3839684293,1871226.3039144285
leisure__park,leisure_park_cheonan.csv,용곡공원(용곡4),leisure,park,어린이공원,다바6765,127.1355518,36.78741709,967482.7192215641,1865537.1924413235
leisure__park,leisure_park_cheonan.csv,눈들공원(용곡1),leisure,park,어린이공원,다바6766,127.1392161,36.79261113,967811.8343342717,1866112.1279026677
leisure__park,leisure_park_cheonan.csv,원성소공원,leisure,park,소공원,다바6968,127.159059,36.81341463,969590.397077878,1868413.3697564402
leisure__park,leisure_park_cheonan.csv,원성공원(원성2),leisure,park,어린이공원,다바6967,127.1636754,36.80788022,969999.9904009685,1867797.9780277798
leisure__park,leisure_park_cheonan.csv,꽃재공원(원성4),leisure,park,어린이공원,다바6967,127.1616121,36.80085077,969813.185291571,1867018.8494114908
leisure__park,leisure_park_cheonan.csv,화령공원(원성3),leisure,park,어린이공원,다바6967,127.1620753,36.80298234,969855.341885382,1867255.1585804597
leisure__park,leisure_park_cheonan.csv,청당2공원,leisure,park,어린이공원,다바6964,127.153995,36.77805306,969124.5325756213,1864492.3330923126
leisure__park,leisure_park_cheonan.csv,청당1공원,leisure,park,어린이공원,다바6964,127.1554992,36.78023537,969259.6305752498,1864733.9318060074
leisure__park,leisure_park_cheonan.csv,청당4공원,leisure,park,어린이공원,다바6864,127.1424508,36.78001608,968095.2053845235,1864713.8771443404
leisure__park,leisure_park_cheonan.csv,청당1공원,leisure,park,근린공원,다바6965,127.1535373,36.78659949,969087.1226633361,1865440.5342679864
leisure__park,leisure_park_cheonan.csv,청당2공원,leisure,park,근린공원,다바6965,127.1578937,36.7833326,969474.5248082272,1865076.7401533935
leisure__park,leisure_park_cheonan.csv,청당3공원,leisure,park,근린공원,다바6965,127.157086,36.78902577,969404.7185402131,1865708.5404396127
leisure__park,leisure_park_cheonan.csv,청당4공원,leisure,park,근린공원,다바6965,127.1599074,36.79017695,969656.9027153616,1865835.3421324713
leisure__park,leisure_park_cheonan.csv,청당골공원(청당5),leisure,park,어린이공원,다바6965,127.1600478,36.7854313,969667.5587295552,1865308.8634270043
leisure__park,leisure_park_cheonan.csv,청당6공원,leisure,park,어린이공원,다바6965,127.1606646,36.7833179,969721.7618350692,1865074.229086279
leisure__park,leisure_park_cheonan.csv,뒷들공원(청당7),leisure,park,어린이공원,다바6964,127.1622429,36.78240981,969862.2353660451,1864972.9966265657
leisure__park,leisure_park_cheonan.csv,구성2공원,leisure,park,어린이공원,다바6965,127.155911,36.7898576,969300.2148612307,1865801.191645803
leisure__park,leisure_park_cheonan.csv,청수2공원,leisure,park,근린공원,다바6865,127.1495476,36.78771751,968731.5976607772,1865565.852549824
leisure__park,leisure_park_cheonan.csv,청수1공원,leisure,park,어린이공원,다바6965,127.1534604,36.78844866,969081.0042761125,1865645.68727555
leisure__park,leisure_park_cheonan.csv,2호공원,leisure,park,근린공원,다바6458,127.1027875,36.72473183,964530.518403697,1858595.1872007777
leisure__park,leisure_park_cheonan.csv,솔모랭이공원(6호),leisure,park,소공원,다바6459,127.1005473,36.73332384,964334.4504754914,1859549.121539993
leisure__park,leisure_park_cheonan.csv,태조산공원,leisure,park,근린공원,다바7269,127.1889559,36.82207666,972260.1297409382,1869365.1600333385
leisure__park,leisure_park_cheonan.csv,행복공원,leisure,park,어린이공원,다바6770,127.1402341,36.83617615,967920.8415489015,1870944.4709409168
leisure__park,leisure_park_cheonan.csv,부대2공원,leisure,park,어린이공원,다바6871,127.1447366,36.8374277,968322.8324601495,1871081.8044705975
leisure__park,leisure_park_cheonan.csv,산새공원(부대1),leisure,park,어린이공원,다바6871,127.1493473,36.83718258,968733.8486011535,1871053.0946895676
leisure__park,leisure_park_cheonan.csv,정담은공원(두정1),leisure,park,어린이공원,다바6870,127.1496841,36.83315568,968762.242234283,1870606.2774947204
leisure__park,leisure_park_cheonan.csv,두정8공원,leisure,park,어린이공원,다바6870,127.1499307,36.83127472,968783.4674416145,1870397.540715761
leisure__park,leisure_park_cheonan.csv,두정공원,leisure,park,근린공원,다바6970,127.1541727,36.83481083,969163.1576094847,1870788.426787566
leisure__park,leisure_park_cheonan.csv,말우물공원(백석4),leisure,park,어린이공원,다바6669,127.1286182,36.82630777,966880.8317121292,1869853.7262105257
leisure__park,leisure_park_cheonan.csv,두정오성공원(두정6),leisure,park,어린이공원,다바6770,127.1303627,36.83263767,967039.1192368054,1870555.3035342207
leisure__park,leisure_park_cheonan.csv,원두정먹거리공원(두정5),leisure,park,어린이공원,다바6770,127.1364262,36.83177162,967579.4434431982,1870457.1579812588
leisure__park,leisure_park_cheonan.csv,북부제1공원,leisure,park,근린공원,다바6770,127.1346155,36.83459674,967419.1774388963,1870771.1664566724
leisure__park,leisure_park_cheonan.csv,새가라공원,leisure,park,어린이공원,다바6670,127.1215017,36.8310767,966248.2871621611,1870385.236440665
leisure__park,leisure_park_cheonan.csv,나비공원,leisure,park,소공원,다바6669,127.1230131,36.82756886,966381.5285572676,1869995.5764965313
leisure__park,leisure_park_cheonan.csv,백석56호공원,leisure,park,어린이공원,다바6770,127.1314071,36.83121644,967131.6416475157,1870397.2857383585
leisure__park,leisure_park_cheonan.csv,백석55호공원,leisure,park,어린이공원,다바6770,127.1362931,36.83064073,967567.0972386855,1870331.7526892305
leisure__park,leisure_park_cheonan.csv,백석54호공원,leisure,park,어린이공원,다바6669,127.1213657,36.82268029,966232.4701452174,1869453.8648435823
leisure__park,leisure_park_cheonan.csv,백석2공원,leisure,park,근린공원,다바6669,127.1258294,36.82159432,966630.0839012684,1869331.8301238923
leisure__park,leisure_park_cheonan.csv,백석51호공원,leisure,park,어린이공원,다바6669,127.1197166,36.82032106,966084.3577175055,1869192.7378135447
leisure__park,leisure_park_cheonan.csv,백석53호공원,leisure,park,어린이공원,다바6669,127.1192719,36.82265357,966045.7273730818,1869451.6424166989
leisure__park,leisure_park_cheonan.csv,백석1공원,leisure,park,어린이공원,다바6570,127.1163585,36.82786179,965788.2207933745,1870030.4325936611
leisure__park,leisure_park_cheonan.csv,백석9공원,leisure,park,어린이공원,다바6670,127.1251004,36.83110628,966569.2071117171,1870387.2529896852
leisure__park,leisure_park_cheonan.csv,환서공원,leisure,park,어린이공원,다바6670,127.1213211,36.8285051,966231.052305735,1870100.030706045
leisure__park,leisure_park_cheonan.csv,송골공원,leisure,park,어린이공원,다바6669,127.1212098,36.82615712,966220.0948460822,1869839.6069491897
leisure__park,leisure_park_cheonan.csv,불당3공원,leisure,park,근린공원,,127.0978903,36.79778441,964127.2539757164,1866700.702292292
leisure__park,leisure_park_cheonan.csv,불당4공원,leisure,park,근린공원,,127.0980431,36.7938883,964139.0694030402,1866268.4487009684
leisure__park,leisure_park_cheonan.csv,불당6공원,leisure,park,근린공원,,127.1025983,36.79883227,964547.7458476324,1866815.1863194446
leisure__park,leisure_park_cheonan.csv,3호공원,leisure,park,근린공원,다바6358,127.0960662,36.72544763,963930.6652066094,1858677.0993000427
leisure__park,leisure_park_cheonan.csv,4호공원,leisure,park,근린공원,다바6458,127.1056328,36.72039278,964782.6124390092,1858112.81199577
leisure__park,leisure_park_cheonan.csv,돈마루공원(7호),leisure,park,소공원,다바6459,127.097051,36.73072005,964021.063324481,1859261.593050037
leisure__park,leisure_park_cheonan.csv,용두공원(5호),leisure,park,소공원,다바6459,127.1046241,36.72944017,964696.6754783037,1859116.7998876001
leisure__park,leisure_park_cheonan.csv,1호공원,leisure,park,근린공원,다바6459,127.1052847,36.73437632,964757.9171540644,1859664.1188088835
leisure__park,leisure_park_cheonan.csv,불당2공원,leisure,park,근린공원,다바6568,127.1130795,36.81061544,965488.0673117719,1868118.463496599
leisure__park,leisure_park_cheonan.csv,쌍불공원,leisure,park,근린공원,다바6567,127.1152104,36.80675949,965676.4156705624,1867689.9545268125
leisure__park,leisure_park_cheonan.csv,천변공원,leisure,park,근린공원,다바6567,127.1085552,36.80500227,965081.9652586238,1867497.4347915875
leisure__park,leisure_park_cheonan.csv,불당공원(불당1),leisure,park,어린이공원,,127.106862,36.79909367,964928.2319403315,1866842.611626196
leisure__park,leisure_park_cheonan.csv,신월공원(신월1),leisure,park,어린이공원,다바6975,127.1596645,36.87873923,969670.2161819256,1875659.6956477924
leisure__park,leisure_park_cheonan.csv,천흥공원,leisure,park,근린공원,다바7476,127.2106851,36.88334666,974218.5955407068,1876155.8109975173
leisure__park,leisure_park_cheonan.csv,개목10길공원(성정15),leisure,park,어린이공원,다바6768,127.1343417,36.8177524,967387.6151689213,1868902.7064214821
leisure__park,leisure_park_cheonan.csv,양지길시장공원(성정10),leisure,park,어린이공원,다바6768,127.1375533,36.81304386,967672.0729059854,1868379.295375323
leisure__park,leisure_park_cheonan.csv,양지10길공원(성정11),leisure,park,어린이공원,다바6768,127.1395581,36.81033756,967849.7572778814,1868078.4086261366
leisure__park,leisure_park_cheonan.csv,숲정이공원(두정7),leisure,park,어린이공원,다바6770,127.1344315,36.82964343,967400.6686638633,1870221.754806221
leisure__park,leisure_park_cheonan.csv,고우니공원(성정18),leisure,park,어린이공원,다바6769,127.1355899,36.82737689,967503.0100562115,1869969.931521139
leisure__park,leisure_park_cheonan.csv,선영9길공원(성정16),leisure,park,어린이공원,다바6868,127.145861,36.8145536,968413.6896073687,1868543.994790709
leisure__park,leisure_park_cheonan.csv,청사공원,leisure,park,근린공원,다바6770,127.1395244,36.82939874,967854.7240278157,1870192.8862646588
leisure__park,leisure_park_cheonan.csv,서부공원(성정2),leisure,park,어린이공원,다바6769,127.1400675,36.8249311,967901.2887697413,1869697.105594242
leisure__park,leisure_park_cheonan.csv,인쇄창공원(성정1),leisure,park,어린이공원,다바6869,127.146845,36.82469886,968505.611937973,1869669.0886839095
leisure__park,leisure_park_cheonan.csv,푸르내공원(성정3),leisure,park,어린이공원,다바6769,127.1383488,36.82326054,967747.3137654363,1869512.3678944106
leisure__park,leisure_park_cheonan.csv,목련공원(성정4),leisure,park,어린이공원,다바6769,127.1407705,36.82220565,967962.8462806869,1869394.5340451733
leisure__park,leisure_park_cheonan.csv,꽃구름공원(성정5),leisure,park,어린이공원,다바6769,127.1377404,36.82053462,967691.9095204459,1869210.1855343645
leisure__park,leisure_park_cheonan.csv,구름공원(성정6),leisure,park,어린이공원,다바6869,127.1440834,36.81951717,968257.1913175918,1869095.194478117
leisure__park,leisure_park_cheonan.csv,성정8길공원(성정7),leisure,park,어린이공원,다바6868,127.1414165,36.81834723,968018.8532936785,1868966.3012687457
leisure__park,leisure_park_cheonan.csv,성정3길공원(성정8),leisure,park,어린이공원,다바6768,127.1371068,36.8175629,967634.1504561857,1868880.7454670996
leisure__park,leisure_park_cheonan.csv,성정12길공원(성정9),leisure,park,어린이공원,다바6768,127.141009,36.81490756,967981.0766028578,1868584.8735568367
leisure__park,leisure_park_cheonan.csv,도원공원(성정13),leisure,park,어린이공원,다바6769,127.1347063,36.82121552,967421.6011536876,1869286.7477967064
leisure__park,leisure_park_cheonan.csv,안식의공원(성정14),leisure,park,어린이공원,다바6769,127.1325045,36.81975764,967224.6131149477,1869125.7769704792
leisure__park,leisure_park_cheonan.csv,매주1공원,leisure,park,어린이공원,다바6778,127.1319511,36.90286119,967210.781911039,1878344.751890124
leisure__park,leisure_park_cheonan.csv,성환4공원,leisure,park,근린공원,다바6779,127.1344771,36.91233067,967439.8468545807,1879394.3566766868
leisure__park,leisure_park_cheonan.csv,으뜸공원(쌍용6),leisure,park,어린이공원,다바6667,127.1283264,36.80261738,966844.5939274539,1867225.8418967084
leisure__park,leisure_park_cheonan.csv,사랑공원(쌍용3),leisure,park,어린이공원,다바6667,127.129647,36.80166126,966961.9887495684,1867119.3223130105
leisure__park,leisure_park_cheonan.csv,장미공원(쌍용7),leisure,park,어린이공원,다바6667,127.1270596,36.80064921,966730.7363583671,1867007.9522917585
leisure__park,leisure_park_cheonan.csv,무궁화공원(쌍용4),leisure,park,어린이공원,다바6766,127.1308284,36.79535988,967064.6801966997,1866419.9019264895
leisure__park,leisure_park_cheonan.csv,개나리공원(봉명4),leisure,park,어린이공원,다바6667,127.129991,36.80853465,966995.6259496511,1867881.6704980903
leisure__park,leisure_park_cheonan.csv,비둘기공원(쌍용5),leisure,park,어린이공원,다바6767,127.1304068,36.80690075,967032.0144791342,1867700.2780388691
leisure__park,leisure_park_cheonan.csv,칸나공원(쌍용2),leisure,park,어린이공원,다바6767,127.1313067,36.80461835,967111.3104410857,1867446.7809364009
leisure__park,leisure_park_cheonan.csv,솔내음공원(쌍용8),leisure,park,어린이공원,다바6667,127.123755,36.80293991,966436.938049698,1867263.2147183595
leisure__park,leisure_park_cheonan.csv,노을공원(쌍용9),leisure,park,어린이공원,다바6667,127.1244925,36.80168839,966502.1821779681,1867124.1247589025
leisure__park,leisure_park_cheonan.csv,쌍용13공원,leisure,park,어린이공원,다바6666,127.1199722,36.80021882,966098.291331762,1866962.6977422454
leisure__park,leisure_park_cheonan.csv,쌍용14공원,leisure,park,어린이공원,다바6666,127.1194762,36.79834861,966053.218373989,1866755.4109084203
leisure__park,leisure_park_cheonan.csv,방아다리공원(쌍용4),leisure,park,근린공원,다바6566,127.118357,36.79288169,965950.9538357456,1866149.3625651095
leisure__park,leisure_park_cheonan.csv,쌍용18공원,leisure,park,어린이공원,다바6566,127.1150204,36.79183976,965652.8059659508,1866034.973968597
leisure__park,leisure_park_cheonan.csv,쌍용16공원,leisure,park,어린이공원,다바6566,127.1181583,36.7921683,965932.9104691946,1866070.2969027997
leisure__park,leisure_park_cheonan.csv,쌍용15공원,leisure,park,어린이공원,,127.1157155,36.78915016,965713.6233614082,1865736.367185018
leisure__park,leisure_park_cheonan.csv,초록공원(쌍용25),leisure,park,어린이공원,다바6667,127.1210322,36.80445287,966194.7137884658,1867432.0067481692
leisure__park,leisure_park_cheonan.csv,단풍공원(쌍용26),leisure,park,어린이공원,다바6567,127.1182784,36.80636249,965949.9094503109,1867644.8184256253
leisure__park,leisure_park_cheonan.csv,유통단지공원,leisure,park,근린공원,다바6670,127.1216692,36.83597896,966265.3763694436,1870928.989034701
leisure__park,leisure_park_cheonan.csv,늘푸른공원(쌍용12),leisure,park,어린이공원,다바6667,127.1196108,36.80414803,966067.7847836784,1867398.6941322472
leisure__park,leisure_park_cheonan.csv,쌍용17공원,leisure,park,어린이공원,다바6665,127.1237436,36.78972074,966430.1530684248,1865796.814580166
leisure__park,leisure_park_cheonan.csv,쌍용20공원,leisure,park,어린이공원,다바6666,127.1240826,36.79550938,966462.9223103117,1866438.8298141747
leisure__park,leisure_park_cheonan.csv,쌍용19공원,leisure,park,어린이공원,다바6666,127.1222635,36.79802859,966301.7361018443,1866718.925436032
leisure__park,leisure_park_cheonan.csv,쌍용공원,leisure,park,근린공원,다바6768,127.1305003,36.81053313,967041.9117189883,1868103.1869152668
leisure__park,leisure_park_cheonan.csv,쌍용10공원,leisure,park,어린이공원,,127.1168556,36.78655184,965814.1907668143,1865447.7275946953
leisure__park,leisure_park_cheonan.csv,노리공원(쌍용29),leisure,park,어린이공원,다바6668,127.1212463,36.81023993,966216.3548923361,1868073.8916006582
leisure__park,leisure_park_cheonan.csv,휴공원(쌍용28),leisure,park,어린이공원,다바6567,127.1182827,36.80773081,965950.8988872492,1867796.6050991646
leisure__park,leisure_park_cheonan.csv,제5호 근린공원,leisure,park,근린공원,다바6674,127.1231424,36.86707309,966410.3446125495,1874377.777667186
leisure__park,leisure_park_cheonan.csv,제1호 근린공원,leisure,park,근린공원,다바6573,127.118435,36.86104443,965988.0961930407,1873710.6760514928
leisure__park,leisure_park_cheonan.csv,제2호 근린공원,leisure,park,근린공원,다바6673,127.1213239,36.86152881,966245.8207828152,1873763.3841161963
leisure__park,leisure_park_cheonan.csv,테크노파크공원,leisure,park,근린공원,다바6976,127.159965,36.88805834,969700.6783595067,1876693.3841913382
leisure__park,leisure_park_cheonan.csv,제3호 근린공원,leisure,park,근린공원,다바6574,127.1138805,36.86692239,965584.7520865465,1874364.3580480197
leisure__park,leisure_park_cheonan.csv,제4호 근린공원,leisure,park,근린공원,다바6573,127.1144627,36.86311483,965634.939307722,1873941.7703008498
leisure__park,leisure_park_cheonan.csv,산동공원,leisure,park,소공원,다바6471,127.1040256,36.84255343,964695.1645651063,1871664.674878211
leisure__park,leisure_park_cheonan.csv,차암밤개울공원(밤개울),leisure,park,어린이공원,다바6471,127.1017479,36.83979934,964490.8119893204,1871360.0048079337
leisure__park,leisure_park_cheonan.csv,신방문화공원,leisure,park,근린공원,다바6764,127.1307313,36.77441534,967047.0507003511,1864096.5599759712
leisure__park,leisure_park_cheonan.csv,삼은공원,leisure,park,근린공원,다바6976,127.159965,36.88805834,969700.6783595067,1876693.3841913382
leisure__park,leisure_park_cheonan.csv,차암공원,leisure,park,근린공원,다바6471,127.1069876,36.84369393,964959.7762323426,1871790.1014290752
leisure__park,leisure_park_cheonan.csv,아우내기념공원,leisure,park,역사공원,다바8162,127.2963822,36.75963221,981826.0092910012,1862412.4371372557
leisure__park,leisure_park_cheonan.csv,천안축구센터(성정공원),leisure,park,체육공원,다바6869,127.1457671,36.82143955,968408.1446339518,1869307.8873322005
leisure__park,leisure_park_cheonan.csv,한들공원,leisure,park,수변공원,다바6669,127.1203901,36.82630064,966147.0582312628,1869855.817708166
leisure__park,leisure_park_cheonan.csv,장수공원(성정12),leisure,park,어린이공원,다바6769,127.1352857,36.82466212,967474.7332954744,1869668.88382932
leisure__park,leisure_park_cheonan.csv,희망공원(쌍용11),leisure,park,어린이공원,다바6567,127.1184506,36.80175945,965963.232880904,1867134.1405880838
leisure__park,leisure_park_cheonan.csv,일봉공원(다가2),leisure,park,어린이공원,다바6766,127.1358968,36.79957837,967518.636077275,1866886.1263444873
leisure__park,leisure_park_cheonan.csv,다가공원(다가1),leisure,park,어린이공원,다바6766,127.1412769,36.79987952,967998.7177145628,1866917.7194052492
leisure__park,leisure_park_cheonan.csv,다가말공원(다가3),leisure,park,어린이공원,다바6766,127.1382049,36.79805389,967723.9010101979,1866716.2342698132
leisure__park,leisure_park_cheonan.csv,천안천공원,leisure,park,어린이공원,다바6866,127.1503113,36.79557786,968802.9247182732,1866437.5513960377
leisure__park,leisure_park_cheonan.csv,봉명공원(봉명1),leisure,park,어린이공원,다바6767,127.1348289,36.80631114,967426.2208352418,1867633.357086801
leisure__park,leisure_park_cheonan.csv,개목공원(봉명2),leisure,park,어린이공원,다바6768,127.1321837,36.81630853,967194.5302227587,1868743.275515887
leisure__park,leisure_park_cheonan.csv,솔모루공원(봉명5),leisure,park,어린이공원,다바6768,127.1327823,36.81338306,967246.6730856184,1868418.5466366257
leisure__park,leisure_park_cheonan.csv,봉서공원(봉명3),leisure,park,어린이공원,다바6768,127.1314459,36.81188172,967126.8328794655,1868252.4610059233
leisure__park,leisure_park_cheonan.csv,남산공원,leisure,park,근린공원,다바6866,127.1492892,36.79990886,968713.500449378,1866918.323309869
leisure__park,leisure_park_cheonan.csv,삼거리공원,leisure,park,근린공원,다바7065,127.1677013,36.7842348,970349.9881632158,1865173.7369675494
leisure__park,leisure_park_cheonan.csv,생활권공원,leisure,park,근린공원,다바7860,127.2550095,36.74246074,978128.3926238936,1860516.276817135
leisure__park,leisure_park_cheonan.csv,생활권공원,leisure,park,소공원,다바7860,127.2598375,36.73967848,978558.640763219,1860206.5527067818
leisure__park,leisure_park_cheonan.csv,생활권공원,leisure,park,근린공원,다바7859,127.2584033,36.73608467,978429.5917492968,1859808.2182953656
leisure__park,leisure_park_cheonan.csv,천안온천중앙공원,leisure,park,근린공원,다바7562,127.226103,36.75775287,975552.6019719772,1862219.6071330102
leisure__park,leisure_park_cheonan.csv,생활권공원,leisure,park,소공원,다바7960,127.265699,36.738997,979081.762901146,1860129.660948181
leisure__park,leisure_park_cheonan.csv,소리공원,leisure,park,어린이공원,다바6764,127.1303595,36.77733308,967015.1218651694,1864420.3521324112
leisure__park,leisure_park_cheonan.csv,산마루공원,leisure,park,어린이공원,다바6663,127.1287885,36.77260848,966872.900223471,1863896.7962837298
leisure__park,leisure_park_cheonan.csv,무지개공원,leisure,park,어린이공원,다바6764,127.1366574,36.77615328,967576.620387902,1864287.3250015853
leisure__park,leisure_park_cheonan.csv,중앙공원,leisure,park,근린공원,다바6763,127.1311692,36.77188155,967085.045171722,1863815.336814561
leisure__park,leisure_park_cheonan.csv,꽃내음공원,leisure,park,어린이공원,다바6763,127.130926,36.77099675,967062.9631110986,1863717.2699405802
leisure__park,leisure_park_cheonan.csv,신방2공원,leisure,park,어린이공원,다바6766,127.1317174,36.79303234,967142.9978400295,1866161.4020707363
leisure__park,leisure_park_cheonan.csv,신방3공원,leisure,park,어린이공원,다바6665,127.1295179,36.79156533,966946.1344384493,1865999.4243272864
leisure__park,leisure_park_cheonan.csv,용곡2공원,leisure,park,어린이공원,다바6765,127.1311197,36.79006316,967088.4027107763,1865832.2363720092
leisure__park,leisure_park_cheonan.csv,용곡3공원,leisure,park,어린이공원,다바6765,127.1307424,36.78808682,967053.8936046488,1865613.130914853
leisure__park,leisure_park_cheonan.csv,신방1공원,leisure,park,어린이공원,다바6665,127.1264314,36.78689368,966668.7368377643,1865482.2691584332
leisure__park,leisure_park_cheonan.csv,건강공원,leisure,park,근린공원,다바6764,127.1329266,36.77849432,967244.6921021842,1864548.2864391601
leisure__park,leisure_park_cheonan.csv,해오름공원,leisure,park,어린이공원,다바6764,127.1370182,36.77393902,967607.8853855452,1864041.5756732118
leisure__park,leisure_park_cheonan.csv,천호지공원,leisure,park,근린공원,다바7070,127.1673226,36.83282894,970334.9507465916,1870564.4120711924
leisure__park,leisure_park_cheonan.csv,신부문화공원,leisure,park,문화공원,다바6968,127.1561499,36.81811752,969332.8005558657,1868935.9922332587
leisure__park,leisure_park_cheonan.csv,신부1공원,leisure,park,어린이공원,다바6969,127.1622323,36.8199695,969876.0034364024,1869139.4993800716
leisure__park,leisure_park_cheonan.csv,신부6공원,leisure,park,어린이공원,다바6969,127.1553114,36.82367368,969260.238652206,1869552.6089610197
leisure__park,leisure_park_cheonan.csv,신부8공원,leisure,park,어린이공원,다바6969,127.1601651,36.82273168,969692.7276783702,1869446.5626439094
leisure__park,leisure_park_cheonan.csv,편지공원(신부7),leisure,park,어린이공원,다바6969,127.1573718,36.82183871,969443.2587727642,1869348.394254142
leisure__park,leisure_park_cheonan.csv,신부공원,leisure,park,근린공원,다바6969,127.1596481,36.82002434,969645.5510390386,1869146.400191
leisure__park,leisure_park_cheonan.csv,성정9공원(신부9),leisure,park,어린이공원,다바6869,127.1501549,36.82241649,968799.863533423,1869414.8187631988
leisure__park,leisure_park_cheonan.csv,차돌공원(쌍용1),leisure,park,어린이공원,다바6767,127.1330378,36.80315305,967265.107336268,1867283.6409572181
leisure__park,leisure_park_cheonan.csv,상암공원(안서4),leisure,park,어린이공원,다바7270,127.1872497,36.82906533,972110.5016025909,1870140.912832531
leisure__park,leisure_park_cheonan.csv,용소공원(용곡6),leisure,park,어린이공원,다바6765,127.1359727,36.79126094,967521.8959029805,1865963.4475525732
leisure__park,leisure_park_cheonan.csv,미르공원(용곡8),leisure,park,어린이공원,다바6764,127.1395056,36.78192336,967833.1956722715,1864926.4373061485
leisure__park,leisure_park_cheonan.csv,용곡9공원,leisure,park,어린이공원,다바6764,127.1368979,36.78168821,967600.4115333576,1864901.2319526472
leisure__park,leisure_park_cheonan.csv,하늘소리공원,leisure,park,어린이공원,다바6468,127.1026269,36.81039905,964555.6286093348,1868098.2827277547
leisure__park,leisure_park_cheonan.csv,수피아공원,leisure,park,근린공원,다바6469,127.1013969,36.82145798,964451.0305587846,1869325.512760616
leisure__park,leisure_park_cheonan.csv,아름드리공원,leisure,park,근린공원,다바6468,127.1037003,36.81807892,964654.9038168676,1868949.817439223
leisure__park,leisure_park_cheonan.csv,능수버들공원,leisure,park,근린공원,다바6569,127.1102883,36.8197019,965243.2094901415,1869127.4402704532
leisure__park,leisure_park_cheonan.csv,하늘맞이공원,leisure,park,근린공원,다바6467,127.1040358,36.80493403,964678.788242208,1867491.524534017
leisure__park,leisure_park_cheonan.csv,물총새공원,leisure,park,근린공원,다바6568,127.1076169,36.81067673,965000.8485620767,1868127.2478837264
leisure__park,leisure_park_cheonan.csv,안서3공원,leisure,park,어린이공원,다바7270,127.1861935,36.82840832,972016.0754555115,1870068.3390756855
leisure__park,leisure_park_cheonan.csv,성성1지구 근린공원,leisure,park,근린공원,다바6671,127.1229798,36.84114572,966384.500399331,1871501.6805928538
leisure__park,leisure_park_cheonan.csv,성성3지구 근린공원,leisure,park,근린공원,다바6771,127.1306767,36.84091033,967070.6655336082,1871472.8884962318
leisure__park,leisure_park_cheonan.csv,백석공원,leisure,park,근린공원,다바6570,127.1090661,36.83303341,965140.2542465673,1870606.7595079043
leisure__park,leisure_park_cheonan.csv,두정10공원,leisure,park,소공원,다바6869,127.1507137,36.82681344,968851.4812269957,1869902.392633985
leisure__park,leisure_park_cheonan.csv,성성4지구 어린이공원,leisure,park,어린이공원,다바6771,127.1368524,36.84053144,967621.1411678353,1871428.7474811347
leisure__park,leisure_park_cheonan.csv,문성소공원,leisure,park,소공원,다바6968,127.1542359,36.80968397,969158.7116632557,1868001.0712896541
leisure__park,leisure_park_cheonan.csv,원성5어린이공원,leisure,park,어린이공원,다바6968,127.156501,36.811701,969361.5573328779,1868224.0928332433
leisure__park,leisure_park_cheonan.csv,노태공원,leisure,park,근린공원,다바6670,127.126201,36.835801,966669.3878163167,1870907.6576553646
leisure__park,leisure_park_cheonan.csv,신부2공원,leisure,park,어린이공원,다바6968,127.1612675,36.81562674,969788.2501480603,1868658.059747225
leisure__park,leisure_park_cheonan.csv,잠자리공원,leisure,park,어린이공원,다바6872,127.149301,36.848501,968734.328441986,1872308.6723422704
leisure__park,leisure_park_cheonan.csv,무당벌레공원,leisure,park,어린이공원,다바6871,127.1490101,36.842801,968706.0711088094,1871676.4611533266
leisure__park,leisure_park_cheonan.csv,성성2지구 어린이공원,leisure,park,어린이공원,다바6671,127.1241001,36.842301,966484.8920323486,1871629.443392291
leisure__park,leisure_park_cheonan.csv,두정4공원,leisure,park,어린이공원,다바6870,127.147201,36.827701,968538.5892987334,1870002.0006317426
leisure__park,leisure_park_cheonan.csv,월봉공원,leisure,park,어린이공원,다바6566,127.114301,36.796801,965590.8411097891,1866585.5834447928
leisure__park,leisure_park_cheonan.csv,신월2공원,leisure,park,어린이공원,다바6874,127.151501,36.869101,968938.8021595083,1874593.1371285222
leisure__park,leisure_park_cheonan.csv,마틴공원,leisure,park,역사공원,다바6965,127.163201,36.790401,969950.8465188957,1865859.1564072524
leisure__park,leisure_park_cheonan.csv,숲향기공원,leisure,park,소공원,다바6971,127.152501,36.845201,969018.2858072435,1871941.5577250966
leisure__park,leisure_park_cheonan.csv,신부11공원,leisure,park,소공원,다바6968,127.163627,36.81760965,969999.4698961197,1868877.2817108994
leisure__park,leisure_park_cheonan.csv,안서2공원,leisure,park,소공원,다바7170,127.1791711,36.83036574,971390.574791121,1870287.5556932285
leisure__park,leisure_park_cheonan.csv,청수소공원,leisure,park,소공원,다바6966,127.1564783,36.79566029,969353.1412671047,1866444.7018169966
leisure__park,leisure_park_cheonan.csv,성거1호소공원,leisure,park,소공원,다바7377,127.206801,36.893301,973875.8670530005,1877261.117581386
leisure__park,leisure_park_cheonan.csv,성거2호소공원,leisure,park,소공원,다바7477,127.210701,36.892401,974223.0566206586,1877160.2186810817
leisure__cultural_area,leisure_sportsandresort_cheonan.csv,천안종합운동장,leisure,cultural_area,sportandresort,다바6569,127.11246020300004,36.81989433668211,965436.9999999986,1869147.9999829861
leisure__cultural_area,leisure_sportsandresort_cheonan.csv,한들문화센터,leisure,cultural_area,sportandresort,다바6470,127.10460324335835,36.82802671689509,964739.9999999977,1870052.999983097
leisure__cultural_area,leisure_sportsandresort_cheonan.csv,천안축구센터,leisure,cultural_area,sportandresort,다바6869,127.14727876180596,36.82397817601651,968544.0000000017,1869588.999983042
leisure__cultural_area,leisure_sportsandresort_cheonan.csv,천안시실내배드민턴장,leisure,cultural_area,sportandresort,다바6964,127.1637652475852,36.77965564910412,969997.0,1864666.9999824436
leisure__cultural_area,leisure_sportsandresort_cheonan.csv,천안생활체육야구장,leisure,cultural_area,sportandresort,다바7064,127.1649798430932,36.77609826010398,970104.0000000012,1864271.9999823936
leisure__cultural_area,leisure_sportsandresort_cheonan.csv,천안북부스포츠센터,leisure,cultural_area,sportandresort,다바6778,127.131990834267,36.89977156658678,967213.000000001,1878001.9999840718
leisure__cultural_area,leisure_sportsandresort_cheonan.csv,시민체육공원,leisure,cultural_area,sportandresort,다바6568,127.10930068013606,36.81347139956513,965152.3030181087,1868436.646925088
leisure__cultural_area,leisure_sportsandresort_cheonan.csv,유관순파크골프장,leisure,cultural_area,sportandresort,다바6470,127.10380672434344,36.83026870795071,964669.9999999988,1870301.9999831272
leisure__cultural_area,leisure_sportsandresort_cheonan.csv,풍서천파크골프장,leisure,cultural_area,sportandresort,다바6658,127.12038887442284,36.722595559536735,966101.318403146,1858351.841886722
leisure__cultural_area,leisure_sportsandresort_cheonan.csv,태조산산림레포츠단지,leisure,cultural_area,sportandresort,다바7269,127.19205424015055,36.82361577403817,972536.9999999993,1869534.9999830374
leisure__cultural_area,leisure_sportsandresort_cheonan.csv,시민체육공원,leisure,cultural_area,sportandresort,다바6568,127.10930068013606,36.81347139956513,965152.3030181087,1868436.646925088
leisure__cultural_area,leisure_sportsandresort_cheonan.csv,도솔공원,leisure,cultural_area,sportandresort,다바6969,127.1625141955407,36.82470750728841,969903.0000000008,1869664.9999830523
leisure__cultural_area,leisure_theater_cheonan.csv,CGV천안펜타포트,leisure,cultural_area,theater,,127.10142628878718,36.79842100812606,964443.0000000001,1866769.999982696
leisure__cultural_area,leisure_theater_cheonan.csv,CGV천안터미널,leisure,cultural_area,theater,다바6969,127.15720904664764,36.819968652862485,969427.9999999971,1869140.9999829873
leisure__cultural_area,leisure_theater_cheonan.csv,CGV천안,leisure,cultural_area,theater,다바6867,127.14837369897609,36.8076829108651,968634.9999999994,1867780.9999828218
leisure__cultural_area,leisure_theater_cheonan.csv,인디플러스 천안,leisure,cultural_area,theater,다바6867,127.15224844823956,36.8086047861601,968981.0,1867881.9999828334
leisure__cultural_area,leisure_theater_cheonan.csv,천안인생극장,leisure,cultural_area,theater,다바6867,127.15201934590776,36.80720684146485,968959.9999999992,1867726.999982815
leisure__cultural_area,leisure_theater_cheonan.csv,주식회사 트리스타 메가박스 천안,leisure,cultural_area,theater,다바6870,127.14796903387963,36.832399897918826,968608.9999999995,1870522.9999831568
leisure__cultural_area,leisure_theater_cheonan.csv,천안자동차극장,leisure,cultural_area,theater,다바7862,127.26260074102515,36.756626847517154,978809.9999999979,1862085.9999821342
leisure__cultural_area,leisure_theater_cheonan.csv,롯데시네마 천안불당,leisure,cultural_area,theater,다바6568,127.10825566407388,36.813263807327445,965059.0000000016,1868413.9999828974
leisure__cultural_area,leisure_theater_cheonan.csv,CGV 천안시청 1관,leisure,cultural_area,theater,다바6569,127.11008703079148,36.81912934853492,965224.999999999,1869063.9999829775
leisure__cultural_area,leisure_theater_cheonan.csv,롯데시네마 천안청당,leisure,cultural_area,theater,다바6965,127.15608468032848,36.783059284582485,969312.9999999988,1865046.999982488
leisure__cultural_area,leisure_theater_cheonan.csv,씨네큐 천안 불당,leisure,cultural_area,theater,다바6468,127.10747464310803,36.81252203029349,964989.0000000009,1868331.999982886
