objt_id,fclty_ty,fclty_cd,fclty_nm,adres,rn_adres,telno,ctprvn_cd,sgg_cd,emd_cd,x,y,data_yr
196266,편의점,509010,새샘편의점,충청남도 천안시 동남구 신방동 1591,충청남도 천안시 동남구 통정5로 108,,44,44131,44131116,14152834.81,4408001.133,2025
196269,편의점,509010,씨유천안주공7단지점,충청남도 천안시 서북구 쌍용동 1284,충청남도 천안시 서북구 쌍용11길 57,,44,44133,44133107,14151557.32,4411679.281,2025
196271,편의점,509010,세븐일레븐천안입장,충청남도 천안시 서북구 입장면 하장리 45-22,충청남도 천안시 서북구 입장면 입장로 149-1,,44,44133,44133310,14162301.47,4427215.734,2025
196273,편의점,509010,씨유풍세광국점,충청남도 천안시 동남구 풍세면 풍서리 448-2,충청남도 천안시 동남구 풍세면 풍세로 131,,44,44131,44131310,14150823.82,4401019.888,2025
196275,편의점,509010,지에스25쌍용베스트점,충청남도 천안시 서북구 쌍용동 977,충청남도 천안시 서북구 미라12길 1,,44,44133,44133107,14151910.47,4411992.378,2025
196276,편의점,509010,지에스25두정부경점,충청남도 천안시 서북구 두정동 663,충청남도 천안시 서북구 늘푸른1길 20,,44,44133,44133104,14151995.56,4415035.548,2025
196277,편의점,509010,씨유나사렛대점，이디아휴게음식,충청남도 천안시 서북구 쌍용동 456,충청남도 천안시 서북구 월봉로 48,,44,44133,44133107,14150823,4410666.206,2025
196283,편의점,509010,씨유신불당,충청남도 천안시 서북구 불당동 1485,충청남도 천안시 서북구 번영로 201,,44,44133,44133103,14149830.43,4413929.11,2025
196288,편의점,509010,지에스25직산레이크점,충청남도 천안시 서북구 직산읍 삼은리 85-7,충청남도 천안시 서북구 직산읍 직산로 41,,44,44133,44133256,14154698.19,4422528.706,2025
196289,편의점,509010,대한민국상이군경회편의시설사업소,충청남도 천안시 서북구 두정동 1394,충청남도 천안시 서북구 성정두정로 62,,44,44133,44133104,14153368.37,4415542.914,2025
196291,편의점,509010,이마트24천안더메인즈타운점,충청남도 천안시 서북구 쌍용동 311-6,충청남도 천안시 서북구 서부대로 471-5,,44,44133,44133107,14151847.06,4412592.22,2025
196292,편의점,509010,지에스25뉴천안드림타워,충청남도 천안시 서북구 두정동 63-33,충청남도 천안시 서북구 1공단1길 13,,44,44133,44133104,14153887.03,4415322.571,2025
196304,편의점,509010,씨유천안백석대조형관점,충청남도 천안시 동남구 안서동 115,충청남도 천안시 동남구 백석대학로 1-1,,44,44131,44131119,14158155.3,4416908.338,2025
196306,편의점,509010,미니스톱쌍용모란점,충청남도 천안시 서북구 쌍용동 752,충청남도 천안시 서북구 쌍용18길 21,,44,44133,44133107,14150992.69,4411187.825,2025
196312,편의점,509010,씨유성환휴게소점,충청남도 천안시 서북구 성환읍 매주리 362-31,충청남도 천안시 서북구 성환읍 연암율금로 387,,44,44133,44133250,14151047.52,4426442.845,2025
196321,편의점,509010,세븐일레븐천안쌍용,충청남도 천안시 서북구 쌍용동 389-7,충청남도 천안시 서북구 새말4길 24,,44,44133,44133107,14152321.78,4410642.642,2025
196323,편의점,509010,GS25남서울,충청남도 천안시 서북구 성환읍 성월리 59-9,충청남도 천안시 서북구 성환읍 성진로 80,,44,44133,44133250,14153633.57,4426769.364,2025
196326,편의점,509010,이마트24한국기술교육대학교점,충청남도 천안시 동남구 병천면 가전리 157-3,충청남도 천안시 동남구 병천면 가전8길 83-1,,44,44131,44131360,14169290.24,4406225.724,2025
196333,편의점,509010,세븐천안성정2점,충청남도 천안시 서북구 성정동 742-3,충청남도 천안시 서북구 양지18길 9,,44,44133,44133102,14153187.49,4412917.936,2025
196334,편의점,509010,세븐천안신부문화점,충청남도 천안시 동남구 신부동 461-6,충청남도 천안시 동남구 만남로 38,,44,44131,44131118,14154973.76,4413834.34,2025
196335,편의점,509010,씨유천안성정소망점,충청남도 천안시 서북구 성정동 677-2,충청남도 천안시 서북구 서부10길 8,,44,44133,44133102,14152782.7,4414024.235,2025
196338,편의점,509010,지에스25목천남부대로점,충청남도 천안시 동남구 목천읍 신계리 88-9,충청남도 천안시 동남구 목천읍 남부대로 950,,44,44131,44131250,14162047.24,4407648.077,2025
196343,편의점,509010,지에스25다가그랑블점,충청남도 천안시 동남구 다가동 526,충청남도 천안시 동남구 천안천공원3길 5-31,,44,44131,44131114,14153717.82,4411693.816,2025
196345,편의점,509010,씨유성정,충청남도 천안시 서북구 성정동 1129,충청남도 천안시 서북구 성정중8길 14,,44,44133,44133102,14152626.91,4415294.023,2025
196347,편의점,509010,씨유천안성정주공점,충청남도 천안시 서북구 성정동 730-1,충청남도 천안시 서북구 성정12길 17,,44,44133,44133102,14153167.54,4413298.002,2025
196350,편의점,509010,세븐일레븐천안성환도하점,충청남도 천안시 서북구 성환읍 도하리 361,충청남도 천안시 서북구 성환읍 연암로 357,,44,44133,44133250,14155783.31,4431844.941,2025
196361,편의점,509010,성월편의점,충청남도 천안시 서북구 성환읍 성월리 278-19,충청남도 천안시 서북구 성환읍 천안대로 2096,,44,44133,44133250,14152652.86,4428757.586,2025
196364,편의점,509010,세븐천안성정스타점,충청남도 천안시 서북구 성정동 1297,충청남도 천안시 서북구 성정공원5로 15,,44,44133,44133102,14153071.27,4415194.056,2025
196372,편의점,509010,이마트24천안성정원룸점,충청남도 천안시 서북구 성정동 694-5,충청남도 천안시 서북구 성정9길 6,,44,44133,44133102,14153367.41,4413796.907,2025
196375,편의점,509010,씨유천안신부태조점,충청남도 천안시 동남구 신부동 555,충청남도 천안시 동남구 터미널9길 10-1,,44,44131,44131118,14154682.3,4414454.532,2025
196377,편의점,509010,미니스톱천안나사렛대점,충청남도 천안시 서북구 쌍용동 686,충청남도 천안시 서북구 쌍용14길 46-2,,44,44133,44133107,14151015.56,4410817.404,2025
235795,편의점,509010,지에스25천안호서대점,충청남도 천안시 동남구 안서동 229,충청남도 천안시 동남구 안서3길 4,,44,44131,44131119,14157579.28,4415478.899,2025
235801,편의점,509010,세븐일레븐천안역전2점,충청남도 천안시 동남구 대흥동 70-4,충청남도 천안시 동남구 공설시장2길 3,,44,44131,44131101,14154199.9,4412520.697,2025
235813,편의점,509010,지에스25천안영성점,충청남도 천안시 동남구 영성동 14-7,충청남도 천안시 동남구 영성동2길 13-1,,44,44131,44131105,14154451.64,4411866.459,2025
235844,편의점,509010,GS25천안성지점,충청남도 천안시 동남구 신방동 881,충청남도 천안시 동남구 일봉로 12-4,,44,44131,44131116,14152015.05,4410349.829,2025
235846,편의점,509010,미니스톱천안,충청남도 천안시 동남구 안서동 321-2,충청남도 천안시 동남구 상명대길 27,,44,44131,44131119,14157190.68,4415833.475,2025
235848,편의점,509010,GS25쌍용공원점,충청남도 천안시 서북구 쌍용동 1005,충청남도 천안시 서북구 미라11길 35,,44,44133,44133107,14152219.21,4411865.093,2025
235850,편의점,509010,GS25단대호수점,충청남도 천안시 동남구 안서동 467-75,충청남도 천안시 동남구 천호지길 21,,44,44131,44131119,14156846.45,4416186.728,2025
235851,편의점,509010,씨스페이스,충청남도 천안시 서북구 불당동 1536,충청남도 천안시 서북구 불당21로 67-26,,44,44133,44133108,14149679.43,4413324.083,2025
235854,편의점,509010,GS25팰리스피아점,충청남도 천안시 서북구 두정동 1371,충청남도 천안시 서북구 두정상가2길 9,,44,44133,44133104,14153098.43,4415579.663,2025
235859,편의점,509010,GS25성정,충청남도 천안시 서북구 성정동 1274,충청남도 천안시 서북구 성정공원6길 1-4,,44,44133,44133102,14152949.05,4415306.981,2025
235860,편의점,509010,씨유천안가전,충청남도 천안시 동남구 병천면 가전리 190-65,충청남도 천안시 동남구 병천면 가전7길 3,,44,44131,44131360,14169161.09,4406832.429,2025
235863,편의점,509010,GS25성정,충청남도 천안시 서북구 성정동 670-12,충청남도 천안시 서북구 서부13길 35,,44,44133,44133102,14153285.63,4414174.063,2025
235865,편의점,509010,이마트24천안메가박스점,충청남도 천안시 서북구 두정동 68-16,충청남도 천안시 서북구 1공단1길 52,,44,44133,44133104,14154043.11,4415770.513,2025
235867,편의점,509010,씨유천안로얄점,충청남도 천안시 동남구 신부동 454-1,충청남도 천안시 동남구 만남로 18,,44,44131,44131118,14154740.03,4413802.952,2025
235870,편의점,509010,세븐일레븐천안신계점,충청남도 천안시 동남구 목천읍 신계리 383-1,충청남도 천안시 동남구 목천읍 충절로 769,,44,44131,44131250,14159569.18,4406857.959,2025
235877,편의점,509010,씨유천안두정가교점,충청남도 천안시 서북구 두정동 963-2,충청남도 천안시 서북구 부성2길 7,,44,44133,44133104,14152865.52,4416040.704,2025
235879,편의점,509010,지에스25천안법조타운,충청남도 천안시 동남구 청당동 487,충청남도 천안시 동남구 청수14로 62,,44,44131,44131111,14154642,4409070.75,2025
235880,편의점,509010,GS25두정메트로점,충청남도 천안시 서북구 성정동 1451,충청남도 천안시 서북구 성정두정로 12,,44,44133,44133102,14153328.59,4414961.36,2025
235881,편의점,509010,GS25성거,충청남도 천안시 서북구 성거읍 천흥리 424-3,충청남도 천안시 서북구 성거읍 성거길 100,,44,44133,44133253,14160054.1,4421551.475,2025
235883,편의점,509010,세븐일레븐천안성정,충청남도 천안시 서북구 성정동 1297,충청남도 천안시 서북구 성정공원5로 15,,44,44133,44133102,14153071.27,4415194.056,2025
235889,편의점,509010,세븐일레븐목천IC점,충청남도 천안시 동남구 목천읍 운전리 343-46,충청남도 천안시 동남구 목천읍 충절로 1150,,44,44131,44131250,14163741.57,4406995.944,2025
235896,편의점,509010,지에스25불당,충청남도 천안시 서북구 불당동 1684,충청남도 천안시 서북구 불당32길 36,,44,44133,44133108,14149180.83,4412569.183,2025
235900,편의점,509010,지에스25천안봉명역점,충청남도 천안시 동남구 다가동 373-23,충청남도 천안시 동남구 차돌고개3길 4-1,,44,44131,44131114,14152839.23,4411412.549,2025
235902,편의점,509010,지에스25천안장미점,충청남도 천안시 서북구 쌍용동 1194,충청남도 천안시 서북구 미라2길 22-4,,44,44133,44133107,14152003.25,4411432.513,2025
235903,편의점,509010,세븐일레븐천안백석학생복지동점,충청남도 천안시 동남구 안서동 115,충청남도 천안시 동남구 백석대학로 1-1,,44,44131,44131119,14158155.3,4416908.338,2025
235905,편의점,509010,이마트24천안동문,충청남도 천안시 동남구 신부동 61-50,충청남도 천안시 동남구 신부8길 18,,44,44131,44131118,14155685.59,4413394.423,2025
235910,편의점,509010,이마트24북천안IC점,충청남도 천안시 서북구 직산읍 판정리 128,충청남도 천안시 서북구 직산읍 성진로 422,,44,44133,44133256,14157415.08,4426656.364,2025
235914,편의점,509010,세븐일레븐천안마체에비뉴점,충청남도 천안시 서북구 백석동 1057,충청남도 천안시 서북구 한들1로 171,,44,44133,44133103,14150966.59,4416499.179,2025
235915,편의점,509010,지에스25청수빌리지,충청남도 천안시 동남구 청수동 291,충청남도 천안시 동남구 청수15길 18,,44,44131,44131109,14154550.96,4409529.048,2025
235920,편의점,509010,지에스25신부그랜드점,충청남도 천안시 동남구 신부동 843-1,충청남도 천안시 동남구 중앙로 281-62,,44,44131,44131118,14154436.13,4414645.7,2025
235924,편의점,509010,지에스25단대,충청남도 천안시 동남구 신부동 257-4,충청남도 천안시 동남구 단대로 108,,44,44131,44131118,14155642.29,4415529.755,2025
235935,편의점,509010,씨유천안아인스점,충청남도 천안시 동남구 신방동 1061,충청남도 천안시 동남구 통정12로 24,,44,44131,44131116,14152132.9,4408243.405,2025
235936,편의점,509010,GS25천안해밀점,충청남도 천안시 동남구 목천읍 삼성리 145-7,충청남도 천안시 동남구 목천읍 천안대로 103,,44,44131,44131250,14156641.27,4405495.973,2025
236003,편의점,509010,GS25쌍용점,충청남도 천안시 서북구 쌍용동 210-9,충청남도 천안시 서북구 차돌들길 7-3,,44,44133,44133107,14151963.53,4410887.675,2025
236045,편의점,509010,지에스25쌍용리,충청남도 천안시 서북구 쌍용동 1539,충청남도 천안시 서북구 월봉로 93,,44,44133,44133107,14150706.72,4411121.171,2025
236055,편의점,509010,씨유천안쌍용,충청남도 천안시 서북구 쌍용동 629,충청남도 천안시 서북구 쌍용18길 82,,44,44133,44133107,14151354.66,4410793.906,2025
236056,편의점,509010,씨유천안두정,충청남도 천안시 서북구 두정동 396-6,충청남도 천안시 서북구 두정공원2길 23-3,,44,44133,44133104,14154676.62,4416198.35,2025
236057,편의점,509010,데이앤데이목천신계점,충청남도 천안시 동남구 목천읍 천정리 108-46,충청남도 천안시 동남구 목천읍 성남로 37-1,,44,44131,44131250,14160749.24,4406886.44,2025
236059,편의점,509010,세븐일레븐천안,충청남도 천안시 동남구 신부동 363-12,충청남도 천안시 동남구 만남로 15,,44,44131,44131118,14154712.91,4413919.388,2025
236063,편의점,509010,미니스톱천안백석엔시티점,충청남도 천안시 서북구 백석동 1054,충청남도 천안시 서북구 한들1로 218,,44,44133,44133103,14150747.68,4416290.2,2025
236071,편의점,509010,지에스25목천나들목점,충청남도 천안시 동남구 목천읍 운전리 349,충청남도 천안시 동남구 목천읍 동평1길 1,,44,44131,44131250,14163335.33,4407166.731,2025
236080,편의점,509010,GS25불당미래점,충청남도 천안시 서북구 불당동 1630,충청남도 천안시 서북구 불당33길 40,,44,44133,44133108,14149457.95,4412851.288,2025
236083,편의점,509010,이마트24self천안백석시티점,충청남도 천안시 서북구 백석동 1096,충청남도 천안시 서북구 한들1로 134-11,,44,44133,44133103,14150946.5,4416037.323,2025
236085,편의점,509010,세븐일레븐천안특수공단점,충청남도 천안시 서북구 백석동 555-57,충청남도 천안시 서북구 백석공단1로 20,,44,44133,44133103,14149825.11,4414749.952,2025
236092,편의점,509010,씨유천안임페리움점,충청남도 천안시 동남구 신부동 489-1,충청남도 천안시 동남구 신부12길 19,,44,44131,44131118,14155378.54,4413808.095,2025
236106,편의점,509010,이마트24천안교천,충청남도 천안시 동남구 목천읍 교천리 130-1,충청남도 천안시 동남구 목천읍 교천지산길 104,,44,44131,44131250,14159698.57,4408173.083,2025
236113,편의점,509010,미니스톱천안삼명대점,충청남도 천안시 동남구 안서동 321-2,충청남도 천안시 동남구 상명대길 27,,44,44131,44131119,14157190.68,4415833.475,2025
236114,편의점,509010,미니스톱천안공단점,충청남도 천안시 서북구 성환읍 율금리 790-35,충청남도 천안시 서북구 성환읍 율금1길 8-8,,44,44133,44133250,14148284.64,4424158.507,2025
236115,편의점,509010,GS25뉴천안드림타워,충청남도 천안시 서북구 두정동 63-33,충청남도 천안시 서북구 1공단1길 13,,44,44133,44133104,14153887.03,4415322.571,2025
236117,편의점,509010,세븐일레븐4공단쉼터점,충청남도 천안시 서북구 직산읍 모시리 253-42,충청남도 천안시 서북구 직산읍 4산단7로 90,,44,44133,44133256,14151331.01,4420768.849,2025
236124,편의점,509010,세븐일레븐천안청당광풍로점,충청남도 천안시 동남구 청당동 370-1,충청남도 천안시 동남구 광풍로 1767,,44,44131,44131111,14153480.96,4408041.758,2025
236128,편의점,509010,세븐일레븐천안2,충청남도 천안시 서북구 성성동 483-4,충청남도 천안시 서북구 2공단1로 59-2,,44,44133,44133105,14150630.06,4418092.713,2025
236131,편의점,509010,씨유천안성정,충청남도 천안시 서북구 성정동 690-5,충청남도 천안시 서북구 봉정로 190,,44,44133,44133102,14153506.92,4413881.305,2025
236134,편의점,509010,씨유천안고속,충청남도 천안시 동남구 신부동 354-1,충청남도 천안시 동남구 만남로 43,,44,44131,44131118,14155076.3,4414043.243,2025
236139,편의점,509010,이마트24천안입장,충청남도 천안시 서북구 입장면 하장리 204,충청남도 천안시 서북구 입장면 입장로 130,,44,44133,44133310,14162320.56,4426927.353,2025
236142,편의점,509010,지에스25성거리,충청남도 천안시 서북구 성거읍 요방리 216-1,충청남도 천안시 서북구 성거읍 망향로 266,,44,44133,44133253,14157586.47,4417534.312,2025
236148,편의점,509010,세븐일레븐천안성정,충청남도 천안시 서북구 성정동 619-3,충청남도 천안시 서북구 서부19길 8,,44,44133,44133102,14152927.87,4414739.283,2025
236157,편의점,509010,선덕개발,충청남도 천안시 동남구 봉명동 30-78,충청남도 천안시 동남구 순천향4길 60,,44,44131,44131113,14152873.34,4411677.583,2025
236158,편의점,509010,지장편의점,충청남도 천안시 동남구 광덕면 지장리 160,충청남도 천안시 동남구 광덕면 지장길 136-16,,44,44131,44131320,14145475.64,4393528.19,2025
236163,편의점,509010,코리아세븐천안쌍용주,충청남도 천안시 서북구 쌍용동 1034,충청남도 천안시 서북구 미라2길 53,,44,44133,44133107,14152030.17,4411846.229,2025
236558,편의점,509010,세븐일레븐천안두정원룸점,충청남도 천안시 서북구 두정동 1856,충청남도 천안시 서북구 두정고2길 72,,44,44133,44133104,14152364.7,4416622.739,2025
236559,편의점,509010,지에스25쌍용해누리점,충청남도 천안시 서북구 쌍용동 1363-1,충청남도 천안시 서북구 충무로 158-10,,44,44133,44133107,14151406.7,4410260.709,2025
236562,편의점,509010,씨유천안남관점,충청남도 천안시 동남구 풍세면 남관리 133-2,충청남도 천안시 동남구 풍세면 풍세로 466,,44,44131,44131310,14151783.02,4404957.72,2025
236564,편의점,509010,씨유천안상명학사점,충청남도 천안시 동남구 안서동 307-2,충청남도 천안시 동남구 탑골길 12,,44,44131,44131119,14157254.47,4415684.145,2025
236566,편의점,509010,세븐일레븐천안직산동보점,충청남도 천안시 서북구 직산읍 모시리 253-38,충청남도 천안시 서북구 직산읍 상덕로 32,,44,44133,44133256,14150857.93,4421099.793,2025
236569,편의점,509010,노다지,충청남도 천안시 서북구 성환읍 매주리 88-10,충청남도 천안시 서북구 성환읍 천안대로 1746,,44,44133,44133250,14152776.09,4424436.153,2025
236572,편의점,509010,세븐천안직산점,충청남도 천안시 서북구 직산읍 삼은리 72-46,충청남도 천안시 서북구 직산읍 삼은3길 21,,44,44133,44133256,14154460.69,4422203.095,2025
236575,편의점,509010,씨유천안청수점,충청남도 천안시 동남구 삼룡동 443,충청남도 천안시 동남구 청수12로 44,,44,44131,44131110,14155846.26,4408895.093,2025
236577,편의점,509010,지에스25부성이편한점,충청남도 천안시 서북구 신당동 416,충청남도 천안시 서북구 원너멋길 56,,44,44133,44133110,14154493.23,4419024.85,2025
236579,편의점,509010,지에스25뉴천안수신점,충청남도 천안시 동남구 수신면 속창리 126-15,충청남도 천안시 동남구 수신면 수신로 429,,44,44131,44131350,14168850.61,4401628.526,2025
236581,편의점,509010,세븐일레븐성환이화,충청남도 천안시 서북구 성환읍 성환리 344-82,충청남도 천안시 서북구 성환읍 성환15길 4,,44,44133,44133250,14152115.99,4427891.13,2025
236582,편의점,509010,지에스25쌍용주공점,충청남도 천안시 서북구 쌍용동 1920,충청남도 천안시 서북구 봉서산샛길 64,,44,44133,44133107,14150866.94,4412147.407,2025
236592,편의점,509010,세븐일레븐순천향대천안새,충청남도 천안시 동남구 봉명동 216-8,충청남도 천안시 동남구 순천향6길 31,,44,44131,44131113,14152650.18,4411658.156,2025
236593,편의점,509010,지에스25직산휴게소점,충청남도 천안시 서북구 직산읍 군서리 33-3,충청남도 천안시 서북구 직산읍 삼사로 1338,,44,44133,44133256,14155361.76,4424593.166,2025
236594,편의점,509010,이마트24천안천흥,충청남도 천안시 서북구 성거읍 천흥리 315-8,충청남도 천안시 서북구 성거읍 성거길 216,,44,44133,44133253,14160624.09,4422848.508,2025
236597,편의점,509010,지에스25구성,충청남도 천안시 동남구 구성동 467-2,충청남도 천안시 동남구 구성1길 17,,44,44131,44131108,14155381.59,4410699.994,2025
236599,편의점,509010,미니스톱천안직산양당점,충청남도 천안시 서북구 직산읍 양당리 68-3,충청남도 천안시 서북구 직산읍 상덕로 147,,44,44133,44133256,14151134.57,4422426.345,2025
236602,편의점,509010,세븐일레븐천안입장도림점,충청남도 천안시 서북구 입장면 도림리 146-6,충청남도 천안시 서북구 입장면 성진로 1127,,44,44133,44133310,14165853.24,4427245.415,2025
236604,편의점,509010,씨유천안직산더샵점,충청남도 천안시 서북구 직산읍 삼은리 592,충청남도 천안시 서북구 직산읍 직산로 18-33,,44,44133,44133256,14155049.72,4422426.004,2025
236606,편의점,509010,지에스25풍세한양수자인,충청남도 천안시 동남구 풍세면 보성리 764,충청남도 천안시 동남구 풍세면 풍세산단로 283,,44,44131,44131310,14149361.24,4400973.133,2025
236607,편의점,509010,지에스25스타,충청남도 천안시 서북구 두정동 1500,충청남도 천안시 서북구 두정로 236,,44,44133,44133104,14153499.59,4415865.132,2025
236613,편의점,509010,씨유천안공단번영점,충청남도 천안시 서북구 성성동 307-1,충청남도 천안시 서북구 2공단4로 70,,44,44133,44133105,14151474.33,4418426.217,2025
236614,편의점,509010,세븐천안두정센터점,충청남도 천안시 서북구 두정동 830,충청남도 천안시 서북구 오성로 71,,44,44133,44133104,14152600.5,4415508.601,2025
236619,편의점,509010,세븐천안청당엔리치점,충청남도 천안시 동남구 청당동 721,충청남도 천안시 동남구 청수7로 43,,44,44131,44131111,14155253.07,4409351.321,2025
236627,편의점,509010,지에스25천안번영로점,충청남도 천안시 서북구 업성동 174-3,충청남도 천안시 서북구 번영로 704,,44,44133,44133109,14152870.97,4419134.143,2025
236629,편의점,509010,지에스25입장,충청남도 천안시 서북구 입장면 하장리 110-164,충청남도 천안시 서북구 입장면 성진로 830,,44,44133,44133310,14162363.51,4427284.383,2025
236633,편의점,509010,씨유천안신방,충청남도 천안시 동남구 신방동 1769,충청남도 천안시 동남구 통정6로 18,,44,44131,44131116,14152764.19,4407595.578,2025
236636,편의점,509010,씨유천안학산점,충청남도 천안시 동남구 신방동 886-1,충청남도 천안시 동남구 서부대로 270,,44,44131,44131116,14151963.66,4410197.455,2025
236638,편의점,509010,이마트24,충청남도 천안시 동남구 구성동 293-95,충청남도 천안시 동남구 충절로 283-3,,44,44131,44131108,14155454.92,4410415.603,2025
236647,편의점,509010,씨유천안성정시티점,충청남도 천안시 서북구 성정동 1347,충청남도 천안시 서북구 성정공원6길 36,,44,44133,44133102,14153343.39,4415209.889,2025
236649,편의점,509010,지에스25신부스카이점,충청남도 천안시 동남구 신부동 452-2,충청남도 천안시 동남구 먹거리11길 6,,44,44131,44131118,14154617.55,4413765.21,2025
236650,편의점,509010,씨유신방,충청남도 천안시 동남구 신방동 49-16,충청남도 천안시 동남구 수곡2길 5,,44,44131,44131116,14151798.27,4409690.506,2025
236762,편의점,509010,세븐일레븐천안봉명,충청남도 천안시 동남구 봉명동 373-3,충청남도 천안시 동남구 개목6길 5,,44,44131,44131113,14152458.29,4413276.111,2025
236783,편의점,509010,지에스25안서,충청남도 천안시 동남구 안서동 281-4,충청남도 천안시 동남구 각원사길 123,,44,44131,44131119,14158119.76,4415469.676,2025
236784,편의점,509010,미니스톱천안,충청남도 천안시 동남구 안서동 516-6,충청남도 천안시 동남구 중암1길 3,,44,44131,44131119,14156994.44,4415631,2025
236785,편의점,509010,씨유천안신부,충청남도 천안시 동남구 신부동 495-8,충청남도 천안시 동남구 신부15길 7,,44,44131,44131118,14155609.36,4414089.688,2025
236787,편의점,509010,씨유천안영성,충청남도 천안시 동남구 영성동 67-1,충청남도 천안시 동남구 대흥로 94,,44,44131,44131105,14154502.65,4411169.016,2025
236792,편의점,509010,지에스25쌍용대로점,충청남도 천안시 서북구 쌍용동 200-3,충청남도 천안시 서북구 충무로 204,,44,44133,44133107,14151948.14,4410724.846,2025
236793,편의점,509010,지에스25운전교차로점,충청남도 천안시 동남구 목천읍 운전리 70-4,충청남도 천안시 동남구 목천읍 신사운전길 279,,44,44131,44131250,14165616.85,4405945.3,2025
236795,편의점,509010,두정아띠점,충청남도 천안시 서북구 두정동 1063,충청남도 천안시 서북구 부성7길 3,,44,44133,44133104,14152516.32,4416446.296,2025
236796,편의점,509010,씨유천안신방한성필점,충청남도 천안시 동남구 신방동 1557,충청남도 천안시 동남구 통정3로 68,,44,44131,44131116,14152169.55,4407893.976,2025
236805,편의점,509010,GS25천안유량점,충청남도 천안시 동남구 유량동 130-10,충청남도 천안시 동남구 태조산길 169,,44,44131,44131112,14157791.76,4413421.597,2025
236806,편의점,509010,CU천안쌍용대로점,충청남도 천안시 서북구 성정동 1025,충청남도 천안시 서북구 쌍용대로 219,,44,44133,44133102,14152593.64,4413625.602,2025
236808,편의점,509010,세븐일레븐천안성정,충청남도 천안시 서북구 성정동 1225-2,충청남도 천안시 서북구 성정중5길 13,,44,44133,44133102,14152619.07,4415138.63,2025
236809,편의점,509010,지에스25불당아리,충청남도 천안시 서북구 불당동 1483,충청남도 천안시 서북구 불당23로 73-30,,44,44133,44133103,14149864.65,4414054.926,2025
236810,편의점,509010,세븐일레븐천안봉명청솔점,충청남도 천안시 동남구 봉명동 454-1,충청남도 천안시 동남구 봉서9길 23,,44,44131,44131113,14152409.53,4412929.936,2025
236814,편의점,509010,지에스25성환로얄점,충청남도 천안시 서북구 성환읍 성월리 198-6,충청남도 천안시 서북구 성환읍 송골1길 20,,44,44133,44133250,14152699.79,4427972.221,2025
236815,편의점,509010,씨유천안성정패밀리점,충청남도 천안시 서북구 성정동 699-7,충청남도 천안시 서북구 성정5길 21,,44,44133,44133102,14153087.12,4413776.29,2025
236816,편의점,509010,세븐일레븐천안성환수향점,충청남도 천안시 서북구 성환읍 수향리 221-5,충청남도 천안시 서북구 성환읍 연암로 201,,44,44133,44133250,14154329.92,4431247.914,2025
236817,편의점,509010,지에스25청당,충청남도 천안시 동남구 청당동 748,충청남도 천안시 동남구 청수12로 5-39,,44,44131,44131111,14155418.45,4409070.498,2025
236819,편의점,509010,지에스25천안일번로점,충청남도 천안시 서북구 신당동 271-9,충청남도 천안시 서북구 천안대로 1220,,44,44133,44133110,14154896.82,4418253.717,2025
236821,편의점,509010,이마트24천안차암원룸점,충청남도 천안시 서북구 차암동 209-7,충청남도 천안시 서북구 4산단로 62-17,,44,44133,44133106,14150450.08,4417926.711,2025
236823,편의점,509010,CU천안불당,충청남도 천안시 서북구 불당동 1537,충청남도 천안시 서북구 불당21로 67-12,,44,44133,44133108,14149641.42,4413163.806,2025
236826,편의점,509010,세븐일레븐천안법조엔리치점,충청남도 천안시 동남구 청당동 506,충청남도 천안시 동남구 청수5로 3,,44,44131,44131111,14154773.65,4408917.932,2025
236829,편의점,509010,지에스25두정로하스,충청남도 천안시 서북구 두정동 1456,충청남도 천안시 서북구 두정상가8길 46,,44,44133,44133104,14153487.31,4415715.414,2025
236832,편의점,509010,미니스톱남천안IC점,충청남도 천안시 동남구 목천읍 삼성리 86-9,충청남도 천안시 동남구 목천읍 천안대로 61,,44,44131,44131250,14156587.33,4404985.333,2025
236834,편의점,509010,지에스25신부힐스,충청남도 천안시 동남구 신부동 245,충청남도 천안시 동남구 단대로 71,,44,44131,44131118,14155426.16,4415501.976,2025
236837,편의점,509010,바틀샵천안성성,충청남도 천안시 서북구 성성동 932,충청남도 천안시 서북구 성성6로 51,,44,44133,44133105,14151545.47,4417070.591,2025
236839,편의점,509010,세븐일레븐천안성환율금점,충청남도 천안시 서북구 성환읍 율금리 478,충청남도 천안시 서북구 성환읍 율금1길 291,,44,44133,44133250,14149893.42,4425743.538,2025
236842,편의점,509010,씨유천안성거벽산점,충청남도 천안시 서북구 성거읍 신월리 7-8,충청남도 천안시 서북구 성거읍 봉주로 107-3,,44,44133,44133253,14155203.56,4422122.494,2025
236843,편의점,509010,씨유천안백석공단점,충청남도 천안시 서북구 백석동 570-8,충청남도 천안시 서북구 백석공단1로 101,,44,44133,44133103,14149357.86,4415619.568,2025
236844,편의점,509010,세븐일레븐천안두정고점,충청남도 천안시 서북구 두정동 1921,충청남도 천안시 서북구 두정고6길 16,,44,44133,44133104,14152212.21,4416229.727,2025
236850,편의점,509010,씨유,충청남도 천안시 동남구 신부동 625,충청남도 천안시 동남구 터미널9길 50,,44,44131,44131118,14155160.5,4414432.854,2025
236854,편의점,509010,씨유천안봉정점,충청남도 천안시 동남구 봉명동 42-2,충청남도 천안시 동남구 봉정로 30-3,,44,44131,44131113,14153130.53,4411947.54,2025
236856,편의점,509010,세븐일레븐천안두정,충청남도 천안시 서북구 두정동 933,충청남도 천안시 서북구 원두정3길 27,,44,44133,44133104,14152842.3,4415802.588,2025
236858,편의점,509010,미니스톱천안,충청남도 천안시 서북구 백석동 1206,충청남도 천안시 서북구 백석공단1로 10,,44,44133,44133103,14149936.84,4414570.503,2025
236861,편의점,509010,GS25신방,충청남도 천안시 동남구 신방동 1058,충청남도 천안시 동남구 통정12로 18,,44,44131,44131116,14152049.8,4408261.084,2025
236863,편의점,509010,씨유천안두정,충청남도 천안시 서북구 두정동 635,충청남도 천안시 서북구 늘푸른2길 5,,44,44133,44133104,14152139.99,4414905.599,2025
236864,편의점,509010,GS25청당,충청남도 천안시 동남구 청당동 748,충청남도 천안시 동남구 청수12로 5-39,,44,44131,44131111,14155418.45,4409070.498,2025
236865,편의점,509010,세븐일레븐천안성정,충청남도 천안시 서북구 성정동 1408,충청남도 천안시 서북구 성정공원4길 22,,44,44133,44133102,14153553.85,4414984.132,2025
236869,편의점,509010,GS25성환역점,충청남도 천안시 서북구 성환읍 성환리 449-118,충청남도 천안시 서북구 성환읍 성환1로 235,,44,44133,44133250,14151813.81,4427366,2025
236874,편의점,509010,씨유단국대천안공학관점,충청남도 천안시 동남구 안서동 산29,충청남도 천안시 동남구 단대로 119,,44,44131,44131118,14155966.86,4416265.563,2025
236879,편의점,509010,이마트24천안그랑데점,충청남도 천안시 동남구 문화동 67-4,충청남도 천안시 동남구 버들로 23,,44,44131,44131103,14154328.79,4412435.24,2025
236882,편의점,509010,GS25천안두정점,충청남도 천안시 서북구 성정동 1395,충청남도 천안시 서북구 성정공원5로 51,,44,44133,44133102,14153525.94,4415151.942,2025
236883,편의점,509010,세븐천안신방유안점,충청남도 천안시 동남구 신방동 1258,충청남도 천안시 동남구 통정9로 10,,44,44131,44131116,14151768.33,4407686.428,2025
236890,편의점,509010,지에스25성정미래점,충청남도 천안시 서북구 성정동 981-1,충청남도 천안시 서북구 개목1길 33,,44,44133,44133102,14152196.62,4413710.982,2025
236900,편의점,509010,이마트24천안불당에이블점,충청남도 천안시 서북구 불당동 1532,충청남도 천안시 서북구 불당25로 178,,44,44133,44133108,14149665.14,4413624.524,2025
236902,편의점,509010,천안트리하우스소매점,충청남도 천안시 동남구 광덕면 광덕리 748-1,충청남도 천안시 동남구 광덕면 해수길 311,,44,44131,44131320,14140178.86,4392559.864,2025
236904,편의점,509010,씨유천안,충청남도 천안시 동남구 용곡동 116-25,충청남도 천안시 동남구 풍세로 799,,44,44131,44131115,14153372.7,4408643.138,2025
236905,편의점,509010,씨유천안신방새샘점,충청남도 천안시 동남구 신방동 1577,충청남도 천안시 동남구 통정12로 61,,44,44131,44131116,14152563.97,4408040.627,2025
236906,편의점,509010,세븐일레븐천안부성점,충청남도 천안시 서북구 두정동 1037-1,충청남도 천안시 서북구 부성7길 37,,44,44133,44133104,14152928.45,4416412.168,2025
236909,편의점,509010,지에스25성환,충청남도 천안시 서북구 성환읍 성환리 400-3,충청남도 천안시 서북구 성환읍 성환3로 42,,44,44133,44133250,14152337.8,4427260.283,2025
236911,편의점,509010,씨유직산상덕,충청남도 천안시 서북구 직산읍 양당리 344-14,충청남도 천안시 서북구 직산읍 상덕로 39,,44,44133,44133256,14150780.58,4421133.147,2025
236912,편의점,509010,세븐일레븐천안불당,충청남도 천안시 서북구 불당동 1322,충청남도 천안시 서북구 불당16길 13,,44,44133,44133108,14149402.73,4411445.906,2025
236916,편의점,509010,GS25성정두정로점,충청남도 천안시 서북구 성정동 1319,충청남도 천안시 서북구 성정두정로 43,,44,44133,44133102,14153265.69,4415367.138,2025
236917,편의점,509010,세븐일레븐천안,충청남도 천안시 서북구 성정동 685-10,충청남도 천안시 서북구 서부4길 7,,44,44133,44133102,14153243.65,4413947.032,2025
236921,편의점,509010,세븐일레븐천안1번국도점,충청남도 천안시 서북구 직산읍 수헐리 85-4,충청남도 천안시 서북구 직산읍 천안대로 1681,,44,44133,44133256,14153140.99,4423704.438,2025
236924,편의점,509010,씨유천안직산마정점,충청남도 천안시 서북구 직산읍 마정리 312,충청남도 천안시 서북구 직산읍 금곡로 168,,44,44133,44133256,14148730.18,4421542.713,2025
236925,편의점,509010,씨유천안충무로점,충청남도 천안시 동남구 신방동 781-6,충청남도 천안시 동남구 충무로 66,,44,44131,44131116,14150789.76,4409556.733,2025
236926,편의점,509010,리챠드불당동1526,충청남도 천안시 서북구 불당동 1526,충청남도 천안시 서북구 불당22대로 71,,44,44133,44133108,14149476.76,4413548.972,2025
236935,편의점,509010,지에스25백석해여림점,충청남도 천안시 서북구 백석동 1026,충청남도 천안시 서북구 한들2로 88-23,,44,44133,44133103,14151111.86,4415538.857,2025
236938,편의점,509010,씨스페이스정성점,충청남도 천안시 동남구 문화동 112-1,충청남도 천안시 동남구 옛시청길 39,,44,44131,44131103,14154457.48,4412209.376,2025
236940,편의점,509010,지에스25천안신방통정점,충청남도 천안시 동남구 신방동 1841,충청남도 천안시 동남구 통정6로 5-50,,44,44131,44131116,14152657.06,4407649.654,2025
236944,편의점,509010,씨유천안두정중점,충청남도 천안시 서북구 두정동 1156,충청남도 천안시 서북구 두정중2길 38,,44,44133,44133104,14153183.62,4416416.941,2025
236955,편의점,509010,지에스25풍세공단,충청남도 천안시 동남구 풍세면 보성리 768,충청남도 천안시 동남구 풍세면 풍세산단로 303,,44,44131,44131310,14149331.86,4401116.867,2025
236956,편의점,509010,GS25천안두정고점,충청남도 천안시 서북구 두정동 1956,충청남도 천안시 서북구 두정고2길 14-4,,44,44133,44133104,14152210.32,4416127.949,2025
236958,편의점,509010,씨유성환우신점,충청남도 천안시 서북구 성환읍 우신리 24-11,충청남도 천안시 서북구 성환읍 와룡길 2,,44,44133,44133250,14150800.46,4428520.021,2025
236960,편의점,509010,이마트24천안입장효계점,충청남도 천안시 서북구 입장면 효계리 1-5,충청남도 천안시 서북구 입장면 위례산길 41,,44,44133,44133310,14162552.4,4425526.103,2025
236971,편의점,509010,씨유천안쌍용,충청남도 천안시 서북구 쌍용동 1159,충청남도 천안시 서북구 미라8길 36,,44,44133,44133107,14152187.86,4411648.135,2025
236974,편의점,509010,GS25입장,충청남도 천안시 서북구 입장면 신덕리 208-4,충청남도 천안시 서북구 입장면 신덕1길 2,,44,44133,44133310,14160284.6,4426893.857,2025
236975,편의점,509010,GS25천안그랜드점,충청남도 천안시 서북구 두정동 1721,충청남도 천안시 서북구 두정역동2길 2,,44,44133,44133104,14154369.58,4416181.485,2025
236978,편의점,509010,GS25두정,충청남도 천안시 서북구 두정동 1872,충청남도 천안시 서북구 두정고8길 9,,44,44133,44133104,14152253.63,4416564.609,2025
236979,편의점,509010,세븐일레븐천안,충청남도 천안시 서북구 백석동 1206,충청남도 천안시 서북구 백석공단1로 10,,44,44133,44133103,14149936.84,4414570.503,2025
236984,편의점,509010,GS25신부그랜드점,충청남도 천안시 동남구 신부동 843-1,충청남도 천안시 동남구 중앙로 281-62,,44,44131,44131118,14154436.13,4414645.7,2025
236985,편의점,509010,GS25뉴천안드림타워무인자판점,충청남도 천안시 서북구 두정동 63-33,충청남도 천안시 서북구 1공단1길 13,,44,44133,44133104,14153887.03,4415322.571,2025
236986,편의점,509010,지에스25입장휴게소점,충청남도 천안시 서북구 입장면 유리 294,충청남도 천안시 서북구 입장면 삼사로 2013,,44,44133,44133310,14161804.81,4429098.397,2025
236987,편의점,509010,GS25두정앨리스점,충청남도 천안시 서북구 두정동 1074,충청남도 천안시 서북구 부성1길 51-11,,44,44133,44133104,14152581.11,4416584.684,2025
236988,편의점,509010,GS25용곡,충청남도 천안시 동남구 용곡동 213-3,충청남도 천안시 동남구 일봉로 105,,44,44131,44131115,14152943.62,4409813.914,2025
236992,편의점,509010,씨유천안두정대림,충청남도 천안시 서북구 두정동 2055,충청남도 천안시 서북구 노태산로 145,,44,44133,44133104,14151927.18,4416399.826,2025
236994,편의점,509010,GS25성성,충청남도 천안시 서북구 성성동 694,충청남도 천안시 서북구 성성9로 7,,44,44133,44133105,14152185.93,4416856.367,2025
237003,편의점,509010,미니스톱천안,충청남도 천안시 서북구 백석동 1206,충청남도 천안시 서북구 백석공단1로 10,,44,44133,44133103,14149936.84,4414570.503,2025
237005,편의점,509010,세븐천안문성점,충청남도 천안시 동남구 성황동 5-36,충청남도 천안시 동남구 복자1길 29,,44,44131,44131102,14154594.98,4413269.679,2025
237010,편의점,509010,GS25봉명,충청남도 천안시 동남구 봉명동 424,충청남도 천안시 동남구 봉서11길 16,,44,44131,44131113,14152299.76,4413155.839,2025
237013,편의점,509010,세븐일레븐천안성정OK점,충청남도 천안시 서북구 성정동 722-3,충청남도 천안시 서북구 성정1길 5,,44,44133,44133102,14152636.95,4413258.909,2025
237017,편의점,509010,이마트24천안두정새아스점,충청남도 천안시 서북구 두정동 1361,충청남도 천안시 서북구 두정상가1길 5,,44,44133,44133104,14153003.24,4415555.372,2025
237018,편의점,509010,세븐일레븐천안테딘워터파크점,충청남도 천안시 동남구 성남면 용원리 666,충청남도 천안시 동남구 성남면 종합휴양지로 164,,44,44131,44131340,14162644.93,4405545.178,2025
237027,편의점,509010,세븐일레븐천안입장,충청남도 천안시 서북구 입장면 상장리 20-14,충청남도 천안시 서북구 입장면 석재길 17-72,,44,44133,44133310,14162985.57,4426685.449,2025
237033,편의점,509010,GS25백석원룸점,충청남도 천안시 서북구 백석동 809,충청남도 천안시 서북구 백석5길 20-1,,44,44133,44133103,14151649.84,4414436.05,2025
237036,편의점,509010,지에스25천안,충청남도 천안시 서북구 성성동 511,충청남도 천안시 서북구 3공단5로 58,,44,44133,44133105,14150478.81,4416687.28,2025
237038,편의점,509010,지에스25직산군동점,충청남도 천안시 서북구 직산읍 군동리 88-1,충청남도 천안시 서북구 직산읍 직산로 273,,44,44133,44133256,14156051.16,4425026.476,2025
237045,편의점,509010,씨유천안성정,충청남도 천안시 서북구 성정동 629-13,충청남도 천안시 서북구 서부20길 38,,44,44133,44133102,14153392,4414717.471,2025
237048,편의점,509010,지에스25불당뉴타운,충청남도 천안시 서북구 불당동 1467,충청남도 천안시 서북구 불당24로 43,,44,44133,44133103,14149486.95,4414385.856,2025
237049,편의점,509010,세븐일레븐한국기술교육대점,충청남도 천안시 동남구 병천면 가전리 193,충청남도 천안시 동남구 병천면 충절로 1594,,44,44131,44131360,14169116.22,4406744.047,2025
237052,편의점,509010,씨유천안,충청남도 천안시 서북구 성정동 216-7,충청남도 천안시 서북구 양지15길 62,,44,44133,44133102,14153165.43,4412617.152,2025
237055,편의점,509010,세븐일레븐두정한별점,충청남도 천안시 서북구 두정동 1179,충청남도 천안시 서북구 두정중11길 14,,44,44133,44133104,14153141.09,4416508.636,2025
237056,편의점,509010,이마트24북천안휴게소점,충청남도 천안시 서북구 직산읍 판정리 70-1,충청남도 천안시 서북구 직산읍 삼사로 1663,,44,44133,44133256,14157969.98,4427262.33,2025
237059,편의점,509010,씨유천안안서,충청남도 천안시 동남구 안서동 226-6,충청남도 천안시 동남구 각원사길 54,,44,44131,44131119,14157379.91,4415545.158,2025
237060,편의점,509010,세븐일레븐천안동산점,충청남도 천안시 동남구 동면 동산리 341-5,충청남도 천안시 동남구 동면 충절로 2315,,44,44131,44131370,14177210.51,4408577.536,2025
237064,편의점,509010,이마트24SMART천안해오름주유소점,충청남도 천안시 동남구 목천읍 신계리 88-22,충청남도 천안시 동남구 목천읍 남부대로 949,,44,44131,44131250,14162080.12,4407746.607,2025
237065,편의점,509010,세븐일레븐천안쌍용건국점,충청남도 천안시 서북구 쌍용동 1430,충청남도 천안시 서북구 쌍용13길 6-2,,44,44133,44133107,14150814.51,4411233.28,2025
237067,편의점,509010,지에스25불당타운점,충청남도 천안시 서북구 불당동 958,충청남도 천안시 서북구 불당3길 33,,44,44133,44133108,14149675.6,4411839.15,2025
237071,편의점,509010,씨유천안용곡하이빌점,충청남도 천안시 동남구 용곡동 236,충청남도 천안시 동남구 일봉로 87-6,,44,44131,44131115,14152875.26,4410001.396,2025
237072,편의점,509010,씨유천안신부,충청남도 천안시 동남구 신부동 334,충청남도 천안시 동남구 천안천8길 47,,44,44131,44131118,14154957.6,4414292.859,2025
237073,편의점,509010,지에스25불당프라임점,충청남도 천안시 서북구 불당동 1480,충청남도 천안시 서북구 불당25로 226,,44,44133,44133103,14149812.73,4414224.321,2025
237075,편의점,509010,지에스25직산대로점,충청남도 천안시 서북구 성거읍 신월리 399-22,충청남도 천안시 서북구 성거읍 천안대로 1462,,44,44133,44133253,14154078.45,4421164.177,2025
237077,편의점,509010,씨유남천안ic점,충청남도 천안시 동남구 목천읍 삼성리 40-7,충청남도 천안시 동남구 목천읍 세종로 4928,,44,44131,44131250,14156652.54,4404176.172,2025
237078,편의점,509010,세븐일레븐천안성정하늘점,충청남도 천안시 서북구 성정동 1464,충청남도 천안시 서북구 성정공원4길 5,,44,44133,44133102,14153342.83,4415047.301,2025
237079,편의점,509010,세븐일레븐천안두정해성점,충청남도 천안시 서북구 두정동 1957,충청남도 천안시 서북구 두정고5길 17,,44,44133,44133104,14152210.89,4416114.245,2025
237086,편의점,509010,씨유천안원성점,충청남도 천안시 동남구 원성동 600-16,충청남도 천안시 동남구 중앙로 16,,44,44131,44131107,14154678.99,4411227.816,2025
237087,편의점,509010,지에스25천안,충청남도 천안시 동남구 신방동 785-32,충청남도 천안시 동남구 신촌3길 16,,44,44131,44131116,14151308.69,4409767.887,2025
237088,편의점,509010,GS25천안,충청남도 천안시 서북구 성정동 193-17,충청남도 천안시 서북구 봉정로 120-2,,44,44133,44133102,14153337.02,4413031.193,2025
237089,편의점,509010,4.19민주혁명회CU렛츠런파크CCC,충청남도 천안시 서북구 두정동 1394,충청남도 천안시 서북구 성정두정로 62,,44,44133,44133104,14153368.37,4415542.914,2025
237090,편의점,509010,씨유천안,충청남도 천안시 동남구 영성동 154,충청남도 천안시 동남구 천안천공원4길 25,,44,44131,44131105,14154424.74,4410738.665,2025
237095,편의점,509010,이마트24천안더메인즈점,충청남도 천안시 동남구 청당동 526,충청남도 천안시 동남구 청수11로 34,,44,44131,44131111,14154967.13,4408824.888,2025
237097,편의점,509010,씨유천안백석그린빌점,충청남도 천안시 서북구 백석동 915,충청남도 천안시 서북구 백석3로 69,,44,44133,44133103,14150895.33,4414434.113,2025
237099,편의점,509010,미니스톱천안주공점,충청남도 천안시 서북구 쌍용동 1915,충청남도 천안시 서북구 봉서산샛길 63,,44,44133,44133107,14151056.17,4411958.451,2025
237101,편의점,509010,씨유천안신부꿈,충청남도 천안시 동남구 신부동 463-5,충청남도 천안시 동남구 먹거리11길 44,,44,44131,44131118,14155099.55,4413771.004,2025
237102,편의점,509010,세븐천안직산대명점주,충청남도 천안시 서북구 성거읍 신월리 371-3,충청남도 천안시 서북구 성거읍 봉주로 95-13,,44,44133,44133253,14155035.94,4422208.021,2025
237104,편의점,509010,지에스25천안구룡천점,충청남도 천안시 동남구 구룡동 563-3,충청남도 천안시 동남구 풍세로 738,,44,44131,44131120,14153134.27,4407883.727,2025
237105,편의점,509010,세븐일레븐천안청담엔리치점,충청남도 천안시 동남구 청당동 721,충청남도 천안시 동남구 청수7로 43,,44,44131,44131111,14155253.07,4409351.321,2025
237107,편의점,509010,지에스25뉴천안,충청남도 천안시 동남구 봉명동 39-23,충청남도 천안시 동남구 봉정로 20,,44,44131,44131113,14153102.51,4411820.175,2025
237108,편의점,509010,씨유천안목천해윰점,충청남도 천안시 동남구 목천읍 서리 59-2,충청남도 천안시 동남구 목천읍 서리1길 9,,44,44131,44131250,14163691.94,4408764.643,2025
237111,편의점,509010,이마트24천안입장,충청남도 천안시 서북구 입장면 독정리 119-12,충청남도 천안시 서북구 입장면 망향로 1240,,44,44133,44133310,14163629.35,4427912.987,2025
237116,편의점,509010,지에스25성환역점,충청남도 천안시 서북구 성환읍 성환리 449-118,충청남도 천안시 서북구 성환읍 성환1로 235,,44,44133,44133250,14151813.81,4427366,2025
237117,편의점,509010,씨유천안직산월드점,충청남도 천안시 서북구 직산읍 삼은리 36-17,충청남도 천안시 서북구 직산읍 직산로 61,,44,44133,44133256,14154758.64,4422792.942,2025
237118,편의점,509010,씨유천안,충청남도 천안시 동남구 사직동 247-4,충청남도 천안시 동남구 대흥로 139,,44,44131,44131104,14153989.64,4411401.982,2025
237121,편의점,509010,지에스25두정다온점,충청남도 천안시 서북구 두정동 1945,충청남도 천안시 서북구 두정고2길 18-12,,44,44133,44133104,14152348.45,4416179.05,2025
237122,편의점,509010,GS25광덕온누리점,충청남도 천안시 동남구 광덕면 매당리 63-5,충청남도 천안시 동남구 광덕면 광풍로 905,,44,44131,44131320,14149813.99,4398242.452,2025
237127,편의점,509010,GS25두정,충청남도 천안시 서북구 두정동 685-1,충청남도 천안시 서북구 오성2길 30,,44,44133,44133104,14152016.81,4415860.639,2025
237129,편의점,509010,세븐일레븐천안봉명,충청남도 천안시 동남구 봉명동 61-4,충청남도 천안시 동남구 양지2길 2,,44,44131,44131113,14152751,4412272.544,2025
237130,편의점,509010,GS25불당,충청남도 천안시 서북구 불당동 1830,충청남도 천안시 서북구 불당18로 31,,44,44133,44133108,14149257.12,4412017.387,2025
237132,편의점,509010,이마트24천안직산마정점,충청남도 천안시 서북구 직산읍 마정리 267-3,충청남도 천안시 서북구 직산읍 양당로 7,,44,44133,44133256,14148790.33,4420872.873,2025
237134,편의점,509010,씨유천안고재,충청남도 천안시 동남구 원성동 637-18,충청남도 천안시 동남구 천안대로 597,,44,44131,44131107,14155838.76,4411477.677,2025
237139,편의점,509010,씨유천안성정,충청남도 천안시 서북구 성정동 620-10,충청남도 천안시 서북구 서부17길 9,,44,44133,44133102,14152932.61,4414618.415,2025
237140,편의점,509010,씨유천안이편한4차점,충청남도 천안시 서북구 두정동 401-1,충청남도 천안시 서북구 두정공원2길 50,,44,44133,44133104,14154949.44,4416409.192,2025
237141,편의점,509010,지에스25천안성성호수점,충청남도 천안시 서북구 성성동 95-41,충청남도 천안시 서북구 성성5로 113,,44,44133,44133105,14152502.61,4417480.383,2025
237143,편의점,509010,지에스25원성파크점,충청남도 천안시 동남구 원성동 630,충청남도 천안시 동남구 고재20길 26,,44,44131,44131107,14155590.47,4411748.193,2025
237149,편의점,509010,이마트24천안직산상덕점,충청남도 천안시 서북구 직산읍 상덕리 462,충청남도 천안시 서북구 직산읍 양당율금길 1-1,,44,44133,44133256,14151445.52,4423928.093,2025
237150,편의점,509010,씨유직산청명점,충청남도 천안시 서북구 직산읍 삼은리 388,충청남도 천안시 서북구 직산읍 삼은3길 32,,44,44133,44133256,14154621.25,4422190.495,2025
237151,편의점,509010,지에스25천안공단점,충청남도 천안시 서북구 차암동 43-3,충청남도 천안시 서북구 2공단1로 70,,44,44133,44133106,14150686.08,4418171.723,2025
237153,편의점,509010,세븐일레븐천안두정,충청남도 천안시 서북구 두정동 830,충청남도 천안시 서북구 오성로 71,,44,44133,44133104,14152600.5,4415508.601,2025
237154,편의점,509010,지에스25불당프레시점,충청남도 천안시 서북구 불당동 700,충청남도 천안시 서북구 검은들3길 57,,44,44133,44133108,14149830.71,4412699.388,2025
237157,편의점,509010,지에스25성성미래점,충청남도 천안시 서북구 성성동 665,충청남도 천안시 서북구 성성8로 14-4,,44,44133,44133105,14151905.25,4416884.279,2025
237158,편의점,509010,씨유천안쌍용고,충청남도 천안시 서북구 쌍용동 1849,충청남도 천안시 서북구 월봉2길 1,,44,44133,44133107,14150436.26,4409811.92,2025
237160,편의점,509010,지에스25천안상록호텔점,충청남도 천안시 동남구 수신면 장산리 669-1,충청남도 천안시 동남구 수신면 수신로 576,,44,44131,44131350,14169733.86,4403007.698,2025
237163,편의점,509010,이마트24천안신부포레나점,충청남도 천안시 동남구 신부동 999,충청남도 천안시 동남구 천안대로 888,,44,44131,44131118,14155034.78,4414886.09,2025
237167,편의점,509010,지에스25청수버들점,충청남도 천안시 동남구 청당동 472,충청남도 천안시 동남구 청수14로 29,,44,44131,44131111,14154305.39,4409146.494,2025
237169,편의점,509010,씨유천안주공5단지점,충청남도 천안시 서북구 성정동 717,충청남도 천안시 서북구 성정로 75,,44,44133,44133102,14153121.88,4413188.793,2025
237173,편의점,509010,이마트24천안신방한성점,충청남도 천안시 동남구 신방동 1689,충청남도 천안시 동남구 통정12로 76-2,,44,44131,44131116,14152639.64,4407906.543,2025
237177,편의점,509010,성남면매점운영위원회,충청남도 천안시 동남구 성남면 대화리 317,충청남도 천안시 동남구 성남면 5산단1로 81,,44,44131,44131340,14166529.4,4402891.867,2025
237182,편의점,509010,지에스25천안산업점,충청남도 천안시 동남구 신방동 784-1,충청남도 천안시 동남구 신촌로 24,,44,44131,44131116,14151117.99,4409557.093,2025
237187,편의점,509010,씨유천안두정베스트점,충청남도 천안시 서북구 두정동 1975,충청남도 천안시 서북구 두정고3길 7,,44,44133,44133104,14152340.88,4416055.875,2025
237189,편의점,509010,세븐일레븐천안오성초점,충청남도 천안시 서북구 두정동 580,충청남도 천안시 서북구 오성1길 12-12,,44,44133,44133104,14151971.75,4415613.853,2025
237193,편의점,509010,세븐천안뉴남서울대점,충청남도 천안시 서북구 성환읍 성월리 65,충청남도 천안시 서북구 성환읍 성진로 61,,44,44133,44133250,14153415.44,4426834.06,2025
237194,편의점,509010,세븐일레븐,충청남도 천안시 동남구 신방동 74-40,충청남도 천안시 동남구 신촌4로 23-3,,44,44131,44131116,14151406.35,4409646.746,2025
237195,편의점,509010,더달콤아이스크림,충청남도 천안시 서북구 두정동 2004,충청남도 천안시 서북구 두정고5길 14,,44,44133,44133104,14152173.22,4416082.832,2025
237196,편의점,509010,씨유봉명베스트점,충청남도 천안시 동남구 봉명동 215-21,충청남도 천안시 동남구 봉명1길 48,,44,44131,44131113,14152479.33,4411935.224,2025
237197,편의점,509010,씨유천안두정누리점,충청남도 천안시 서북구 두정동 1701,충청남도 천안시 서북구 두정역동6길 12,,44,44133,44133104,14154318.65,4416403.87,2025
237201,편의점,509010,세븐천안성정롯데점주,충청남도 천안시 서북구 성정동 1504,충청남도 천안시 서북구 성정공원1길 9-4,,44,44133,44133102,14153049.5,4414993.965,2025
237203,편의점,509010,세븐일레븐천안메르디앙점,충청남도 천안시 서북구 성정동 1473,충청남도 천안시 서북구 성정공원5로 30,,44,44133,44133102,14153246.9,4415110.158,2025
237204,편의점,509010,이마트24천안성정,충청남도 천안시 서북구 성정동 646-5,충청남도 천안시 서북구 서부16길 19,,44,44133,44133102,14153019.63,4414449.471,2025
237206,편의점,509010,GS25두정리안점,충청남도 천안시 서북구 두정동 960,충청남도 천안시 서북구 부성4길 18,,44,44133,44133104,14152718.89,4416065.944,2025
237212,편의점,509010,지에스25천안한기대점,충청남도 천안시 동남구 병천면 가전리 177-15,충청남도 천안시 동남구 병천면 충절로 1606,,44,44131,44131360,14169242.2,4406661.505,2025
237213,편의점,509010,세븐두정한별점,충청남도 천안시 서북구 두정동 1179,충청남도 천안시 서북구 두정중11길 14,,44,44133,44133104,14153141.09,4416508.636,2025
237215,편의점,509010,지에스25두정,충청남도 천안시 서북구 두정동 25-39,충청남도 천안시 서북구 두정공단1길 19,,44,44133,44133104,14154645.83,4415806.173,2025
237218,편의점,509010,씨유천안청수청솔점,충청남도 천안시 동남구 청수동 261,충청남도 천안시 동남구 청수로 98,,44,44131,44131109,14155033.21,4410100.071,2025
237221,편의점,509010,씨유천안유량,충청남도 천안시 동남구 유량동 311-1,충청남도 천안시 동남구 벌말2로 15,,44,44131,44131112,14157211.74,4412987.073,2025
237225,편의점,509010,세븐일레븐천안성성,충청남도 천안시 서북구 성성동 880,충청남도 천안시 서북구 성성6로 1-2,,44,44133,44133105,14151157.33,4416805.381,2025
237227,편의점,509010,씨유천안봉명,충청남도 천안시 동남구 봉명동 340,충청남도 천안시 동남구 개목4길 8,,44,44131,44131113,14152374.18,4413332.688,2025
237230,편의점,509010,씨유천안삼성SDI점,충청남도 천안시 서북구 성성동 508,충청남도 천안시 서북구 번영로 467,,44,44133,44133105,14151033.03,4417425.881,2025
237233,편의점,509010,세븐일레븐천안쌍용,충청남도 천안시 서북구 쌍용동 499,충청남도 천안시 서북구 월봉1길 16,,44,44133,44133107,14150591.73,4409654.776,2025
237236,편의점,509010,씨유천안주공6단지점,충청남도 천안시 서북구 성정동 790,충청남도 천안시 서북구 쌍용대로 289-19,,44,44133,44133102,14152571.19,4414501.712,2025
237238,편의점,509010,씨유천안두정역,충청남도 천안시 서북구 두정동 1763,충청남도 천안시 서북구 두정역길 35,,44,44133,44133104,14154209.14,4416175.132,2025
237243,편의점,509010,비지에프리테일단국대천안생활관점,충청남도 천안시 동남구 안서동 522,충청남도 천안시 동남구 단대로 119,,44,44131,44131118,14155966.86,4416265.563,2025
237245,편의점,509010,씨유천안,충청남도 천안시 서북구 성정동 186-1,충청남도 천안시 서북구 성정로 127,,44,44133,44133102,14153641.73,4413168.827,2025
237246,편의점,509010,세븐천안부영점,충청남도 천안시 동남구 목천읍 삼성리 9-9,충청남도 천안시 동남구 목천읍 삼성5길 46,,44,44131,44131250,14157304.35,4405742.114,2025
237248,편의점,509010,지에스25신부,충청남도 천안시 동남구 신부동 56-30,충청남도 천안시 동남구 신원3길 37,,44,44131,44131118,14155845.75,4413385.461,2025
237249,편의점,509010,지에스25천안비스타동원점,충청남도 천안시 서북구 성성동 757,충청남도 천안시 서북구 성성11길 53,,44,44133,44133105,14152799.47,4417085.614,2025
237250,편의점,509010,씨유천안불당라드니체점,충청남도 천안시 서북구 불당동 1486,충청남도 천안시 서북구 불당23로 73-8,,44,44133,44133108,14149769.33,4413779.974,2025
237257,편의점,509010,씨유상명대생활관점,충청남도 천안시 동남구 안서동 300,충청남도 천안시 동남구 상명대길 31,,44,44131,44131119,14157535.36,4415828.395,2025
237259,편의점,509010,씨유천안천성중점,충청남도 천안시 동남구 유량동 406-9,충청남도 천안시 동남구 태조산길 83,,44,44131,44131112,14156868.12,4413080.762,2025
237262,편의점,509010,씨유천안카니자점,충청남도 천안시 동남구 신부동 388-10,충청남도 천안시 동남구 대흥로 336-2,,44,44131,44131118,14154447,4413709.807,2025
237266,편의점,509010,세븐일레븐천안단대원룸점,충청남도 천안시 동남구 신부동 259-5,충청남도 천안시 동남구 단대1로 106,,44,44131,44131118,14155687.34,4415460.641,2025
237268,편의점,509010,세븐일레븐천안광덕,충청남도 천안시 동남구 광덕면 대덕리 110-2,충청남도 천안시 동남구 광덕면 광풍로 729,,44,44131,44131320,14148055.51,4396941.74,2025
237271,편의점,509010,대호페트로디에이치마켓,충청남도 천안시 서북구 부대동 100-5,충청남도 천안시 서북구 천안대로 1166,,44,44133,44133111,14154842.49,4417547.6,2025
237273,편의점,509010,세븐일레븐천안성정해피점,충청남도 천안시 서북구 성정동 707-6,충청남도 천안시 서북구 성정13길 13,,44,44133,44133102,14152796.67,4413586.507,2025
237276,편의점,509010,씨유천안쌍용,충청남도 천안시 서북구 쌍용동 1928,충청남도 천안시 서북구 쌍용12길 20,,44,44133,44133107,14151051.43,4411680.634,2025
237279,편의점,509010,씨유단국대천안승차대기실점,충청남도 천안시 동남구 안서동 산29,충청남도 천안시 동남구 단대로 119,,44,44131,44131118,14155966.86,4416265.563,2025
237281,편의점,509010,씨유목천,충청남도 천안시 동남구 목천읍 응원리 241-32,충청남도 천안시 동남구 목천읍 삼성5길 62,,44,44131,44131250,14157606.31,4405809.041,2025
237282,편의점,509010,GS25두정프라임점,충청남도 천안시 서북구 두정동 1675,충청남도 천안시 서북구 두정역동7길 9-2,,44,44133,44133104,14154294.14,4416493.341,2025
237284,편의점,509010,지에스25뉴천안동보,충청남도 천안시 동남구 안서동 542-10,충청남도 천안시 동남구 상명대길 58,,44,44131,44131119,14157338.1,4415608.845,2025
237285,편의점,509010,지에스천안단대,충청남도 천안시 동남구 신부동 214-1,충청남도 천안시 동남구 단대로 121,,44,44131,44131118,14155798.31,4415586.921,2025
237286,편의점,509010,IGA,충청남도 천안시 서북구 성성동 511,충청남도 천안시 서북구 3공단5로 58,,44,44133,44133105,14150478.81,4416687.28,2025
237292,편의점,509010,씨유천안광덕점,충청남도 천안시 동남구 광덕면 매당리 187,충청남도 천안시 동남구 광덕면 광풍로 904,,44,44131,44131320,14149816.54,4398180.896,2025
237295,편의점,509010,CU천안원성,충청남도 천안시 동남구 원성동 544-12,충청남도 천안시 동남구 고재2길 27,,44,44131,44131107,14155437.83,4411783.477,2025
237297,편의점,509010,청당마트,충청남도 천안시 동남구 청당동 127-36,충청남도 천안시 동남구 청당5로 36,,44,44131,44131111,14154569.55,4408533.744,2025
237298,편의점,509010,씨유단국대천안체육관점,충청남도 천안시 동남구 안서동 산29,충청남도 천안시 동남구 단대로 119,,44,44131,44131118,14155966.86,4416265.563,2025
237311,편의점,509010,신선마트,충청남도 천안시 동남구 사직동 9-1,충청남도 천안시 동남구 영성로 57,,44,44131,44131104,14154252.53,4411736.224,2025
237315,편의점,509010,세븐일레븐천안성정,충청남도 천안시 서북구 성정동 1356,충청남도 천안시 서북구 성정공원5로 39,,44,44133,44133102,14153384.82,4415164.268,2025
237317,편의점,509010,지에스25나사렛,충청남도 천안시 서북구 쌍용동 738,충청남도 천안시 서북구 쌍용15길 24,,44,44133,44133107,14150999.2,4411041.3,2025
237319,편의점,509010,세븐일레븐천안두정아크로점,충청남도 천안시 서북구 두정동 1464,충청남도 천안시 서북구 성정두정로 70,,44,44133,44133104,14153400.47,4415705.233,2025
237327,편의점,509010,세븐일레븐천안두정,충청남도 천안시 서북구 두정동 787,충청남도 천안시 서북구 오성4길 8,,44,44133,44133104,14152355.8,4415560.034,2025
237330,편의점,509010,씨유봉명스마일점,충청남도 천안시 동남구 봉명동 222-3,충청남도 천안시 동남구 순천향3길 37,,44,44131,44131113,14152621.8,4411476.688,2025
237331,편의점,509010,씨유천안영성점,충청남도 천안시 동남구 영성동 8-4,충청남도 천안시 동남구 원성2교길 1,,44,44131,44131105,14154602.15,4411771.192,2025
237332,편의점,509010,지에스25백석대타운점,충청남도 천안시 동남구 안서동 378-4,충청남도 천안시 동남구 문암4길 7,,44,44131,44131119,14157620.79,4416989.446,2025
237334,편의점,509010,지에스25신부탑클래스점,충청남도 천안시 동남구 신부동 454-6,충청남도 천안시 동남구 먹거리11길 23,,44,44131,44131118,14154827.47,4413813.593,2025
237337,편의점,509010,이마트24천안풍세점,충청남도 천안시 동남구 풍세면 보성리 745,충청남도 천안시 동남구 풍세면 풍세산단1로 54,,44,44131,44131310,14149231.38,4401049.187,2025
237341,편의점,509010,이마트24천안북면점,충청남도 천안시 동남구 북면 연춘리 112-2,충청남도 천안시 동남구 북면 충절로 1304,,44,44131,44131330,14165607.52,4407041.134,2025
237343,편의점,509010,세븐일레븐천안극동,충청남도 천안시 동남구 다가동 30-5,충청남도 천안시 동남구 풍세로 931,,44,44131,44131114,14154167.85,4410056.212,2025
237348,편의점,509010,지에스25상록유스점,충청남도 천안시 동남구 수신면 장산리 669-1,충청남도 천안시 동남구 수신면 수신로 576,,44,44131,44131350,14169733.86,4403007.698,2025
237350,편의점,509010,지에스25뉴두정푸름점,충청남도 천안시 서북구 두정동 1320,충청남도 천안시 서북구 두정로 216,,44,44133,44133104,14153278.2,4415896.828,2025
237355,편의점,509010,씨유천안성정타운점,충청남도 천안시 서북구 성정동 1382,충청남도 천안시 서북구 성정공원6길 51,,44,44133,44133102,14153572.61,4415244.034,2025
237356,편의점,509010,세븐일레븐천안초원점,충청남도 천안시 동남구 신방동 924,충청남도 천안시 동남구 서부대로 221,,44,44131,44131116,14151872.49,4409616.016,2025
237358,편의점,509010,세븐일레븐천안두정이안점,충청남도 천안시 서북구 두정동 91-5,충청남도 천안시 서북구 천안대로 999-16,,44,44133,44133104,14154356.74,4415607.749,2025
237362,편의점,509010,씨유천안백석아이파크2차,충청남도 천안시 서북구 백석동 148-4,충청남도 천안시 서북구 백석로 85-11,,44,44133,44133103,14150984.08,4414618.112,2025
237364,편의점,509010,씨유천안대홍교차로점,충청남도 천안시 서북구 성환읍 성환리 88-19,충청남도 천안시 서북구 성환읍 성환22길 25,,44,44133,44133250,14152478.3,4429620.183,2025
237365,편의점,509010,지에스25성정,충청남도 천안시 서북구 성정동 706-1,충청남도 천안시 서북구 성정14길 2,,44,44133,44133102,14152761.35,4413725.177,2025
237373,편의점,509010,씨유천안다가일등점,충청남도 천안시 동남구 다가동 379-1,충청남도 천안시 동남구 다가8길 2,,44,44131,44131114,14152864.31,4411345.942,2025
237375,편의점,509010,씨유천안성성동원점,충청남도 천안시 서북구 성성동 760,충청남도 천안시 서북구 성성11길 14,,44,44133,44133105,14152798.69,4417231.144,2025
237382,편의점,509010,씨유천안직산,충청남도 천안시 서북구 직산읍 모시리 242-5,충청남도 천안시 서북구 직산읍 2공단5로 169,,44,44133,44133256,14150989.33,4419844.181,2025
237386,편의점,509010,에스엔에스무인분식천안,충청남도 천안시 서북구 백석동 993,충청남도 천안시 서북구 한들2로 34-46,,44,44133,44133103,14151308.48,4415137.298,2025
237393,편의점,509010,세븐일레븐천안렉스빌점,충청남도 천안시 서북구 성정동 1271,충청남도 천안시 서북구 성정공원6길 1-10,,44,44133,44133102,14152969.97,4415385.462,2025
237394,편의점,509010,아이스크림저장소,충청남도 천안시 서북구 백석동 1193,충청남도 천안시 서북구 한들3로 70,,44,44133,44133103,14151563.54,4415458.455,2025
237397,편의점,509010,씨유천안불당너울점,충청남도 천안시 서북구 불당동 1093,충청남도 천안시 서북구 불당8길 10,,44,44133,44133108,14149470.53,4411591.823,2025
237398,편의점,509010,세븐일레븐천안유량타운점,충청남도 천안시 동남구 유량동 239-7,충청남도 천안시 동남구 향교1길 120,,44,44131,44131112,14156697.39,4413279.41,2025
237403,편의점,509010,세븐일레븐천안율금공단점,충청남도 천안시 서북구 성환읍 율금리 687-3,충청남도 천안시 서북구 성환읍 연암율금로 180,,44,44133,44133250,14149203.62,4424699.909,2025
237405,편의점,509010,세븐일레븐천안불당파크빌점,충청남도 천안시 서북구 불당동 1047,충청남도 천안시 서북구 불당2길 20,,44,44133,44133108,14149524.75,4411727.034,2025
237406,편의점,509010,씨유천안역필,충청남도 천안시 동남구 문화동 181,충청남도 천안시 동남구 성황로 66,,44,44131,44131107,14155022.88,4412950.379,2025
237409,편의점,509010,씨유남,충청남도 천안시 서북구 성환읍 성월리 64-2,충청남도 천안시 서북구 성환읍 성진로 55,,44,44133,44133250,14153358.35,4426843.418,2025
237419,편의점,509010,이마트24천안두정,충청남도 천안시 서북구 두정동 1448,충청남도 천안시 서북구 두정상가5길 24,,44,44133,44133104,14153573.31,4415715.821,2025
237421,편의점,509010,지에스25천안1번국도점,충청남도 천안시 서북구 신당동 627-3,충청남도 천안시 서북구 천안대로 1403,,44,44133,44133110,14154194.74,4420447.945,2025
237422,편의점,509010,씨유천안용원,충청남도 천안시 동남구 성남면 용원리 148-11,충청남도 천안시 동남구 성남면 성남로 236,,44,44131,44131340,14161701.45,4404761.848,2025
237423,편의점,509010,세븐일레븐천안성진로점,충청남도 천안시 서북구 입장면 신두리 408-3,충청남도 천안시 서북구 입장면 성진로 591,,44,44133,44133310,14159462.86,4426872.898,2025
237428,편의점,509010,제이씨푸드시스템CU남서울대생활관점,충청남도 천안시 서북구 성환읍 매주리 21,충청남도 천안시 서북구 성환읍 대학로 91,,44,44133,44133250,14153534.67,4426488.308,2025
237429,편의점,509010,픽미픽미성정목화점,충청남도 천안시 서북구 성정동 657-8,충청남도 천안시 서북구 서부3길 42,,44,44133,44133102,14153184.76,4414354.299,2025
237430,편의점,509010,씨유천안성정두꺼비점,충청남도 천안시 서북구 성정동 671-7,충청남도 천안시 서북구 서부12길 31,,44,44133,44133102,14153112.18,4414132.955,2025
237434,편의점,509010,씨유천안양당산업단지점,충청남도 천안시 서북구 직산읍 양당리 234-1,충청남도 천안시 서북구 직산읍 부송로 191,,44,44133,44133256,14150113.54,4422727.498,2025
237438,편의점,509010,씨유단국대천안의학관점,충청남도 천안시 동남구 안서동 산29,충청남도 천안시 동남구 단대로 119,,44,44131,44131118,14155966.86,4416265.563,2025
237439,편의점,509010,씨유천안대룡점,충청남도 천안시 동남구 대흥동 105-1,충청남도 천안시 동남구 명동길 45,,44,44131,44131101,14154107,4412287.983,2025
237442,편의점,509010,씨유천안목천동우점,충청남도 천안시 동남구 목천읍 신계리 422-11,충청남도 천안시 동남구 목천읍 신계1길 39,,44,44131,44131250,14159281.22,4407200.309,2025
237443,편의점,509010,지에스25성성,충청남도 천안시 서북구 성성동 694,충청남도 천안시 서북구 성성9로 7,,44,44133,44133105,14152185.93,4416856.367,2025
237446,편의점,509010,세븐일레븐천안목천IC점,충청남도 천안시 동남구 목천읍 운전리 343-5,충청남도 천안시 동남구 목천읍 충절로 1136,,44,44131,44131250,14163556.99,4407005.926,2025
237447,편의점,509010,GS25성정5단지점,충청남도 천안시 서북구 성정동 709-15,충청남도 천안시 서북구 성정4길 17,,44,44133,44133102,14152866.02,4413397.303,2025
237451,편의점,509010,세븐일레븐천안성환,충청남도 천안시 서북구 성환읍 성환리 371-2,충청남도 천안시 서북구 성환읍 성환11길 40,,44,44133,44133250,14152288.61,4427446.501,2025
237453,편의점,509010,세븐일레븐천안두정하이스타운점,충청남도 천안시 서북구 두정동 1327,충청남도 천안시 서북구 두정상가8길 30,,44,44133,44133104,14153304.38,4415727.819,2025
237456,편의점,509010,세븐일레븐천안불당더다움점,충청남도 천안시 서북구 불당동 1538,충청남도 천안시 서북구 불당21로 65,,44,44133,44133108,14149530.71,4413087.385,2025
237458,편의점,509010,씨유천안성정원룸점,충청남도 천안시 서북구 성정동 1203,충청남도 천안시 서북구 성정중3길 13,,44,44133,44133102,14152805.5,4415190.083,2025
237459,편의점,509010,GS25성정,충청남도 천안시 서북구 성정동 736-4,충청남도 천안시 서북구 양지22길 48,,44,44133,44133102,14153110.03,4413076.897,2025
237461,편의점,509010,씨유천안쌍용,충청남도 천안시 서북구 쌍용동 846,충청남도 천안시 서북구 봉서2길 4,,44,44133,44133107,14151980.37,4412381.357,2025
237465,편의점,509010,세븐일레븐천안성정,충청남도 천안시 서북구 성정동 1504,충청남도 천안시 서북구 성정공원1길 9-4,,44,44133,44133102,14153049.5,4414993.965,2025
237468,편의점,509010,세븐천안성정사랑점,충청남도 천안시 서북구 성정동 1356,충청남도 천안시 서북구 성정공원5로 39,,44,44133,44133102,14153384.82,4415164.268,2025
237477,편의점,509010,픽미픽미성정선경점,충청남도 천안시 서북구 성정동 883-2,충청남도 천안시 서북구 도원7길 15,,44,44133,44133102,14152496.82,4414146.751,2025
237480,편의점,509010,세븐일레븐천안입장신덕점,충청남도 천안시 서북구 입장면 신덕리 78,충청남도 천안시 서북구 입장면 입장로 29,,44,44133,44133310,14161937.83,4425724.93,2025
237483,편의점,509010,씨유천안천아이유쉘점,충청남도 천안시 서북구 성정동 1562,충청남도 천안시 서북구 천안천6길 33,,44,44133,44133102,14154184.57,4413664.395,2025
237488,편의점,509010,세븐일레븐천안한성점,충청남도 천안시 서북구 두정동 1652,충청남도 천안시 서북구 두정역길 23,,44,44133,44133104,14154070.61,4416176.273,2025
237489,편의점,509010,세븐일레븐천안쌍용초점,충청남도 천안시 서북구 쌍용동 1318,충청남도 천안시 서북구 쌍용11길 34,,44,44133,44133107,14151196.8,4411568.62,2025
237490,편의점,509010,씨유천안월봉단밤점,충청남도 천안시 서북구 쌍용동 1367,충청남도 천안시 서북구 월봉4로 140-9,,44,44133,44133107,14150499.24,4411238.338,2025
237498,편의점,509010,이마트24천안안서이편한점,충청남도 천안시 동남구 안서동 181,충청남도 천안시 동남구 성불사길 41,,44,44131,44131119,14158665.4,4415430.281,2025
237500,편의점,509010,지에스25천안운동장점,충청남도 천안시 서북구 백석동 270-6,충청남도 천안시 서북구 백석3로 35,,44,44133,44133103,14150455.92,4414307.754,2025
237509,편의점,509010,씨유천안쌍용봉서점,충청남도 천안시 서북구 쌍용동 960,충청남도 천안시 서북구 미라13길 14,,44,44133,44133107,14152060.13,4412001.423,2025
237510,편의점,509010,세븐일레븐천안직산포도점,충청남도 천안시 서북구 직산읍 판정리 387-3,충청남도 천안시 서북구 직산읍 성진로 324-3,,44,44133,44133256,14156413.06,4426094.252,2025
237511,편의점,509010,지에스25두정앨리스점,충청남도 천안시 서북구 두정동 1074,충청남도 천안시 서북구 부성1길 51-11,,44,44133,44133104,14152581.11,4416584.684,2025
237512,편의점,509010,한성필마트,충청남도 천안시 동남구 문화동 3-21,충청남도 천안시 동남구 중앙로 140,,44,44131,44131103,14154614.11,4412780.745,2025
237514,편의점,509010,씨유병천신한점,충청남도 천안시 동남구 병천면 가전리 68-3,충청남도 천안시 동남구 병천면 충절로 1638,,44,44131,44131360,14169713.22,4406404.325,2025
237516,편의점,509010,세븐일레븐천안성정,충청남도 천안시 서북구 성정동 1407,충청남도 천안시 서북구 성정공원4길 20,,44,44133,44133102,14153501.64,4414985.724,2025
237523,편의점,509010,씨유천안불당타운점,충청남도 천안시 서북구 불당동 1632,충청남도 천안시 서북구 불당33길 48,,44,44133,44133108,14149440.92,4412783.559,2025
237525,편의점,509010,이마트24천안두정,충청남도 천안시 서북구 두정동 781,충청남도 천안시 서북구 오성4길 12,,44,44133,44133104,14152361.66,4415631.95,2025
237529,편의점,509010,지에스25신부,충청남도 천안시 동남구 신부동 945-40,충청남도 천안시 동남구 중앙로 255-80,,44,44131,44131118,14154267.51,4413896.549,2025
237540,편의점,509010,세븐일레븐천안신부,충청남도 천안시 동남구 신부동 62-51,충청남도 천안시 동남구 신부8길 2,,44,44131,44131118,14155496.7,4413390.178,2025
237541,편의점,509010,씨유천안법조점,충청남도 천안시 동남구 청당동 492,충청남도 천안시 동남구 청수4로 16,,44,44131,44131111,14154593.9,4408941.61,2025
237544,편의점,509010,씨유천안백석,충청남도 천안시 서북구 백석동 394-1,충청남도 천안시 서북구 한들1로 55-42,,44,44133,44133103,14150412.09,4414924.598,2025
237546,편의점,509010,지에스25신방,충청남도 천안시 동남구 신방동 1058,충청남도 천안시 동남구 통정12로 18,,44,44131,44131116,14152049.8,4408261.084,2025
237551,편의점,509010,씨유천안백석,충청남도 천안시 서북구 백석동 1032,충청남도 천안시 서북구 한들3로 85-80,,44,44133,44133103,14151220.14,4415541.699,2025
237554,편의점,509010,지에스25백석대문화,충청남도 천안시 동남구 안서동 526-64,충청남도 천안시 동남구 문암로 47,,44,44131,44131119,14157510.24,4416814.759,2025
237555,편의점,509010,세븐일레븐천안신풍공단점,충청남도 천안시 동남구 수신면 신풍리 611,충청남도 천안시 동남구 수신면 5산단4로 161,,44,44131,44131350,14167481.79,4402715.745,2025
237558,편의점,509010,지에스25불당베스트점,충청남도 천안시 서북구 불당동 1542,충청남도 천안시 서북구 불당25로 152,,44,44133,44133108,14149568.4,4413295.81,2025
237561,편의점,509010,세븐천안삼성점,충청남도 천안시 서북구 성성동 478-1,충청남도 천안시 서북구 4산단로 58,,44,44133,44133105,14150462.05,4417773.63,2025
237564,편의점,509010,씨유천안성정완소점,충청남도 천안시 서북구 성정동 728-8,충청남도 천안시 서북구 양지10길 65,,44,44133,44133102,14153234.19,4413104.488,2025
237568,편의점,509010,씨유천안미소지움점,충청남도 천안시 동남구 구성동 288-12,충청남도 천안시 동남구 천안대로 483-5,,44,44131,44131108,14155848.86,4410029.564,2025
237570,편의점,509010,GS25쌍용,충청남도 천안시 서북구 쌍용동 888,충청남도 천안시 서북구 미라15길 25,,44,44133,44133107,14152244.24,4412257.348,2025
237572,편의점,509010,세븐일레븐천안안서점,충청남도 천안시 동남구 안서동 76-2,충청남도 천안시 동남구 문암6길 2,,44,44131,44131119,14158358.93,4417455.77,2025
237575,편의점,509010,지에스25성거로얄점,충청남도 천안시 서북구 성거읍 천흥리 533-1,충청남도 천안시 서북구 성거읍 성거길 154,,44,44133,44133253,14160319,4422185.127,2025
237579,편의점,509010,지에스25두정역길점,충청남도 천안시 서북구 두정동 1622,충청남도 천안시 서북구 두정역길 5,,44,44133,44133104,14153834.19,4416228.142,2025
237580,편의점,509010,세븐천안렉스빌점,충청남도 천안시 서북구 성정동 1271,충청남도 천안시 서북구 성정공원6길 1-10,,44,44133,44133102,14152969.97,4415385.462,2025
237584,편의점,509010,씨유천안성환누리점,충청남도 천안시 서북구 성환읍 수향리 430-16,충청남도 천안시 서북구 성환읍 천안대로 2345,,44,44133,44133250,14152303.97,4431870.661,2025
237587,편의점,509010,세븐일레븐천안원성원룸점,충청남도 천안시 동남구 원성동 206-10,충청남도 천안시 동남구 성황로 95,,44,44131,44131107,14155338.97,4412960.978,2025
237591,편의점,509010,세븐일레븐천안두정베스트점,충청남도 천안시 서북구 두정동 1888,충청남도 천안시 서북구 두정고8길 4,,44,44133,44133104,14152191.05,4416523.708,2025
237593,편의점,509010,세븐일레븐천안쌍용선경점,충청남도 천안시 서북구 쌍용동 434-5,충청남도 천안시 서북구 충무로 140-6,,44,44133,44133107,14151271.45,4410235.753,2025
237594,편의점,509010,씨유천안복자,충청남도 천안시 동남구 성황동 41-4,충청남도 천안시 동남구 복자1길 12,,44,44131,44131102,14154381.8,4413257.681,2025
237595,편의점,509010,씨유천안북일고점,충청남도 천안시 동남구 신부동 245,충청남도 천안시 동남구 단대로 69,,44,44131,44131118,14155121.77,4415589.768,2025
237599,편의점,509010,응응스크르천안,충청남도 천안시 동남구 용곡동 214-4,충청남도 천안시 동남구 일봉로 101,,44,44131,44131115,14152921.45,4409843.793,2025
237602,편의점,509010,지에스25온누리원성점,충청남도 천안시 동남구 원성동 563-2,충청남도 천안시 동남구 충절로 200,,44,44131,44131107,14155253.04,4411400.988,2025
237607,편의점,509010,세븐일레븐천안풍세,충청남도 천안시 동남구 풍세면 풍서리 386-6,충청남도 천안시 동남구 풍세면 풍년길 43-1,,44,44131,44131310,14150846.25,4400426.795,2025
237612,편의점,509010,세븐일레븐천안,충청남도 천안시 동남구 성황동 5-36,충청남도 천안시 동남구 복자1길 29,,44,44131,44131102,14154594.98,4413269.679,2025
237614,편의점,509010,세븐일레븐천안성정타운점,충청남도 천안시 서북구 성정동 641-1,충청남도 천안시 서북구 서부6길 64,,44,44133,44133102,14153559.11,4414614.589,2025
237615,편의점,509010,이마트24천안성성,충청남도 천안시 서북구 성성동 668,충청남도 천안시 서북구 성성8로 14-12,,44,44133,44133105,14152019.56,4416879.049,2025
237616,편의점,509010,우리네주유소,충청남도 천안시 동남구 신방동 49-25,충청남도 천안시 동남구 서부대로 235,,44,44131,44131116,14151875.11,4409771.486,2025
237617,편의점,509010,세븐천안법조엔리치점,충청남도 천안시 동남구 청당동 506,충청남도 천안시 동남구 청수5로 3,,44,44131,44131111,14154773.65,4408917.932,2025
237618,편의점,509010,세븐일레븐천안신방유안점,충청남도 천안시 동남구 신방동 1258,충청남도 천안시 동남구 통정9로 10,,44,44131,44131116,14151768.33,4407686.428,2025
237619,편의점,509010,세븐일레븐천안불당한마음점,충청남도 천안시 서북구 불당동 934,충청남도 천안시 서북구 불당11로 9,,44,44133,44133108,14149532.35,4411928.055,2025
237623,편의점,509010,씨유천안성정,충청남도 천안시 서북구 성정동 650-1,충청남도 천안시 서북구 서부1길 40,,44,44133,44133102,14152877.5,4414303.795,2025
237628,편의점,509010,씨유천안운전교차로점,충청남도 천안시 동남구 목천읍 운전리 58,충청남도 천안시 동남구 목천읍 신사운전길 293,,44,44131,44131250,14165631.36,4406042.959,2025
237630,편의점,509010,세븐천안성정시티점주,충청남도 천안시 서북구 성정동 1518,충청남도 천안시 서북구 성정공원5로 10-16,,44,44133,44133102,14152956.59,4414985.213,2025
237638,편의점,509010,씨유,충청남도 천안시 동남구 구성동 314-1,충청남도 천안시 동남구 대흥로 29,,44,44131,44131108,14155092.83,4410777.798,2025
237640,편의점,509010,제이씨푸드시스템CU편의점마트,충청남도 천안시 서북구 성환읍 매주리 21,충청남도 천안시 서북구 성환읍 대학로 91,,44,44133,44133250,14153534.67,4426488.308,2025
237644,편의점,509010,이마트24천안병천탑원점,충청남도 천안시 동남구 병천면 탑원리 109-13,충청남도 천안시 동남구 병천면 충절로 1892,,44,44131,44131360,14172598.23,4406380.41,2025
237646,편의점,509010,씨유천안수신점,충청남도 천안시 동남구 수신면 속창리 127-9,충청남도 천안시 동남구 수신면 수신로 437,,44,44131,44131350,14168935.66,4401708.888,2025
237648,편의점,509010,이마트24천안업성점,충청남도 천안시 서북구 업성동 160-4,충청남도 천안시 서북구 업성3길 51,,44,44133,44133109,14152755.89,4419607.526,2025
237651,편의점,509010,세븐천안불당점,충청남도 천안시 서북구 불당동 697,충청남도 천안시 서북구 검은들3길 9,,44,44133,44133108,14149843.84,4412807.409,2025
237652,편의점,509010,세븐일레븐천안성정,충청남도 천안시 서북구 성정동 1216,충청남도 천안시 서북구 성정중7길 8,,44,44133,44133102,14152491.58,4415237.407,2025
237658,편의점,509010,씨유천안신방로또점,충청남도 천안시 동남구 신방동 1447,충청남도 천안시 동남구 통정9로 33,,44,44131,44131116,14152011.44,4407514.728,2025
237667,편의점,509010,이마트24천안5공단점,충청남도 천안시 동남구 수신면 신풍리 609,충청남도 천안시 동남구 수신면 5산단4로 162-47,,44,44131,44131350,14167151.84,4402713.585,2025
237669,편의점,509010,씨유두정,충청남도 천안시 서북구 두정동 669,충청남도 천안시 서북구 오성로 31,,44,44133,44133104,14152140.79,4415520.22,2025
237670,편의점,509010,지에스더프레시,충청남도 천안시 서북구 차암동 543,충청남도 천안시 서북구 스마일시티2로 2,,44,44133,44133106,14149638,4417746.25,2025
237672,편의점,509010,지에스25성정명성점,충청남도 천안시 서북구 성정동 627-1,충청남도 천안시 서북구 서부19길 22,,44,44133,44133102,14153099.84,4414706.967,2025
237675,편의점,509010,미니스톱성정빅토리점,충청남도 천안시 서북구 성정동 656-1,충청남도 천안시 서북구 서부3길 40,,44,44133,44133102,14153177.21,4414314.913,2025
237676,편의점,509010,세븐남서울대성월점주,충청남도 천안시 서북구 성환읍 성월리 130-7,충청남도 천안시 서북구 성환읍 성월2길 55,,44,44133,44133250,14153187.31,4427449.798,2025
237678,편의점,509010,아이지에이마트신당점,충청남도 천안시 서북구 신당동 109-9,충청남도 천안시 서북구 상고1길 30,,44,44133,44133110,14154985.9,4419232.803,2025
237680,편의점,509010,세븐일레븐천안쌍용충무점,충청남도 천안시 서북구 쌍용동 542-5,충청남도 천안시 서북구 다가말3길 2,,44,44133,44133107,14152164.81,4410904.471,2025
237682,편의점,509010,씨유천안,충청남도 천안시 동남구 신부동 354-1,충청남도 천안시 동남구 만남로 43,,44,44131,44131118,14155076.3,4414043.243,2025
237683,편의점,509010,지에스뉴청당,충청남도 천안시 동남구 청당동 609,충청남도 천안시 동남구 청수8로 72,,44,44131,44131111,14155390.42,4409843.695,2025
237685,편의점,509010,지에스25쌍용이화점,충청남도 천안시 서북구 쌍용동 540-3,충청남도 천안시 서북구 다가말2길 13-1,,44,44133,44133107,14152428.89,4410972.929,2025
237686,편의점,509010,레이크편의점,충청남도 천안시 서북구 성성동 40-14,충청남도 천안시 서북구 성성4길 61,,44,44133,44133105,14152694.79,4417520.789,2025
237697,편의점,509010,CU천안대로점,충청남도 천안시 서북구 성환읍 수향리 441-5,충청남도 천안시 서북구 성환읍 천안대로 2374-2,,44,44133,44133250,14152260.71,4432199.445,2025
237698,편의점,509010,세븐천안봉명그린점,충청남도 천안시 동남구 봉명동 373-3,충청남도 천안시 동남구 개목6길 5,,44,44131,44131113,14152458.29,4413276.111,2025
237699,편의점,509010,씨유천안성성점,충청남도 천안시 서북구 두정동 1047,충청남도 천안시 서북구 부성1길 40,,44,44133,44133104,14152725.17,4416447.591,2025
237700,편의점,509010,지에스25봉명빌리지,충청남도 천안시 동남구 봉명동 237-1,충청남도 천안시 동남구 개목4길 31,,44,44131,44131113,14152398.32,4413628.415,2025
237703,편의점,509010,세븐일레븐천안신부,충청남도 천안시 동남구 신부동 465-11,충청남도 천안시 동남구 먹거리8길 31,,44,44131,44131118,14155008.82,4413682.164,2025
237704,편의점,509010,이마트24천안성거장미점,충청남도 천안시 서북구 성거읍 송남리 13,충청남도 천안시 서북구 성거읍 성거길 81,,44,44133,44133253,14159928.31,4421378.347,2025
237705,편의점,509010,씨유천안성거휴게소점,충청남도 천안시 서북구 성거읍 요방리 193-2,충청남도 천안시 서북구 성거읍 망향로 312,,44,44133,44133253,14157840.11,4418046.833,2025
237710,편의점,509010,씨유단국대천안예술관점,충청남도 천안시 동남구 안서동 산29,충청남도 천안시 동남구 단대로 119,,44,44131,44131118,14155966.86,4416265.563,2025
237713,편의점,509010,세븐일레븐천안백석타운점,충청남도 천안시 서북구 백석동 864,충청남도 천안시 서북구 백석로 130,,44,44133,44133103,14151559.32,4414373.972,2025
237714,편의점,509010,미스터마트천안공단점,충청남도 천안시 서북구 직산읍 신갈리 248,충청남도 천안시 서북구 직산읍 4산단5길 28,,44,44133,44133256,14150559.42,4420063.145,2025
237716,편의점,509010,미니스톱천안불당,충청남도 천안시 서북구 불당동 1479,충청남도 천안시 서북구 불당25로 244,,44,44133,44133103,14149858.38,4414390.693,2025
237719,편의점,509010,지에스25천안서북,충청남도 천안시 서북구 성거읍 신월리 369-4,충청남도 천안시 서북구 성거읍 봉주로 93,,44,44133,44133253,14155036.17,4422099.552,2025
237720,편의점,509010,씨유단국대천안학생회관점,충청남도 천안시 동남구 안서동 산29,충청남도 천안시 동남구 단대로 119,,44,44131,44131118,14155966.86,4416265.563,2025
237723,편의점,509010,세븐천안두정드림점,충청남도 천안시 서북구 두정동 1418,충청남도 천안시 서북구 두정상가5길 2,,44,44133,44133104,14153560.94,4415451.51,2025
237724,편의점,509010,세븐일레븐천안봉명,충청남도 천안시 동남구 봉명동 315,충청남도 천안시 동남구 개목7길 9,,44,44131,44131113,14152274.44,4413365.317,2025
237738,편의점,509010,씨유천안단대,충청남도 천안시 동남구 안서동 365-9,충청남도 천안시 동남구 망향로 182,,44,44131,44131119,14157030.46,4416740.744,2025
237743,편의점,509010,씨유단국대천안보건간호관점,충청남도 천안시 동남구 안서동 산29,충청남도 천안시 동남구 단대로 119,,44,44131,44131118,14155966.86,4416265.563,2025
237744,편의점,509010,세븐일레븐천안백석엔시티점,충청남도 천안시 서북구 백석동 1054,충청남도 천안시 서북구 한들1로 218,,44,44133,44133103,14150747.68,4416290.2,2025
237749,편의점,509010,세븐일레븐천안불당지웰점,충청남도 천안시 서북구 불당동 1548,충청남도 천안시 서북구 불당26로 77,,44,44133,44133108,14149248.46,4413498.597,2025
237751,편의점,509010,이마트24천안대로점,충청남도 천안시 동남구 목천읍 삼성리 221-1,충청남도 천안시 동남구 목천읍 천안대로 179-12,,44,44131,44131250,14156160.97,4406469.303,2025
237752,편의점,509010,지에스25천안유락점,충청남도 천안시 서북구 성정동 1419,충청남도 천안시 서북구 성정공원2길 14,,44,44133,44133102,14153503.72,4414946.243,2025
237753,편의점,509010,이마트24천안구성,충청남도 천안시 동남구 구성동 388-73,충청남도 천안시 동남구 청수로 132-1,,44,44131,44131108,14155252.96,4410419.264,2025
237754,편의점,509010,세븐천안성정파크점주,충청남도 천안시 서북구 성정동 738-6,충청남도 천안시 서북구 양지9길 9,,44,44133,44133102,14153114.67,4412955.324,2025
237755,편의점,509010,세븐천안한성점주,충청남도 천안시 서북구 두정동 1652,충청남도 천안시 서북구 두정역길 23,,44,44133,44133104,14154070.61,4416176.273,2025
237758,편의점,509010,이마트24천안입장대로점,충청남도 천안시 서북구 입장면 효계리 116-3,충청남도 천안시 서북구 입장면 망향로 1034,,44,44133,44133310,14162339.3,4425688.637,2025
237759,편의점,509010,세븐일레븐천안이랜드점,충청남도 천안시 동남구 풍세면 용정리 995,충청남도 천안시 동남구 풍세면 풍세산단3로 111,,44,44131,44131310,14148626.4,4401755.082,2025
237771,편의점,509010,GS25천안시민점,충청남도 천안시 동남구 신부동 469-1,충청남도 천안시 동남구 신부2길 28,,44,44131,44131118,14155313.27,4413824.178,2025
237786,편의점,509010,GS25신방충무점,충청남도 천안시 동남구 신방동 71-8,충청남도 천안시 동남구 수곡로 67,,44,44131,44131116,14151712.87,4409707.557,2025
237790,편의점,509010,씨유두정예그리나점,충청남도 천안시 서북구 두정동 1565-1,충청남도 천안시 서북구 두정중9길 63,,44,44133,44133104,14153753.75,4416399.842,2025
237794,편의점,509010,세븐일레븐천안율금공단점,충청남도 천안시 서북구 성환읍 율금리 687-3,충청남도 천안시 서북구 성환읍 연암율금로 180,,44,44133,44133250,14149203.62,4424699.909,2025
237796,편의점,509010,행운슈퍼,충청남도 천안시 동남구 신방동 920,충청남도 천안시 동남구 신촌4로 16,,44,44131,44131116,14151466.44,4409407.85,2025
237797,편의점,509010,지에스25천안낙원,충청남도 천안시 동남구 북면 연춘리 121-1,충청남도 천안시 동남구 북면 복구정3길 5,,44,44131,44131330,14165400.29,4407085.606,2025
237798,편의점,509010,씨유천안문화,충청남도 천안시 동남구 대흥동 6-8,충청남도 천안시 동남구 문화로 1,,44,44131,44131101,14154145.39,4412817.869,2025
237805,편의점,509010,세븐천안신부뉴점,충청남도 천안시 동남구 신부동 765,충청남도 천안시 동남구 터미널2로 22,,44,44131,44131118,14155208.12,4414163.196,2025
237806,편의점,509010,세븐일레븐천안부대,충청남도 천안시 서북구 부대동 663,충청남도 천안시 서북구 부성25길 25,,44,44133,44133111,14154257.35,4418047.258,2025
237810,편의점,509010,지에스25천안,충청남도 천안시 서북구 쌍용동 1968,충청남도 천안시 서북구 쌍용11길 22,,44,44133,44133107,14151061.25,4411591.356,2025
237814,편의점,509010,씨유천안백석대지혜관점,충청남도 천안시 동남구 안서동 115,충청남도 천안시 동남구 백석대학로 1-1,,44,44131,44131119,14158155.3,4416908.338,2025
237815,편의점,509010,이마트24천안,충청남도 천안시 서북구 신당동 237-30,충청남도 천안시 서북구 공대길 24,,44,44133,44133110,14154564.68,4418159.613,2025
237820,편의점,509010,씨유뉴천안스타,충청남도 천안시 서북구 두정동 1500,충청남도 천안시 서북구 두정로 236,,44,44133,44133104,14153499.59,4415865.132,2025
237821,편의점,509010,지에스25천안역힐스점,충청남도 천안시 동남구 문화동 179,충청남도 천안시 동남구 옛시청길 29,,44,44131,44131103,14154293.07,4412224.783,2025
237822,편의점,509010,미니스톱천안파크밸리점,충청남도 천안시 서북구 쌍용동 2105,충청남도 천안시 서북구 봉서산1길 37-1,,44,44133,44133107,14150777.24,4412299.787,2025
237829,편의점,509010,GS25천안쌍용역점,충청남도 천안시 서북구 쌍용동 415-1,충청남도 천안시 서북구 쌍용19로 21,,44,44133,44133107,14151074.77,4410459.691,2025
237836,편의점,509010,GS25성정크라운점,충청남도 천안시 서북구 성정동 655-19,충청남도 천안시 서북구 서부2길 34,,44,44133,44133102,14153007.44,4414236.721,2025
237837,편의점,509010,씨유천안직산상덕점,충청남도 천안시 서북구 직산읍 상덕리 215-34,충청남도 천안시 서북구 직산읍 상덕로 210-2,,44,44133,44133256,14151472.68,4423063.852,2025
237838,편의점,509010,씨유천안1번국도점,충청남도 천안시 서북구 신당동 426-16,충청남도 천안시 서북구 천안대로 1311,,44,44133,44133110,14154544.74,4419309.091,2025
237839,편의점,509010,세븐일레븐천안성환두진점,충청남도 천안시 서북구 성환읍 율금리 773-2,충청남도 천안시 서북구 성환읍 율금1길 221-30,,44,44133,44133250,14148871.38,4425965.853,2025
237840,편의점,509010,세븐일레븐천안입장세화점,충청남도 천안시 서북구 입장면 신덕리 208-4,충청남도 천안시 서북구 입장면 신덕1길 2,,44,44133,44133310,14160284.6,4426893.857,2025
237841,편의점,509010,지에스25불당,충청남도 천안시 서북구 불당동 727,충청남도 천안시 서북구 번영로 100,,44,44133,44133108,14149653.92,4412678.807,2025
237844,편의점,509010,이마트24천안신부다나힐점,충청남도 천안시 동남구 신부동 783,충청남도 천안시 동남구 터미널3길 10,,44,44131,44131118,14155264.23,4414067.535,2025
237846,편의점,509010,미니스톱천안4,충청남도 천안시 서북구 직산읍 모시리 237-11,충청남도 천안시 서북구 직산읍 4산단7로 28,,44,44133,44133256,14151431.63,4419970.417,2025
237848,편의점,509010,세븐일레븐천안,충청남도 천안시 동남구 봉명동 50-3,충청남도 천안시 동남구 봉정로 70,,44,44131,44131113,14153212.99,4412424.098,2025
241294,편의점,509010,씨유천안백석대정문,충청남도 천안시 동남구 안서동 382-5,충청남도 천안시 동남구 문암로 78,,44,44131,44131119,14157805.92,4417026.228,2025
241297,편의점,509010,미니스톱신방,충청남도 천안시 동남구 신방동 1289,충청남도 천안시 동남구 통정9로 22,,44,44131,44131116,14151860.07,4407599.464,2025
241301,편의점,509010,씨유천안백석비전점,충청남도 천안시 서북구 백석동 658-12,충청남도 천안시 서북구 한들1로 9-23,,44,44133,44133103,14150223.55,4414646.817,2025
241304,편의점,509010,씨유천안오룡점,충청남도 천안시 동남구 원성동 454-2,충청남도 천안시 동남구 원성4길 55,,44,44131,44131107,14155543.16,4412836.233,2025
241388,편의점,509010,세븐천안성정빌리지점,충청남도 천안시 서북구 성정동 1225-2,충청남도 천안시 서북구 성정중5길 13,,44,44133,44133102,14152619.07,4415138.63,2025
241390,편의점,509010,세븐일레븐천안연곡점,충청남도 천안시 서북구 입장면 연곡리 232,충청남도 천안시 서북구 입장면 연곡길 622,,44,44133,44133310,14158240.66,4432856.127,2025
241396,편의점,509010,세븐일레븐천안쌍용,충청남도 천안시 서북구 쌍용동 1034,충청남도 천안시 서북구 미라2길 53,,44,44133,44133107,14152030.17,4411846.229,2025
241398,편의점,509010,씨유천안,충청남도 천안시 동남구 다가동 353-24,충청남도 천안시 동남구 다가2길 35,,44,44131,44131114,14153161.99,4411473.27,2025
241404,편의점,509010,씨유뉴천안신방한성점,충청남도 천안시 동남구 신방동 1694,충청남도 천안시 동남구 통정4로 45,,44,44131,44131116,14152550.05,4407808.432,2025
241406,편의점,509010,지에스25천안,충청남도 천안시 서북구 백석동 1206,충청남도 천안시 서북구 백석공단1로 10,,44,44133,44133103,14149936.84,4414570.503,2025
241407,편의점,509010,씨유성환,충청남도 천안시 서북구 성환읍 성환리 449-504,충청남도 천안시 서북구 성환읍 성환12길 15,,44,44133,44133250,14152006.07,4427636.807,2025
241408,편의점,509010,이마트24스마트천안불당꿈에,충청남도 천안시 서북구 불당동 1270,충청남도 천안시 서북구 광장로 260,,44,44133,44133108,14150154.09,4411447.481,2025
241410,편의점,509010,씨유뉴천안입장한성점,충청남도 천안시 서북구 입장면 도림리 341,충청남도 천안시 서북구 입장면 도림길 15,,44,44133,44133310,14164757.46,4427188.652,2025
241413,편의점,509010,세븐일레븐성정,충청남도 천안시 서북구 성정동 1483,충청남도 천안시 서북구 성정공원5로 26,,44,44133,44133102,14153208.31,4415115.585,2025
241417,편의점,509010,이마트24천안,충청남도 천안시 동남구 성남면 화성리 117-2,충청남도 천안시 동남구 성남면 세성로 257,,44,44131,44131340,14167158.24,4404527.7,2025
241420,편의점,509010,세븐일레븐천안성환대로점,충청남도 천안시 서북구 성환읍 송덕리 55-16,충청남도 천안시 서북구 성환읍 신방로 366,,44,44133,44133250,14150747.83,4428496.81,2025
241423,편의점,509010,지에스25천안,충청남도 천안시 서북구 두정동 733,충청남도 천안시 서북구 오성4길 23,,44,44133,44133104,14152335.12,4415777.596,2025
241425,편의점,509010,세븐천안두정중앙점,충청남도 천안시 서북구 두정동 850,충청남도 천안시 서북구 원두정5길 15,,44,44133,44133104,14152679.87,4415614.068,2025
241426,편의점,509010,세븐일레븐천안성정타운,충청남도 천안시 서북구 성정동 745-2,충청남도 천안시 서북구 봉정로 89,,44,44133,44133102,14153220.58,4412686.398,2025
241431,편의점,509010,GS25천안청수점,충청남도 천안시 동남구 청수동 206-26,충청남도 천안시 동남구 청수로 101,,44,44131,44131109,14154963.68,4410172.612,2025
241432,편의점,509010,세븐일레븐천안불당파크빌점,충청남도 천안시 서북구 불당동 1047,충청남도 천안시 서북구 불당2길 20,,44,44133,44133108,14149524.75,4411727.034,2025
241434,편의점,509010,씨유천안청당원룸점,충청남도 천안시 동남구 청당동 913,충청남도 천안시 동남구 청수10길 2,,44,44131,44131111,14155359.44,4408838.874,2025
241435,편의점,509010,이마트24천안유량점,충청남도 천안시 동남구 유량동 136-5,충청남도 천안시 동남구 태조산길 187,,44,44131,44131112,14158007.63,4413527.171,2025
241439,편의점,509010,씨유천안불당,충청남도 천안시 서북구 불당동 1361,충청남도 천안시 서북구 불당16길 38,,44,44133,44133108,14149541.47,4411315.418,2025
241440,편의점,509010,지에스25천안,충청남도 천안시 서북구 차암동 5-2,충청남도 천안시 서북구 2공단2로 95,,44,44133,44133106,14150928.72,4419351.359,2025
241441,편의점,509010,천안직산점세븐일레븐,충청남도 천안시 서북구 직산읍 삼은리 72-46,충청남도 천안시 서북구 직산읍 삼은3길 21,,44,44133,44133256,14154460.69,4422203.095,2025
241443,편의점,509010,지에스25천안중앙도서관점,충청남도 천안시 동남구 원성동 261-14,충청남도 천안시 동남구 중앙로 115,,44,44131,44131107,14154534.01,4412480.722,2025
241444,편의점,509010,씨유천안성정크로바점,충청남도 천안시 서북구 성정동 629-25,충청남도 천안시 서북구 서부3길 70,,44,44133,44133102,14153254.23,4414703.898,2025
241445,편의점,509010,이마트24천안FM점,충청남도 천안시 서북구 두정동 1315,충청남도 천안시 서북구 두정상가8길 11,,44,44133,44133104,14153077.62,4415810.555,2025
241447,편의점,509010,씨유천안직산대로점,충청남도 천안시 서북구 성거읍 신월리 398-13,충청남도 천안시 서북구 성거읍 천안대로 1482,,44,44133,44133253,14154048.34,4421399.406,2025
241454,편의점,509010,코리아세븐천안두정주,충청남도 천안시 서북구 두정동 723,충청남도 천안시 서북구 오성6길 51,,44,44133,44133104,14152392.24,4415699.321,2025
241464,편의점,509010,이마트24천안,충청남도 천안시 동남구 동면 화계리 187,충청남도 천안시 동남구 동면 동산1길 7,,44,44131,44131370,14175832.86,4407848.178,2025
241465,편의점,509010,씨유두정대아점,충청남도 천안시 서북구 두정동 1126-1,충청남도 천안시 서북구 두정중3길 26,,44,44133,44133104,14153329.37,4416532.381,2025
241473,편의점,509010,지에스25백석창조관점,충청남도 천안시 동남구 안서동 393,충청남도 천안시 동남구 백석대학로 1-15,,44,44131,44131119,14157952.72,4416455.767,2025
241491,편의점,509010,씨유천안동남,충청남도 천안시 동남구 문화동 112-1,충청남도 천안시 동남구 옛시청길 39,,44,44131,44131103,14154457.48,4412209.376,2025
241492,편의점,509010,지에스25천안동면,충청남도 천안시 동남구 동면 동산리 512-8,충청남도 천안시 동남구 동면 충절로 2273,,44,44131,44131370,14176815.1,4408305.173,2025
241493,편의점,509010,세븐일레븐천안성정도원점,충청남도 천안시 서북구 성정동 941,충청남도 천안시 서북구 도원4길 18,,44,44133,44133102,14152494.37,4413933.81,2025
241494,편의점,509010,씨유천안성정동원점,충청남도 천안시 서북구 성정동 847,충청남도 천안시 서북구 도원3길 27,,44,44133,44133102,14152633.22,4414190.57,2025
241498,편의점,509010,세븐일레븐천안두정,충청남도 천안시 서북구 두정동 850,충청남도 천안시 서북구 원두정5길 15,,44,44133,44133104,14152679.87,4415614.068,2025
241499,편의점,509010,씨유천안단국대병원,충청남도 천안시 동남구 안서동 522,충청남도 천안시 동남구 단대로 119,,44,44131,44131118,14155966.86,4416265.563,2025
241501,편의점,509010,GS25뉴천안수신점,충청남도 천안시 동남구 수신면 속창리 126-15,충청남도 천안시 동남구 수신면 수신로 429,,44,44131,44131350,14168850.61,4401628.526,2025
241507,편의점,509010,세븐일레븐천안성정파크점,충청남도 천안시 서북구 성정동 738-6,충청남도 천안시 서북구 양지9길 9,,44,44133,44133102,14153114.67,4412955.324,2025
241508,편의점,509010,세븐일레븐천안서북,충청남도 천안시 서북구 성거읍 신월리 343-18,충청남도 천안시 서북구 성거읍 봉주로 72-1,,44,44133,44133253,14154795.46,4422001.776,2025
241509,편의점,509010,세븐일레븐천안성거공단점,충청남도 천안시 서북구 성거읍 오색당리 129-36,충청남도 천안시 서북구 성거읍 모전1길 113,,44,44133,44133253,14159091.67,4423500.766,2025
241514,편의점,509010,공주건설공구,충청남도 천안시 동남구 봉명동 34-9,충청남도 천안시 동남구 차돌로 87,,44,44131,44131113,14153140.24,4411621.282,2025
241520,편의점,509010,씨유천안풍세센토피아점,충청남도 천안시 동남구 풍세면 보성리 705,충청남도 천안시 동남구 풍세면 풍세산단로 4,,44,44131,44131310,14149334.77,4401237.573,2025
241521,편의점,509010,씨유천안쌍용인,충청남도 천안시 서북구 쌍용동 1063,충청남도 천안시 서북구 미라1길 18,,44,44133,44133107,14151869.41,4411809.186,2025
241524,편의점,509010,세븐일레븐천안봉명,충청남도 천안시 동남구 봉명동 263,충청남도 천안시 동남구 개목8길 9,,44,44131,44131113,14152235.57,4413515.317,2025
241530,편의점,509010,씨유천안백석대본부동점,충청남도 천안시 동남구 안서동 115,충청남도 천안시 동남구 백석대학로 1-1,,44,44131,44131119,14158155.3,4416908.338,2025
241531,편의점,509010,지에스25뉴안서,충청남도 천안시 동남구 안서동 515-7,충청남도 천안시 동남구 중암1길 11,,44,44131,44131119,14157001.24,4415727.174,2025
241541,편의점,509010,GS25천안용곡,충청남도 천안시 동남구 용곡동 583,충청남도 천안시 동남구 풍세로 769-28,,44,44131,44131115,14153070.28,4408467.906,2025
241544,편의점,509010,씨유천안쌍용역점,충청남도 천안시 서북구 쌍용동 412-4,충청남도 천안시 서북구 쌍용19로 29-4,,44,44133,44133107,14151196.61,4410512.612,2025
241549,편의점,509010,세븐일레븐천안성정,충청남도 천안시 서북구 성정동 741-3,충청남도 천안시 서북구 양지17길 7,,44,44133,44133102,14153181.9,4412825.815,2025
241556,편의점,509010,제이에이치365,충청남도 천안시 서북구 쌍용동 1955,충청남도 천안시 서북구 월봉로 126,,44,44133,44133107,14150817.72,4411525.361,2025
241561,편의점,509010,씨유상명대계당관점,충청남도 천안시 동남구 안서동 300,충청남도 천안시 동남구 상명대길 31,,44,44131,44131119,14157535.36,4415828.395,2025
241565,편의점,509010,이마트24R천안신라점,충청남도 천안시 서북구 성정동 1420,충청남도 천안시 서북구 성정공원2길 8,,44,44133,44133102,14153496.98,4414890.411,2025
241567,편의점,509010,지에스25연암대로점,충청남도 천안시 서북구 성환읍 율금리 790-35,충청남도 천안시 서북구 성환읍 율금1길 8-8,,44,44133,44133250,14148284.64,4424158.507,2025
241569,편의점,509010,씨유천안동부역점,충청남도 천안시 동남구 대흥동 57-41,충청남도 천안시 동남구 대흥로 237-2,,44,44131,44131101,14153988.73,4412528.33,2025
241572,편의점,509010,지에스25성환매주리점,충청남도 천안시 서북구 성환읍 매주리 478-5,충청남도 천안시 서북구 성환읍 매주5길 4,,44,44133,44133250,14150929.69,4426295.041,2025
241580,편의점,509010,제로스토어안서점,충청남도 천안시 동남구 안서동 534-60,충청남도 천안시 동남구 중암샛길 22,,44,44131,44131119,14157228.74,4415586.526,2025
241583,편의점,509010,세븐일레븐천안메르디앙점,충청남도 천안시 서북구 성정동 1473,충청남도 천안시 서북구 성정공원5로 30,,44,44133,44133102,14153246.9,4415110.158,2025
241584,편의점,509010,씨유두산위브,충청남도 천안시 동남구 청당동 1005,충청남도 천안시 동남구 청당5로 20,,44,44131,44131111,14154587.43,4408453.216,2025
241595,편의점,509010,지에스25,충청남도 천안시 동남구 신부동 172-29,충청남도 천안시 동남구 만남로 154,,44,44131,44131118,14155938.57,4414854.717,2025
241597,편의점,509010,씨유천안직산타운점,충청남도 천안시 서북구 직산읍 삼은리 76-430,충청남도 천안시 서북구 직산읍 삼은4길 19,,44,44133,44133256,14154187.42,4422296.14,2025
241598,편의점,509010,미니스톱천안,충청남도 천안시 동남구 대흥동 70-4,충청남도 천안시 동남구 공설시장2길 3,,44,44131,44131101,14154199.9,4412520.697,2025
241599,편의점,509010,세븐일레븐천안두정이편한점,충청남도 천안시 서북구 두정동 1210,충청남도 천안시 서북구 두정중3길 2,,44,44133,44133104,14153322.49,4416241.137,2025
241600,편의점,509010,지에스25청당,충청남도 천안시 동남구 청당동 143-25,충청남도 천안시 동남구 청당2길 123,,44,44131,44131111,14155024.86,4408523.337,2025
241602,편의점,509010,GS25쌍용이화점,충청남도 천안시 서북구 쌍용동 540-3,충청남도 천안시 서북구 다가말2길 13-1,,44,44133,44133107,14152428.89,4410972.929,2025
241603,편의점,509010,지에스25풍세,충청남도 천안시 동남구 풍세면 보성리 580-13,충청남도 천안시 동남구 풍세면 풍세산단로 18-9,,44,44131,44131310,14149244.69,4401403.051,2025
241608,편의점,509010,씨유스타비발디점,충청남도 천안시 서북구 부대동 760,충청남도 천안시 서북구 부성18로 29,,44,44133,44133111,14154304.42,4417564.074,2025
241609,편의점,509010,지에스GS25연암대로점,충청남도 천안시 서북구 성환읍 율금리 790-35,충청남도 천안시 서북구 성환읍 율금1길 8-8,,44,44133,44133250,14148284.64,4424158.507,2025
241614,편의점,509010,지에스25천안창조점,충청남도 천안시 동남구 신부동 494-1,충청남도 천안시 동남구 만남로 72,,44,44131,44131118,14155402.11,4413989.196,2025
241615,편의점,509010,이마트24천안풍세점,충청남도 천안시 동남구 풍세면 보성리 745,충청남도 천안시 동남구 풍세면 풍세산단1로 54,,44,44131,44131310,14149231.38,4401049.187,2025
241622,편의점,509010,씨유입장신두리점,충청남도 천안시 서북구 입장면 신두리 217-45,충청남도 천안시 서북구 입장면 삼사로 1878,,44,44133,44133310,14160251.74,4428454.806,2025
241623,편의점,509010,지에스25신부한들점,충청남도 천안시 동남구 신부동 642,충청남도 천안시 동남구 터미널3길 40,,44,44131,44131118,14155258.49,4414442.768,2025
241624,편의점,509010,씨유천안두정대우,충청남도 천안시 서북구 두정동 530,충청남도 천안시 서북구 두정중5길 15,,44,44133,44133104,14153488.58,4416047.81,2025
241626,편의점,509010,세븐일레븐천안성정한빛점,충청남도 천안시 서북구 성정동 659-5,충청남도 천안시 서북구 서부6길 29,,44,44133,44133102,14153452.42,4414219.553,2025
241630,편의점,509010,이마트24천안신부더샵점,충청남도 천안시 동남구 신부동 287-27,충청남도 천안시 동남구 단대로 70,,44,44131,44131118,14155302.1,4415215.976,2025
241631,편의점,509010,세븐일레븐천안목천점,충청남도 천안시 동남구 목천읍 신계리 134-9,충청남도 천안시 동남구 목천읍 충절로 896,,44,44131,44131250,14160988.85,4407580.206,2025
241638,편의점,509010,씨유천안두정시티점,충청남도 천안시 서북구 두정동 1308,충청남도 천안시 서북구 두정상가1길 32-16,,44,44133,44133104,14153226.12,4415827.135,2025
241644,편의점,509010,씨유천안병천,충청남도 천안시 동남구 병천면 병천리 262-10,충청남도 천안시 동남구 병천면 병천1로 56,,44,44131,44131360,14170295.34,4405863.612,2025
241650,편의점,509010,지에스25원성,충청남도 천안시 동남구 원성동 588-14,충청남도 천안시 동남구 원거리7길 35-1,,44,44131,44131107,14155108.4,4411163.765,2025
241651,편의점,509010,지에스25풍세,충청남도 천안시 동남구 풍세면 보성리 736,충청남도 천안시 동남구 풍세면 풍세산단4로 12-1,,44,44131,44131310,14149052.11,4400909.717,2025
241652,편의점,509010,지에스25병천탑클래스점,충청남도 천안시 동남구 병천면 병천리 205-4,충청남도 천안시 동남구 병천면 아우내순대길 38,,44,44131,44131360,14170865.71,4405843.046,2025
241653,편의점,509010,세븐일레븐천안신방엔리치점,충청남도 천안시 동남구 신방동 1761,충청남도 천안시 동남구 통정6로 32,,44,44131,44131116,14152874.41,4407704.963,2025
241661,편의점,509010,씨유봉명역,충청남도 천안시 동남구 봉명동 62-53,충청남도 천안시 동남구 봉명4길 15,,44,44131,44131113,14152766.85,4411970.758,2025
241665,편의점,509010,세븐순천향대천안새병원점,충청남도 천안시 동남구 봉명동 216-8,충청남도 천안시 동남구 순천향6길 31,,44,44131,44131113,14152650.18,4411658.156,2025
241666,편의점,509010,씨유천안,충청남도 천안시 서북구 쌍용동 1491,충청남도 천안시 서북구 월봉로 90,,44,44133,44133107,14150755.72,4411073.634,2025
241668,편의점,509010,GS25두정,충청남도 천안시 서북구 두정동 1138-1,충청남도 천안시 서북구 두정중3길 18,,44,44133,44133104,14153327.53,4416428.32,2025
241683,편의점,509010,씨유천안마치에비뉴점,충청남도 천안시 서북구 백석동 1057,충청남도 천안시 서북구 한들1로 171,,44,44133,44133103,14150966.59,4416499.179,2025
241687,편의점,509010,씨유뉴천안신방타운점,충청남도 천안시 동남구 신방동 1181,충청남도 천안시 동남구 통정3로 37,,44,44131,44131116,14151999.47,4407752.725,2025
241688,편의점,509010,지에스25수신,충청남도 천안시 동남구 수신면 속창리 224-5,충청남도 천안시 동남구 수신면 5산단로 2,,44,44131,44131350,14168430.88,4401404.037,2025
241690,편의점,509010,이마트24천안직산,충청남도 천안시 서북구 직산읍 삼은리 76-76,충청남도 천안시 서북구 직산읍 삼은2길 16,,44,44133,44133256,14154130.6,4422144.308,2025
241695,편의점,509010,지에스25천안역점,충청남도 천안시 동남구 대흥동 96-1,충청남도 천안시 동남구 대흥로 238,,44,44131,44131101,14154088.16,4412527.248,2025
241698,편의점,509010,세븐천안입장한성점,충청남도 천안시 서북구 입장면 도림리 341-1,충청남도 천안시 서북구 입장면 도림길 10,,44,44133,44133310,14164759.52,4427225.322,2025
241699,편의점,509010,씨유천안청당하늘채점,충청남도 천안시 동남구 청당동 992,충청남도 천안시 동남구 광풍로 1800,,44,44131,44131111,14153736.06,4408354.672,2025
241707,편의점,509010,세븐일레븐천안성남약수로점,충청남도 천안시 동남구 성남면 대정리 59-13,충청남도 천안시 동남구 성남면 약수로 212,,44,44131,44131340,14161675.02,4402372.326,2025
241709,편의점,509010,미니스톱신당타운점,충청남도 천안시 서북구 신당동 327-1,충청남도 천안시 서북구 신당새터1길 47,,44,44133,44133110,14155445.15,4418792.822,2025
241711,편의점,509010,인스케어플러스,충청남도 천안시 동남구 목천읍 소사리 113-3,충청남도 천안시 동남구 목천읍 세종로 4755,,44,44131,44131250,14156331.97,4402060.681,2025
241714,편의점,509010,씨유쌍용,충청남도 천안시 서북구 쌍용동 1596,충청남도 천안시 서북구 월봉5길 35,,44,44133,44133107,14150588.39,4410140.06,2025
241723,편의점,509010,씨유단국대천안사회과학관점,충청남도 천안시 동남구 안서동 산29,충청남도 천안시 동남구 단대로 119,,44,44131,44131118,14155966.86,4416265.563,2025
241726,편의점,509010,세븐일레븐천안,충청남도 천안시 서북구 성거읍 석교리 119-9,충청남도 천안시 서북구 성거읍 망향로 395,,44,44133,44133253,14158107.34,4419068.725,2025
241727,편의점,509010,씨유천안,충청남도 천안시 동남구 봉명동 48-72,충청남도 천안시 동남구 봉명로 101,,44,44131,44131113,14153131.35,4412253.329,2025
241729,편의점,509010,이마트24천안농수산점,충청남도 천안시 서북구 신당동 488-1,충청남도 천안시 서북구 천안대로 1347,,44,44133,44133110,14154203.12,4419531.555,2025
241731,편의점,509010,세븐일레븐천안직산포도점,충청남도 천안시 서북구 직산읍 판정리 387-3,충청남도 천안시 서북구 직산읍 성진로 324-3,,44,44133,44133256,14156413.06,4426094.252,2025
241732,편의점,509010,직산중앙GS25편의점,충청남도 천안시 서북구 직산읍 삼은리 76-139,충청남도 천안시 서북구 직산읍 아랫말2길 1,,44,44133,44133256,14154263.36,4422007.004,2025
241740,편의점,509010,세븐일레븐천안신부,충청남도 천안시 동남구 신부동 461-6,충청남도 천안시 동남구 만남로 38,,44,44131,44131118,14154973.76,4413834.34,2025
241741,편의점,509010,지에스25천안중앙,충청남도 천안시 동남구 영성동 90-3,충청남도 천안시 동남구 영성로 40,,44,44131,44131105,14154355.44,4411512.803,2025
241744,편의점,509010,씨유천안성거SKC점,충청남도 천안시 서북구 성거읍 저리 57-66,충청남도 천안시 서북구 성거읍 성거길 113,,44,44133,44133253,14160086.27,4421766.516,2025
241749,편의점,509010,세븐일레븐천안신불당,충청남도 천안시 서북구 불당동 1819,충청남도 천안시 서북구 불당34길 22,,44,44133,44133108,14149430.83,4412206.026,2025
241753,편의점,509010,이마트24천안목천IC점,충청남도 천안시 동남구 목천읍 운전리 351-9,충청남도 천안시 동남구 목천읍 충절로 1107,,44,44131,44131250,14163262.46,4407210.123,2025
241759,편의점,509010,세븐일레븐천안직산부송점,충청남도 천안시 서북구 직산읍 부송리 42-7,충청남도 천안시 서북구 직산읍 송기길 20,,44,44133,44133256,14153013.54,4421731.334,2025
241760,편의점,509010,이마트24천안구성타운점,충청남도 천안시 동남구 구성동 188-8,충청남도 천안시 동남구 정골1길 65,,44,44131,44131108,14156678.91,4410163.369,2025
241762,편의점,509010,씨유천안원성메가시티점,충청남도 천안시 동남구 원성동 582-1,충청남도 천안시 동남구 고재1길 6,,44,44131,44131107,14155400.47,4411119.635,2025
241763,편의점,509010,씨유두정,충청남도 천안시 서북구 두정동 868,충청남도 천안시 서북구 원두정2길 24,,44,44133,44133104,14152698.06,4415768.868,2025
241764,편의점,509010,세븐일레븐천안풍세점,충청남도 천안시 동남구 풍세면 남관리 87,충청남도 천안시 동남구 풍세면 통미2길 69,,44,44131,44131310,14151771.75,4405459.206,2025
241770,편의점,509010,세븐일레븐천안월봉일성점,충청남도 천안시 서북구 쌍용동 1547,충청남도 천안시 서북구 월봉4로 120-16,,44,44133,44133107,14150640.31,4410797.236,2025
241773,편의점,509010,세븐일레븐천안,충청남도 천안시 서북구 성성동 478-1,충청남도 천안시 서북구 4산단로 58,,44,44133,44133105,14150462.05,4417773.63,2025
241776,편의점,509010,씨유천안입장,충청남도 천안시 서북구 입장면 가산리 321,충청남도 천안시 서북구 입장면 연곡길 353,,44,44133,44133310,14159228.94,4430353.186,2025
241778,편의점,509010,지에스25불당갤러리점,충청남도 천안시 서북구 불당동 1381,충청남도 천안시 서북구 불당15길 3,,44,44133,44133108,14149436.72,4411252.57,2025
241782,편의점,509010,이마트24R천안백석,충청남도 천안시 서북구 백석동 924,충청남도 천안시 서북구 번영로 278-11,,44,44133,44133103,14150342.85,4414956.735,2025
241783,편의점,509010,씨유단대호수점,충청남도 천안시 동남구 안서동 468-5,충청남도 천안시 동남구 천호지길 27,,44,44131,44131119,14156818.44,4416204.276,2025
241790,편의점,509010,세븐일레븐두정싱글벙글점,충청남도 천안시 서북구 두정동 1253,충청남도 천안시 서북구 두정중7길 3,,44,44133,44133104,14153019.32,4416050.071,2025
241791,편의점,509010,이마트24천안신부디이스트,충청남도 천안시 동남구 신부동 61-50,충청남도 천안시 동남구 신부8길 18,,44,44131,44131118,14155685.59,4413394.423,2025
241794,편의점,509010,지에스25청당타운점,충청남도 천안시 동남구 삼룡동 449,충청남도 천안시 동남구 청수12로 30,,44,44131,44131110,14155679.66,4408883.997,2025
241799,편의점,509010,GS25신방프라자,충청남도 천안시 동남구 신방동 62-10,충청남도 천안시 동남구 충무로 158-35,,44,44131,44131116,14151611.14,4410022.391,2025
241802,편의점,509010,씨유천안직산양당점,충청남도 천안시 서북구 직산읍 자은가리 166-2,충청남도 천안시 서북구 직산읍 상덕로 50,,44,44133,44133256,14150864.41,4421227.731,2025
241804,편의점,509010,두정2층맞이편의점,충청남도 천안시 서북구 두정동 84-1,충청남도 천안시 서북구 두정로 289,,44,44133,44133104,14154162.36,4415852.983,2025
241812,편의점,509010,세븐일레븐천안연곡길점,충청남도 천안시 서북구 입장면 유리 327-1,충청남도 천안시 서북구 입장면 연곡길 160,,44,44133,44133310,14160865.16,4428827.664,2025
241814,편의점,509010,이마트24천안한창이지엠점,충청남도 천안시 서북구 입장면 유리 43-5,충청남도 천안시 서북구 입장면 입장로 247,,44,44133,44133310,14162178.92,4428472.057,2025
241815,편의점,509010,GS25직산군동점,충청남도 천안시 서북구 직산읍 군동리 88-1,충청남도 천안시 서북구 직산읍 직산로 273,,44,44133,44133256,14156051.16,4425026.476,2025
241818,편의점,509010,이마트24천안성환명당점,충청남도 천안시 서북구 성환읍 매주리 88-10,충청남도 천안시 서북구 성환읍 천안대로 1746,,44,44133,44133250,14152776.09,4424436.153,2025
241819,편의점,509010,세븐일레븐천안역전2점,충청남도 천안시 동남구 대흥동 70-4,충청남도 천안시 동남구 공설시장2길 3,,44,44131,44131101,14154199.9,4412520.697,2025
241821,편의점,509010,씨유두정역점,충청남도 천안시 서북구 두정동 74-20,충청남도 천안시 서북구 두정역서3길 21-12,,44,44133,44133104,14154005.83,4415866.872,2025
241825,편의점,509010,이마트24천안신방타운점,충청남도 천안시 동남구 신방동 1108,충청남도 천안시 동남구 통정1로 35,,44,44131,44131116,14151968.38,4408096.905,2025
241826,편의점,509010,세븐일레븐천안입장초원점,충청남도 천안시 서북구 입장면 하장리 80-2,충청남도 천안시 서북구 입장면 입장로 123,,44,44133,44133310,14162210.45,4426881.677,2025
241827,편의점,509010,씨유천안노태포레나,충청남도 천안시 서북구 백석동 76-56,충청남도 천안시 서북구 한들2로 150,,44,44133,44133103,14151238.4,4416172.081,2025
241828,편의점,509010,GS25천안영성점,충청남도 천안시 동남구 영성동 14-7,충청남도 천안시 동남구 영성동2길 13-1,,44,44131,44131105,14154451.64,4411866.459,2025
241830,편의점,509010,세븐일레븐천안두정제스점,충청남도 천안시 서북구 두정동 1438,충청남도 천안시 서북구 두정상가8길 62,,44,44133,44133104,14153715.95,4415695.092,2025
241838,편의점,509010,대한통운택배입장SM,충청남도 천안시 서북구 성거읍 요방리 175-9,충청남도 천안시 서북구 성거읍 망향로 340,,44,44133,44133253,14158013.98,4418346.179,2025
241844,편의점,509010,세븐일레븐천안공대점,충청남도 천안시 서북구 신당동 251-14,충청남도 천안시 서북구 천안대로 1221,,44,44133,44133110,14154821.15,4418253.842,2025
241845,편의점,509010,이마트24천안직산수자인점,충청남도 천안시 서북구 직산읍 삼은리 89-23,충청남도 천안시 서북구 직산읍 천안밸리로 22-33,,44,44133,44133256,14154173.73,4422639.774,2025
241847,편의점,509010,비지에프리테일단국대천안단우홀점,충청남도 천안시 동남구 안서동 522,충청남도 천안시 동남구 단대로 119,,44,44131,44131118,14155966.86,4416265.563,2025
241850,편의점,509010,씨유천안한기대원룸점,충청남도 천안시 동남구 병천면 가전리 166-2,충청남도 천안시 동남구 병천면 가전8길 101,,44,44131,44131360,14169252.48,4406430.982,2025
241851,편의점,509010,씨유천안직산우성점,충청남도 천안시 서북구 직산읍 자은가리 148-2,충청남도 천안시 서북구 직산읍 자은가리1길 57,,44,44133,44133256,14151517.56,4420992.347,2025
241854,편의점,509010,씨유천안성환,충청남도 천안시 서북구 성환읍 성환리 344-184,충청남도 천안시 서북구 성환읍 신방로 486,,44,44133,44133250,14152086.34,4428022.327,2025
241855,편의점,509010,이마트24천안성정도원점,충청남도 천안시 서북구 성정동 850,충청남도 천안시 서북구 도원8길 26,,44,44133,44133102,14152541.54,4414171.081,2025
241856,편의점,509010,이마트24천안왕림길점,충청남도 천안시 서북구 성환읍 송덕리 190-49,충청남도 천안시 서북구 성환읍 왕림길 253,,44,44133,44133250,14149051.61,4428769.617,2025
241857,편의점,509010,씨유풍세수자인그린라이트,충청남도 천안시 동남구 풍세면 보성리 732,충청남도 천안시 동남구 풍세면 풍세산단4로 4,,44,44131,44131310,14149150.16,4400808.148,2025
241858,편의점,509010,씨유천안풍세수자인,충청남도 천안시 동남구 풍세면 보성리 765,충청남도 천안시 동남구 풍세면 풍세산단로 287,,44,44131,44131310,14149419.67,4401021.779,2025
241861,편의점,509010,세븐일레븐천안성환일등점,충청남도 천안시 서북구 성환읍 복모리 12-1,충청남도 천안시 서북구 성환읍 천안대로 2334,,44,44133,44133250,14152398.78,4431712.331,2025
241862,편의점,509010,씨유원성,충청남도 천안시 동남구 원성동 557-29,충청남도 천안시 동남구 원거리11길 19,,44,44131,44131107,14154850.89,4411499.81,2025
241863,편의점,509010,지에스25두정,충청남도 천안시 서북구 두정동 1028,충청남도 천안시 서북구 부성2길 34,,44,44133,44133104,14152901.97,4416370.678,2025
241868,편의점,509010,씨유천안쌍용예림점,충청남도 천안시 서북구 쌍용동 494-3,충청남도 천안시 서북구 충무로 167-12,,44,44133,44133107,14151514.25,4410545.481,2025
241869,편의점,509010,씨유천안성정해피점,충청남도 천안시 서북구 성정동 721-2,충청남도 천안시 서북구 성정1길 17,,44,44133,44133102,14152655.96,4413406.595,2025
241871,편의점,509010,씨유천안불당지웰점,충청남도 천안시 서북구 불당동 1498,충청남도 천안시 서북구 불당24로 38,,44,44133,44133108,14149306.12,4414333.186,2025
241881,편의점,509010,세븐일레븐천안뉴남,충청남도 천안시 서북구 성환읍 성월리 65,충청남도 천안시 서북구 성환읍 성진로 61,,44,44133,44133250,14153415.44,4426834.06,2025
241888,편의점,509010,지에스25뉴신부한내점,충청남도 천안시 동남구 신부동 584,충청남도 천안시 동남구 터미널9길 30,,44,44131,44131118,14154926.71,4414439.138,2025
241890,편의점,509010,씨유천안구성대로점,충청남도 천안시 동남구 구성동 480-9,충청남도 천안시 동남구 충절로 244,,44,44131,44131108,14155291.39,4410866.372,2025
241891,편의점,509010,지에스25와촌,충청남도 천안시 서북구 와촌동 173,충청남도 천안시 서북구 천안천4길 18-10,,44,44133,44133101,14153752.75,4412257.615,2025
241895,편의점,509010,세븐일레븐천안불당파크점,충청남도 천안시 서북구 불당동 730,충청남도 천안시 서북구 검은들3길 52,,44,44133,44133108,14149748.01,4412666.707,2025
241901,편의점,509010,세븐일레븐천안불당호반점,충청남도 천안시 서북구 불당동 1705,충청남도 천안시 서북구 불당32길 4,,44,44133,44133108,14149160.11,4412475.978,2025
241902,편의점,509010,세븐일레븐천안두정,충청남도 천안시 서북구 두정동 1228,충청남도 천안시 서북구 두정중1길 6-9,,44,44133,44133104,14153151.76,4416111.064,2025
241903,편의점,509010,세븐일레븐천안목천점,충청남도 천안시 동남구 목천읍 신계리 134-9,충청남도 천안시 동남구 목천읍 충절로 896,,44,44131,44131250,14160988.85,4407580.206,2025
241904,편의점,509010,이마트24천안쌍용타운점,충청남도 천안시 서북구 쌍용동 1792,충청남도 천안시 서북구 월봉4로 25,,44,44133,44133107,14150559.84,4409911.723,2025
241905,편의점,509010,지에스25입장용정점,충청남도 천안시 서북구 입장면 용정리 164-23,충청남도 천안시 서북구 입장면 용정도하길 147,,44,44133,44133310,14158539.24,4428259.878,2025
241910,편의점,509010,세븐일레븐천안베스티안점,충청남도 천안시 서북구 두정동 1654,충청남도 천안시 서북구 두정역동3길 53,,44,44133,44133104,14154174.01,4416606.265,2025
241917,편의점,509010,지에스25베스트원성점,충청남도 천안시 동남구 원성동 566-16,충청남도 천안시 동남구 충절로 197,,44,44131,44131107,14155310.33,4411446.151,2025
241919,편의점,509010,미니스톱백석문암점,충청남도 천안시 동남구 안서동 406,충청남도 천안시 동남구 문암로 90,,44,44131,44131119,14157896.09,4417129.207,2025
241923,편의점,509010,학사할인마트,충청남도 천안시 동남구 안서동 250-7,충청남도 천안시 동남구 중암샛길 18,,44,44131,44131119,14157189.94,4415608.147,2025
241929,편의점,509010,씨유천안성남포크빌점,충청남도 천안시 동남구 성남면 대화리 317,충청남도 천안시 동남구 성남면 5산단1로 81,,44,44131,44131340,14166529.4,4402891.867,2025
241930,편의점,509010,세븐일레븐천안신부베스트점,충청남도 천안시 동남구 신부동 492-15,충청남도 천안시 동남구 신부14길 2,,44,44131,44131118,14155511.19,4413973.167,2025
241934,편의점,509010,세븐일레븐천안프라지움점,충청남도 천안시 서북구 두정동 1377,충청남도 천안시 서북구 오성로 115,,44,44133,44133104,14153172.84,4415520.725,2025
241935,편의점,509010,세븐일레븐천안다가타운점,충청남도 천안시 동남구 다가동 5-48,충청남도 천안시 동남구 천안천공원5길 41,,44,44131,44131114,14154240.22,4410689.154,2025
241937,편의점,509010,지에스25청수타운,충청남도 천안시 동남구 청수동 354,충청남도 천안시 동남구 청수16로 3,,44,44131,44131109,14154929.6,4409762.967,2025
241942,편의점,509010,씨유두정,충청남도 천안시 서북구 두정동 682-3,충청남도 천안시 서북구 오성9길 34,,44,44133,44133104,14152161.02,4415877.871,2025
241943,편의점,509010,지에스25쌍용,충청남도 천안시 서북구 쌍용동 1114,충청남도 천안시 서북구 미라8길 22,,44,44133,44133107,14152005.62,4411669.362,2025
241947,편의점,509010,미니스톱입장기로점,충청남도 천안시 서북구 입장면 기로리 285-20,충청남도 천안시 서북구 입장면 성진로 994,,44,44133,44133310,14164258.09,4426781.896,2025
241949,편의점,509010,지에스25뉴북천안IC점,충청남도 천안시 서북구 직산읍 판정리 58-1,충청남도 천안시 서북구 직산읍 성진로 463,,44,44133,44133256,14157990.5,4426773.146,2025
241953,편의점,509010,씨유천안불당하이빌점,충청남도 천안시 서북구 불당동 750,충청남도 천안시 서북구 시청로 73,,44,44133,44133108,14149959.02,4412302.757,2025
241956,편의점,509010,씨유백석아이파크,충청남도 천안시 서북구 백석동 1200,충청남도 천안시 서북구 한들3로 36-17,,44,44133,44133103,14151518.68,4415021.902,2025
241958,편의점,509010,세븐일레븐천안입장점,충청남도 천안시 서북구 입장면 신두리 23-2,충청남도 천안시 서북구 입장면 성진로 729,,44,44133,44133310,14161182.1,4427011.198,2025
241966,편의점,509010,씨유원성타운점,충청남도 천안시 동남구 원성동 517-2,충청남도 천안시 동남구 버들로 136,,44,44131,44131107,14155552.56,4412118.85,2025
241979,편의점,509010,이마트24천안더리치빌점,충청남도 천안시 서북구 두정동 1332,충청남도 천안시 서북구 두정상가3길 20,,44,44133,44133104,14153258.75,4415680.121,2025
241981,편의점,509010,지에스25천안로얄점,충청남도 천안시 동남구 쌍용동 553-4,충청남도 천안시 동남구 순천향1길 19,,44,44131,44131117,14152308.11,4411523.682,2025
241983,편의점,509010,씨유천안성정세관점,충청남도 천안시 서북구 성정동 662-20,충청남도 천안시 서북구 봉정로 236,,44,44133,44133102,14153626.16,4414451.096,2025
241985,편의점,509010,씨유프라지움11차점,충청남도 천안시 서북구 성정동 1435,충청남도 천안시 서북구 동서대로 165,,44,44133,44133102,14153353.35,4414864.123,2025
241988,편의점,509010,지에스25성환,충청남도 천안시 서북구 성환읍 매주리 315-5,충청남도 천안시 서북구 성환읍 신선동길 26,,44,44133,44133250,14152114.85,4426938.809,2025
241989,편의점,509010,씨유천안성거모시울점,충청남도 천안시 서북구 성거읍 저리 191-22,충청남도 천안시 서북구 성거읍 모시울1길 58,,44,44133,44133253,14159716.77,4423105.933,2025
241993,편의점,509010,지에스25백석,충청남도 천안시 서북구 백석동 1171,충청남도 천안시 서북구 한들3로 35-15,,44,44133,44133103,14151204.28,4414959.104,2025
241994,편의점,509010,씨유천안역e편한점,충청남도 천안시 동남구 원성동 429-133,충청남도 천안시 동남구 원성천1길 99,,44,44131,44131107,14154941.22,4411944.437,2025
241995,편의점,509010,씨유천안신부경남점,충청남도 천안시 동남구 신부동 85,충청남도 천안시 동남구 충절로 42,,44,44131,44131118,14155075.46,4413436.01,2025
241998,편의점,509010,24시무인편의점,충청남도 천안시 동남구 신부동 462-9,충청남도 천안시 동남구 충절로 8,,44,44131,44131118,14155167.43,4413805.934,2025
242013,편의점,509010,세븐일레븐천안성환타운점,충청남도 천안시 서북구 성환읍 성환리 449-70,충청남도 천안시 서북구 성환읍 성환9길 3-2,,44,44133,44133250,14151887.73,4427426.799,2025
242015,편의점,509010,편의점,충청남도 천안시 동남구 원성동 429-133,충청남도 천안시 동남구 원성천1길 99,,44,44131,44131107,14154941.22,4411944.437,2025
242019,편의점,509010,씨유천안성푸,충청남도 천안시 서북구 성성동 969,충청남도 천안시 서북구 성성6로 68,,44,44133,44133105,14151640.65,4416991.662,2025
242020,편의점,509010,지에스25청수,충청남도 천안시 동남구 청수동 203,충청남도 천안시 동남구 청수로 71,,44,44131,44131109,14154753.67,4409841.993,2025
242021,편의점,509010,세븐천안두정파크점,충청남도 천안시 서북구 두정동 1207,충청남도 천안시 서북구 두정중2길 24,,44,44133,44133104,14153187.36,4416234.405,2025
242023,편의점,509010,GS25차암조은점,충청남도 천안시 서북구 차암동 484,충청남도 천안시 서북구 밤개울2길 12,,44,44133,44133106,14148974.95,4416800.945,2025
242028,편의점,509010,씨유천안불당호반오점,충청남도 천안시 서북구 불당동 1510,충청남도 천안시 서북구 불당23로 10,,44,44133,44133108,14148847.45,4413727.846,2025
242035,편의점,509010,씨유천안두정,충청남도 천안시 서북구 두정동 71-35,충청남도 천안시 서북구 1공단1길 49,,44,44133,44133104,14153936.18,4415717.517,2025
242039,편의점,509010,지에스25두정우리점,충청남도 천안시 서북구 두정동 1196,충청남도 천안시 서북구 두정중8길 3,,44,44133,44133104,14152993.05,4416245.349,2025
242042,편의점,509010,씨유월봉대우점,충청남도 천안시 서북구 쌍용동 1548,충청남도 천안시 서북구 월봉4로 88-11,,44,44133,44133107,14150407.6,4410583.329,2025
242043,편의점,509010,씨유천안성거,충청남도 천안시 서북구 성거읍 오목리 265,충청남도 천안시 서북구 성거읍 성거산단2로 29,,44,44133,44133253,14160899.11,4424014.013,2025
242050,편의점,509010,지에스25천안불당,충청남도 천안시 서북구 불당동 1169,충청남도 천안시 서북구 불당5길 17,,44,44133,44133108,14149740.2,4411673.22,2025
242052,편의점,509010,지에스25천안신부타운점,충청남도 천안시 동남구 신부동 320-22,충청남도 천안시 동남구 방죽안1길 11,,44,44131,44131118,14154722.78,4414260.796,2025
242058,편의점,509010,세븐일레븐천안입장공단점,충청남도 천안시 서북구 입장면 유리 192-7,충청남도 천안시 서북구 입장면 외유리1길 1,,44,44133,44133310,14161649.01,4427996.641,2025
242060,편의점,509010,이마트24천안성환신가점,충청남도 천안시 서북구 성환읍 신가리 386-6,충청남도 천안시 서북구 성환읍 가동길 2,,44,44133,44133250,14150318.82,4432362.539,2025
242061,편의점,509010,지에스25성정구름점,충청남도 천안시 서북구 성정동 640-5,충청남도 천안시 서북구 봉정로 239,,44,44133,44133102,14153587.34,4414528.204,2025
242063,편의점,509010,씨유차암로또명당점,충청남도 천안시 서북구 차암동 435,충청남도 천안시 서북구 3공단6로 58-8,,44,44133,44133106,14149155.8,4416963.878,2025
242064,편의점,509010,씨유천안한성스위트점,충청남도 천안시 서북구 두정동 993,충청남도 천안시 서북구 부성6길 12,,44,44133,44133104,14152579.12,4416216.889,2025
242071,편의점,509010,지에스25성정대로점,충청남도 천안시 서북구 성정동 625-1,충청남도 천안시 서북구 동서대로 150,,44,44133,44133102,14153136.45,4414801.785,2025
242073,편의점,509010,씨유천안충절로점,충청남도 천안시 동남구 원성동 137-8,충청남도 천안시 동남구 충절로 124,,44,44131,44131107,14155200.74,4412374.708,2025
242082,편의점,509010,세븐일레븐천안성정시티점,충청남도 천안시 서북구 성정동 1518,충청남도 천안시 서북구 성정공원5로 10-16,,44,44133,44133102,14152956.59,4414985.213,2025
242085,편의점,509010,씨유천안직산공단점,충청남도 천안시 서북구 직산읍 부송리 136,충청남도 천안시 서북구 직산읍 부송4길 5,,44,44133,44133256,14152236.92,4421822.848,2025
242094,편의점,509010,지에스25천안,충청남도 천안시 동남구 대흥동 10-5,충청남도 천안시 동남구 문화로 16,,44,44131,44131101,14154286.44,4412747.297,2025
242095,편의점,509010,세븐일레븐천안,충청남도 천안시 동남구 목천읍 삼성리 9-9,충청남도 천안시 동남구 목천읍 삼성5길 46,,44,44131,44131250,14157304.35,4405742.114,2025
242097,편의점,509010,세븐일레븐천안,충청남도 천안시 동남구 문화동 24-10,충청남도 천안시 동남구 문화로 26,,44,44131,44131103,14154430.52,4412705.907,2025
242102,편의점,509010,세븐일레븐천안입장한성점,충청남도 천안시 서북구 입장면 도림리 341-1,충청남도 천안시 서북구 입장면 도림길 10,,44,44133,44133310,14164759.52,4427225.322,2025
242105,편의점,509010,씨유천안용곡우림필유,충청남도 천안시 동남구 용곡동 595,충청남도 천안시 동남구 용곡5길 37-6,,44,44131,44131115,14153169.52,4410169.116,2025
242106,편의점,509010,세븐일레븐천안성거삼일점,충청남도 천안시 서북구 성거읍 저리 53-2,충청남도 천안시 서북구 성거읍 성거길 103,,44,44133,44133253,14159938.99,4421579.364,2025
242110,편의점,509010,지에스25상명대,충청남도 천안시 동남구 안서동 321-34,충청남도 천안시 동남구 상명대길 25,,44,44131,44131119,14157163.52,4415849.041,2025
242111,편의점,509010,지에스25성거푸른점,충청남도 천안시 서북구 성거읍 요방리 268-4,충청남도 천안시 서북구 성거읍 마당재길 1,,44,44133,44133253,14157245.1,4418409.213,2025
242129,편의점,509010,씨유천안백석대진리관점,충청남도 천안시 동남구 안서동 115,충청남도 천안시 동남구 백석대학로 1-1,,44,44131,44131119,14158155.3,4416908.338,2025
242142,편의점,509010,씨유천안성환율금점,충청남도 천안시 서북구 성환읍 율금리 636-8,충청남도 천안시 서북구 성환읍 율금1길 234,,44,44133,44133250,14149209.12,4425639.385,2025
242144,편의점,509010,GS25천흥공단점,충청남도 천안시 서북구 성거읍 천흥리 373-18,충청남도 천안시 서북구 성거읍 성거길 184,,44,44133,44133253,14160554.28,4422501.278,2025
242163,편의점,509010,씨유천안병천점,충청남도 천안시 동남구 병천면 병천리 160-8,충청남도 천안시 동남구 병천면 충절로 1723,,44,44131,44131360,14170669.41,4406212.754,2025
242165,편의점,509010,세븐일레븐천안미죽공단점,충청남도 천안시 동남구 풍세면 미죽리 208,충청남도 천안시 동남구 풍세면 미죽3길 3,,44,44131,44131310,14154455.31,4402711.79,2025
242166,편의점,509010,지에스25성정,충청남도 천안시 서북구 성정동 1221,충청남도 천안시 서북구 성정중2길 21,,44,44133,44133102,14152618.14,4415168.572,2025
242168,편의점,509010,세븐일레븐천안차돌고개점,충청남도 천안시 서북구 쌍용동 535-31,충청남도 천안시 서북구 차돌고개1길 8,,44,44133,44133107,14152446.76,4411134.307,2025
242169,편의점,509010,지에스25한성에듀시티점,충청남도 천안시 동남구 문화동 180,충청남도 천안시 동남구 성황로 40,,44,44131,44131103,14154679.94,4412826.949,2025
242171,편의점,509010,세븐천안목천점,충청남도 천안시 동남구 목천읍 신계리 134-9,충청남도 천안시 동남구 목천읍 충절로 896,,44,44131,44131250,14160988.85,4407580.206,2025
242172,편의점,509010,세븐일레븐천안불당EJ점,충청남도 천안시 서북구 불당동 1853,충청남도 천안시 서북구 불당25로 23,,44,44133,44133108,14149079.75,4411805.807,2025
242181,편의점,509010,지에스25신부,충청남도 천안시 동남구 신부동 474-1,충청남도 천안시 동남구 신부10길 8,,44,44131,44131118,14155278.68,4413639.409,2025
242194,편의점,509010,광덕산25,충청남도 천안시 동남구 광덕면 광덕리 650-18,충청남도 천안시 동남구 광덕면 상사길 1,,44,44131,44131320,14142447.33,4393588.727,2025
242196,편의점,509010,이마트24천안모아엘가점,충청남도 천안시 서북구 성정동 1324,충청남도 천안시 서북구 성정공원7길 9,,44,44133,44133102,14153381.13,4415388.708,2025
242200,편의점,509010,이마트24,충청남도 천안시 서북구 불당동 1617,충청남도 천안시 서북구 불당33길 26,,44,44133,44133108,14149582.2,4412996.53,2025
242206,편의점,509010,이마트24풍세산단타운점,충청남도 천안시 동남구 풍세면 보성리 580-46,충청남도 천안시 동남구 풍세면 풍세산단로 18-12,,44,44131,44131310,14149252.72,4401362.228,2025
242208,편의점,509010,이마트24R천안백석,충청남도 천안시 서북구 백석동 924,충청남도 천안시 서북구 번영로 278-11,,44,44133,44133103,14150342.85,4414956.735,2025
242212,편의점,509010,씨유천안유관순체육관점,충청남도 천안시 서북구 백석동 251,충청남도 천안시 서북구 번영로 208,,44,44133,44133103,14150406.08,4413871.578,2025
242215,편의점,509010,지에스25쌍용바른점,충청남도 천안시 서북구 쌍용동 2070,충청남도 천안시 서북구 충무로 5-47,,44,44133,44133107,14150413.77,4409636.88,2025
242218,편의점,509010,구일,충청남도 천안시 동남구 신부동 37-32,충청남도 천안시 동남구 만남의길 13,,44,44131,44131118,14155954.64,4414578.701,2025
242219,편의점,509010,씨유신부타운점,충청남도 천안시 동남구 신부동 709,충청남도 천안시 동남구 터미널4길 15,,44,44131,44131118,14155277.98,4414193.855,2025
242223,편의점,509010,지에스25두정타운점,충청남도 천안시 서북구 두정동 912,충청남도 천안시 서북구 원두정2길 35,,44,44133,44133104,14152674.98,4415930.087,2025
242225,편의점,509010,씨유천안신부,충청남도 천안시 동남구 신부동 328-17,충청남도 천안시 동남구 방죽안5길 8,,44,44131,44131118,14154609.13,4414095.175,2025
242227,편의점,509010,지에스25청당,충청남도 천안시 동남구 청당동 554,충청남도 천안시 동남구 청수6로 35-72,,44,44131,44131111,14155052.18,4409175.886,2025
242228,편의점,509010,세븐일레븐천안수신점,충청남도 천안시 동남구 수신면 속창리 236-9,충청남도 천안시 동남구 수신면 수신로 409,,44,44131,44131350,14168682.82,4401452.957,2025
242237,편의점,509010,이마트24천안성환,충청남도 천안시 서북구 성환읍 율금리 508-7,충청남도 천안시 서북구 성환읍 율금1길 307,,44,44133,44133250,14150094.99,4425796.601,2025
242238,편의점,509010,세븐일레븐안서어울림점,충청남도 천안시 동남구 안서동 352-13,충청남도 천안시 동남구 문암1길 69-1,,44,44131,44131119,14157308.81,4416723.828,2025
242239,편의점,509010,이마트24천안신부,충청남도 천안시 동남구 신부동 504-21,충청남도 천안시 동남구 신부12길 40-7,,44,44131,44131118,14155679.9,4413717.383,2025
242240,편의점,509010,지에스25용곡,충청남도 천안시 동남구 용곡동 213-3,충청남도 천안시 동남구 일봉로 105,,44,44131,44131115,14152943.62,4409813.914,2025
242244,편의점,509010,신방마트천안신방2점,충청남도 천안시 동남구 신방동 1039,충청남도 천안시 동남구 통정2길 2,,44,44131,44131116,14152056.69,4408308.66,2025
242245,편의점,509010,지에스25두정,충청남도 천안시 서북구 두정동 1872,충청남도 천안시 서북구 두정고8길 9,,44,44133,44133104,14152253.63,4416564.609,2025
242246,편의점,509010,응응스크르천안,충청남도 천안시 서북구 백석동 1161,충청남도 천안시 서북구 한들3로 35-18,,44,44133,44133103,14151188.54,4415003.672,2025
242251,편의점,509010,세븐일레븐천안쌍용일성점,충청남도 천안시 서북구 쌍용동 820,충청남도 천안시 서북구 봉서5길 12,,44,44133,44133107,14152298.45,4412451.096,2025
242252,편의점,509010,씨유천안체육,충청남도 천안시 서북구 백석동 251,충청남도 천안시 서북구 번영로 208,,44,44133,44133103,14150406.08,4413871.578,2025
242260,편의점,509010,씨유천안입장,충청남도 천안시 서북구 입장면 하장리 76-6,충청남도 천안시 서북구 입장면 입장로 138,,44,44133,44133310,14162289.78,4427038.399,2025
242261,편의점,509010,씨유천안종합운동장점,충청남도 천안시 서북구 백석동 251,충청남도 천안시 서북구 번영로 208,,44,44133,44133103,14150406.08,4413871.578,2025
242262,편의점,509010,씨유천안성정,충청남도 천안시 서북구 성정동 909,충청남도 천안시 서북구 도원6길 8,,44,44133,44133102,14152313.12,4414089.751,2025
242267,편의점,509010,세븐일레븐천안수신,충청남도 천안시 동남구 수신면 속창리 147-2,충청남도 천안시 동남구 수신면 수신로 472,,44,44131,44131350,14169268.51,4401960.509,2025
242273,편의점,509010,지에스25신방한성필점,충청남도 천안시 동남구 신방동 1070,충청남도 천안시 동남구 통정1로 38-17,,44,44131,44131116,14152203.51,4408052.223,2025
242276,편의점,509010,씨유직산공단,충청남도 천안시 서북구 직산읍 모시리 253-14,충청남도 천안시 서북구 직산읍 상덕로 6,,44,44133,44133256,14150784.85,4420702.838,2025
242283,편의점,509010,세븐천안두정아띠점,충청남도 천안시 서북구 두정동 1063,충청남도 천안시 서북구 부성7길 3,,44,44133,44133104,14152516.32,4416446.296,2025
242284,편의점,509010,지에스25불당,충청남도 천안시 서북구 불당동 1796,충청남도 천안시 서북구 불당29길 18-1,,44,44133,44133108,14148928.01,4412559.649,2025
242285,편의점,509010,세븐일레븐천안부송,충청남도 천안시 서북구 직산읍 부송리 40-1,충청남도 천안시 서북구 직산읍 부송1길 7,,44,44133,44133256,14152956.91,4421689.528,2025
242287,편의점,509010,지에스25천안중앙고점,충청남도 천안시 동남구 원성동 462-8,충청남도 천안시 동남구 충절로 85,,44,44131,44131107,14155235.12,4412849.564,2025
242288,편의점,509010,세븐일레븐순천향대천안,충청남도 천안시 동남구 봉명동 216-8,충청남도 천안시 동남구 순천향6길 31,,44,44131,44131113,14152650.18,4411658.156,2025
242289,편의점,509010,씨유천안월봉청솔2단지,충청남도 천안시 서북구 쌍용동 1557,충청남도 천안시 서북구 월봉4로 84-9,,44,44133,44133107,14150436.94,4410499.307,2025
242290,편의점,509010,씨유천안신방통정점,충청남도 천안시 동남구 신방동 2006,충청남도 천안시 동남구 통정8로 52,,44,44131,44131116,14152234.37,4407015.27,2025
242292,편의점,509010,이마트24SMART천안불당,충청남도 천안시 서북구 불당동 757,충청남도 천안시 서북구 불당17길 14,,44,44133,44133108,14149886.44,4412445.116,2025
242297,편의점,509010,지에스25뉴봉명,충청남도 천안시 동남구 봉명동 475,충청남도 천안시 동남구 봉서9길 17-1,,44,44131,44131113,14152315.66,4412961.308,2025
242308,편의점,509010,씨유단국대천안생자관점,충청남도 천안시 동남구 안서동 522,충청남도 천안시 동남구 단대로 119,,44,44131,44131118,14155966.86,4416265.563,2025
242313,편의점,509010,세븐일레븐천안백석,충청남도 천안시 동남구 안서동 107-12,충청남도 천안시 동남구 문암5길 25,,44,44131,44131119,14158383.12,4417115.692,2025
242314,편의점,509010,씨유천안성남,충청남도 천안시 동남구 성남면 석곡리 434-7,충청남도 천안시 동남구 성남면 약수로 311,,44,44131,44131340,14162247.61,4403189.699,2025
242315,편의점,509010,지에스25입장,충청남도 천안시 서북구 입장면 가산리 19-2,충청남도 천안시 서북구 입장면 연곡길 222,,44,44133,44133310,14160167.68,4429136.957,2025
242317,편의점,509010,미니스톱천안월봉점,충청남도 천안시 서북구 불당동 1204,충청남도 천안시 서북구 불당11로 56,,44,44133,44133108,14150062.98,4411749.153,2025
242325,편의점,509010,세븐천안성성센터점,충청남도 천안시 서북구 성성동 699,충청남도 천안시 서북구 성성10길 57,,44,44133,44133105,14152658.44,4416821.248,2025
242326,편의점,509010,세븐일레븐천안백석엔리치점,충청남도 천안시 서북구 백석동 1072,충청남도 천안시 서북구 한들1로 152-10,,44,44133,44133103,14150970.53,4416208.797,2025
242329,편의점,509010,지에스25용곡,충청남도 천안시 동남구 용곡동 243-1,충청남도 천안시 동남구 용곡5길 36,,44,44131,44131115,14153067.51,4410028.349,2025
242334,편의점,509010,씨유천안불당호반써밋점,충청남도 천안시 서북구 불당동 1613,충청남도 천안시 서북구 불당21로 40,,44,44133,44133108,14149218.71,4413064.998,2025
242335,편의점,509010,이마트24천안성환,충청남도 천안시 서북구 성환읍 성환리 449-800,충청남도 천안시 서북구 성환읍 성환중앙로 25-1,,44,44133,44133250,14151982.67,4427456.325,2025
242340,편의점,509010,데이앤데이,충청남도 천안시 서북구 성정동 1433,충청남도 천안시 서북구 성정공원3길 14,,44,44133,44133102,14153423.55,4414860.99,2025
242342,편의점,509010,지에스25신방해피점,충청남도 천안시 동남구 신방동 1533,충청남도 천안시 동남구 통정11로 46,,44,44131,44131116,14152266.32,4407712.522,2025
242343,편의점,509010,씨유천안두정,충청남도 천안시 서북구 두정동 879,충청남도 천안시 서북구 원두정1길 16,,44,44133,44133104,14152512.77,4415670.377,2025
242344,편의점,509010,세븐일레븐천안병천점,충청남도 천안시 동남구 병천면 탑원리 108,충청남도 천안시 동남구 병천면 충절로 1900,,44,44131,44131360,14172702.45,4406408.617,2025
242348,편의점,509010,마마트천안,충청남도 천안시 동남구 안서동 84-4,충청남도 천안시 동남구 문암로 162,,44,44131,44131119,14158641.48,4417624.489,2025
242349,편의점,509010,씨유천안불당월봉고점,충청남도 천안시 서북구 불당동 1197,충청남도 천안시 서북구 불당11로 46-1,,44,44133,44133108,14149937.29,4411781.378,2025
242352,편의점,509010,씨유단국대천안도서관점,충청남도 천안시 동남구 안서동 산29,충청남도 천안시 동남구 단대로 119,,44,44131,44131118,14155966.86,4416265.563,2025
242359,편의점,509010,씨유천안병천아우내점,충청남도 천안시 동남구 병천면 병천리 289-3,충청남도 천안시 동남구 병천면 아우내순대길 13,,44,44131,44131360,14170636.21,4405607.54,2025
242362,편의점,509010,세븐천안입장점주,충청남도 천안시 서북구 입장면 신두리 23-2,충청남도 천안시 서북구 입장면 성진로 729,,44,44133,44133310,14161182.1,4427011.198,2025
242365,편의점,509010,이마트24천안우남점,충청남도 천안시 서북구 두정동 1612,충청남도 천안시 서북구 두정역서5길 4,,44,44133,44133104,14153812.95,4416487.069,2025
242369,편의점,509010,지에스25풍세원룸점,충청남도 천안시 동남구 풍세면 용정리 853-95,충청남도 천안시 동남구 풍세면 돈마루1길 167-14,,44,44131,44131310,14148301.16,4401908.769,2025
242371,편의점,509010,씨유천안쌍용,충청남도 천안시 서북구 쌍용동 1782,충청남도 천안시 서북구 월봉4로 43,,44,44133,44133107,14150374.7,4410005.439,2025
242376,편의점,509010,세븐일레븐천안청수,충청남도 천안시 동남구 청당동 466,충청남도 천안시 동남구 청수14로 13,,44,44131,44131111,14154084.77,4409397.541,2025
242379,편의점,509010,씨유천안두정,충청남도 천안시 서북구 두정동 568,충청남도 천안시 서북구 오성6길 17,,44,44133,44133104,14151978.33,4415727.079,2025
242382,편의점,509010,씨유천안신흥초점,충청남도 천안시 동남구 목천읍 신계리 107-20,충청남도 천안시 동남구 목천읍 신계5길 38-1,,44,44131,44131250,14161526.63,4407527.937,2025
242384,편의점,509010,지에스25신부베스트,충청남도 천안시 동남구 신부동 702,충청남도 천안시 동남구 터미널8길 14,,44,44131,44131118,14155257.71,4414298.16,2025
242393,편의점,509010,씨유천안4공단점,충청남도 천안시 서북구 직산읍 모시리 237-15,충청남도 천안시 서북구 직산읍 4산단7로 34,,44,44133,44133256,14151428.76,4420109.645,2025
242394,편의점,509010,지에스25백석대타운점,충청남도 천안시 동남구 안서동 378-4,충청남도 천안시 동남구 문암4길 7,,44,44131,44131119,14157620.79,4416989.446,2025
242395,편의점,509010,GS25,충청남도 천안시 서북구 두정동 886-1,충청남도 천안시 서북구 원두정2길 21,,44,44133,44133104,14152656.79,4415742.615,2025
242397,편의점,509010,세븐일레븐천안,충청남도 천안시 동남구 성남면 신사리 332-1,충청남도 천안시 동남구 성남면 신사대화로 148,,44,44131,44131340,14163891.06,4403245.443,2025
242402,편의점,509010,씨유천안성정보건소점,충청남도 천안시 서북구 성정동 681-8,충청남도 천안시 서북구 서부3길 7,,44,44133,44133102,14153072.3,4413940.685,2025
242407,편의점,509010,세븐천안성정2점,충청남도 천안시 서북구 성정동 742-3,충청남도 천안시 서북구 양지18길 9,,44,44133,44133102,14153187.49,4412917.936,2025
242409,편의점,509010,씨유천안스마일시티점,충청남도 천안시 서북구 차암동 462,충청남도 천안시 서북구 밤개울1길 1-7,,44,44133,44133106,14148888.77,4416905.935,2025
242410,편의점,509010,지에스25천안그랜드점,충청남도 천안시 서북구 두정동 1721,충청남도 천안시 서북구 두정역동2길 2,,44,44133,44133104,14154369.58,4416181.485,2025
242413,편의점,509010,세븐순천향대천안병원점,충청남도 천안시 동남구 봉명동 216-8,충청남도 천안시 동남구 순천향6길 31,,44,44131,44131113,14152650.18,4411658.156,2025
242414,편의점,509010,지에스25뉴불당펜타포트점,충청남도 천안시 서북구 불당동 1292,충청남도 천안시 서북구 공원로 195,,44,44133,44133108,14148783.16,4411233.613,2025
242418,편의점,509010,이마트24천안신방통정점,충청남도 천안시 동남구 신방동 1823,충청남도 천안시 동남구 통정6로 6,,44,44131,44131116,14152662.98,4407484.5,2025
242419,편의점,509010,미니스톱청당,충청남도 천안시 동남구 청당동 782,충청남도 천안시 동남구 청수7로 13-1,,44,44131,44131111,14155451.1,4409003.476,2025
242423,편의점,509010,옐로우스푼,충청남도 천안시 서북구 차암동 550,충청남도 천안시 서북구 스마일시티2로 1,,44,44133,44133106,14149598.13,4417693.619,2025
242424,편의점,509010,이마트24천안야구장점,충청남도 천안시 동남구 삼룡동 384-1,충청남도 천안시 동남구 천안대로 234,,44,44131,44131110,14156073.94,4407008.53,2025
242426,편의점,509010,지에스25우신교차로점,충청남도 천안시 서북구 성환읍 송덕리 181-1,충청남도 천안시 서북구 성환읍 신방로 306,,44,44133,44133250,14150080.97,4428693.472,2025
242428,편의점,509010,세븐일레븐천안불당,충청남도 천안시 서북구 불당동 1229,충청남도 천안시 서북구 불당6길 9,,44,44133,44133108,14149912.94,4411680.435,2025
242429,편의점,509010,씨유천안신방,충청남도 천안시 동남구 신방동 251-7,충청남도 천안시 동남구 풍세로 601,,44,44131,44131116,14152174.91,4406644.493,2025
242432,편의점,509010,지에스25직산휴게소점,충청남도 천안시 서북구 직산읍 군서리 33-3,충청남도 천안시 서북구 직산읍 삼사로 1338,,44,44133,44133256,14155361.76,4424593.166,2025
242433,편의점,509010,365플러스,충청남도 천안시 서북구 두정동 1464,충청남도 천안시 서북구 성정두정로 70,,44,44133,44133104,14153400.47,4415705.233,2025
242435,편의점,509010,GS25성정주공점,충청남도 천안시 서북구 성정동 544,충청남도 천안시 서북구 동서대로 110-21,,44,44133,44133102,14152608.84,4414651.643,2025
242439,편의점,509010,지에스25천안우방점,충청남도 천안시 동남구 신부동 319-27,충청남도 천안시 동남구 중앙로 279,,44,44131,44131118,14154539.47,4414482.593,2025
242442,편의점,509010,지에스25신방프라자,충청남도 천안시 동남구 신방동 62-10,충청남도 천안시 동남구 충무로 158-35,,44,44131,44131116,14151611.14,4410022.391,2025
242447,편의점,509010,지에스25신방,충청남도 천안시 동남구 신방동 2045,충청남도 천안시 동남구 통정5로 8,,44,44131,44131116,14151996.4,4407225.172,2025
242448,편의점,509010,이마트24은혜관점,충청남도 천안시 동남구 안서동 393,충청남도 천안시 동남구 백석대학로 1-7,,44,44131,44131119,14157797.72,4416641.695,2025
242451,편의점,509010,데이앤데이천안역점,충청남도 천안시 동남구 문화동 63-9,충청남도 천안시 동남구 버들로 21,,44,44131,44131103,14154334.62,4412487.961,2025
242456,편의점,509010,씨유천안제2,충청남도 천안시 서북구 차암동 12-4,충청남도 천안시 서북구 2공단6길 26,,44,44133,44133106,14150962.93,4418957.142,2025
242457,편의점,509010,이마트24천안불당리치점,충청남도 천안시 서북구 불당동 1541,충청남도 천안시 서북구 불당25로 146,,44,44133,44133108,14149568.55,4413238.029,2025
242459,편의점,509010,방죽안슈퍼,충청남도 천안시 동남구 신부동 367-10,충청남도 천안시 동남구 중앙로 225,,44,44131,44131118,14154510.54,4413807.339,2025
242461,편의점,509010,GS25한기대실학관점,충청남도 천안시 서북구 부대동 415-1,충청남도 천안시 서북구 과수원길 18,,44,44133,44133111,14153700.55,4417081.801,2025
242466,편의점,509010,세븐일레븐천안백석햇살점,충청남도 천안시 서북구 백석동 882,충청남도 천안시 서북구 백석4길 31,,44,44133,44133103,14151335.59,4414315.793,2025
242468,편의점,509010,지에스25천안성정아너스점,충청남도 천안시 서북구 성정동 110-6,충청남도 천안시 서북구 축구센터로 100,,44,44133,44133102,14153961.07,4413655.098,2025
242474,편의점,509010,세븐천안목천대로점,충청남도 천안시 동남구 목천읍 신계리 166-21,충청남도 천안시 동남구 목천읍 충절로 921,,44,44131,44131250,14161179.54,4407804.091,2025
242476,편의점,509010,세븐일레븐천안문화대자유관점,충청남도 천안시 동남구 안서동 393,충청남도 천안시 동남구 백석대학로 1-2,,44,44131,44131119,14157951.12,4416629.049,2025
242479,편의점,509010,코리아세븐천안성환,충청남도 천안시 서북구 성환읍 성환리 371-2,충청남도 천안시 서북구 성환읍 성환11길 40,,44,44133,44133250,14152288.61,4427446.501,2025
242483,편의점,509010,세븐일레븐천안성정SK점,충청남도 천안시 서북구 성정동 814,충청남도 천안시 서북구 도원2길 38,,44,44133,44133102,14152567.81,4414332.315,2025
242486,편의점,509010,세븐일레븐천안성거,충청남도 천안시 서북구 성거읍 천흥리 215-23,충청남도 천안시 서북구 성거읍 천흥4길 88,,44,44133,44133253,14161018.62,4421410.362,2025
242487,편의점,509010,지에스25성정봉정점,충청남도 천안시 서북구 성정동 664-12,충청남도 천안시 서북구 봉정로 202,,44,44133,44133102,14153539.07,4414051.679,2025
242488,편의점,509010,지에스25불당명품,충청남도 천안시 서북구 불당동 707,충청남도 천안시 서북구 검은들3길 25,,44,44133,44133108,14149803.58,4412878.413,2025
242489,편의점,509010,CU천안봉명청솔점,충청남도 천안시 서북구 쌍용동 800,충청남도 천안시 서북구 봉서5길 23-1,,44,44133,44133107,14152298.77,4412597.81,2025
242490,편의점,509010,미니스톱두정타운점,충청남도 천안시 서북구 두정동 899,충청남도 천안시 서북구 원두정8길 6,,44,44133,44133104,14152467.06,4415756.314,2025
242492,편의점,509010,세븐일레븐천안성정,충청남도 천안시 서북구 성정동 635-30,충청남도 천안시 서북구 봉정로 248-9,,44,44133,44133102,14153744.6,4414601.491,2025
242501,편의점,509010,세븐일레븐천안직산군동점,충청남도 천안시 서북구 직산읍 군동리 108-2,충청남도 천안시 서북구 직산읍 직산안길 48,,44,44133,44133256,14155805.54,4425298.708,2025
242502,편의점,509010,지에스25천안문화중앙,충청남도 천안시 동남구 신부동 466-8,충청남도 천안시 동남구 먹거리5길 12,,44,44131,44131118,14155133.9,4413667.78,2025
242514,편의점,509010,씨유천안성거모시울점,충청남도 천안시 서북구 성거읍 저리 191-22,충청남도 천안시 서북구 성거읍 모시울1길 58,,44,44133,44133253,14159716.77,4423105.933,2025
242524,편의점,509010,씨유공단휴게소점,충청남도 천안시 서북구 성성동 483-35,충청남도 천안시 서북구 2공단1로 55,,44,44133,44133105,14150647.62,4418010.642,2025
242526,편의점,509010,세븐일레븐남서울대성월점,충청남도 천안시 서북구 성환읍 성월리 130-7,충청남도 천안시 서북구 성환읍 성월2길 55,,44,44133,44133250,14153187.31,4427449.798,2025
242540,편의점,509010,이마트24천안단대점,충청남도 천안시 동남구 신부동 215-16,충청남도 천안시 동남구 단대로 131,,44,44131,44131118,14155886.71,4415492.038,2025
242544,편의점,509010,씨유천안청광점,충청남도 천안시 동남구 신부동 886-2,충청남도 천안시 동남구 중앙로 265-16,,44,44131,44131118,14154385.03,4414353.134,2025
242548,편의점,509010,씨유천안두정타운점,충청남도 천안시 서북구 두정동 838,충청남도 천안시 서북구 오성로 85,,44,44133,44133104,14152821.63,4415503.933,2025
242549,편의점,509010,미니스톱삼성,충청남도 천안시 서북구 성성동 511,충청남도 천안시 서북구 3공단5로 58,,44,44133,44133105,14150478.81,4416687.28,2025
242551,편의점,509010,세븐일레븐천안위례성점,충청남도 천안시 동남구 북면 오곡리 392-7,충청남도 천안시 동남구 북면 위례성로 727,,44,44131,44131330,14167900.97,4415034.353,2025
242552,편의점,509010,씨유천안승천점,충청남도 천안시 동남구 목천읍 천정리 109-5,충청남도 천안시 동남구 목천읍 성남로 19,,44,44131,44131250,14160584.69,4407050.185,2025
242556,편의점,509010,세븐일레븐천안쌍용베스트점,충청남도 천안시 서북구 쌍용동 930,충청남도 천안시 서북구 미라14길 6,,44,44133,44133107,14151893.81,4412084.091,2025
242561,편의점,509010,세븐일레븐천안목천마론점,충청남도 천안시 동남구 목천읍 서리 25-1,충청남도 천안시 동남구 목천읍 삼방로 221,,44,44131,44131250,14163995.04,4409315.554,2025
242564,편의점,509010,씨유천안뉴봉명태평양점,충청남도 천안시 동남구 봉명동 18-13,충청남도 천안시 동남구 차돌로 105-1,,44,44131,44131113,14153362.31,4411657.907,2025
242565,편의점,509010,세븐일레븐천안두정,충청남도 천안시 서북구 두정동 561-9,충청남도 천안시 서북구 오성1길 24,,44,44133,44133104,14151849.05,4415804.052,2025
242566,편의점,509010,지에스25천안원성천점,충청남도 천안시 동남구 원성동 479-14,충청남도 천안시 동남구 원성천1길 149,,44,44131,44131107,14155578.44,4412440.832,2025
242568,편의점,509010,씨유천안성정리젠다점,충청남도 천안시 서북구 성정동 1523,충청남도 천안시 서북구 동서대로 129-22,,44,44133,44133102,14152931.46,4415134.474,2025
242569,편의점,509010,GS25천안하늘빛점,충청남도 천안시 서북구 성거읍 문덕리 190-2,충청남도 천안시 서북구 성거읍 소우문덕길 1,,44,44133,44133253,14157887.25,4421972.075,2025
242571,편의점,509010,세븐일레븐천안쌍용,충청남도 천안시 서북구 쌍용동 210-8,충청남도 천안시 서북구 차돌들길 7,,44,44133,44133107,14151930.37,4410920.324,2025
242574,편의점,509010,지에스25두정,충청남도 천안시 서북구 두정동 1581,충청남도 천안시 서북구 두정중11길 51,,44,44133,44133104,14153600.83,4416533.321,2025
242575,편의점,509010,지에스25두정프라점,충청남도 천안시 서북구 두정동 1283,충청남도 천안시 서북구 두정상가1길 27,,44,44133,44133104,14153030.51,4415832.714,2025
242576,편의점,509010,씨유천안신계리BNC점,충청남도 천안시 동남구 목천읍 신계리 291-4,충청남도 천안시 동남구 목천읍 충절로 869,,44,44131,44131250,14160669.58,4407387.793,2025
242578,편의점,509010,씨유단국대천안인문과학관점,충청남도 천안시 동남구 안서동 산29,충청남도 천안시 동남구 단대로 119,,44,44131,44131118,14155966.86,4416265.563,2025
242597,편의점,509010,씨유천안두정한성점,충청남도 천안시 서북구 두정동 160,충청남도 천안시 서북구 봉정로 362,,44,44133,44133104,14153806.07,4416036.657,2025
242618,편의점,509010,세븐천안성정한빛점,충청남도 천안시 서북구 성정동 659-5,충청남도 천안시 서북구 서부6길 29,,44,44133,44133102,14153452.42,4414219.553,2025
242620,편의점,509010,GS25백석생활관,충청남도 천안시 동남구 안서동 115,충청남도 천안시 동남구 백석대학로 1-1,,44,44131,44131119,14158155.3,4416908.338,2025
242621,편의점,509010,토마트24두정점,충청남도 천안시 서북구 두정동 1567,충청남도 천안시 서북구 봉정로 397,,44,44133,44133104,14153760.4,4416489.645,2025
243627,편의점,509010,지에스25백석대점,충청남도 천안시 동남구 안서동 379-51,충청남도 천안시 동남구 문암로 73,,44,44131,44131119,14157744.45,4417020.028,2025
250296,편의점,509010,GS25성정,충청남도 천안시 서북구 성정동 870,충청남도 천안시 서북구 도원2길 18,,44,44133,44133102,14152517.27,4414085.733,2025
250297,편의점,509010,지에스25직산삼은점,충청남도 천안시 서북구 직산읍 삼은리 74-15,충청남도 천안시 서북구 직산읍 삼은5길 11,,44,44133,44133256,14154405.39,4422319.497,2025
250303,편의점,509010,지에스25성정아트빌점,충청남도 천안시 서북구 성정동 1141,충청남도 천안시 서북구 성정중1길 30-13,,44,44133,44133102,14152630.61,4415440.888,2025
250305,편의점,509010,세븐천안신부중앙점주,충청남도 천안시 동남구 신부동 465-11,충청남도 천안시 동남구 먹거리8길 31,,44,44131,44131118,14155008.82,4413682.164,2025
250306,편의점,509010,세븐일레븐천안직산,충청남도 천안시 서북구 직산읍 자은가리 85-1,충청남도 천안시 서북구 직산읍 상덕로 107,,44,44133,44133256,14150980.56,4421928.642,2025
250307,편의점,509010,세븐천안두정해성점,충청남도 천안시 서북구 두정동 1957,충청남도 천안시 서북구 두정고5길 17,,44,44133,44133104,14152210.89,4416114.245,2025
250333,편의점,509010,세븐천안공대점,충청남도 천안시 서북구 신당동 251-14,충청남도 천안시 서북구 천안대로 1221,,44,44133,44133110,14154821.15,4418253.842,2025
250334,편의점,509010,지에스25목천동우점,충청남도 천안시 동남구 목천읍 신계리 422,충청남도 천안시 동남구 목천읍 신계1길 41,,44,44131,44131250,14159066.99,4407572.478,2025
250336,편의점,509010,지에스25불당호반점,충청남도 천안시 서북구 불당동 1811,충청남도 천안시 서북구 불당19로 200,,44,44133,44133108,14149253.03,4412320.929,2025
